"Scenario_ID","Method","Rule","Alpha","n_ok","TPR_mcse","TPR_n","TPR_sd","TPR","TNR_mcse","TNR","FPR_mcse","FPR","FDR_mcse","FDP_sd","FDR","Any_FP_mcse","Any_FP","Calls","AUC_mcse","AUC_n","AUC_sd","AUC","n_planned","Fail_rate","Fail_mcse","Res_prop","P","Effect","Cell_range","Distribution","Phi","Fail_flag"
"BL001","DiD","BH",0.01,100,0.0446196043338474,100,0.446196043338474,0.73,0,1,0,0,0,0,0,0,0,0.73,0.0174564107163141,100,0.174564107163141,0.935555555555556,100,0,0,"Prop_0.10",10,0.001,"High","Beta",2000,FALSE
"BL001","DiD","BH",0.05,100,0.0429234695990928,100,0.429234695990928,0.76,0.00156339215706989,0.997777777777778,0.00156339215706989,0.00222222222222222,0.00703526470681448,0.0703526470681448,0.01,0.014070529413629,0.02,0.78,0.0174564107163141,100,0.174564107163141,0.935555555555556,100,0,0,"Prop_0.10",10,0.001,"High","Beta",2000,FALSE
"BL001","DiD","unadjusted",0.01,100,0.0416333199893227,100,0.416333199893227,0.78,0.00156339215706989,0.997777777777778,0.00156339215706989,0.00222222222222222,0.00703526470681448,0.0703526470681448,0.01,0.014070529413629,0.02,0.8,0.0174564107163141,100,0.174564107163141,0.935555555555556,100,0,0,"Prop_0.10",10,0.001,"High","Beta",2000,FALSE
"BL001","DiD","unadjusted",0.05,100,0.0386122919665369,100,0.386122919665369,0.82,0.00561028041100096,0.971111111111111,0.00561028041100096,0.0288888888888889,0.0261325937846295,0.261325937846295,0.135,0.0422952584681651,0.23,1.08,0.0174564107163141,100,0.174564107163141,0.935555555555556,100,0,0,"Prop_0.10",10,0.001,"High","Beta",2000,FALSE
"BL001","MIMOSA2","BFDR",0.01,99,0.0426601601705469,99,0.424463234346503,0.767676767676768,0,1,0,0,0,0,0,0,0,0.767676767676768,0.0187617593023145,99,0.186677148038212,0.928170594837261,100,0.01,0.0099498743710662,"Prop_0.10",10,0.001,"High","Beta",2000,TRUE
"BL001","MIMOSA2","BFDR",0.05,99,0.0419960525565808,99,0.417855447018672,0.777777777777778,0.00112233445566779,0.998877665544332,0.00112233445566779,0.00112233445566779,0.00505050505050505,0.0502518907629606,0.00505050505050505,0.0101010101010101,0.0101010101010101,0.787878787878788,0.0187617593023145,99,0.186677148038212,0.928170594837261,100,0.01,0.0099498743710662,"Prop_0.10",10,0.001,"High","Beta",2000,TRUE
"BL002","DiD","BH",0.01,100,0.019929730651989,100,0.19929730651989,0.77,0,1,0,0,0,0,0,0,0,2.31,0.00899684494911728,100,0.0899684494911728,0.937619047619048,100,0,0,"Prop_0.25",10,0.001,"High","Beta",2000,FALSE
"BL002","DiD","BH",0.05,100,0.0192566690824929,100,0.192566690824929,0.786666666666667,0.00244923725711093,0.995714285714286,0.00244923725711093,0.00428571428571429,0.00428616519994413,0.0428616519994413,0.0075,0.0171446607997765,0.03,2.39,0.00899684494911728,100,0.0899684494911728,0.937619047619048,100,0,0,"Prop_0.25",10,0.001,"High","Beta",2000,FALSE
"BL002","DiD","unadjusted",0.01,100,0.0192566690824929,100,0.192566690824929,0.786666666666667,0.00201007563051842,0.997142857142857,0.00201007563051842,0.00285714285714286,0.00351763235340724,0.0351763235340724,0.005,0.014070529413629,0.02,2.38,0.00899684494911728,100,0.0899684494911728,0.937619047619048,100,0,0,"Prop_0.25",10,0.001,"High","Beta",2000,FALSE
"BL002","DiD","unadjusted",0.05,100,0.0178879164049614,100,0.178879164049614,0.81,0.00576278122917761,0.975714285714286,0.00576278122917761,0.0242857142857143,0.0114334555460677,0.114334555460677,0.0483333333333333,0.0368452949177471,0.16,2.6,0.00899684494911728,100,0.0899684494911728,0.937619047619048,100,0,0,"Prop_0.25",10,0.001,"High","Beta",2000,FALSE
"BL002","MIMOSA2","BFDR",0.01,100,0.0186045141330793,100,0.186045141330793,0.846666666666667,0.00142857142857143,0.998571428571429,0.00142857142857143,0.00142857142857143,0.0025,0.025,0.0025,0.01,0.01,2.55,0.00812457547955661,100,0.0812457547955661,0.955952380952381,100,0,0,"Prop_0.25",10,0.001,"High","Beta",2000,FALSE
"BL002","MIMOSA2","BFDR",0.05,100,0.0185440900886673,100,0.185440900886673,0.853333333333333,0.00281351979381332,0.994285714285714,0.00281351979381332,0.00571428571428572,0.00492365963917331,0.0492365963917331,0.01,0.0196946385566932,0.04,2.6,0.00812457547955661,100,0.0812457547955661,0.955952380952381,100,0,0,"Prop_0.25",10,0.001,"High","Beta",2000,FALSE
"BL003","DiD","BH",0.01,100,0.0152275667090572,100,0.152275667090572,0.738,0,1,0,0,0,0,0,0,0,3.69,0.00740436671597554,100,0.0740436671597554,0.9306,100,0,0,"Prop_0.50",10,0.001,"High","Beta",2000,FALSE
"BL003","DiD","BH",0.05,100,0.0165009947664627,100,0.165009947664627,0.762,0.00575246982529323,0.982,0.00575246982529323,0.018,0.00645879627970383,0.0645879627970383,0.0196666666666667,0.0287623491264661,0.09,3.9,0.00740436671597554,100,0.0740436671597554,0.9306,100,0,0,"Prop_0.50",10,0.001,"High","Beta",2000,FALSE
"BL003","DiD","unadjusted",0.01,100,0.0156010877631638,100,0.156010877631638,0.752,0.00281410588272579,0.996,0.00281410588272579,0.004,0.00386993940216523,0.0386993940216523,0.00533333333333333,0.014070529413629,0.02,3.78,0.00740436671597554,100,0.0740436671597554,0.9306,100,0,0,"Prop_0.50",10,0.001,"High","Beta",2000,FALSE
"BL003","DiD","unadjusted",0.05,100,0.0141906214583343,100,0.141906214583343,0.792,0.00736905898354941,0.968,0.00736905898354941,0.032,0.00790296084537035,0.0790296084537035,0.0336666666666667,0.0368452949177471,0.16,4.12,0.00740436671597554,100,0.0740436671597554,0.9306,100,0,0,"Prop_0.50",10,0.001,"High","Beta",2000,FALSE
"BL003","MIMOSA2","BFDR",0.01,100,0.0154801926227151,100,0.154801926227151,0.826,0,1,0,0,0,0,0,0,0,4.13,0.00728202436056615,100,0.0728202436056615,0.9468,100,0,0,"Prop_0.50",10,0.001,"High","Beta",2000,FALSE
"BL003","MIMOSA2","BFDR",0.05,100,0.0152341986359903,100,0.152341986359903,0.832,0.00512864799952485,0.986,0.00512864799952485,0.014,0.00522434407785045,0.0522434407785045,0.0141666666666667,0.0256432399976243,0.07,4.23,0.00728202436056615,100,0.0728202436056615,0.9468,100,0,0,"Prop_0.50",10,0.001,"High","Beta",2000,FALSE
"BL004","DiD","BH",0.01,100,0.0114454128255592,100,0.114454128255592,0.7625,0,1,0,0,0,0,0,0,0,6.1,0.00690470796692994,100,0.0690470796692994,0.9415625,100,0,0,"Prop_0.75",10,0.001,"High","Beta",2000,FALSE
"BL004","DiD","BH",0.05,100,0.011521691225114,100,0.11521691225114,0.79125,0.005,0.995,0.005,0.005,0.00142857142857143,0.0142857142857143,0.00142857142857143,0.01,0.01,6.34,0.00690470796692994,100,0.0690470796692994,0.9415625,100,0,0,"Prop_0.75",10,0.001,"High","Beta",2000,FALSE
"BL004","DiD","unadjusted",0.01,100,0.01109816164593,100,0.1109816164593,0.7675,0,1,0,0,0,0,0,0,0,6.14,0.00690470796692994,100,0.0690470796692994,0.9415625,100,0,0,"Prop_0.75",10,0.001,"High","Beta",2000,FALSE
"BL004","DiD","unadjusted",0.05,100,0.0103984689529592,100,0.103984689529592,0.80375,0.00984731927834662,0.98,0.00984731927834662,0.02,0.00285836388651692,0.0285836388651692,0.00577380952380952,0.0196946385566932,0.04,6.47,0.00690470796692994,100,0.0690470796692994,0.9415625,100,0,0,"Prop_0.75",10,0.001,"High","Beta",2000,FALSE
"BL004","MIMOSA2","BFDR",0.01,100,0.0111265675322853,100,0.111265675322853,0.8325,0,1,0,0,0,0,0,0,0,6.66,0.00555432238523215,100,0.0555432238523215,0.9640625,100,0,0,"Prop_0.75",10,0.001,"High","Beta",2000,FALSE
"BL004","MIMOSA2","BFDR",0.05,100,0.0100378073182133,100,0.100378073182133,0.88,0.00703526470681448,0.99,0.00703526470681448,0.01,0.00156339215706989,0.0156339215706989,0.00222222222222222,0.014070529413629,0.02,7.06,0.00555432238523215,100,0.0555432238523215,0.9640625,100,0,0,"Prop_0.75",10,0.001,"High","Beta",2000,FALSE
"BL005","DiD","BH",0.01,100,0.0116822887230715,100,0.116822887230715,0.76,0.01,0.99,0.01,0.01,0.00125,0.0125,0.00125,0.01,0.01,6.85,0.0103191375161489,100,0.103191375161489,0.923333333333333,100,0,0,"Prop_0.90",10,0.001,"High","Beta",2000,FALSE
"BL005","DiD","BH",0.05,100,0.0123364724369875,100,0.123364724369875,0.793333333333333,0.0196946385566932,0.96,0.0196946385566932,0.04,0.00234883917170705,0.0234883917170705,0.00475,0.0196946385566932,0.04,7.18,0.0103191375161489,100,0.103191375161489,0.923333333333333,100,0,0,"Prop_0.90",10,0.001,"High","Beta",2000,FALSE
"BL005","DiD","unadjusted",0.01,100,0.0117519994027119,100,0.117519994027119,0.761111111111111,0.01,0.99,0.01,0.01,0.00125,0.0125,0.00125,0.01,0.01,6.86,0.0103191375161489,100,0.103191375161489,0.923333333333333,100,0,0,"Prop_0.90",10,0.001,"High","Beta",2000,FALSE
"BL005","DiD","unadjusted",0.05,100,0.0116796197667133,100,0.116796197667133,0.798888888888889,0.021904291355759,0.95,0.021904291355759,0.05,0.00263810461498326,0.0263810461498326,0.006,0.021904291355759,0.05,7.24,0.0103191375161489,100,0.103191375161489,0.923333333333333,100,0,0,"Prop_0.90",10,0.001,"High","Beta",2000,FALSE
"BL005","MIMOSA2","BFDR",0.01,100,0.0110751381761876,100,0.110751381761876,0.824444444444444,0,1,0,0,0,0,0,0,0,7.42,0.00748777946069637,100,0.0748777946069637,0.942222222222222,100,0,0,"Prop_0.90",10,0.001,"High","Beta",2000,FALSE
"BL005","MIMOSA2","BFDR",0.05,100,0.0106620828160499,100,0.106620828160499,0.864444444444444,0.01,0.99,0.01,0.01,0.00125,0.0125,0.00125,0.01,0.01,7.79,0.00748777946069637,100,0.0748777946069637,0.942222222222222,100,0,0,"Prop_0.90",10,0.001,"High","Beta",2000,FALSE
"BL006","DiD","BH",0.01,100,0.0288281217921079,100,0.288281217921079,0.765,0,1,0,0,0,0,0,0,0,1.53,0.0131953673845792,100,0.131953673845792,0.927777777777778,100,0,0,"Prop_0.10",20,0.001,"High","Beta",2000,FALSE
"BL006","DiD","BH",0.05,100,0.0287096225026109,100,0.287096225026109,0.78,0.00109414658648296,0.997777777777778,0.00109414658648296,0.00222222222222222,0.00656487951889775,0.0656487951889775,0.0133333333333333,0.0196946385566932,0.04,1.6,0.0131953673845792,100,0.131953673845792,0.927777777777778,100,0,0,"Prop_0.10",20,0.001,"High","Beta",2000,FALSE
"BL006","DiD","unadjusted",0.01,100,0.0276887462097269,100,0.276887462097269,0.79,0.00167506302543202,0.994444444444444,0.00167506302543202,0.00555555555555556,0.0145296631451356,0.145296631451356,0.0433333333333333,0.0301511344577764,0.1,1.68,0.0131953673845792,100,0.131953673845792,0.927777777777778,100,0,0,"Prop_0.10",20,0.001,"High","Beta",2000,FALSE
"BL006","DiD","unadjusted",0.05,100,0.0263810461498326,100,0.263810461498326,0.81,0.00455118730646093,0.963333333333333,0.00455118730646093,0.0366666666666667,0.0251072838327652,0.251072838327652,0.211833333333333,0.0500908265962033,0.46,2.28,0.0131953673845792,100,0.131953673845792,0.927777777777778,100,0,0,"Prop_0.10",20,0.001,"High","Beta",2000,FALSE
"BL006","MIMOSA2","BFDR",0.01,100,0.0295205800495967,100,0.295205800495967,0.785,0.000952481155543141,0.998333333333333,0.000952481155543141,0.00166666666666667,0.00571488693325884,0.0571488693325884,0.01,0.0171446607997765,0.03,1.6,0.0139550612192359,100,0.139550612192359,0.928888888888889,100,0,0,"Prop_0.10",20,0.001,"High","Beta",2000,FALSE
"BL006","MIMOSA2","BFDR",0.05,100,0.0293016357663844,100,0.293016357663844,0.8,0.00154332210590786,0.996666666666667,0.00154332210590786,0.00333333333333333,0.00925993263544714,0.0925993263544714,0.02,0.021904291355759,0.05,1.66,0.0139550612192359,100,0.139550612192359,0.928888888888889,100,0,0,"Prop_0.10",20,0.001,"High","Beta",2000,FALSE
"BL007","DiD","BH",0.01,100,0.0153399195341153,100,0.153399195341153,0.752,0.000938035294241931,0.998666666666667,0.000938035294241931,0.00133333333333333,0.00281410588272579,0.0281410588272579,0.004,0.014070529413629,0.02,3.78,0.00606579710347792,100,0.0606579710347792,0.939733333333333,100,0,0,"Prop_0.25",20,0.001,"High","Beta",2000,FALSE
"BL007","DiD","BH",0.05,100,0.0150137983673067,100,0.150137983673067,0.778,0.00251058365784339,0.990666666666667,0.00251058365784339,0.00933333333333333,0.00758601998510193,0.0758601998510193,0.0283333333333333,0.0337997668989631,0.13,4.03,0.00606579710347792,100,0.0606579710347792,0.939733333333333,100,0,0,"Prop_0.25",20,0.001,"High","Beta",2000,FALSE
"BL007","DiD","unadjusted",0.01,100,0.014633571475939,100,0.14633571475939,0.78,0.00251058365784339,0.990666666666667,0.00251058365784339,0.00933333333333333,0.00758601998510193,0.0758601998510193,0.0283333333333333,0.0337997668989631,0.13,4.04,0.00606579710347792,100,0.0606579710347792,0.939733333333333,100,0,0,"Prop_0.25",20,0.001,"High","Beta",2000,FALSE
"BL007","DiD","unadjusted",0.05,100,0.0144892854875385,100,0.144892854875385,0.804,0.00478446794929177,0.967333333333333,0.00478446794929177,0.0326666666666667,0.0126785583873545,0.126785583873545,0.0912619047619048,0.0487831731214563,0.38,4.51,0.00606579710347792,100,0.0606579710347792,0.939733333333333,100,0,0,"Prop_0.25",20,0.001,"High","Beta",2000,FALSE
"BL007","MIMOSA2","BFDR",0.01,100,0.0164224532179869,100,0.164224532179869,0.81,0.000938035294241931,0.998666666666667,0.000938035294241931,0.00133333333333333,0.00281410588272579,0.0281410588272579,0.004,0.014070529413629,0.02,4.07,0.00671950775814602,100,0.0671950775814602,0.957466666666667,100,0,0,"Prop_0.25",20,0.001,"High","Beta",2000,FALSE
"BL007","MIMOSA2","BFDR",0.05,100,0.015749298525344,100,0.15749298525344,0.838,0.00222222222222222,0.993333333333333,0.00222222222222222,0.00666666666666667,0.00612844190838641,0.0612844190838641,0.0186666666666667,0.0287623491264661,0.09,4.29,0.00671950775814602,100,0.0671950775814602,0.957466666666667,100,0,0,"Prop_0.25",20,0.001,"High","Beta",2000,FALSE
"BL008","DiD","BH",0.01,100,0.00934793230526615,100,0.0934793230526615,0.757,0.00196946385566932,0.996,0.00196946385566932,0.004,0.0023123850368753,0.023123850368753,0.00465079365079365,0.0196946385566932,0.04,7.61,0.00474337390046325,100,0.0474337390046325,0.9398,100,0,0,"Prop_0.50",20,0.001,"High","Beta",2000,FALSE
"BL008","DiD","BH",0.05,100,0.00962897563176747,100,0.0962897563176747,0.789,0.00386122919665369,0.982,0.00386122919665369,0.018,0.00443791292964358,0.0443791292964358,0.020524531024531,0.0386122919665369,0.18,8.07,0.00474337390046325,100,0.0474337390046325,0.9398,100,0,0,"Prop_0.50",20,0.001,"High","Beta",2000,FALSE
"BL008","DiD","unadjusted",0.01,100,0.0097047317418782,100,0.097047317418782,0.774,0.0032659863237109,0.988,0.0032659863237109,0.012,0.00397023076864771,0.0397023076864771,0.0144007936507937,0.032659863237109,0.12,7.86,0.00474337390046325,100,0.0474337390046325,0.9398,100,0,0,"Prop_0.50",20,0.001,"High","Beta",2000,FALSE
"BL008","DiD","unadjusted",0.05,100,0.00891882585015845,100,0.0891882585015845,0.815,0.00519809599951771,0.965,0.00519809599951771,0.035,0.0056748834459736,0.056748834459736,0.0382922077922078,0.0472581562625261,0.33,8.5,0.00474337390046325,100,0.0474337390046325,0.9398,100,0,0,"Prop_0.50",20,0.001,"High","Beta",2000,FALSE
"BL008","MIMOSA2","BFDR",0.01,100,0.0101399300696889,100,0.101399300696889,0.839,0.00196946385566932,0.996,0.00196946385566932,0.004,0.00198463642941562,0.0198463642941562,0.00402020202020202,0.0196946385566932,0.04,8.43,0.00505393885794021,100,0.0505393885794021,0.95025,100,0,0,"Prop_0.50",20,0.001,"High","Beta",2000,FALSE
"BL008","MIMOSA2","BFDR",0.05,100,0.00941254267432343,100,0.0941254267432343,0.877,0.0031446603773522,0.989,0.0031446603773522,0.011,0.00322908134410927,0.0322908134410927,0.0112626262626263,0.031446603773522,0.11,8.88,0.00505393885794021,100,0.0505393885794021,0.95025,100,0,0,"Prop_0.50",20,0.001,"High","Beta",2000,FALSE
"BL009","DiD","BH",0.01,100,0.0077166428503534,100,0.077166428503534,0.762666666666667,0.002,0.998,0.002,0.002,0.000909090909090909,0.00909090909090909,0.000909090909090909,0.01,0.01,11.45,0.00583254540133087,100,0.0583254540133087,0.932933333333333,100,0,0,"Prop_0.75",20,0.001,"High","Beta",2000,FALSE
"BL009","DiD","BH",0.05,100,0.00743063697680304,100,0.0743063697680304,0.800666666666667,0.00822658906696862,0.97,0.00822658906696862,0.03,0.00322747549238731,0.0322747549238731,0.0117765567765568,0.0337997668989631,0.13,12.16,0.00583254540133087,100,0.0583254540133087,0.932933333333333,100,0,0,"Prop_0.75",20,0.001,"High","Beta",2000,FALSE
"BL009","DiD","unadjusted",0.01,100,0.00758046991486615,100,0.0758046991486615,0.773333333333333,0.002,0.998,0.002,0.002,0.000909090909090909,0.00909090909090909,0.000909090909090909,0.01,0.01,11.61,0.00583254540133087,100,0.0583254540133087,0.932933333333333,100,0,0,"Prop_0.75",20,0.001,"High","Beta",2000,FALSE
"BL009","DiD","unadjusted",0.05,100,0.00756001057012664,100,0.0756001057012664,0.808666666666667,0.00898933149950989,0.96,0.00898933149950989,0.04,0.00352449956226954,0.0352449956226954,0.0156618381618382,0.0386122919665369,0.18,12.33,0.00583254540133087,100,0.0583254540133087,0.932933333333333,100,0,0,"Prop_0.75",20,0.001,"High","Beta",2000,FALSE
"BL009","MIMOSA2","BFDR",0.01,100,0.00986075899214835,100,0.0986075899214835,0.852666666666667,0,1,0,0,0,0,0,0,0,12.79,0.005661530649297,100,0.05661530649297,0.945933333333333,100,0,0,"Prop_0.75",20,0.001,"High","Beta",2000,FALSE
"BL009","MIMOSA2","BFDR",0.05,100,0.00926090221114065,100,0.0926090221114065,0.890666666666667,0.00697470176039554,0.972,0.00697470176039554,0.028,0.00250063882126397,0.0250063882126397,0.00998626373626374,0.0348735088019777,0.14,13.5,0.005661530649297,100,0.05661530649297,0.945933333333333,100,0,0,"Prop_0.75",20,0.001,"High","Beta",2000,FALSE
"BL010","DiD","BH",0.01,100,0.00721012541273659,100,0.0721012541273659,0.763888888888889,0.005,0.995,0.005,0.005,0.000769230769230769,0.00769230769230769,0.000769230769230769,0.01,0.01,13.76,0.00699482287664922,100,0.0699482287664922,0.925555555555556,100,0,0,"Prop_0.90",20,0.001,"High","Beta",2000,FALSE
"BL010","DiD","BH",0.05,100,0.00705628238433082,100,0.0705628238433082,0.792777777777778,0.00984731927834662,0.98,0.00984731927834662,0.02,0.00122838282699602,0.0122838282699602,0.00248307656395892,0.0196946385566932,0.04,14.31,0.00699482287664922,100,0.0699482287664922,0.925555555555556,100,0,0,"Prop_0.90",20,0.001,"High","Beta",2000,FALSE
"BL010","DiD","unadjusted",0.01,100,0.00712334105452103,100,0.0712334105452103,0.767777777777778,0.005,0.995,0.005,0.005,0.000714285714285714,0.00714285714285714,0.000714285714285714,0.01,0.01,13.83,0.00699482287664922,100,0.0699482287664922,0.925555555555556,100,0,0,"Prop_0.90",20,0.001,"High","Beta",2000,FALSE
"BL010","DiD","unadjusted",0.05,100,0.00692426923414925,100,0.0692426923414926,0.799444444444444,0.0150755672288882,0.95,0.0150755672288882,0.05,0.00199576527043681,0.0199576527043681,0.00659021942110177,0.0301511344577764,0.1,14.49,0.00699482287664922,100,0.0699482287664922,0.925555555555556,100,0,0,"Prop_0.90",20,0.001,"High","Beta",2000,FALSE
"BL010","MIMOSA2","BFDR",0.01,100,0.00864566219253764,100,0.0864566219253764,0.851111111111111,0.005,0.995,0.005,0.005,0.000588235294117647,0.00588235294117647,0.000588235294117647,0.01,0.01,15.33,0.0058324647955834,100,0.058324647955834,0.943888888888889,100,0,0,"Prop_0.90",20,0.001,"High","Beta",2000,FALSE
"BL010","MIMOSA2","BFDR",0.05,100,0.00794571776034257,100,0.0794571776034257,0.892777777777778,0.0163299316185545,0.94,0.0163299316185545,0.06,0.00197830672769946,0.0197830672769946,0.00724288048552754,0.032659863237109,0.12,16.19,0.0058324647955834,100,0.058324647955834,0.943888888888889,100,0,0,"Prop_0.90",20,0.001,"High","Beta",2000,FALSE
"BL011","DiD","BH",0.01,100,0.0204220342700268,100,0.204220342700268,0.74,0,1,0,0,0,0,0,0,0,2.22,0.0078802213094963,100,0.078802213094963,0.948148148148148,100,0,0,"Prop_0.10",30,0.001,"High","Beta",2000,FALSE
"BL011","DiD","BH",0.05,100,0.0194653567199126,100,0.194653567199126,0.773333333333333,0.000949749629541641,0.997407407407407,0.000949749629541641,0.0025925925925926,0.00709236401949031,0.0709236401949031,0.0191666666666667,0.0256432399976243,0.07,2.39,0.0078802213094963,100,0.078802213094963,0.948148148148148,100,0,0,"Prop_0.10",30,0.001,"High","Beta",2000,FALSE
"BL011","DiD","unadjusted",0.01,100,0.0186647425655775,100,0.186647425655775,0.786666666666667,0.00139476869880189,0.994814814814815,0.00139476869880189,0.00518518518518519,0.0112678340996581,0.112678340996581,0.0416666666666667,0.0337997668989631,0.13,2.5,0.0078802213094963,100,0.078802213094963,0.948148148148148,100,0,0,"Prop_0.10",30,0.001,"High","Beta",2000,FALSE
"BL011","DiD","unadjusted",0.05,100,0.0191719726223256,100,0.191719726223256,0.816666666666667,0.00284559927922557,0.975555555555556,0.00284559927922557,0.0244444444444445,0.0186094828173573,0.186094828173573,0.1715,0.0502518907629606,0.5,3.11,0.0078802213094963,100,0.078802213094963,0.948148148148148,100,0,0,"Prop_0.10",30,0.001,"High","Beta",2000,FALSE
"BL011","MIMOSA2","BFDR",0.01,100,0.0206515639396575,100,0.206515639396574,0.8,0.000521130719023296,0.999259259259259,0.000521130719023296,0.000740740740740742,0.00414641543296869,0.0414641543296869,0.00583333333333333,0.014070529413629,0.02,2.42,0.00820539348236591,100,0.0820539348236591,0.953765432098765,100,0,0,"Prop_0.10",30,0.001,"High","Beta",2000,FALSE
"BL011","MIMOSA2","BFDR",0.05,100,0.0191982977172796,100,0.191982977172796,0.82,0.000811270050213299,0.998148148148148,0.000811270050213299,0.00185185185185185,0.00627366451463575,0.0627366451463575,0.0141666666666667,0.021904291355759,0.05,2.51,0.00820539348236591,100,0.0820539348236591,0.953765432098765,100,0,0,"Prop_0.10",30,0.001,"High","Beta",2000,FALSE
"BL012","DiD","BH",0.01,100,0.010220887456774,100,0.10220887456774,0.73875,0.000639569518801316,0.999090909090909,0.000639569518801316,0.000909090909090908,0.00201007563051842,0.0201007563051842,0.00285714285714286,0.014070529413629,0.02,5.93,0.00461805947845907,100,0.0461805947845907,0.934176136363636,100,0,0,"Prop_0.25",30,0.001,"High","Beta",2000,FALSE
"BL012","DiD","BH",0.05,100,0.00984331157834003,100,0.0984331157834003,0.77375,0.00201163242096518,0.991363636363636,0.00201163242096518,0.00863636363636363,0.00602047094485607,0.0602047094485607,0.0261309523809524,0.0377525168068637,0.17,6.38,0.00461805947845907,100,0.0461805947845907,0.934176136363636,100,0,0,"Prop_0.25",30,0.001,"High","Beta",2000,FALSE
"BL012","DiD","unadjusted",0.01,100,0.00979267402941937,100,0.0979267402941937,0.7725,0.00163122855128471,0.993181818181818,0.00163122855128471,0.00681818181818181,0.00521772241736059,0.0521772241736059,0.0216666666666667,0.0358870281282637,0.15,6.33,0.00461805947845907,100,0.0461805947845907,0.934176136363636,100,0,0,"Prop_0.25",30,0.001,"High","Beta",2000,FALSE
"BL012","DiD","unadjusted",0.05,100,0.00977250704473493,100,0.0977250704473493,0.80375,0.00358870281282637,0.966818181818182,0.00358870281282637,0.0331818181818182,0.0093857027874123,0.093857027874123,0.0937777777777778,0.0498887651569859,0.56,7.16,0.00461805947845907,100,0.0461805947845907,0.934176136363636,100,0,0,"Prop_0.25",30,0.001,"High","Beta",2000,FALSE
"BL012","MIMOSA2","BFDR",0.01,100,0.0111549010834618,100,0.111549010834618,0.8175,0.00123936329247405,0.996363636363636,0.00123936329247405,0.00363636363636363,0.00338478398216235,0.0338478398216235,0.00990079365079365,0.0272659924344291,0.08,6.62,0.00514520897414843,100,0.0514520897414843,0.948494318181818,100,0,0,"Prop_0.25",30,0.001,"High","Beta",2000,FALSE
"BL012","MIMOSA2","BFDR",0.05,100,0.00968164330946545,100,0.0968164330946545,0.85125,0.00228417685286184,0.986363636363636,0.00228417685286184,0.0136363636363636,0.00614168118661002,0.0614168118661002,0.0369642857142857,0.0451260859854213,0.28,7.11,0.00514520897414843,100,0.0514520897414843,0.948494318181818,100,0,0,"Prop_0.25",30,0.001,"High","Beta",2000,FALSE
"BL013","DiD","BH",0.01,100,0.00837156214512677,100,0.0837156214512677,0.755333333333333,0.000666666666666667,0.999333333333333,0.000666666666666667,0.000666666666666667,0.000909090909090909,0.00909090909090909,0.000909090909090909,0.01,0.01,11.34,0.00358412414385139,100,0.0358412414385139,0.9434,100,0,0,"Prop_0.50",30,0.001,"High","Beta",2000,FALSE
"BL013","DiD","BH",0.05,100,0.00910716840043324,100,0.0910716840043324,0.783333333333333,0.00263278134264968,0.989333333333333,0.00263278134264968,0.0106666666666667,0.00298449444842556,0.0298449444842556,0.0122371378621379,0.0358870281282637,0.15,11.91,0.00358412414385139,100,0.0358412414385139,0.9434,100,0,0,"Prop_0.50",30,0.001,"High","Beta",2000,FALSE
"BL013","DiD","unadjusted",0.01,100,0.00860428207543605,100,0.0860428207543605,0.768666666666667,0.00159122171050628,0.996,0.00159122171050628,0.004,0.0019592967052534,0.019592967052534,0.0049042624042624,0.0238683256575942,0.06,11.59,0.00358412414385139,100,0.0358412414385139,0.9434,100,0,0,"Prop_0.50",30,0.001,"High","Beta",2000,FALSE
"BL013","DiD","unadjusted",0.05,100,0.00870388279778489,100,0.0870388279778489,0.803333333333333,0.00392751381394109,0.972,0.00392751381394109,0.028,0.00442761537944101,0.0442761537944101,0.0323041541791542,0.0487831731214563,0.38,12.47,0.00358412414385139,100,0.0358412414385139,0.9434,100,0,0,"Prop_0.50",30,0.001,"High","Beta",2000,FALSE
"BL013","MIMOSA2","BFDR",0.01,100,0.00838870492807861,100,0.0838870492807861,0.843333333333333,0.00131297590377955,0.997333333333333,0.00131297590377955,0.00266666666666667,0.00143461030542667,0.0143461030542667,0.00291208791208791,0.0196946385566932,0.04,12.69,0.00405952959359357,100,0.0405952959359357,0.953422222222222,100,0,0,"Prop_0.50",30,0.001,"High","Beta",2000,FALSE
"BL013","MIMOSA2","BFDR",0.05,100,0.00783528523571593,100,0.0783528523571593,0.89,0.00340066673333346,0.978666666666667,0.00340066673333346,0.0213333333333333,0.00348053030780131,0.0348053030780131,0.0219505494505495,0.0460566186471838,0.3,13.67,0.00405952959359357,100,0.0405952959359357,0.953422222222222,100,0,0,"Prop_0.50",30,0.001,"High","Beta",2000,FALSE
"BL014","DiD","BH",0.01,100,0.00713805734581122,100,0.0713805734581122,0.759130434782609,0.00142857142857143,0.998571428571429,0.00142857142857143,0.00142857142857143,5e-04,0.005,5e-04,0.01,0.01,17.47,0.00369797121479507,100,0.0369797121479507,0.934751552795031,100,0,0,"Prop_0.75",30,0.001,"High","Beta",2000,FALSE
"BL014","DiD","BH",0.05,100,0.00696749244731689,100,0.0696749244731689,0.79304347826087,0.00537982212395013,0.98,0.00537982212395013,0.02,0.00187365709758026,0.0187365709758026,0.00700685425685426,0.0337997668989631,0.13,18.38,0.00369797121479507,100,0.0369797121479507,0.934751552795031,100,0,0,"Prop_0.75",30,0.001,"High","Beta",2000,FALSE
"BL014","DiD","unadjusted",0.01,100,0.00667568273870756,100,0.0667568273870756,0.769130434782609,0.00201007563051842,0.997142857142857,0.00201007563051842,0.00285714285714286,0.000703526470681448,0.00703526470681448,0.001,0.014070529413629,0.02,17.71,0.00369797121479507,100,0.0369797121479507,0.934751552795031,100,0,0,"Prop_0.75",30,0.001,"High","Beta",2000,FALSE
"BL014","DiD","unadjusted",0.05,100,0.00660899035470783,100,0.0660899035470783,0.806521739130435,0.00699117445820741,0.967142857142857,0.00699117445820741,0.0328571428571429,0.00256422214383765,0.0256422214383765,0.0117895853716287,0.0402015126103685,0.2,18.78,0.00369797121479507,100,0.0369797121479507,0.934751552795031,100,0,0,"Prop_0.75",30,0.001,"High","Beta",2000,FALSE
"BL014","MIMOSA2","BFDR",0.01,100,0.00700575463750341,100,0.0700575463750341,0.841739130434783,0.00366331999966061,0.99,0.00366331999966061,0.01,0.00126024589983183,0.0126024589983183,0.0034183813113346,0.0256432399976243,0.07,19.43,0.00347242318640903,100,0.0347242318640903,0.950403726708074,100,0,0,"Prop_0.75",30,0.001,"High","Beta",2000,FALSE
"BL014","MIMOSA2","BFDR",0.05,100,0.00586846717880394,100,0.0586846717880394,0.894782608695652,0.00756882799957545,0.944285714285714,0.00756882799957545,0.0557142857142857,0.00239360018138113,0.0239360018138113,0.0177659103291826,0.048523658709391,0.37,20.97,0.00347242318640903,100,0.0347242318640903,0.950403726708074,100,0,0,"Prop_0.75",30,0.001,"High","Beta",2000,FALSE
"BL015","DiD","BH",0.01,100,0.00698882811285579,100,0.069888281128558,0.761851851851852,0,1,0,0,0,0,0,0,0,20.57,0.00442658631126429,100,0.0442658631126429,0.937654320987654,100,0,0,"Prop_0.90",30,0.001,"High","Beta",2000,FALSE
"BL015","DiD","BH",0.05,100,0.00666749797369236,100,0.0666749797369236,0.797777777777778,0.00656487951889775,0.986666666666667,0.00656487951889775,0.0133333333333333,0.000871104198591601,0.00871104198591601,0.00176551853943158,0.0196946385566932,0.04,21.58,0.00442658631126429,100,0.0442658631126429,0.937654320987654,100,0,0,"Prop_0.90",30,0.001,"High","Beta",2000,FALSE
"BL015","DiD","unadjusted",0.01,100,0.00659299611622709,100,0.0659299611622709,0.769259259259259,0.00333333333333333,0.996666666666667,0.00333333333333333,0.00333333333333333,0.000476190476190476,0.00476190476190476,0.000476190476190476,0.01,0.01,20.78,0.00442658631126429,100,0.0442658631126429,0.937654320987654,100,0,0,"Prop_0.90",30,0.001,"High","Beta",2000,FALSE
"BL015","DiD","unadjusted",0.05,100,0.00663792282048092,100,0.0663792282048092,0.807407407407407,0.0079561085525314,0.98,0.0079561085525314,0.02,0.0010357677913115,0.010357677913115,0.00259885187276492,0.0238683256575942,0.06,21.86,0.00442658631126429,100,0.0442658631126429,0.937654320987654,100,0,0,"Prop_0.90",30,0.001,"High","Beta",2000,FALSE
"BL015","MIMOSA2","BFDR",0.01,100,0.00724580550095463,100,0.0724580550095463,0.850740740740741,0.00333333333333333,0.996666666666667,0.00333333333333333,0.00333333333333333,0.000384615384615385,0.00384615384615385,0.000384615384615385,0.01,0.01,22.98,0.00360552843114324,100,0.0360552843114324,0.952962962962963,100,0,0,"Prop_0.90",30,0.001,"High","Beta",2000,FALSE
"BL015","MIMOSA2","BFDR",0.05,100,0.00596321972339226,100,0.0596321972339226,0.905185185185185,0.0143078231996976,0.92,0.0143078231996976,0.08,0.00165402226187939,0.0165402226187939,0.00922919077701686,0.0429234695990928,0.24,24.68,0.00360552843114324,100,0.0360552843114324,0.952962962962963,100,0,0,"Prop_0.90",30,0.001,"High","Beta",2000,FALSE
"BL016","DiD","BH",0.01,100,0.0134479918518894,100,0.134479918518894,0.764,0.000222222222222223,0.999777777777778,0.000222222222222223,0.000222222222222223,0.002,0.02,0.002,0.01,0.01,3.83,0.00564726769093815,100,0.0564726769093815,0.940111111111111,100,0,0,"Prop_0.10",50,0.001,"High","Beta",2000,FALSE
"BL016","DiD","BH",0.05,100,0.0140072131490179,100,0.140072131490179,0.776,0.000779779370921754,0.998,0.000779779370921754,0.002,0.00607298266427974,0.0607298266427974,0.0160238095238095,0.0256432399976243,0.07,3.97,0.00564726769093815,100,0.0564726769093815,0.940111111111111,100,0,0,"Prop_0.10",50,0.001,"High","Beta",2000,FALSE
"BL016","DiD","unadjusted",0.01,100,0.0141835015835906,100,0.141835015835906,0.778,0.00112205608220019,0.994222222222222,0.00112205608220019,0.00577777777777778,0.0102120164069004,0.102120164069004,0.0525238095238095,0.0422952584681651,0.23,4.15,0.00564726769093815,100,0.0564726769093815,0.940111111111111,100,0,0,"Prop_0.10",50,0.001,"High","Beta",2000,FALSE
"BL016","DiD","unadjusted",0.05,100,0.0134824989441045,100,0.134824989441045,0.802,0.00257560572603166,0.966888888888889,0.00257560572603166,0.0331111111111111,0.0153576230008062,0.153576230008062,0.244730158730159,0.0386122919665369,0.82,5.5,0.00564726769093815,100,0.0564726769093815,0.940111111111111,100,0,0,"Prop_0.10",50,0.001,"High","Beta",2000,FALSE
"BL016","MIMOSA2","BFDR",0.01,100,0.0143534038478753,100,0.143534038478753,0.802,0.000380992462217257,0.999333333333333,0.000380992462217257,0.000666666666666668,0.00324996762480637,0.0324996762480637,0.00566666666666667,0.0171446607997765,0.03,4.04,0.00637062523959654,100,0.0637062523959654,0.942377777777778,100,0,0,"Prop_0.10",50,0.001,"High","Beta",2000,FALSE
"BL016","MIMOSA2","BFDR",0.05,100,0.0144655634267223,100,0.144655634267223,0.822,0.000639163313921471,0.998,0.000639163313921471,0.002,0.00545350719635912,0.0545350719635912,0.017,0.0287623491264661,0.09,4.2,0.00637062523959654,100,0.0637062523959654,0.942377777777778,100,0,0,"Prop_0.10",50,0.001,"High","Beta",2000,FALSE
"BL017","DiD","BH",0.01,100,0.00727541639364473,100,0.0727541639364473,0.76,0.00069306054047633,0.998108108108108,0.00069306054047633,0.00189189189189189,0.00230452956129294,0.0230452956129294,0.00628787878787879,0.0256432399976243,0.07,9.95,0.003787088113506,100,0.03787088113506,0.942037422037422,100,0,0,"Prop_0.25",50,0.001,"High","Beta",2000,FALSE
"BL017","DiD","BH",0.05,100,0.00756064477878982,100,0.0756064477878982,0.773846153846154,0.00121962394555192,0.992432432432432,0.00121962394555192,0.00756756756756755,0.0040199887451425,0.040199887451425,0.0248566433566434,0.0451260859854213,0.28,10.34,0.003787088113506,100,0.03787088113506,0.942037422037422,100,0,0,"Prop_0.25",50,0.001,"High","Beta",2000,FALSE
"BL017","DiD","unadjusted",0.01,100,0.00756064477878982,100,0.0756064477878982,0.773846153846154,0.0011914702764238,0.992972972972973,0.0011914702764238,0.00702702702702701,0.0039547377500852,0.039547377500852,0.0232540792540793,0.0440844002276808,0.26,10.32,0.003787088113506,100,0.03787088113506,0.942037422037422,100,0,0,"Prop_0.25",50,0.001,"High","Beta",2000,FALSE
"BL017","DiD","unadjusted",0.05,100,0.00753530530314434,100,0.0753530530314434,0.807692307692308,0.00281555281553506,0.968648648648649,0.00281555281553506,0.0313513513513513,0.00764332195293955,0.0764332195293955,0.0920663780663781,0.0460566186471838,0.7,11.66,0.003787088113506,100,0.03787088113506,0.942037422037422,100,0,0,"Prop_0.25",50,0.001,"High","Beta",2000,FALSE
"BL017","MIMOSA2","BFDR",0.01,100,0.00933635546245854,100,0.0933635546245854,0.849230769230769,0.000792401809627304,0.998108108108108,0.000792401809627304,0.00189189189189189,0.00244747433343871,0.0244747433343871,0.00581684981684982,0.0238683256575942,0.06,11.11,0.00435103101649746,100,0.0435103101649746,0.954553014553015,100,0,0,"Prop_0.25",50,0.001,"High","Beta",2000,FALSE
"BL017","MIMOSA2","BFDR",0.05,100,0.00897968539902813,100,0.0897968539902814,0.882307692307692,0.00161980059732836,0.983243243243243,0.00161980059732836,0.0167567567567567,0.00467694482094043,0.0467694482094043,0.0497538017538018,0.0498887651569859,0.56,12.09,0.00435103101649746,100,0.0435103101649746,0.954553014553015,100,0,0,"Prop_0.25",50,0.001,"High","Beta",2000,FALSE
"BL018","DiD","BH",0.01,100,0.00726480376454683,100,0.0726480376454683,0.7552,0.000971513450158249,0.9984,0.000971513450158249,0.0016,0.00120561220560109,0.0120561220560109,0.00205288175876411,0.0171446607997765,0.03,18.92,0.00283665371218065,100,0.0283665371218065,0.937176,100,0,0,"Prop_0.50",50,0.001,"High","Beta",2000,FALSE
"BL018","DiD","BH",0.05,100,0.00698847536153544,100,0.0698847536153544,0.7836,0.00219310213389549,0.9872,0.00219310213389549,0.0128,0.00262576958987199,0.0262576958987199,0.0153808718931717,0.0451260859854213,0.28,19.91,0.00283665371218065,100,0.0283665371218065,0.937176,100,0,0,"Prop_0.50",50,0.001,"High","Beta",2000,FALSE
"BL018","DiD","unadjusted",0.01,100,0.00702905945114115,100,0.0702905945114115,0.7692,0.00146666666666667,0.9948,0.00146666666666667,0.0052,0.001794305637409,0.01794305637409,0.00640643857570766,0.032659863237109,0.12,19.36,0.00283665371218065,100,0.0283665371218065,0.937176,100,0,0,"Prop_0.50",50,0.001,"High","Beta",2000,FALSE
"BL018","DiD","unadjusted",0.05,100,0.00602687583439648,100,0.0602687583439648,0.806,0.00299197580069077,0.9724,0.00299197580069077,0.0276,0.00341032108330363,0.0341032108330363,0.0320076533560515,0.0501613558046592,0.53,20.84,0.00283665371218065,100,0.0283665371218065,0.937176,100,0,0,"Prop_0.50",50,0.001,"High","Beta",2000,FALSE
"BL018","MIMOSA2","BFDR",0.01,100,0.00725456317559416,100,0.0725456317559416,0.8424,0.00109063969737716,0.9968,0.00109063969737716,0.0032,0.0013047695933883,0.013047695933883,0.00380418029495967,0.0272659924344291,0.08,21.14,0.00314377381148482,100,0.0314377381148482,0.947944,100,0,0,"Prop_0.50",50,0.001,"High","Beta",2000,FALSE
"BL018","MIMOSA2","BFDR",0.05,100,0.00623771519942125,100,0.0623771519942125,0.89,0.00281869659684232,0.9688,0.00281869659684232,0.0312,0.00296783173733575,0.0296783173733575,0.0330796309885555,0.048523658709391,0.63,23.03,0.00314377381148482,100,0.0314377381148482,0.947944,100,0,0,"Prop_0.50",50,0.001,"High","Beta",2000,FALSE
"BL019","DiD","BH",0.01,100,0.00515431039949473,100,0.0515431039949473,0.752894736842105,0.00142872173331471,0.9975,0.00142872173331471,0.0025,0.000559268225967643,0.00559268225967643,0.000978494623655914,0.0171446607997765,0.03,28.64,0.00244382413158756,100,0.0244382413158756,0.932160087719298,100,0,0,"Prop_0.75",50,0.001,"High","Beta",2000,FALSE
"BL019","DiD","BH",0.05,100,0.00468397457129019,100,0.0468397457129019,0.787894736842105,0.00447824896636105,0.975833333333333,0.00447824896636105,0.0241666666666667,0.00172676463364288,0.0172676463364288,0.00936085459115951,0.0435194139889245,0.25,30.23,0.00244382413158756,100,0.0244382413158756,0.932160087719298,100,0,0,"Prop_0.75",50,0.001,"High","Beta",2000,FALSE
"BL019","DiD","unadjusted",0.01,100,0.00466234465470818,100,0.0466234465470818,0.761842105263158,0.00227216603620242,0.993333333333333,0.00227216603620242,0.00666666666666667,0.000885037571214056,0.00885037571214056,0.00259476649138774,0.0272659924344291,0.08,29.03,0.00244382413158756,100,0.0244382413158756,0.932160087719298,100,0,0,"Prop_0.75",50,0.001,"High","Beta",2000,FALSE
"BL019","DiD","unadjusted",0.05,100,0.00465814177402614,100,0.0465814177402614,0.800263157894737,0.00536281832868568,0.958333333333333,0.00536281832868568,0.0416666666666667,0.00202634531574595,0.0202634531574595,0.0158288364678463,0.0497569851956243,0.43,30.91,0.00244382413158756,100,0.0244382413158756,0.932160087719298,100,0,0,"Prop_0.75",50,0.001,"High","Beta",2000,FALSE
"BL019","MIMOSA2","BFDR",0.01,100,0.00498542883667249,100,0.0498542883667249,0.851842105263158,0.00251259453814803,0.991666666666667,0.00251259453814803,0.00833333333333334,0.000877621075158293,0.00877621075158293,0.00290640761886892,0.0301511344577764,0.1,32.47,0.00300873850081582,100,0.0300873850081582,0.945559210526316,100,0,0,"Prop_0.75",50,0.001,"High","Beta",2000,FALSE
"BL019","MIMOSA2","BFDR",0.05,100,0.00472079211280319,100,0.0472079211280319,0.900263157894737,0.00586511304803392,0.946666666666667,0.00586511304803392,0.0533333333333333,0.00195614078662246,0.0195614078662246,0.0180360539333063,0.0501613558046592,0.53,34.85,0.00300873850081582,100,0.0300873850081582,0.945559210526316,100,0,0,"Prop_0.75",50,0.001,"High","Beta",2000,FALSE
"BL020","DiD","BH",0.01,100,0.00372887072281138,100,0.0372887072281138,0.765555555555556,0.00342893215995531,0.994,0.00342893215995531,0.006,0.000476612170638083,0.00476612170638083,0.000833762333762334,0.0171446607997765,0.03,34.48,0.00326399716848832,100,0.0326399716848832,0.942266666666667,100,0,0,"Prop_0.90",50,0.001,"High","Beta",2000,FALSE
"BL020","DiD","BH",0.05,100,0.00382299472787536,100,0.0382299472787536,0.802222222222222,0.00614964891828646,0.984,0.00614964891828646,0.016,0.000802566903200943,0.00802566903200943,0.00209570667240757,0.0256432399976243,0.07,36.18,0.00326399716848832,100,0.0326399716848832,0.942266666666667,100,0,0,"Prop_0.90",50,0.001,"High","Beta",2000,FALSE
"BL020","DiD","unadjusted",0.01,100,0.00375054553956749,100,0.037505455395675,0.773333333333333,0.00342893215995531,0.994,0.00342893215995531,0.006,0.000476612170638083,0.00476612170638083,0.000833762333762334,0.0171446607997765,0.03,34.83,0.00326399716848832,100,0.0326399716848832,0.942266666666667,100,0,0,"Prop_0.90",50,0.001,"High","Beta",2000,FALSE
"BL020","DiD","unadjusted",0.05,100,0.00375745507451349,100,0.0375745507451349,0.808,0.00614964891828646,0.984,0.00614964891828646,0.016,0.000800171780788202,0.00800171780788202,0.00208819916490006,0.0256432399976243,0.07,36.44,0.00326399716848832,100,0.0326399716848832,0.942266666666667,100,0,0,"Prop_0.90",50,0.001,"High","Beta",2000,FALSE
"BL020","MIMOSA2","BFDR",0.01,100,0.00492745729468521,100,0.0492745729468521,0.863333333333333,0.00342893215995531,0.994,0.00342893215995531,0.006,0.000435975033847504,0.00435975033847504,0.000762820512820513,0.0171446607997765,0.03,38.88,0.00262885557915737,100,0.0262885557915737,0.953977777777778,100,0,0,"Prop_0.90",50,0.001,"High","Beta",2000,FALSE
"BL020","MIMOSA2","BFDR",0.05,100,0.00368588305322214,100,0.0368588305322214,0.920444444444444,0.0105044483121882,0.926,0.0105044483121882,0.074,0.00121997706141696,0.0121997706141696,0.00862955915112922,0.0479372485441102,0.35,41.79,0.00262885557915737,100,0.0262885557915737,0.953977777777778,100,0,0,"Prop_0.90",50,0.001,"High","Beta",2000,FALSE
"BL021","DiD","BH",0.01,100,0.0113762556194555,100,0.113762556194555,0.75,0.000149253731343284,0.999850746268657,0.000149253731343284,0.000149253731343284,0.00142857142857143,0.0142857142857143,0.00142857142857143,0.01,0.01,6.01,0.00462351298057161,100,0.0462351298057161,0.944682835820896,100,0,0,"Prop_0.10",75,0.001,"High","Beta",2000,FALSE
"BL021","DiD","BH",0.05,100,0.0105289403958131,100,0.105289403958131,0.78,0.000562070968173895,0.997910447761194,0.000562070968173895,0.00208955223880598,0.00516631550960491,0.0516631550960491,0.0194603174603175,0.0337997668989631,0.13,6.38,0.00462351298057161,100,0.0462351298057161,0.944682835820896,100,0,0,"Prop_0.10",75,0.001,"High","Beta",2000,FALSE
"BL021","DiD","unadjusted",0.01,100,0.0104166666666667,100,0.104166666666667,0.79375,0.000876089468513321,0.995074626865672,0.000876089468513321,0.00492537313432837,0.0075937332070994,0.075937332070994,0.0442460317460317,0.0451260859854213,0.28,6.68,0.00462351298057161,100,0.0462351298057161,0.944682835820896,100,0,0,"Prop_0.10",75,0.001,"High","Beta",2000,FALSE
"BL021","DiD","unadjusted",0.05,100,0.0102062072615966,100,0.102062072615966,0.825,0.00206654212692997,0.968507462686567,0.00206654212692997,0.0314925373134328,0.0117086974721929,0.117086974721929,0.226170662670663,0.0272659924344291,0.92,8.71,0.00462351298057161,100,0.0462351298057161,0.944682835820896,100,0,0,"Prop_0.10",75,0.001,"High","Beta",2000,FALSE
"BL021","MIMOSA2","BFDR",0.01,100,0.0111598520590462,100,0.111598520590462,0.81625,0.000293949829204378,0.999402985074627,0.000293949829204378,0.000597014925373136,0.00252117676537331,0.0252117676537331,0.00507936507936508,0.0196946385566932,0.04,6.57,0.00536483834020456,100,0.0536483834020456,0.950391791044776,100,0,0,"Prop_0.10",75,0.001,"High","Beta",2000,FALSE
"BL021","MIMOSA2","BFDR",0.05,100,0.0105109370647815,100,0.105109370647815,0.85,0.000707416184387777,0.996417910447761,0.000707416184387777,0.00358208955223881,0.00586989368582605,0.0586989368582605,0.0298809523809524,0.0416333199893227,0.22,7.04,0.00536483834020456,100,0.0536483834020456,0.950391791044776,100,0,0,"Prop_0.10",75,0.001,"High","Beta",2000,FALSE
"BL022","DiD","BH",0.01,100,0.00707215591956013,100,0.0707215591956013,0.739473684210526,0.000457914999957578,0.99875,0.000457914999957578,0.00125,0.00181905601171266,0.0181905601171266,0.004943546649429,0.0256432399976243,0.07,14.12,0.00313745227069896,100,0.0313745227069896,0.935455827067669,100,0,0,"Prop_0.25",75,0.001,"High","Beta",2000,FALSE
"BL022","DiD","BH",0.05,100,0.00687474324106113,100,0.0687474324106113,0.764736842105263,0.00101142718549403,0.994285714285714,0.00101142718549403,0.00571428571428573,0.00350475703636295,0.0350475703636295,0.0200622979961215,0.0451260859854213,0.28,14.85,0.00313745227069896,100,0.0313745227069896,0.935455827067669,100,0,0,"Prop_0.25",75,0.001,"High","Beta",2000,FALSE
"BL022","DiD","unadjusted",0.01,100,0.00662604091012463,100,0.0662604091012463,0.764736842105263,0.000972958168902094,0.994464285714286,0.000972958168902094,0.0055357142857143,0.00343896145864221,0.0343896145864221,0.0197898620986856,0.0451260859854213,0.28,14.84,0.00313745227069896,100,0.0313745227069896,0.935455827067669,100,0,0,"Prop_0.25",75,0.001,"High","Beta",2000,FALSE
"BL022","DiD","unadjusted",0.05,100,0.00703248011746859,100,0.0703248011746859,0.802631578947368,0.00236738559028435,0.964285714285714,0.00236738559028435,0.0357142857142857,0.0069994233952261,0.069994233952261,0.112165388962603,0.0348735088019777,0.86,17.25,0.00313745227069896,100,0.0313745227069896,0.935455827067669,100,0,0,"Prop_0.25",75,0.001,"High","Beta",2000,FALSE
"BL022","MIMOSA2","BFDR",0.01,100,0.00819062734029882,100,0.0819062734029882,0.825263157894737,0.000704066507863685,0.996607142857143,0.000704066507863685,0.00339285714285715,0.00242665690560823,0.0242665690560823,0.0116460636886333,0.0394277244403663,0.19,15.87,0.00334374673631896,100,0.0334374673631896,0.946047932330827,100,0,0,"Prop_0.25",75,0.001,"High","Beta",2000,FALSE
"BL022","MIMOSA2","BFDR",0.05,100,0.00759873958866937,100,0.0759873958866937,0.864210526315789,0.00139017668600272,0.978571428571429,0.00139017668600272,0.0214285714285714,0.0041696684973401,0.041696684973401,0.0668130810537931,0.0377525168068637,0.83,17.62,0.00334374673631896,100,0.0334374673631896,0.946047932330827,100,0,0,"Prop_0.25",75,0.001,"High","Beta",2000,FALSE
"BL023","DiD","BH",0.01,100,0.00525943515337648,100,0.0525943515337648,0.758947368421053,0.00099099099099099,0.996486486486487,0.00099099099099099,0.00351351351351351,0.00123986023897922,0.0123986023897922,0.00436744052572097,0.032659863237109,0.12,28.97,0.00238139263235375,100,0.0238139263235375,0.940945945945946,100,0,0,"Prop_0.50",75,0.001,"High","Beta",2000,FALSE
"BL023","DiD","BH",0.05,100,0.00514894687635022,100,0.0514894687635022,0.786842105263158,0.00212081681371197,0.985945945945946,0.00212081681371197,0.014054054054054,0.00247075543202266,0.0247075543202266,0.0167176402053635,0.0487831731214563,0.38,30.42,0.00238139263235375,100,0.0238139263235375,0.940945945945946,100,0,0,"Prop_0.50",75,0.001,"High","Beta",2000,FALSE
"BL023","DiD","unadjusted",0.01,100,0.00517435719786444,100,0.0517435719786444,0.772368421052632,0.00137731005153671,0.992702702702703,0.00137731005153671,0.00729729729729728,0.0016782834836967,0.016782834836967,0.00900167881812111,0.0435194139889245,0.25,29.62,0.00238139263235375,100,0.0238139263235375,0.940945945945946,100,0,0,"Prop_0.50",75,0.001,"High","Beta",2000,FALSE
"BL023","DiD","unadjusted",0.05,100,0.0049391920626944,100,0.049391920626944,0.814473684210526,0.00306306306306306,0.967027027027027,0.00306306306306306,0.0329729729729729,0.00338652736364497,0.0338652736364497,0.0371409850293414,0.0464823198711732,0.69,32.17,0.00238139263235375,100,0.0238139263235375,0.940945945945946,100,0,0,"Prop_0.50",75,0.001,"High","Beta",2000,FALSE
"BL023","MIMOSA2","BFDR",0.01,100,0.00519466329106309,100,0.0519466329106309,0.86,0.00106561417406395,0.994864864864865,0.00106561417406395,0.00513513513513513,0.00118930773183752,0.0118930773183752,0.00572041501536283,0.0394277244403663,0.19,32.87,0.00266933998927043,100,0.0266933998927043,0.949939544807966,100,0,0,"Prop_0.50",75,0.001,"High","Beta",2000,FALSE
"BL023","MIMOSA2","BFDR",0.05,100,0.00462438121785602,100,0.0462438121785602,0.901842105263158,0.00220858570669032,0.964054054054054,0.00220858570669032,0.0359459459459459,0.00219764928339951,0.0219764928339951,0.0370020664564008,0.032659863237109,0.88,35.6,0.00266933998927043,100,0.0266933998927043,0.949939544807966,100,0,0,"Prop_0.50",75,0.001,"High","Beta",2000,FALSE
"BL024","DiD","BH",0.01,100,0.00367503928266461,100,0.0367503928266461,0.765535714285714,0.00134964421040128,0.996315789473684,0.00134964421040128,0.00368421052631579,0.00060773176570769,0.0060773176570769,0.0016577182979622,0.0256432399976243,0.07,42.94,0.00222645899876601,100,0.0222645899876601,0.940582706766917,100,0,0,"Prop_0.75",75,0.001,"High","Beta",2000,FALSE
"BL024","DiD","BH",0.05,100,0.00390154517223411,100,0.0390154517223411,0.799821428571429,0.00326077325363012,0.978947368421053,0.00326077325363012,0.0210526315789474,0.00135385279978737,0.0135385279978737,0.00869550493216227,0.0472581562625261,0.33,45.19,0.00222645899876601,100,0.0222645899876601,0.940582706766917,100,0,0,"Prop_0.75",75,0.001,"High","Beta",2000,FALSE
"BL024","DiD","unadjusted",0.01,100,0.00364286421638676,100,0.0364286421638676,0.775,0.00143505223339101,0.995789473684211,0.00143505223339101,0.00421052631578948,0.000635166256253629,0.00635166256253629,0.00186249865971931,0.0272659924344291,0.08,43.48,0.00222645899876601,100,0.0222645899876601,0.940582706766917,100,0,0,"Prop_0.75",75,0.001,"High","Beta",2000,FALSE
"BL024","DiD","unadjusted",0.05,100,0.00377742837944312,100,0.0377742837944312,0.8125,0.00441806435551663,0.964210526315789,0.00441806435551663,0.0357894736842105,0.0017747286928086,0.017747286928086,0.0145112016072692,0.0501613558046592,0.47,46.18,0.00222645899876601,100,0.0222645899876601,0.940582706766917,100,0,0,"Prop_0.75",75,0.001,"High","Beta",2000,FALSE
"BL024","MIMOSA2","BFDR",0.01,100,0.00430865074507585,100,0.0430865074507585,0.8675,0.00151380784876138,0.995263157894737,0.00151380784876138,0.00473684210526316,0.000586339485448171,0.00586339485448171,0.0018324717158992,0.0287623491264661,0.09,48.67,0.0024461006449735,100,0.024461006449735,0.950230263157895,100,0,0,"Prop_0.75",75,0.001,"High","Beta",2000,FALSE
"BL024","MIMOSA2","BFDR",0.05,100,0.00356289565065267,100,0.0356289565065267,0.91375,0.00479117051690648,0.94,0.00479117051690648,0.06,0.00169229140131619,0.0169229140131619,0.0214643083204728,0.0456048021572069,0.71,52.31,0.0024461006449735,100,0.024461006449735,0.950230263157895,100,0,0,"Prop_0.75",75,0.001,"High","Beta",2000,FALSE
"BL025","DiD","BH",0.01,100,0.0035091453688627,100,0.035091453688627,0.760735294117647,0.00201007563051842,0.997142857142857,0.00201007563051842,0.00285714285714286,0.000263312998953055,0.00263312998953055,0.000374125874125874,0.014070529413629,0.02,51.75,0.00235364092622518,100,0.0235364092622518,0.933939075630252,100,0,0,"Prop_0.90",75,0.001,"High","Beta",2000,FALSE
"BL025","DiD","BH",0.05,100,0.00332348866043299,100,0.0332348866043299,0.795,0.00599594448248685,0.977142857142857,0.00599594448248685,0.0228571428571429,0.000760690849550995,0.00760690849550995,0.00289186453726569,0.0348735088019777,0.14,54.22,0.00235364092622518,100,0.0235364092622518,0.933939075630252,100,0,0,"Prop_0.90",75,0.001,"High","Beta",2000,FALSE
"BL025","DiD","unadjusted",0.01,100,0.00343235916551925,100,0.0343235916551925,0.766617647058824,0.00201007563051842,0.997142857142857,0.00201007563051842,0.00285714285714286,0.000263312998953055,0.00263312998953055,0.000374125874125874,0.014070529413629,0.02,52.15,0.00235364092622518,100,0.0235364092622518,0.933939075630252,100,0,0,"Prop_0.90",75,0.001,"High","Beta",2000,FALSE
"BL025","DiD","unadjusted",0.05,100,0.00312217856974188,100,0.0312217856974188,0.805294117647059,0.0069096116719407,0.968571428571429,0.0069096116719407,0.0314285714285714,0.000864003146097261,0.00864003146097261,0.00392505519702856,0.0394277244403663,0.19,54.98,0.00235364092622518,100,0.0235364092622518,0.933939075630252,100,0,0,"Prop_0.90",75,0.001,"High","Beta",2000,FALSE
"BL025","MIMOSA2","BFDR",0.01,100,0.00372370137183547,100,0.0372370137183547,0.861029411764706,0.00201007563051842,0.997142857142857,0.00201007563051842,0.00285714285714286,0.000232594725038839,0.00232594725038839,0.000330601092896175,0.014070529413629,0.02,58.57,0.00221778330558581,100,0.0221778330558581,0.944411764705882,100,0,0,"Prop_0.90",75,0.001,"High","Beta",2000,FALSE
"BL025","MIMOSA2","BFDR",0.05,100,0.0031687092963433,100,0.031687092963433,0.912647058823529,0.0111316034487924,0.904285714285714,0.0111316034487924,0.0957142857142857,0.00122049876430719,0.0122049876430719,0.0105508555423727,0.0502518907629606,0.5,62.73,0.00221778330558581,100,0.0221778330558581,0.944411764705882,100,0,0,"Prop_0.90",75,0.001,"High","Beta",2000,FALSE
"BL026","DiD","BH",0.01,100,0.0105581602315341,100,0.105581602315341,0.742,0.000218829317296591,0.999555555555556,0.000218829317296591,0.000444444444444443,0.00220917007279318,0.0220917007279318,0.00447222222222222,0.0196946385566932,0.04,7.46,0.00434664345533958,100,0.0434664345533958,0.93855,100,0,0,"Prop_0.10",100,0.001,"High","Beta",2000,FALSE
"BL026","DiD","BH",0.05,100,0.010286305498481,100,0.10286305498481,0.765,0.000643828801488902,0.997111111111111,0.000643828801488902,0.00288888888888888,0.00584375748957214,0.0584375748957214,0.0273787878787879,0.0402015126103685,0.2,7.91,0.00434664345533958,100,0.0434664345533958,0.93855,100,0,0,"Prop_0.10",100,0.001,"High","Beta",2000,FALSE
"BL026","DiD","unadjusted",0.01,100,0.00944093814889777,100,0.0944093814889777,0.776,0.000909689290534072,0.993555555555556,0.000909689290534072,0.00644444444444444,0.00832836852442938,0.0832836852442938,0.0622698412698413,0.049431107042371,0.41,8.34,0.00434664345533958,100,0.0434664345533958,0.93855,100,0,0,"Prop_0.10",100,0.001,"High","Beta",2000,FALSE
"BL026","DiD","unadjusted",0.05,100,0.00886429678969277,100,0.0886429678969277,0.811,0.00204256977437795,0.965333333333333,0.00204256977437795,0.0346666666666667,0.0119550305084264,0.119550305084264,0.260039798436857,0.0196946385566932,0.96,11.23,0.00434664345533958,100,0.0434664345533958,0.93855,100,0,0,"Prop_0.10",100,0.001,"High","Beta",2000,FALSE
"BL026","MIMOSA2","BFDR",0.01,100,0.0124798828018325,100,0.124798828018325,0.791,0.000243381015063988,0.999444444444444,0.000243381015063988,0.000555555555555554,0.00224133197531491,0.0224133197531491,0.00511111111111111,0.021904291355759,0.05,7.96,0.00511405590275769,100,0.0511405590275769,0.942244444444444,100,0,0,"Prop_0.10",100,0.001,"High","Beta",2000,FALSE
"BL026","MIMOSA2","BFDR",0.05,100,0.0120084145582179,100,0.120084145582179,0.818,0.00076263926970274,0.993777777777778,0.00076263926970274,0.00622222222222221,0.00691039372069206,0.0691039372069207,0.0585927128427128,0.0500908265962033,0.46,8.74,0.00511405590275769,100,0.0511405590275769,0.942244444444444,100,0,0,"Prop_0.10",100,0.001,"High","Beta",2000,FALSE
"BL027","DiD","BH",0.01,100,0.00614583705700966,100,0.0614583705700966,0.7508,0.000383497988352881,0.9988,0.000383497988352881,0.0012,0.00149536114665241,0.0149536114665241,0.00466059757236228,0.0287623491264661,0.09,18.86,0.00258037641221814,100,0.0258037641221814,0.943378666666667,100,0,0,"Prop_0.25",100,0.001,"High","Beta",2000,FALSE
"BL027","DiD","BH",0.05,100,0.00629651178082441,100,0.0629651178082441,0.7748,0.000834174659477274,0.994,0.000834174659477274,0.00599999999999999,0.00295588016849231,0.0295588016849231,0.0216560985117991,0.0487831731214563,0.38,19.82,0.00258037641221814,100,0.0258037641221814,0.943378666666667,100,0,0,"Prop_0.25",100,0.001,"High","Beta",2000,FALSE
"BL027","DiD","unadjusted",0.01,100,0.00614057543449037,100,0.0614057543449038,0.7748,0.000788696804044059,0.994133333333333,0.000788696804044059,0.00586666666666666,0.00283593971986579,0.0283593971986579,0.0213707259895845,0.0490207130000197,0.39,19.81,0.00258037641221814,100,0.0258037641221814,0.943378666666667,100,0,0,"Prop_0.25",100,0.001,"High","Beta",2000,FALSE
"BL027","DiD","unadjusted",0.05,100,0.00620342036641273,100,0.0620342036641273,0.8132,0.00184011906119455,0.971733333333333,0.00184011906119455,0.0282666666666667,0.00540347922509867,0.0540347922509867,0.0908281417116657,0.0272659924344291,0.92,22.45,0.00258037641221814,100,0.0258037641221814,0.943378666666667,100,0,0,"Prop_0.25",100,0.001,"High","Beta",2000,FALSE
"BL027","MIMOSA2","BFDR",0.01,100,0.00688502987383761,100,0.0688502987383761,0.8452,0.000548602959918987,0.9976,0.000548602959918987,0.0024,0.00188869037700421,0.0188869037700421,0.00823632285588807,0.0377525168068637,0.17,21.31,0.00296773716243873,100,0.0296773716243873,0.951912,100,0,0,"Prop_0.25",100,0.001,"High","Beta",2000,FALSE
"BL027","MIMOSA2","BFDR",0.05,100,0.00648367024130467,100,0.0648367024130467,0.8868,0.00118494105229696,0.9812,0.00118494105229696,0.0188,0.00358444789115295,0.0358444789115295,0.0588822122322122,0.0358870281282637,0.85,23.58,0.00296773716243873,100,0.0296773716243873,0.951912,100,0,0,"Prop_0.25",100,0.001,"High","Beta",2000,FALSE
"BL028","DiD","BH",0.01,100,0.00429512290954296,100,0.0429512290954296,0.7558,0.000712372618420127,0.9976,0.000712372618420127,0.0024,0.000902849497175932,0.00902849497175932,0.00302886700572973,0.031446603773522,0.11,37.91,0.00220051376921046,100,0.0220051376921046,0.938476,100,0,0,"Prop_0.50",100,0.001,"High","Beta",2000,FALSE
"BL028","DiD","BH",0.05,100,0.00413039974096963,100,0.0413039974096963,0.7848,0.00148732014446158,0.987,0.00148732014446158,0.013,0.00177083583206556,0.0177083583206556,0.0158444932474829,0.0502418393795691,0.51,39.89,0.00220051376921046,100,0.0220051376921046,0.938476,100,0,0,"Prop_0.50",100,0.001,"High","Beta",2000,FALSE
"BL028","DiD","unadjusted",0.01,100,0.00410390304490983,100,0.0410390304490983,0.7708,0.00115031835733953,0.993,0.00115031835733953,0.00700000000000001,0.00145517085403369,0.0145517085403369,0.0088551941705657,0.0460566186471838,0.3,38.89,0.00220051376921046,100,0.0220051376921046,0.938476,100,0,0,"Prop_0.50",100,0.001,"High","Beta",2000,FALSE
"BL028","DiD","unadjusted",0.05,100,0.00399413711746746,100,0.0399413711746746,0.8092,0.00250050499950015,0.965,0.00250050499950015,0.035,0.0028340626337682,0.028340626337682,0.0407227660656585,0.0386122919665369,0.82,42.21,0.00220051376921046,100,0.0220051376921046,0.938476,100,0,0,"Prop_0.50",100,0.001,"High","Beta",2000,FALSE
"BL028","MIMOSA2","BFDR",0.01,100,0.00467030161464088,100,0.0467030161464088,0.8608,0.000852802865422442,0.996,0.000852802865422442,0.004,0.000963458322096545,0.00963458322096545,0.00453420072094549,0.0394277244403663,0.19,43.24,0.00258527825124562,100,0.0258527825124562,0.94871,100,0,0,"Prop_0.50",100,0.001,"High","Beta",2000,FALSE
"BL028","MIMOSA2","BFDR",0.05,100,0.0042075449306495,100,0.042075449306495,0.9056,0.00206666666666667,0.9646,0.00206666666666667,0.0354,0.00210831960928316,0.0210831960928316,0.0371102988983719,0.0301511344577764,0.9,47.05,0.00258527825124562,100,0.0258527825124562,0.94871,100,0,0,"Prop_0.50",100,0.001,"High","Beta",2000,FALSE
"BL029","DiD","BH",0.01,100,0.00364789193925052,100,0.0364789193925052,0.768533333333333,0.00115049396505865,0.9964,0.00115049396505865,0.0036,0.000481512534469497,0.00481512534469497,0.00150531727235502,0.0287623491264661,0.09,57.73,0.00180081914769185,100,0.0180081914769185,0.938717333333333,100,0,0,"Prop_0.75",100,0.001,"High","Beta",2000,FALSE
"BL029","DiD","BH",0.05,100,0.00345971849668709,100,0.0345971849668709,0.7984,0.00292643817704055,0.9796,0.00292643817704055,0.0204,0.00118580548840063,0.0118580548840063,0.0083180665670465,0.0490207130000197,0.39,60.39,0.00180081914769185,100,0.0180081914769185,0.938717333333333,100,0,0,"Prop_0.75",100,0.001,"High","Beta",2000,FALSE
"BL029","DiD","unadjusted",0.01,100,0.00360381391687678,100,0.0360381391687678,0.7768,0.00171080936602203,0.9932,0.00171080936602203,0.0068,0.000718141754527189,0.00718141754527189,0.0028535780873151,0.0358870281282637,0.15,58.43,0.00180081914769185,100,0.0180081914769185,0.938717333333333,100,0,0,"Prop_0.75",100,0.001,"High","Beta",2000,FALSE
"BL029","DiD","unadjusted",0.05,100,0.00344796822034149,100,0.0344796822034149,0.811466666666667,0.00392577599612066,0.9632,0.00392577599612066,0.0368,0.00154934652828368,0.0154934652828368,0.0146416176039966,0.0492365963917331,0.6,61.78,0.00180081914769185,100,0.0180081914769185,0.938717333333333,100,0,0,"Prop_0.75",100,0.001,"High","Beta",2000,FALSE
"BL029","MIMOSA2","BFDR",0.01,100,0.00376978357972111,100,0.0376978357972111,0.8692,0.00138038202880744,0.9956,0.00138038202880744,0.0044,0.000520309591294393,0.00520309591294393,0.00166506959019499,0.0301511344577764,0.1,65.3,0.00178181352023028,100,0.0178181352023028,0.950138666666667,100,0,0,"Prop_0.75",100,0.001,"High","Beta",2000,FALSE
"BL029","MIMOSA2","BFDR",0.05,100,0.00295331425611946,100,0.0295331425611946,0.9164,0.0039520356600853,0.9376,0.0039520356600853,0.0624,0.00136196416327705,0.0136196416327705,0.021971080951172,0.0337997668989631,0.87,70.29,0.00178181352023028,100,0.0178181352023028,0.950138666666667,100,0,0,"Prop_0.75",100,0.001,"High","Beta",2000,FALSE
"BL030","DiD","BH",0.01,100,0.00331305090099784,100,0.0331305090099784,0.765666666666667,0.00196946385566932,0.996,0.00196946385566932,0.004,0.00028468797461207,0.0028468797461207,0.000578002695717766,0.0196946385566932,0.04,68.95,0.00239449235801143,100,0.0239449235801143,0.936861111111111,100,0,0,"Prop_0.90",100,0.001,"High","Beta",2000,FALSE
"BL030","DiD","BH",0.05,100,0.00326054076428597,100,0.0326054076428597,0.795222222222222,0.00468287229478799,0.977,0.00468287229478799,0.023,0.0006372495499406,0.006372495499406,0.00314932629330548,0.0409360180740332,0.21,71.8,0.00239449235801143,100,0.0239449235801143,0.936861111111111,100,0,0,"Prop_0.90",100,0.001,"High","Beta",2000,FALSE
"BL030","DiD","unadjusted",0.01,100,0.00307522999645776,100,0.0307522999645776,0.771333333333333,0.00256432399976243,0.993,0.00256432399976243,0.007,0.000369857980917128,0.00369857980917128,0.00100913259168142,0.0256432399976243,0.07,69.49,0.00239449235801143,100,0.0239449235801143,0.936861111111111,100,0,0,"Prop_0.90",100,0.001,"High","Beta",2000,FALSE
"BL030","DiD","unadjusted",0.05,100,0.00301459640668513,100,0.0301459640668513,0.805,0.00525991127935317,0.969,0.00525991127935317,0.031,0.000707747024263186,0.00707747024263186,0.00419311608594081,0.0451260859854213,0.28,72.76,0.00239449235801143,100,0.0239449235801143,0.936861111111111,100,0,0,"Prop_0.90",100,0.001,"High","Beta",2000,FALSE
"BL030","MIMOSA2","BFDR",0.01,100,0.00336088501340433,100,0.0336088501340433,0.873444444444444,0.0021904291355759,0.995,0.0021904291355759,0.005,0.000277125331694828,0.00277125331694828,0.000632142181037763,0.021904291355759,0.05,78.66,0.00203897978983719,100,0.0203897978983719,0.950555555555556,100,0,0,"Prop_0.90",100,0.001,"High","Beta",2000,FALSE
"BL030","MIMOSA2","BFDR",0.05,100,0.00266058040955825,100,0.0266058040955825,0.922888888888889,0.0101000050004988,0.899,0.0101000050004988,0.101,0.00117302195753638,0.0117302195753638,0.0118457577774013,0.0487831731214563,0.62,84.07,0.00203897978983719,100,0.0203897978983719,0.950555555555556,100,0,0,"Prop_0.90",100,0.001,"High","Beta",2000,FALSE
"BL031","DiD","BH",0.01,100,0.0429234695990928,100,0.429234695990928,0.76,0,1,0,0,0,0,0,0,0,0.76,0.0116796197667133,100,0.116796197667133,0.965555555555556,100,0,0,"Prop_0.10",10,5e-04,"High","Beta",2000,FALSE
"BL031","DiD","BH",0.05,100,0.0402015126103685,100,0.402015126103685,0.8,0.00156339215706989,0.997777777777778,0.00156339215706989,0.00222222222222222,0.00703526470681448,0.0703526470681448,0.01,0.014070529413629,0.02,0.82,0.0116796197667133,100,0.116796197667133,0.965555555555556,100,0,0,"Prop_0.10",10,5e-04,"High","Beta",2000,FALSE
"BL031","DiD","unadjusted",0.01,100,0.0402015126103685,100,0.402015126103685,0.8,0.00156339215706989,0.997777777777778,0.00156339215706989,0.00222222222222222,0.00703526470681448,0.0703526470681448,0.01,0.014070529413629,0.02,0.82,0.0116796197667133,100,0.116796197667133,0.965555555555556,100,0,0,"Prop_0.10",10,5e-04,"High","Beta",2000,FALSE
"BL031","DiD","unadjusted",0.05,100,0.0377525168068637,100,0.377525168068637,0.83,0.00641500299099584,0.966666666666667,0.00641500299099584,0.0333333333333333,0.0280186525974792,0.280186525974792,0.148333333333333,0.0429234695990928,0.24,1.13,0.0116796197667133,100,0.116796197667133,0.965555555555556,100,0,0,"Prop_0.10",10,5e-04,"High","Beta",2000,FALSE
"BL031","MIMOSA2","BFDR",0.01,100,0.0435194139889245,100,0.435194139889245,0.75,0.00111111111111111,0.998888888888889,0.00111111111111111,0.00111111111111111,0.01,0.1,0.01,0.01,0.01,0.76,0.0154424095745455,100,0.154424095745455,0.946111111111111,100,0,0,"Prop_0.10",10,5e-04,"High","Beta",2000,FALSE
"BL031","MIMOSA2","BFDR",0.05,100,0.0402015126103685,100,0.402015126103685,0.8,0.00190496231108628,0.996666666666667,0.00190496231108628,0.00333333333333333,0.0121439181269781,0.121439181269781,0.02,0.0171446607997765,0.03,0.83,0.0154424095745455,100,0.154424095745455,0.946111111111111,100,0,0,"Prop_0.10",10,5e-04,"High","Beta",2000,FALSE
"BL032","DiD","BH",0.01,100,0.0239246854188424,100,0.239246854188424,0.7,0.00142857142857143,0.998571428571429,0.00142857142857143,0.00142857142857143,0.005,0.05,0.005,0.01,0.01,2.11,0.010573577688459,100,0.10573577688459,0.92047619047619,100,0,0,"Prop_0.25",10,5e-04,"High","Beta",2000,FALSE
"BL032","DiD","BH",0.05,100,0.0206949952472289,100,0.206949952472289,0.76,0.00340976080822774,0.991428571428571,0.00340976080822774,0.00857142857142857,0.00735694088086748,0.0735694088086748,0.0183333333333333,0.0238683256575942,0.06,2.34,0.010573577688459,100,0.10573577688459,0.92047619047619,100,0,0,"Prop_0.25",10,5e-04,"High","Beta",2000,FALSE
"BL032","DiD","unadjusted",0.01,100,0.0204440052653751,100,0.204440052653751,0.753333333333333,0.00281351979381332,0.994285714285714,0.00281351979381332,0.00571428571428572,0.00619716726858991,0.0619716726858991,0.0125,0.0196946385566932,0.04,2.3,0.010573577688459,100,0.10573577688459,0.92047619047619,100,0,0,"Prop_0.25",10,5e-04,"High","Beta",2000,FALSE
"BL032","DiD","unadjusted",0.05,100,0.0188888888888889,100,0.188888888888889,0.796666666666667,0.00609144903873173,0.971428571428571,0.00609144903873173,0.0285714285714286,0.0131692342891326,0.131692342891326,0.0616666666666667,0.0394277244403663,0.19,2.59,0.010573577688459,100,0.10573577688459,0.92047619047619,100,0,0,"Prop_0.25",10,5e-04,"High","Beta",2000,FALSE
"BL032","MIMOSA2","BFDR",0.01,100,0.0222222222222222,100,0.222222222222222,0.733333333333333,0.00142857142857143,0.998571428571429,0.00142857142857143,0.00142857142857143,0.005,0.05,0.005,0.01,0.01,2.21,0.00956206242719683,100,0.0956206242719683,0.93452380952381,100,0,0,"Prop_0.25",10,5e-04,"High","Beta",2000,FALSE
"BL032","MIMOSA2","BFDR",0.05,100,0.0213857730906466,100,0.213857730906466,0.783333333333333,0.00389514177634701,0.988571428571429,0.00389514177634701,0.0114285714285714,0.0095405096485805,0.095405096485805,0.0266666666666667,0.0272659924344291,0.08,2.43,0.00956206242719683,100,0.0956206242719683,0.93452380952381,100,0,0,"Prop_0.25",10,5e-04,"High","Beta",2000,FALSE
"BL033","DiD","BH",0.01,100,0.0191232050058815,100,0.191232050058815,0.714,0,1,0,0,0,0,0,0,0,3.57,0.00715007946554696,100,0.0715007946554696,0.9326,100,0,0,"Prop_0.50",10,5e-04,"High","Beta",2000,FALSE
"BL033","DiD","BH",0.05,100,0.0160944183812371,100,0.160944183812371,0.766,0.00438085827115181,0.99,0.00438085827115181,0.01,0.00424541741452699,0.0424541741452699,0.00966666666666667,0.021904291355759,0.05,3.88,0.00715007946554696,100,0.0715007946554696,0.9326,100,0,0,"Prop_0.50",10,5e-04,"High","Beta",2000,FALSE
"BL033","DiD","unadjusted",0.01,100,0.0172632616275199,100,0.172632616275199,0.736,0,1,0,0,0,0,0,0,0,3.68,0.00715007946554696,100,0.0715007946554696,0.9326,100,0,0,"Prop_0.50",10,5e-04,"High","Beta",2000,FALSE
"BL033","DiD","unadjusted",0.05,100,0.0156669890360128,100,0.156669890360128,0.79,0.00755050336137274,0.966,0.00755050336137274,0.034,0.00773166343865403,0.0773166343865404,0.0345,0.0377525168068637,0.17,4.12,0.00715007946554696,100,0.0715007946554696,0.9326,100,0,0,"Prop_0.50",10,5e-04,"High","Beta",2000,FALSE
"BL033","MIMOSA2","BFDR",0.01,100,0.0193583954590114,100,0.193583954590114,0.75,0.00281410588272579,0.996,0.00281410588272579,0.004,0.00259045125614008,0.0259045125614008,0.00366666666666667,0.014070529413629,0.02,3.77,0.00724397346179233,100,0.0724397346179233,0.9436,100,0,0,"Prop_0.50",10,5e-04,"High","Beta",2000,FALSE
"BL033","MIMOSA2","BFDR",0.05,100,0.0181620094113671,100,0.181620094113671,0.788,0.00555595958126829,0.988,0.00555595958126829,0.012,0.00462996631772357,0.0462996631772357,0.01,0.021904291355759,0.05,4,0.00724397346179233,100,0.0724397346179233,0.9436,100,0,0,"Prop_0.50",10,5e-04,"High","Beta",2000,FALSE
"BL034","DiD","BH",0.01,100,0.0145703405324764,100,0.145703405324764,0.69625,0.005,0.995,0.005,0.005,0.00142857142857143,0.0142857142857143,0.00142857142857143,0.01,0.01,5.58,0.00814173684098662,100,0.0814173684098662,0.9375,100,0,0,"Prop_0.75",10,5e-04,"High","Beta",2000,FALSE
"BL034","DiD","BH",0.05,100,0.0146136049452197,100,0.146136049452197,0.76625,0.00984731927834662,0.98,0.00984731927834662,0.02,0.00328637886183263,0.0328637886183263,0.00628968253968254,0.0196946385566932,0.04,6.17,0.00814173684098662,100,0.0814173684098662,0.9375,100,0,0,"Prop_0.75",10,5e-04,"High","Beta",2000,FALSE
"BL034","DiD","unadjusted",0.01,100,0.0132502144064986,100,0.132502144064986,0.7175,0.00703526470681448,0.99,0.00703526470681448,0.01,0.0028668216293276,0.028668216293276,0.00392857142857143,0.014070529413629,0.02,5.76,0.00814173684098662,100,0.0814173684098662,0.9375,100,0,0,"Prop_0.75",10,5e-04,"High","Beta",2000,FALSE
"BL034","DiD","unadjusted",0.05,100,0.0137045852387315,100,0.137045852387315,0.7875,0.0109521456778795,0.975,0.0109521456778795,0.025,0.00349341604397996,0.0349341604397996,0.00753968253968254,0.021904291355759,0.05,6.35,0.00814173684098662,100,0.0814173684098662,0.9375,100,0,0,"Prop_0.75",10,5e-04,"High","Beta",2000,FALSE
"BL034","MIMOSA2","BFDR",0.01,100,0.0150420286618071,100,0.150420286618071,0.76,0.005,0.995,0.005,0.005,0.00142857142857143,0.0142857142857143,0.00142857142857143,0.01,0.01,6.09,0.00892346986289187,100,0.0892346986289187,0.945625,100,0,0,"Prop_0.75",10,5e-04,"High","Beta",2000,FALSE
"BL034","MIMOSA2","BFDR",0.05,100,0.0150210290303732,100,0.150210290303732,0.81,0.00857233039988826,0.985,0.00857233039988826,0.015,0.00224991124220821,0.0224991124220821,0.00392857142857143,0.0171446607997765,0.03,6.51,0.00892346986289187,100,0.0892346986289187,0.945625,100,0,0,"Prop_0.75",10,5e-04,"High","Beta",2000,FALSE
"BL035","DiD","BH",0.01,100,0.0122792263163258,100,0.122792263163258,0.718888888888889,0,1,0,0,0,0,0,0,0,6.47,0.0116709414433385,100,0.116709414433385,0.918333333333333,100,0,0,"Prop_0.90",10,5e-04,"High","Beta",2000,FALSE
"BL035","DiD","BH",0.05,100,0.0122792263163258,100,0.122792263163258,0.774444444444444,0.021904291355759,0.95,0.021904291355759,0.05,0.00308978758454698,0.0308978758454698,0.00686111111111111,0.021904291355759,0.05,7.02,0.0116709414433385,100,0.116709414433385,0.918333333333333,100,0,0,"Prop_0.90",10,5e-04,"High","Beta",2000,FALSE
"BL035","DiD","unadjusted",0.01,100,0.0117121394821051,100,0.117121394821051,0.733333333333333,0.01,0.99,0.01,0.01,0.002,0.02,0.002,0.01,0.01,6.61,0.0116709414433385,100,0.116709414433385,0.918333333333333,100,0,0,"Prop_0.90",10,5e-04,"High","Beta",2000,FALSE
"BL035","DiD","unadjusted",0.05,100,0.0122588981402864,100,0.122588981402864,0.785555555555556,0.021904291355759,0.95,0.021904291355759,0.05,0.00303884831427823,0.0303884831427823,0.00672222222222222,0.021904291355759,0.05,7.12,0.0116709414433385,100,0.116709414433385,0.918333333333333,100,0,0,"Prop_0.90",10,5e-04,"High","Beta",2000,FALSE
"BL035","MIMOSA2","BFDR",0.01,100,0.013981174880131,100,0.13981174880131,0.783333333333333,0,1,0,0,0,0,0,0,0,7.05,0.008105759038623,100,0.08105759038623,0.936111111111111,100,0,0,"Prop_0.90",10,5e-04,"High","Beta",2000,FALSE
"BL035","MIMOSA2","BFDR",0.05,100,0.0135352279003165,100,0.135352279003165,0.83,0.01,0.99,0.01,0.01,0.00125,0.0125,0.00125,0.01,0.01,7.48,0.008105759038623,100,0.08105759038623,0.936111111111111,100,0,0,"Prop_0.90",10,5e-04,"High","Beta",2000,FALSE
"BL036","DiD","BH",0.01,100,0.0307974812035798,100,0.307974812035798,0.69,0.000781696078534943,0.998888888888889,0.000781696078534943,0.00111111111111111,0.00469017647120966,0.0469017647120966,0.00666666666666667,0.014070529413629,0.02,1.4,0.0113996879490111,100,0.113996879490111,0.941805555555556,100,0,0,"Prop_0.10",20,5e-04,"High","Beta",2000,FALSE
"BL036","DiD","BH",0.05,100,0.0288281217921079,100,0.288281217921079,0.735,0.00170823581063513,0.995555555555556,0.00170823581063513,0.00444444444444445,0.0114542960441733,0.114542960441733,0.03,0.0256432399976243,0.07,1.55,0.0113996879490111,100,0.113996879490111,0.941805555555556,100,0,0,"Prop_0.10",20,5e-04,"High","Beta",2000,FALSE
"BL036","DiD","unadjusted",0.01,100,0.0270568051896507,100,0.270568051896507,0.755,0.0019788128289448,0.993333333333333,0.0019788128289448,0.00666666666666667,0.0142714976558983,0.142714976558983,0.0483333333333333,0.031446603773522,0.11,1.63,0.0113996879490111,100,0.113996879490111,0.941805555555556,100,0,0,"Prop_0.10",20,5e-04,"High","Beta",2000,FALSE
"BL036","DiD","unadjusted",0.05,100,0.0257169911996648,100,0.257169911996648,0.795,0.00411670381258886,0.967777777777778,0.00411670381258886,0.0322222222222222,0.024042634223013,0.24042634223013,0.201,0.0500908265962033,0.46,2.17,0.0113996879490111,100,0.113996879490111,0.941805555555556,100,0,0,"Prop_0.10",20,5e-04,"High","Beta",2000,FALSE
"BL036","MIMOSA2","BFDR",0.01,100,0.0328141383669856,100,0.328141383669856,0.72,0.000555555555555556,0.999444444444444,0.000555555555555556,0.000555555555555556,0.00333333333333333,0.0333333333333333,0.00333333333333333,0.01,0.01,1.45,0.0138586300575923,100,0.138586300575923,0.937083333333333,100,0,0,"Prop_0.10",20,5e-04,"High","Beta",2000,FALSE
"BL036","MIMOSA2","BFDR",0.05,100,0.0321729857194046,100,0.321729857194046,0.745,0.00109414658648296,0.997777777777778,0.00109414658648296,0.00222222222222222,0.00752660824341427,0.0752660824341427,0.015,0.0196946385566932,0.04,1.53,0.0138586300575923,100,0.138586300575923,0.937083333333333,100,0,0,"Prop_0.10",20,5e-04,"High","Beta",2000,FALSE
"BL037","DiD","BH",0.01,100,0.0180190695843839,100,0.180190695843839,0.716,0.000666666666666667,0.999333333333333,0.000666666666666667,0.000666666666666667,0.00166666666666667,0.0166666666666667,0.00166666666666667,0.01,0.01,3.59,0.00713952341636293,100,0.0713952341636293,0.942733333333333,100,0,0,"Prop_0.25",20,5e-04,"High","Beta",2000,FALSE
"BL037","DiD","BH",0.05,100,0.0168307078660622,100,0.168307078660622,0.766,0.00268344887552652,0.990666666666667,0.00268344887552652,0.00933333333333333,0.00813080492796718,0.0813080492796718,0.0286666666666667,0.032659863237109,0.12,3.97,0.00713952341636293,100,0.0713952341636293,0.942733333333333,100,0,0,"Prop_0.25",20,5e-04,"High","Beta",2000,FALSE
"BL037","DiD","unadjusted",0.01,100,0.0165009947664627,100,0.165009947664627,0.762,0.00237457539473376,0.992,0.00237457539473376,0.008,0.00742888091201752,0.0742888091201752,0.0255,0.031446603773522,0.11,3.93,0.00713952341636293,100,0.0713952341636293,0.942733333333333,100,0,0,"Prop_0.25",20,5e-04,"High","Beta",2000,FALSE
"BL037","DiD","unadjusted",0.05,100,0.0155647880249821,100,0.155647880249821,0.804,0.00421424019563279,0.974666666666667,0.00421424019563279,0.0253333333333333,0.0114480493788961,0.114480493788961,0.0707619047619048,0.0460566186471838,0.3,4.4,0.00713952341636293,100,0.0713952341636293,0.942733333333333,100,0,0,"Prop_0.25",20,5e-04,"High","Beta",2000,FALSE
"BL037","MIMOSA2","BFDR",0.01,100,0.0185319816380856,100,0.185319816380856,0.74,0.000666666666666667,0.999333333333333,0.000666666666666667,0.000666666666666667,0.00166666666666667,0.0166666666666667,0.00166666666666667,0.01,0.01,3.71,0.00793681840662573,100,0.0793681840662574,0.9418,100,0,0,"Prop_0.25",20,5e-04,"High","Beta",2000,FALSE
"BL037","MIMOSA2","BFDR",0.05,100,0.0172866504224585,100,0.172866504224584,0.796,0.00181773282896194,0.994666666666667,0.00181773282896194,0.00533333333333333,0.0051186538546722,0.051186538546722,0.0148333333333333,0.0272659924344291,0.08,4.06,0.00793681840662573,100,0.0793681840662574,0.9418,100,0,0,"Prop_0.25",20,5e-04,"High","Beta",2000,FALSE
"BL038","DiD","BH",0.01,100,0.0120621287298283,100,0.120621287298283,0.714,0.0014070529413629,0.998,0.0014070529413629,0.002,0.0014070529413629,0.014070529413629,0.002,0.014070529413629,0.02,7.16,0.00477327101279784,100,0.0477327101279784,0.93785,100,0,0,"Prop_0.50",20,5e-04,"High","Beta",2000,FALSE
"BL038","DiD","BH",0.05,100,0.0113257550420591,100,0.113257550420591,0.751,0.00385992097056273,0.985,0.00385992097056273,0.015,0.00434878375263681,0.0434878375263681,0.0170833333333333,0.0348735088019777,0.14,7.66,0.00477327101279784,100,0.0477327101279784,0.93785,100,0,0,"Prop_0.50",20,5e-04,"High","Beta",2000,FALSE
"BL038","DiD","unadjusted",0.01,100,0.0111821466651267,100,0.111821466651267,0.739,0.00238683256575942,0.994,0.00238683256575942,0.006,0.00274346228284965,0.0274346228284965,0.00686111111111111,0.0238683256575942,0.06,7.45,0.00477327101279784,100,0.0477327101279784,0.93785,100,0,0,"Prop_0.50",20,5e-04,"High","Beta",2000,FALSE
"BL038","DiD","unadjusted",0.05,100,0.0101399300696889,100,0.101399300696889,0.789,0.00563090318750648,0.969,0.00563090318750648,0.031,0.00603241565399705,0.0603241565399705,0.0336078643578644,0.0440844002276808,0.26,8.2,0.00477327101279784,100,0.0477327101279784,0.93785,100,0,0,"Prop_0.50",20,5e-04,"High","Beta",2000,FALSE
"BL038","MIMOSA2","BFDR",0.01,100,0.0133102072170803,100,0.133102072170803,0.769,0.00171446607997765,0.997,0.00171446607997765,0.003,0.0020107036810354,0.020107036810354,0.0035,0.0171446607997765,0.03,7.72,0.00472609348150876,100,0.0472609348150876,0.9518,100,0,0,"Prop_0.50",20,5e-04,"High","Beta",2000,FALSE
"BL038","MIMOSA2","BFDR",0.05,100,0.0116597382024424,100,0.116597382024424,0.829,0.00337997668989631,0.987,0.00337997668989631,0.013,0.00352877829343668,0.0352877829343668,0.0135126262626263,0.0337997668989631,0.13,8.42,0.00472609348150876,100,0.0472609348150876,0.9518,100,0,0,"Prop_0.50",20,5e-04,"High","Beta",2000,FALSE
"BL039","DiD","BH",0.01,100,0.00983271983476831,100,0.0983271983476831,0.728,0.00342893215995531,0.994,0.00342893215995531,0.006,0.00162498381240319,0.0162498381240319,0.00283333333333333,0.0171446607997765,0.03,10.95,0.0041236282281881,100,0.041236282281881,0.938466666666667,100,0,0,"Prop_0.75",20,5e-04,"High","Beta",2000,FALSE
"BL039","DiD","BH",0.05,100,0.00900803980590568,100,0.0900803980590568,0.783333333333333,0.00852802865422442,0.96,0.00852802865422442,0.04,0.00323738676056007,0.0323738676056007,0.0153266733266733,0.0394277244403663,0.19,11.95,0.0041236282281881,100,0.041236282281881,0.938466666666667,100,0,0,"Prop_0.75",20,5e-04,"High","Beta",2000,FALSE
"BL039","DiD","unadjusted",0.01,100,0.00938131007246032,100,0.0938131007246032,0.742666666666667,0.00545319848688581,0.984,0.00545319848688581,0.016,0.00235047431407296,0.0235047431407296,0.00686580086580087,0.0272659924344291,0.08,11.22,0.0041236282281881,100,0.041236282281881,0.938466666666667,100,0,0,"Prop_0.75",20,5e-04,"High","Beta",2000,FALSE
"BL039","DiD","unadjusted",0.05,100,0.00865215049528391,100,0.0865215049528391,0.803333333333333,0.00892392086676947,0.954,0.00892392086676947,0.046,0.00336801440893678,0.0336801440893678,0.0174841824841825,0.0416333199893227,0.22,12.28,0.0041236282281881,100,0.041236282281881,0.938466666666667,100,0,0,"Prop_0.75",20,5e-04,"High","Beta",2000,FALSE
"BL039","MIMOSA2","BFDR",0.01,100,0.00994237041743045,100,0.0994237041743045,0.794,0.00438085827115181,0.99,0.00438085827115181,0.01,0.00159907363987856,0.0159907363987856,0.00364102564102564,0.021904291355759,0.05,11.96,0.00370067485579694,100,0.0370067485579694,0.952533333333333,100,0,0,"Prop_0.75",20,5e-04,"High","Beta",2000,FALSE
"BL039","MIMOSA2","BFDR",0.05,100,0.00802101616609145,100,0.0802101616609145,0.858,0.00805034662657955,0.972,0.00805034662657955,0.028,0.00279085109936872,0.0279085109936872,0.0098731684981685,0.032659863237109,0.12,13.01,0.00370067485579694,100,0.0370067485579694,0.952533333333333,100,0,0,"Prop_0.75",20,5e-04,"High","Beta",2000,FALSE
"BL040","DiD","BH",0.01,100,0.00994685967823694,100,0.0994685967823694,0.726666666666667,0,1,0,0,0,0,0,0,0,13.08,0.00492593462822957,100,0.0492593462822957,0.953194444444444,100,0,0,"Prop_0.90",20,5e-04,"High","Beta",2000,FALSE
"BL040","DiD","BH",0.05,100,0.00977534787682677,100,0.0977534787682677,0.781666666666667,0.00703526470681448,0.99,0.00703526470681448,0.01,0.000884614517644031,0.00884614517644031,0.00125490196078431,0.014070529413629,0.02,14.09,0.00492593462822957,100,0.0492593462822957,0.953194444444444,100,0,0,"Prop_0.90",20,5e-04,"High","Beta",2000,FALSE
"BL040","DiD","unadjusted",0.01,100,0.00945500169167883,100,0.0945500169167883,0.741666666666667,0,1,0,0,0,0,0,0,0,13.35,0.00492593462822957,100,0.0492593462822957,0.953194444444444,100,0,0,"Prop_0.90",20,5e-04,"High","Beta",2000,FALSE
"BL040","DiD","unadjusted",0.05,100,0.00866870965013703,100,0.0866870965013703,0.797777777777778,0.00703526470681448,0.99,0.00703526470681448,0.01,0.000884614517644031,0.00884614517644031,0.00125490196078431,0.014070529413629,0.02,14.38,0.00492593462822957,100,0.0492593462822957,0.953194444444444,100,0,0,"Prop_0.90",20,5e-04,"High","Beta",2000,FALSE
"BL040","MIMOSA2","BFDR",0.01,100,0.01020490897084,100,0.1020490897084,0.785555555555556,0.005,0.995,0.005,0.005,0.000625,0.00625,0.000625,0.01,0.01,14.15,0.00465001823622302,100,0.0465001823622302,0.954583333333333,100,0,0,"Prop_0.90",20,5e-04,"High","Beta",2000,FALSE
"BL040","MIMOSA2","BFDR",0.05,100,0.00936904609958035,100,0.0936904609958035,0.854444444444444,0.0136329962172145,0.96,0.0136329962172145,0.04,0.00158178432096931,0.0158178432096931,0.00462779497764018,0.0272659924344291,0.08,15.46,0.00465001823622302,100,0.0465001823622302,0.954583333333333,100,0,0,"Prop_0.90",20,5e-04,"High","Beta",2000,FALSE
"BL041","DiD","BH",0.01,100,0.0263704082018417,100,0.263704082018417,0.673333333333333,0.000824820382791162,0.998888888888889,0.000824820382791162,0.00111111111111111,0.00598117135471061,0.0598117135471061,0.00833333333333333,0.014070529413629,0.02,2.05,0.0103821289164815,100,0.103821289164815,0.921111111111111,100,0,0,"Prop_0.10",30,5e-04,"High","Beta",2000,FALSE
"BL041","DiD","BH",0.05,100,0.0255225962251019,100,0.255225962251019,0.713333333333333,0.0011882442750512,0.996666666666667,0.0011882442750512,0.00333333333333334,0.00977731863017461,0.0977731863017461,0.0273333333333333,0.0272659924344291,0.08,2.23,0.0103821289164815,100,0.103821289164815,0.921111111111111,100,0,0,"Prop_0.10",30,5e-04,"High","Beta",2000,FALSE
"BL041","DiD","unadjusted",0.01,100,0.0233525654267144,100,0.233525654267144,0.736666666666667,0.00160493827160494,0.992222222222222,0.00160493827160494,0.00777777777777779,0.0144368569815654,0.144368569815654,0.0681666666666667,0.0402015126103685,0.2,2.42,0.0103821289164815,100,0.103821289164815,0.921111111111111,100,0,0,"Prop_0.10",30,5e-04,"High","Beta",2000,FALSE
"BL041","DiD","unadjusted",0.05,100,0.0218247277872007,100,0.218247277872007,0.78,0.00349505833879271,0.973333333333333,0.00349505833879271,0.0266666666666667,0.0213862984239565,0.213862984239565,0.188714285714286,0.0502116731568678,0.48,3.06,0.0103821289164815,100,0.103821289164815,0.921111111111111,100,0,0,"Prop_0.10",30,5e-04,"High","Beta",2000,FALSE
"BL041","MIMOSA2","BFDR",0.01,100,0.025061092581763,100,0.25061092581763,0.673333333333333,0.000634987437028761,0.998888888888889,0.000634987437028761,0.00111111111111111,0.00528309142400435,0.0528309142400435,0.00916666666666667,0.0171446607997765,0.03,2.05,0.0111988523443222,100,0.111988523443222,0.921049382716049,100,0,0,"Prop_0.10",30,5e-04,"High","Beta",2000,FALSE
"BL041","MIMOSA2","BFDR",0.05,100,0.0250789997598833,100,0.250789997598833,0.713333333333333,0.00144166471141023,0.996296296296296,0.00144166471141023,0.00370370370370371,0.00975116902830788,0.0975116902830788,0.0256666666666667,0.0256432399976243,0.07,2.24,0.0111988523443222,100,0.111988523443222,0.921049382716049,100,0,0,"Prop_0.10",30,5e-04,"High","Beta",2000,FALSE
"BL042","DiD","BH",0.01,100,0.0134746301086767,100,0.134746301086767,0.705,0.000995649607079955,0.997727272727273,0.000995649607079955,0.00227272727272727,0.00375880799804108,0.0375880799804108,0.00827380952380952,0.021904291355759,0.05,5.69,0.00579323158180712,100,0.0579323158180712,0.929659090909091,100,0,0,"Prop_0.25",30,5e-04,"High","Beta",2000,FALSE
"BL042","DiD","BH",0.05,100,0.0130219317718496,100,0.130219317718496,0.73,0.00207294555260031,0.990454545454545,0.00207294555260031,0.00954545454545454,0.00652665097222997,0.0652665097222997,0.030547619047619,0.0394277244403663,0.19,6.05,0.00579323158180712,100,0.0579323158180712,0.929659090909091,100,0,0,"Prop_0.25",30,5e-04,"High","Beta",2000,FALSE
"BL042","DiD","unadjusted",0.01,100,0.0127351616964349,100,0.127351616964349,0.7275,0.00167478613262486,0.992727272727273,0.00167478613262486,0.00727272727272727,0.00591569067296907,0.0591569067296907,0.0252857142857143,0.0368452949177471,0.16,5.98,0.00579323158180712,100,0.0579323158180712,0.929659090909091,100,0,0,"Prop_0.25",30,5e-04,"High","Beta",2000,FALSE
"BL042","DiD","unadjusted",0.05,100,0.0122731949031747,100,0.122731949031747,0.77,0.00379475959062146,0.959090909090909,0.00379475959062146,0.0409090909090909,0.0100475126250658,0.100475126250658,0.116123015873016,0.0482418151324422,0.64,7.06,0.00579323158180712,100,0.0579323158180712,0.929659090909091,100,0,0,"Prop_0.25",30,5e-04,"High","Beta",2000,FALSE
"BL042","MIMOSA2","BFDR",0.01,100,0.0158368217847655,100,0.158368217847655,0.75375,0.000895210843486055,0.998181818181818,0.000895210843486055,0.00181818181818182,0.00277625705641922,0.0277625705641922,0.00559523809523809,0.0196946385566932,0.04,6.07,0.00674707224703668,100,0.0674707224703668,0.938210227272727,100,0,0,"Prop_0.25",30,5e-04,"High","Beta",2000,FALSE
"BL042","MIMOSA2","BFDR",0.05,100,0.0153741222957161,100,0.153741222957161,0.79,0.00226536917240201,0.986818181818182,0.00226536917240201,0.0131818181818182,0.00688994107790017,0.0688994107790017,0.0400515873015873,0.0446196043338474,0.27,6.61,0.00674707224703668,100,0.0674707224703668,0.938210227272727,100,0,0,"Prop_0.25",30,5e-04,"High","Beta",2000,FALSE
"BL043","DiD","BH",0.01,100,0.0106521365682202,100,0.106521365682202,0.723333333333333,0.00146028609038394,0.996666666666667,0.00146028609038394,0.00333333333333333,0.00183320567042122,0.0183320567042122,0.00415584415584416,0.021904291355759,0.05,10.9,0.00409018851643937,100,0.0409018851643937,0.933666666666667,100,0,0,"Prop_0.50",30,5e-04,"High","Beta",2000,FALSE
"BL043","DiD","BH",0.05,100,0.00982084180619295,100,0.0982084180619295,0.764,0.00308211596679492,0.985333333333333,0.00308211596679492,0.0146666666666667,0.00358772312946198,0.0358772312946198,0.0173832001332001,0.0402015126103685,0.2,11.68,0.00409018851643937,100,0.0409018851643937,0.933666666666667,100,0,0,"Prop_0.50",30,5e-04,"High","Beta",2000,FALSE
"BL043","DiD","unadjusted",0.01,100,0.00995500539605408,100,0.0995500539605408,0.743333333333333,0.00237457539473376,0.992,0.00237457539473376,0.008,0.00281501541441969,0.0281501541441969,0.00971836496836497,0.031446603773522,0.11,11.27,0.00409018851643937,100,0.0409018851643937,0.933666666666667,100,0,0,"Prop_0.50",30,5e-04,"High","Beta",2000,FALSE
"BL043","DiD","unadjusted",0.05,100,0.00893196632588195,100,0.0893196632588195,0.784666666666667,0.00486633917997814,0.963333333333333,0.00486633917997814,0.0366666666666667,0.00549378264106502,0.0549378264106502,0.0419789083465554,0.0496044963748858,0.42,12.32,0.00409018851643937,100,0.0409018851643937,0.933666666666667,100,0,0,"Prop_0.50",30,5e-04,"High","Beta",2000,FALSE
"BL043","MIMOSA2","BFDR",0.01,100,0.0107002837265843,100,0.107002837265843,0.776,0.00131297590377955,0.997333333333333,0.00131297590377955,0.00266666666666667,0.00168835523220602,0.0168835523220602,0.00342074592074592,0.0196946385566932,0.04,11.68,0.0043888214062351,100,0.043888214062351,0.942,100,0,0,"Prop_0.50",30,5e-04,"High","Beta",2000,FALSE
"BL043","MIMOSA2","BFDR",0.05,100,0.00916147695148877,100,0.0916147695148877,0.834666666666667,0.00388152260496888,0.974666666666667,0.00388152260496888,0.0253333333333333,0.0042639751449943,0.042639751449943,0.027855574980575,0.0476095228569523,0.34,12.9,0.0043888214062351,100,0.043888214062351,0.942,100,0,0,"Prop_0.50",30,5e-04,"High","Beta",2000,FALSE
"BL044","DiD","BH",0.01,100,0.00796202631343248,100,0.0796202631343248,0.721739130434783,0.00142857142857143,0.998571428571429,0.00142857142857143,0.00142857142857143,0.000555555555555555,0.00555555555555555,0.000555555555555556,0.01,0.01,16.61,0.00338599240596242,100,0.0338599240596242,0.942049689440994,100,0,0,"Prop_0.75",30,5e-04,"High","Beta",2000,FALSE
"BL044","DiD","BH",0.05,100,0.00723318958171847,100,0.0723318958171847,0.765217391304348,0.00537982212395013,0.98,0.00537982212395013,0.02,0.00201396014079689,0.0201396014079689,0.00756150179369994,0.0337997668989631,0.13,17.74,0.00338599240596242,100,0.0338599240596242,0.942049689440994,100,0,0,"Prop_0.75",30,5e-04,"High","Beta",2000,FALSE
"BL044","DiD","unadjusted",0.01,100,0.00717740562565273,100,0.0717740562565273,0.734347826086956,0.00201007563051842,0.997142857142857,0.00201007563051842,0.00285714285714286,0.000832017058094795,0.00832017058094795,0.00118055555555556,0.014070529413629,0.02,16.91,0.00338599240596242,100,0.0338599240596242,0.942049689440994,100,0,0,"Prop_0.75",30,5e-04,"High","Beta",2000,FALSE
"BL044","DiD","unadjusted",0.05,100,0.00665520008324474,100,0.0665520008324474,0.781739130434783,0.00609144903873173,0.971428571428571,0.00609144903873173,0.0285714285714286,0.00225978308928206,0.0225978308928206,0.0106547496191459,0.0394277244403663,0.19,18.18,0.00338599240596242,100,0.0338599240596242,0.942049689440994,100,0,0,"Prop_0.75",30,5e-04,"High","Beta",2000,FALSE
"BL044","MIMOSA2","BFDR",0.01,100,0.00906916304603564,100,0.0906916304603564,0.776086956521739,0.00201007563051842,0.997142857142857,0.00201007563051842,0.00285714285714286,0.00075307323792042,0.0075307323792042,0.00106442577030812,0.014070529413629,0.02,17.87,0.00349274335878843,100,0.0349274335878843,0.949037267080745,100,0,0,"Prop_0.75",30,5e-04,"High","Beta",2000,FALSE
"BL044","MIMOSA2","BFDR",0.05,100,0.00825451064689747,100,0.0825451064689747,0.849565217391304,0.00604217978116644,0.967142857142857,0.00604217978116644,0.0328571428571429,0.00210241967311202,0.0210241967311202,0.0112849997701256,0.0422952584681651,0.23,19.77,0.00349274335878843,100,0.0349274335878843,0.949037267080745,100,0,0,"Prop_0.75",30,5e-04,"High","Beta",2000,FALSE
"BL045","DiD","BH",0.01,100,0.00715197449775814,100,0.0715197449775814,0.732592592592593,0,1,0,0,0,0,0,0,0,19.78,0.00513321346270303,100,0.0513321346270303,0.939320987654321,100,0,0,"Prop_0.90",30,5e-04,"High","Beta",2000,FALSE
"BL045","DiD","BH",0.05,100,0.00713723534054913,100,0.0713723534054913,0.78,0.00730143045191968,0.983333333333333,0.00730143045191968,0.0166666666666667,0.00101761726923214,0.0101761726923214,0.00232006399397704,0.021904291355759,0.05,21.11,0.00513321346270303,100,0.0513321346270303,0.939320987654321,100,0,0,"Prop_0.90",30,5e-04,"High","Beta",2000,FALSE
"BL045","DiD","unadjusted",0.01,100,0.00687690690110143,100,0.0687690690110143,0.745555555555556,0.00333333333333333,0.996666666666667,0.00333333333333333,0.00333333333333333,5e-04,0.005,5e-04,0.01,0.01,20.14,0.00513321346270303,100,0.0513321346270303,0.939320987654321,100,0,0,"Prop_0.90",30,5e-04,"High","Beta",2000,FALSE
"BL045","DiD","unadjusted",0.05,100,0.00652040580780122,100,0.0652040580780122,0.794814814814815,0.0079561085525314,0.98,0.0079561085525314,0.02,0.00109184196201169,0.0109184196201169,0.00273861283643892,0.0238683256575942,0.06,21.52,0.00513321346270303,100,0.0513321346270303,0.939320987654321,100,0,0,"Prop_0.90",30,5e-04,"High","Beta",2000,FALSE
"BL045","MIMOSA2","BFDR",0.01,100,0.00824072497760129,100,0.0824072497760129,0.802592592592593,0.00333333333333333,0.996666666666667,0.00333333333333333,0.00333333333333333,0.000416666666666667,0.00416666666666667,0.000416666666666667,0.01,0.01,21.68,0.00431652719023409,100,0.0431652719023409,0.947592592592593,100,0,0,"Prop_0.90",30,5e-04,"High","Beta",2000,FALSE
"BL045","MIMOSA2","BFDR",0.05,100,0.0073596477544625,100,0.073596477544625,0.869259259259259,0.0116245029339926,0.953333333333333,0.0116245029339926,0.0466666666666667,0.00140342769117232,0.0140342769117232,0.00562126166908776,0.0348735088019777,0.14,23.61,0.00431652719023409,100,0.0431652719023409,0.947592592592593,100,0,0,"Prop_0.90",30,5e-04,"High","Beta",2000,FALSE
"BL046","DiD","BH",0.01,100,0.018086213288334,100,0.18086213288334,0.696,0.000312678431413978,0.999555555555556,0.000312678431413978,0.000444444444444445,0.00299058567735531,0.0299058567735531,0.00416666666666667,0.014070529413629,0.02,3.5,0.00673654955357463,100,0.0673654955357463,0.936266666666667,100,0,0,"Prop_0.10",50,5e-04,"High","Beta",2000,FALSE
"BL046","DiD","BH",0.05,100,0.0172398411017074,100,0.172398411017074,0.724,0.000670025210172809,0.997777777777778,0.000670025210172809,0.00222222222222223,0.00609962189036232,0.0609962189036232,0.02,0.0301511344577764,0.1,3.72,0.00673654955357463,100,0.0673654955357463,0.936266666666667,100,0,0,"Prop_0.10",50,5e-04,"High","Beta",2000,FALSE
"BL046","DiD","unadjusted",0.01,100,0.0163595954606574,100,0.163595954606574,0.752,0.000977614515499503,0.995111111111111,0.000977614515499503,0.00488888888888889,0.00895963012303737,0.0895963012303737,0.045,0.0409360180740332,0.21,3.98,0.00673654955357463,100,0.0673654955357463,0.936266666666667,100,0,0,"Prop_0.10",50,5e-04,"High","Beta",2000,FALSE
"BL046","DiD","unadjusted",0.05,100,0.0158069157604697,100,0.158069157604697,0.792,0.00233175618763377,0.971111111111111,0.00233175618763377,0.0288888888888889,0.0152488096557101,0.152488096557101,0.22275,0.0416333199893227,0.78,5.26,0.00673654955357463,100,0.0673654955357463,0.936266666666667,100,0,0,"Prop_0.10",50,5e-04,"High","Beta",2000,FALSE
"BL046","MIMOSA2","BFDR",0.01,100,0.0180627413828197,100,0.180627413828197,0.73,0.000312678431413978,0.999555555555556,0.000312678431413978,0.000444444444444445,0.00318574793400073,0.0318574793400073,0.0045,0.014070529413629,0.02,3.67,0.00793231876613686,100,0.0793231876613686,0.941688888888889,100,0,0,"Prop_0.10",50,5e-04,"High","Beta",2000,FALSE
"BL046","MIMOSA2","BFDR",0.05,100,0.0180638597841942,100,0.180638597841942,0.764,0.000698813417189379,0.997555555555556,0.000698813417189379,0.00244444444444445,0.00662179766112428,0.0662179766112428,0.0225,0.031446603773522,0.11,3.93,0.00793231876613686,100,0.0793231876613686,0.941688888888889,100,0,0,"Prop_0.10",50,5e-04,"High","Beta",2000,FALSE
"BL047","DiD","BH",0.01,100,0.0121256939894079,100,0.121256939894079,0.707692307692308,0.000705720226847423,0.998648648648649,0.000705720226847423,0.00135135135135135,0.00286565075563589,0.0286565075563589,0.00548484848484848,0.0196946385566932,0.04,9.25,0.00434355953787041,100,0.0434355953787041,0.93504158004158,100,0,0,"Prop_0.25",50,5e-04,"High","Beta",2000,FALSE
"BL047","DiD","BH",0.05,100,0.0115653661981001,100,0.115653661981001,0.739230769230769,0.00150234756397917,0.992162162162162,0.00150234756397917,0.00783783783783783,0.00502175339057769,0.0502175339057769,0.0267184482184482,0.0429234695990928,0.24,9.9,0.00434355953787041,100,0.0434355953787041,0.93504158004158,100,0,0,"Prop_0.25",50,5e-04,"High","Beta",2000,FALSE
"BL047","DiD","unadjusted",0.01,100,0.0113040154919526,100,0.113040154919526,0.739230769230769,0.00137731005153671,0.992702702702703,0.00137731005153671,0.00729729729729729,0.00482219283631548,0.0482219283631548,0.0255962925962926,0.0429234695990928,0.24,9.88,0.00434355953787041,100,0.0434355953787041,0.93504158004158,100,0,0,"Prop_0.25",50,5e-04,"High","Beta",2000,FALSE
"BL047","DiD","unadjusted",0.05,100,0.0110573080234567,100,0.110573080234567,0.778461538461538,0.00255896802620278,0.968918918918919,0.00255896802620278,0.0310810810810811,0.0077673683494942,0.077673683494942,0.0983350122100122,0.0446196043338474,0.73,11.27,0.00434355953787041,100,0.0434355953787041,0.93504158004158,100,0,0,"Prop_0.25",50,5e-04,"High","Beta",2000,FALSE
"BL047","MIMOSA2","BFDR",0.01,100,0.0111230585458649,100,0.111230585458649,0.761538461538462,0.0011301321048868,0.996486486486487,0.0011301321048868,0.00351351351351351,0.00360746628783129,0.0360746628783129,0.0114677544677545,0.0301511344577764,0.1,10.03,0.00506658394419949,100,0.0506658394419949,0.942390852390852,100,0,0,"Prop_0.25",50,5e-04,"High","Beta",2000,FALSE
"BL047","MIMOSA2","BFDR",0.05,100,0.01082348416433,100,0.1082348416433,0.815384615384615,0.00173163967716986,0.984864864864865,0.00173163967716986,0.0151351351351351,0.00525053374273341,0.0525053374273341,0.0470869963369963,0.0502418393795691,0.49,11.16,0.00506658394419949,100,0.0506658394419949,0.942390852390852,100,0,0,"Prop_0.25",50,5e-04,"High","Beta",2000,FALSE
"BL048","DiD","BH",0.01,100,0.00719359984902405,100,0.0719359984902405,0.7164,0.000876171654230362,0.998,0.000876171654230362,0.002,0.00116559024806704,0.0116559024806704,0.00265096788316603,0.021904291355759,0.05,17.96,0.00320500174758458,100,0.0320500174758458,0.934096,100,0,0,"Prop_0.50",50,5e-04,"High","Beta",2000,FALSE
"BL048","DiD","BH",0.05,100,0.00687563403871552,100,0.0687563403871552,0.7628,0.00205421468688109,0.9868,0.00205421468688109,0.0132,0.00254912154768575,0.0254912154768575,0.0164578583461677,0.0464823198711732,0.31,19.4,0.00320500174758458,100,0.0320500174758458,0.934096,100,0,0,"Prop_0.50",50,5e-04,"High","Beta",2000,FALSE
"BL048","DiD","unadjusted",0.01,100,0.0066101849788448,100,0.066101849788448,0.7432,0.00138038202880744,0.9956,0.00138038202880744,0.0044,0.00179791157193048,0.0179791157193048,0.0057927746058551,0.0301511344577764,0.1,18.69,0.00320500174758458,100,0.0320500174758458,0.934096,100,0,0,"Prop_0.50",50,5e-04,"High","Beta",2000,FALSE
"BL048","DiD","unadjusted",0.05,100,0.00646432322424202,100,0.0646432322424202,0.7952,0.00361277195683885,0.9672,0.00361277195683885,0.0328,0.00420789548990894,0.0420789548990894,0.0383439763770427,0.0498887651569859,0.56,20.7,0.00320500174758458,100,0.0320500174758458,0.934096,100,0,0,"Prop_0.50",50,5e-04,"High","Beta",2000,FALSE
"BL048","MIMOSA2","BFDR",0.01,100,0.0068784541368778,100,0.068784541368778,0.786,0.000954733026303769,0.9976,0.000954733026303769,0.0024,0.00115285596578938,0.0115285596578938,0.00289183432890527,0.0238683256575942,0.06,19.71,0.00340431915796579,100,0.0340431915796579,0.944736,100,0,0,"Prop_0.50",50,5e-04,"High","Beta",2000,FALSE
"BL048","MIMOSA2","BFDR",0.05,100,0.00639936865572841,100,0.0639936865572841,0.8524,0.00298981435861658,0.9748,0.00298981435861658,0.0252,0.00326967527650136,0.0326967527650136,0.0277843990106004,0.0502116731568678,0.48,21.94,0.00340431915796579,100,0.0340431915796579,0.944736,100,0,0,"Prop_0.50",50,5e-04,"High","Beta",2000,FALSE
"BL049","DiD","BH",0.01,100,0.00725953380217564,100,0.0725953380217564,0.715526315789474,0.00198902713813285,0.995,0.00198902713813285,0.005,0.000822458422814866,0.00822458422814866,0.00205955334987593,0.0238683256575942,0.06,27.25,0.00305031164168112,100,0.0305031164168112,0.934791666666667,100,0,0,"Prop_0.75",50,5e-04,"High","Beta",2000,FALSE
"BL049","DiD","BH",0.05,100,0.00677924751928457,100,0.0677924751928457,0.760526315789474,0.00361111111111111,0.9825,0.00361111111111111,0.0175,0.00143324444169428,0.0143324444169428,0.00695085709421818,0.0402015126103685,0.2,29.11,0.00305031164168112,100,0.0305031164168112,0.934791666666667,100,0,0,"Prop_0.75",50,5e-04,"High","Beta",2000,FALSE
"BL049","DiD","unadjusted",0.01,100,0.00725881107936459,100,0.0725881107936459,0.73,0.00198902713813285,0.995,0.00198902713813285,0.005,0.000822458422814866,0.00822458422814866,0.00205955334987593,0.0238683256575942,0.06,27.8,0.00305031164168112,100,0.0305031164168112,0.934791666666667,100,0,0,"Prop_0.75",50,5e-04,"High","Beta",2000,FALSE
"BL049","DiD","unadjusted",0.05,100,0.00641578644263906,100,0.0641578644263906,0.780526315789474,0.0044404969843491,0.9725,0.0044404969843491,0.0275,0.00171732566063687,0.0171732566063687,0.010721301890485,0.0460566186471838,0.3,29.99,0.00305031164168112,100,0.0305031164168112,0.934791666666667,100,0,0,"Prop_0.75",50,5e-04,"High","Beta",2000,FALSE
"BL049","MIMOSA2","BFDR",0.01,100,0.00663553547281155,100,0.0663553547281155,0.793684210526316,0.00277777777777778,0.991666666666667,0.00277777777777778,0.00833333333333334,0.00102726299386258,0.0102726299386258,0.00311328881086946,0.0287623491264661,0.09,30.26,0.00278880474504938,100,0.0278880474504938,0.945,100,0,0,"Prop_0.75",50,5e-04,"High","Beta",2000,FALSE
"BL049","MIMOSA2","BFDR",0.05,100,0.00592585014454842,100,0.0592585014454842,0.857894736842105,0.00509381681030735,0.959166666666667,0.00509381681030735,0.0408333333333333,0.00175333794256403,0.0175333794256403,0.0143156558241004,0.0497569851956243,0.43,33.09,0.00278880474504938,100,0.0278880474504938,0.945,100,0,0,"Prop_0.75",50,5e-04,"High","Beta",2000,FALSE
"BL050","DiD","BH",0.01,100,0.00570615190800303,100,0.0570615190800303,0.732222222222222,0.002,0.998,0.002,0.002,0.000294117647058824,0.00294117647058824,0.000294117647058824,0.01,0.01,32.96,0.00323917595700033,100,0.0323917595700033,0.934266666666667,100,0,0,"Prop_0.90",50,5e-04,"High","Beta",2000,FALSE
"BL050","DiD","BH",0.05,100,0.00520242444464666,100,0.0520242444464666,0.784222222222222,0.00789834402794905,0.968,0.00789834402794905,0.032,0.00107719571954861,0.0107719571954861,0.00434726984494786,0.0358870281282637,0.15,35.45,0.00323917595700033,100,0.0323917595700033,0.934266666666667,100,0,0,"Prop_0.90",50,5e-04,"High","Beta",2000,FALSE
"BL050","DiD","unadjusted",0.01,100,0.00534617794837515,100,0.0534617794837515,0.744222222222222,0.00281410588272579,0.996,0.00281410588272579,0.004,0.000413839100400852,0.00413839100400852,0.000588235294117647,0.014070529413629,0.02,33.51,0.00323917595700033,100,0.0323917595700033,0.934266666666667,100,0,0,"Prop_0.90",50,5e-04,"High","Beta",2000,FALSE
"BL050","DiD","unadjusted",0.05,100,0.00491204596228526,100,0.0491204596228526,0.794888888888889,0.00838228049295812,0.962,0.00838228049295812,0.038,0.00114002904957679,0.0114002904957679,0.00514663623409753,0.0386122919665369,0.18,35.96,0.00323917595700033,100,0.0323917595700033,0.934266666666667,100,0,0,"Prop_0.90",50,5e-04,"High","Beta",2000,FALSE
"BL050","MIMOSA2","BFDR",0.01,100,0.00575836330684013,100,0.0575836330684013,0.803333333333333,0.00281410588272579,0.996,0.00281410588272579,0.004,0.000370664588522207,0.00370664588522207,0.000526680526680527,0.014070529413629,0.02,36.17,0.00286232716902636,100,0.0286232716902636,0.945222222222222,100,0,0,"Prop_0.90",50,5e-04,"High","Beta",2000,FALSE
"BL050","MIMOSA2","BFDR",0.05,100,0.00480594884308286,100,0.0480594884308286,0.874666666666667,0.0106571927624378,0.934,0.0106571927624378,0.066,0.0012939130044225,0.012939130044225,0.00802398191747238,0.0460566186471838,0.3,39.69,0.00286232716902636,100,0.0286232716902636,0.945222222222222,100,0,0,"Prop_0.90",50,5e-04,"High","Beta",2000,FALSE
"BL051","DiD","BH",0.01,100,0.0158910431540932,100,0.158910431540932,0.7,0.000149253731343284,0.999850746268657,0.000149253731343284,0.000149253731343284,0.00142857142857143,0.0142857142857143,0.00142857142857143,0.01,0.01,5.61,0.00542216975429067,100,0.0542216975429067,0.940820895522388,100,0,0,"Prop_0.10",75,5e-04,"High","Beta",2000,FALSE
"BL051","DiD","BH",0.05,100,0.0146136049452197,100,0.146136049452197,0.73375,0.000649716680881251,0.997313432835821,0.000649716680881251,0.00268656716417911,0.00619592178096493,0.0619592178096493,0.0263055555555556,0.0368452949177471,0.16,6.05,0.00542216975429067,100,0.0542216975429067,0.940820895522388,100,0,0,"Prop_0.10",75,5e-04,"High","Beta",2000,FALSE
"BL051","DiD","unadjusted",0.01,100,0.0139188439596009,100,0.139188439596009,0.75625,0.000865754816468277,0.994477611940298,0.000865754816468277,0.0055223880597015,0.00824884061444546,0.0824884061444546,0.0538888888888889,0.0468826172262151,0.32,6.42,0.00542216975429067,100,0.0542216975429067,0.940820895522388,100,0,0,"Prop_0.10",75,5e-04,"High","Beta",2000,FALSE
"BL051","DiD","unadjusted",0.05,100,0.0138215539479233,100,0.138215539479233,0.795,0.00216023752481499,0.965522388059701,0.00216023752481499,0.0344776119402985,0.0127976944239155,0.127976944239155,0.250529304029304,0.031446603773522,0.89,8.67,0.00542216975429067,100,0.0542216975429067,0.940820895522388,100,0,0,"Prop_0.10",75,5e-04,"High","Beta",2000,FALSE
"BL051","MIMOSA2","BFDR",0.01,100,0.0163318644979622,100,0.163318644979622,0.7375,0.000293949829204378,0.999402985074627,0.000293949829204378,0.000597014925373136,0.00292775237487042,0.0292775237487042,0.00587301587301587,0.0196946385566932,0.04,5.94,0.00653257054716478,100,0.0653257054716478,0.945345149253731,100,0,0,"Prop_0.10",75,5e-04,"High","Beta",2000,FALSE
"BL051","MIMOSA2","BFDR",0.05,100,0.0154764402244251,100,0.154764402244251,0.79,0.000698936163401194,0.995970149253731,0.000698936163401194,0.00402985074626867,0.00638667894183433,0.0638667894183433,0.0362698412698413,0.0440844002276808,0.26,6.59,0.00653257054716478,100,0.0653257054716478,0.945345149253731,100,0,0,"Prop_0.10",75,5e-04,"High","Beta",2000,FALSE
"BL052","DiD","BH",0.01,100,0.00902908550881501,100,0.0902908550881501,0.688421052631579,0.000486892722043378,0.998571428571429,0.000486892722043378,0.00142857142857143,0.00191618054065671,0.0191618054065671,0.00560288730876966,0.0272659924344291,0.08,13.16,0.00309522397036487,100,0.0309522397036487,0.934285714285714,100,0,0,"Prop_0.25",75,5e-04,"High","Beta",2000,FALSE
"BL052","DiD","BH",0.05,100,0.00845421434385249,100,0.0845421434385249,0.728421052631579,0.000917060128071917,0.994107142857143,0.000917060128071917,0.00589285714285716,0.00338172207585902,0.0338172207585902,0.0219454813762089,0.0464823198711732,0.31,14.17,0.00309522397036487,100,0.0309522397036487,0.934285714285714,100,0,0,"Prop_0.25",75,5e-04,"High","Beta",2000,FALSE
"BL052","DiD","unadjusted",0.01,100,0.00807000207843754,100,0.0807000207843754,0.728947368421053,0.000881237522591062,0.994107142857143,0.000881237522591062,0.00589285714285716,0.003352971179583,0.03352971179583,0.0223804512480983,0.0468826172262151,0.32,14.18,0.00309522397036487,100,0.0309522397036487,0.934285714285714,100,0,0,"Prop_0.25",75,5e-04,"High","Beta",2000,FALSE
"BL052","DiD","unadjusted",0.05,100,0.00764261608156823,100,0.0764261608156823,0.781578947368421,0.00228957499978788,0.966964285714286,0.00228957499978788,0.0330357142857143,0.00676901171482486,0.0676901171482486,0.10643062342714,0.031446603773522,0.89,16.7,0.00309522397036487,100,0.0309522397036487,0.934285714285714,100,0,0,"Prop_0.25",75,5e-04,"High","Beta",2000,FALSE
"BL052","MIMOSA2","BFDR",0.01,100,0.0101576867646388,100,0.101576867646388,0.75,0.000595238095238096,0.998214285714286,0.000595238095238096,0.00178571428571429,0.00213752643123728,0.0213752643123728,0.00646449220713927,0.0287623491264661,0.09,14.35,0.00375243050608723,100,0.0375243050608723,0.941804511278196,100,0,0,"Prop_0.25",75,5e-04,"High","Beta",2000,FALSE
"BL052","MIMOSA2","BFDR",0.05,100,0.00895737002369574,100,0.0895737002369574,0.807894736842105,0.00129418406310621,0.985714285714286,0.00129418406310621,0.0142857142857143,0.00412674980740343,0.0412674980740343,0.0467825115201276,0.048523658709391,0.63,16.15,0.00375243050608723,100,0.0375243050608723,0.941804511278196,100,0,0,"Prop_0.25",75,5e-04,"High","Beta",2000,FALSE
"BL053","DiD","BH",0.01,100,0.00644580859734884,100,0.0644580859734884,0.71,0.000736918714444028,0.997837837837838,0.000736918714444028,0.00216216216216216,0.00103658495662038,0.0103658495662038,0.00303383420641485,0.0272659924344291,0.08,27.06,0.0023915284278832,100,0.023915284278832,0.933872688477952,100,0,0,"Prop_0.50",75,5e-04,"High","Beta",2000,FALSE
"BL053","DiD","BH",0.05,100,0.00606925115807075,100,0.0606925115807075,0.755526315789474,0.00185904165861562,0.987567567567568,0.00185904165861562,0.0124324324324324,0.00230410604496589,0.0230410604496589,0.0153827543339583,0.048523658709391,0.37,29.17,0.0023915284278832,100,0.023915284278832,0.933872688477952,100,0,0,"Prop_0.50",75,5e-04,"High","Beta",2000,FALSE
"BL053","DiD","unadjusted",0.01,100,0.00575602925149457,100,0.0575602925149457,0.738421052631579,0.00115243630462492,0.994594594594595,0.00115243630462492,0.0054054054054054,0.0015236855505494,0.015236855505494,0.00709112375800362,0.0394277244403663,0.19,28.26,0.0023915284278832,100,0.023915284278832,0.933872688477952,100,0,0,"Prop_0.50",75,5e-04,"High","Beta",2000,FALSE
"BL053","DiD","unadjusted",0.05,100,0.00593174944928913,100,0.0593174944928912,0.786842105263158,0.00267195173202006,0.968108108108108,0.00267195173202006,0.0318918918918919,0.00304147915639592,0.0304147915639592,0.037175064586678,0.0446196043338474,0.73,31.08,0.0023915284278832,100,0.023915284278832,0.933872688477952,100,0,0,"Prop_0.50",75,5e-04,"High","Beta",2000,FALSE
"BL053","MIMOSA2","BFDR",0.01,100,0.00589009272515474,100,0.0589009272515474,0.788947368421053,0.000969919679142259,0.995945945945946,0.000969919679142259,0.00405405405405405,0.00116509048680581,0.0116509048680581,0.00484230917465148,0.0358870281282637,0.15,30.13,0.00265524895596518,100,0.0265524895596518,0.942830725462304,100,0,0,"Prop_0.50",75,5e-04,"High","Beta",2000,FALSE
"BL053","MIMOSA2","BFDR",0.05,100,0.0053209874523468,100,0.053209874523468,0.853947368421053,0.00240681753725444,0.971081081081081,0.00240681753725444,0.0289189189189189,0.00250995390014545,0.0250995390014545,0.0310857723094434,0.0456048021572069,0.71,33.52,0.00265524895596518,100,0.0265524895596518,0.942830725462304,100,0,0,"Prop_0.50",75,5e-04,"High","Beta",2000,FALSE
"BL054","DiD","BH",0.01,100,0.00490777000808696,100,0.0490777000808696,0.730178571428571,0.000526315789473685,0.999473684210526,0.000526315789473685,0.000526315789473685,0.00024390243902439,0.0024390243902439,0.00024390243902439,0.01,0.01,40.9,0.00237811840429813,100,0.0237811840429813,0.935657894736842,100,0,0,"Prop_0.75",75,5e-04,"High","Beta",2000,FALSE
"BL054","DiD","BH",0.05,100,0.00464909670640747,100,0.0464909670640747,0.774285714285714,0.00301279252060437,0.982105263157895,0.00301279252060437,0.0178947368421053,0.00125623730118085,0.0125623730118085,0.00751106413107099,0.0456048021572069,0.29,43.7,0.00237811840429813,100,0.0237811840429813,0.935657894736842,100,0,0,"Prop_0.75",75,5e-04,"High","Beta",2000,FALSE
"BL054","DiD","unadjusted",0.01,100,0.00468347203768395,100,0.0468347203768395,0.744642857142857,0.000902350568409292,0.998421052631579,0.000902350568409292,0.00157894736842105,0.000383152303583132,0.00383152303583132,0.000669197911722829,0.0171446607997765,0.03,41.73,0.00237811840429813,100,0.0237811840429813,0.935657894736842,100,0,0,"Prop_0.75",75,5e-04,"High","Beta",2000,FALSE
"BL054","DiD","unadjusted",0.05,100,0.00436804634834127,100,0.0436804634834127,0.796071428571429,0.00412289185158232,0.965789473684211,0.00412289185158232,0.0342105263157895,0.00169073156842062,0.0169073156842062,0.0141559658445383,0.0502418393795691,0.49,45.23,0.00237811840429813,100,0.0237811840429813,0.935657894736842,100,0,0,"Prop_0.75",75,5e-04,"High","Beta",2000,FALSE
"BL054","MIMOSA2","BFDR",0.01,100,0.00465850952423898,100,0.0465850952423898,0.809285714285714,0.00151380784876138,0.995263157894737,0.00151380784876138,0.00473684210526316,0.000623784644556795,0.00623784644556795,0.00194846887520246,0.0287623491264661,0.09,45.41,0.0023155563084547,100,0.023155563084547,0.943623120300752,100,0,0,"Prop_0.75",75,5e-04,"High","Beta",2000,FALSE
"BL054","MIMOSA2","BFDR",0.05,100,0.00419117713539424,100,0.0419117713539424,0.873571428571429,0.00410384522739466,0.952105263157895,0.00410384522739466,0.0478947368421053,0.00153904442127035,0.0153904442127035,0.018094988596789,0.0472581562625261,0.67,49.83,0.0023155563084547,100,0.023155563084547,0.943623120300752,100,0,0,"Prop_0.75",75,5e-04,"High","Beta",2000,FALSE
"BL055","DiD","BH",0.01,100,0.00473614378843075,100,0.0473614378843075,0.728529411764706,0.00244923725711093,0.995714285714286,0.00244923725711093,0.00428571428571429,0.000337662337662338,0.00337662337662338,0.000589981447124304,0.0171446607997765,0.03,49.57,0.00307331142500583,100,0.0307331142500583,0.939296218487395,100,0,0,"Prop_0.90",75,5e-04,"High","Beta",2000,FALSE
"BL055","DiD","BH",0.05,100,0.00480346681975824,100,0.0480346681975825,0.775882352941176,0.00632227332303342,0.972857142857143,0.00632227332303342,0.0271428571428571,0.000815851347812882,0.00815851347812882,0.00349294065170435,0.0377525168068637,0.17,52.95,0.00307331142500583,100,0.0307331142500583,0.939296218487395,100,0,0,"Prop_0.90",75,5e-04,"High","Beta",2000,FALSE
"BL055","DiD","unadjusted",0.01,100,0.00463108542581258,100,0.0463108542581258,0.736911764705882,0.00396854255804878,0.991428571428571,0.00396854255804878,0.00857142857142857,0.000540227284623662,0.00540227284623662,0.0011626542898463,0.021904291355759,0.05,50.17,0.00307331142500583,100,0.0307331142500583,0.939296218487395,100,0,0,"Prop_0.90",75,5e-04,"High","Beta",2000,FALSE
"BL055","DiD","unadjusted",0.05,100,0.00438604106929902,100,0.0438604106929902,0.787647058823529,0.00749355526029432,0.962857142857143,0.00749355526029432,0.0371428571428572,0.000944533086494445,0.00944533086494445,0.00470713726986872,0.0416333199893227,0.22,53.82,0.00307331142500583,100,0.0307331142500583,0.939296218487395,100,0,0,"Prop_0.90",75,5e-04,"High","Beta",2000,FALSE
"BL055","MIMOSA2","BFDR",0.01,100,0.00473907172459723,100,0.0473907172459723,0.806323529411765,0.00244923725711093,0.995714285714286,0.00244923725711093,0.00428571428571429,0.000316620568393094,0.00316620568393094,0.000553400730694159,0.0171446607997765,0.03,54.86,0.00257940730419145,100,0.0257940730419145,0.948077731092437,100,0,0,"Prop_0.90",75,5e-04,"High","Beta",2000,FALSE
"BL055","MIMOSA2","BFDR",0.05,100,0.00429698176486493,100,0.0429698176486493,0.878529411764706,0.00828651038619636,0.947142857142857,0.00828651038619636,0.0528571428571429,0.000952997535698714,0.00952997535698714,0.00608570287253558,0.0468826172262151,0.32,60.11,0.00257940730419145,100,0.0257940730419145,0.948077731092437,100,0,0,"Prop_0.90",75,5e-04,"High","Beta",2000,FALSE
"BL056","DiD","BH",0.01,100,0.0149811329155823,100,0.149811329155823,0.659,0.000218829317296591,0.999555555555556,0.000218829317296591,0.000444444444444443,0.00277625705641922,0.0277625705641922,0.00559523809523809,0.0196946385566932,0.04,6.63,0.0044130971889199,100,0.044130971889199,0.93605,100,0,0,"Prop_0.10",100,5e-04,"High","Beta",2000,FALSE
"BL056","DiD","BH",0.05,100,0.014361494534084,100,0.14361494534084,0.691,0.000598768324706354,0.997222222222222,0.000598768324706354,0.00277777777777777,0.00685390921289145,0.0685390921289145,0.0316746031746032,0.0409360180740332,0.21,7.16,0.0044130971889199,100,0.044130971889199,0.93605,100,0,0,"Prop_0.10",100,5e-04,"High","Beta",2000,FALSE
"BL056","DiD","unadjusted",0.01,100,0.0137844151493671,100,0.137844151493671,0.717,0.000812285637017085,0.994777777777778,0.000812285637017085,0.00522222222222221,0.00877714959737224,0.0877714959737224,0.0568344155844156,0.0479372485441102,0.35,7.64,0.0044130971889199,100,0.044130971889199,0.93605,100,0,0,"Prop_0.10",100,5e-04,"High","Beta",2000,FALSE
"BL056","DiD","unadjusted",0.05,100,0.0112685313142307,100,0.112685313142307,0.777,0.00185100990961608,0.970555555555556,0.00185100990961608,0.0294444444444444,0.0129536068074761,0.129536068074761,0.237672577422577,0.031446603773522,0.89,10.42,0.0044130971889199,100,0.044130971889199,0.93605,100,0,0,"Prop_0.10",100,5e-04,"High","Beta",2000,FALSE
"BL056","MIMOSA2","BFDR",0.01,100,0.0127330794834287,100,0.127330794834287,0.707,0.000156339215706988,0.999777777777778,0.000156339215706988,0.000222222222222221,0.00199372378490354,0.0199372378490354,0.00277777777777778,0.014070529413629,0.02,7.09,0.00496426197884819,100,0.0496426197884819,0.9383,100,0,0,"Prop_0.10",100,5e-04,"High","Beta",2000,FALSE
"BL056","MIMOSA2","BFDR",0.05,100,0.0124442189734264,100,0.124442189734264,0.763,0.000658290060471957,0.995,0.000658290060471957,0.00499999999999999,0.00675772475404444,0.0675772475404444,0.0510256132756133,0.0492365963917331,0.4,8.08,0.00496426197884819,100,0.0496426197884819,0.9383,100,0,0,"Prop_0.10",100,5e-04,"High","Beta",2000,FALSE
"BL057","DiD","BH",0.01,100,0.00811343816072316,100,0.0811343816072316,0.6948,0.00040997659455243,0.998933333333333,0.00040997659455243,0.00106666666666666,0.00164208155967116,0.0164208155967116,0.00427640780272359,0.0256432399976243,0.07,17.45,0.00279209631971855,100,0.0279209631971855,0.931496,100,0,0,"Prop_0.25",100,5e-04,"High","Beta",2000,FALSE
"BL057","DiD","BH",0.05,100,0.00774335818360457,100,0.0774335818360457,0.732,0.000818528421409691,0.995066666666667,0.000818528421409691,0.00493333333333333,0.00301879103940115,0.0301879103940115,0.0184840248144192,0.0464823198711732,0.31,18.67,0.00279209631971855,100,0.0279209631971855,0.931496,100,0,0,"Prop_0.25",100,5e-04,"High","Beta",2000,FALSE
"BL057","DiD","unadjusted",0.01,100,0.00743934394848352,100,0.0743934394848352,0.7336,0.000770266763299714,0.9952,0.000770266763299714,0.00479999999999999,0.0029277910213512,0.029277910213512,0.018138144419407,0.0464823198711732,0.31,18.7,0.00279209631971855,100,0.0279209631971855,0.931496,100,0,0,"Prop_0.25",100,5e-04,"High","Beta",2000,FALSE
"BL057","DiD","unadjusted",0.05,100,0.00703825047131528,100,0.0703825047131528,0.7772,0.0018534888387635,0.9684,0.0018534888387635,0.0316,0.00547710228173606,0.0547710228173606,0.105974357233928,0.0238683256575942,0.94,21.8,0.00279209631971855,100,0.0279209631971855,0.931496,100,0,0,"Prop_0.25",100,5e-04,"High","Beta",2000,FALSE
"BL057","MIMOSA2","BFDR",0.01,100,0.00909469820024477,100,0.0909469820024476,0.7556,0.000644897089381131,0.997066666666667,0.000644897089381131,0.00293333333333333,0.00232326634118257,0.0232326634118257,0.0106699707932545,0.0394277244403663,0.19,19.11,0.00319999389449474,100,0.0319999389449474,0.938432,100,0,0,"Prop_0.25",100,5e-04,"High","Beta",2000,FALSE
"BL057","MIMOSA2","BFDR",0.05,100,0.00818720361480665,100,0.0818720361480665,0.818,0.00117397900814284,0.984666666666667,0.00117397900814284,0.0153333333333333,0.00379684819109958,0.0379684819109958,0.0518526780045558,0.0429234695990928,0.76,21.6,0.00319999389449474,100,0.0319999389449474,0.938432,100,0,0,"Prop_0.25",100,5e-04,"High","Beta",2000,FALSE
"BL058","DiD","BH",0.01,100,0.00493722205457296,100,0.0493722205457296,0.7174,0.000477366513151884,0.9988,0.000477366513151884,0.0012,0.000648467702179776,0.00648467702179776,0.00162705675863571,0.0238683256575942,0.06,35.93,0.00186614512194567,100,0.0186614512194567,0.933944,100,0,0,"Prop_0.50",100,5e-04,"High","Beta",2000,FALSE
"BL058","DiD","BH",0.05,100,0.00476756719613861,100,0.0476756719613861,0.7576,0.00154449167866148,0.9872,0.00154449167866148,0.0128,0.00196402005199868,0.0196402005199868,0.0164294242780893,0.0502116731568678,0.48,38.52,0.00186614512194567,100,0.0186614512194567,0.933944,100,0,0,"Prop_0.50",100,5e-04,"High","Beta",2000,FALSE
"BL058","DiD","unadjusted",0.01,100,0.00468826172262151,100,0.0468826172262151,0.74,0.00106666666666667,0.9944,0.00106666666666667,0.00560000000000001,0.00139372173646032,0.0139372173646032,0.00734988653190009,0.0429234695990928,0.24,37.28,0.00186614512194567,100,0.0186614512194567,0.933944,100,0,0,"Prop_0.50",100,5e-04,"High","Beta",2000,FALSE
"BL058","DiD","unadjusted",0.05,100,0.00452418863756617,100,0.0452418863756617,0.7858,0.00236130421076099,0.964,0.00236130421076099,0.036,0.00270903666881066,0.0270903666881066,0.043161437888856,0.031446603773522,0.89,41.09,0.00186614512194567,100,0.0186614512194567,0.933944,100,0,0,"Prop_0.50",100,5e-04,"High","Beta",2000,FALSE
"BL058","MIMOSA2","BFDR",0.01,100,0.00470284676305402,100,0.0470284676305402,0.7962,0.000771984194112546,0.997,0.000771984194112546,0.003,0.000927990666891605,0.00927990666891605,0.00365065716184171,0.0348735088019777,0.14,39.96,0.00207837600743533,100,0.0207837600743533,0.941558,100,0,0,"Prop_0.50",100,5e-04,"High","Beta",2000,FALSE
"BL058","MIMOSA2","BFDR",0.05,100,0.00417839561303019,100,0.0417839561303019,0.8534,0.00196319673342776,0.9662,0.00196319673342776,0.0338,0.00210643288268685,0.0210643288268685,0.0376734483658045,0.0287623491264661,0.91,44.36,0.00207837600743533,100,0.0207837600743533,0.941558,100,0,0,"Prop_0.50",100,5e-04,"High","Beta",2000,FALSE
"BL059","DiD","BH",0.01,100,0.00386759538364956,100,0.0386759538364956,0.720133333333333,0.000954733026303769,0.9976,0.000954733026303769,0.0024,0.000440519360306055,0.00440519360306055,0.00110515517362335,0.0238683256575942,0.06,54.07,0.00187416414470609,100,0.0187416414470609,0.937216,100,0,0,"Prop_0.75",100,5e-04,"High","Beta",2000,FALSE
"BL059","DiD","BH",0.05,100,0.00365072137452767,100,0.0365072137452767,0.765466666666667,0.00256912515078656,0.9816,0.00256912515078656,0.0184,0.00107246957335129,0.0107246957335129,0.00775254180384252,0.0487831731214563,0.38,57.87,0.00187416414470609,100,0.0187416414470609,0.937216,100,0,0,"Prop_0.75",100,5e-04,"High","Beta",2000,FALSE
"BL059","DiD","unadjusted",0.01,100,0.00376215426501954,100,0.0376215426501954,0.734533333333333,0.00154396838822509,0.994,0.00154396838822509,0.006,0.000705007307144894,0.00705007307144894,0.00273761312684319,0.0348735088019777,0.14,55.24,0.00187416414470609,100,0.0187416414470609,0.937216,100,0,0,"Prop_0.75",100,5e-04,"High","Beta",2000,FALSE
"BL059","DiD","unadjusted",0.05,100,0.00319719293266911,100,0.0319719293266911,0.7832,0.00372184379200971,0.9692,0.00372184379200971,0.0308,0.00148987959271056,0.0148987959271056,0.0125964685856894,0.0502518907629606,0.5,59.51,0.00187416414470609,100,0.0187416414470609,0.937216,100,0,0,"Prop_0.75",100,5e-04,"High","Beta",2000,FALSE
"BL059","MIMOSA2","BFDR",0.01,100,0.00408053604453807,100,0.0408053604453807,0.803466666666667,0.00138038202880744,0.9956,0.00138038202880744,0.0044,0.000563213226604716,0.00563213226604716,0.00179693440407298,0.0301511344577764,0.1,60.37,0.00201179864356926,100,0.0201179864356926,0.9454,100,0,0,"Prop_0.75",100,5e-04,"High","Beta",2000,FALSE
"BL059","MIMOSA2","BFDR",0.05,100,0.00366997707922885,100,0.0366997707922885,0.868533333333333,0.00389166423333906,0.9508,0.00389166423333906,0.0492,0.00143450437526126,0.0143450437526126,0.0183287454026181,0.0435194139889245,0.75,66.37,0.00201179864356926,100,0.0201179864356926,0.9454,100,0,0,"Prop_0.75",100,5e-04,"High","Beta",2000,FALSE
"BL060","DiD","BH",0.01,100,0.00348692174700471,100,0.0348692174700471,0.727777777777778,0.00256432399976243,0.993,0.00256432399976243,0.007,0.000384550728586668,0.00384550728586668,0.00104956518713819,0.0256432399976243,0.07,65.57,0.00219317406294686,100,0.0219317406294686,0.932788888888889,100,0,0,"Prop_0.90",100,5e-04,"High","Beta",2000,FALSE
"BL060","DiD","BH",0.05,100,0.00324059162716111,100,0.0324059162716111,0.775888888888889,0.0057243057891483,0.966,0.0057243057891483,0.034,0.000817577389985257,0.00817577389985257,0.00484056966473015,0.0456048021572069,0.29,70.17,0.00219317406294686,100,0.0219317406294686,0.932788888888889,100,0,0,"Prop_0.90",100,5e-04,"High","Beta",2000,FALSE
"BL060","DiD","unadjusted",0.01,100,0.00335191230854941,100,0.0335191230854941,0.739111111111111,0.00256432399976243,0.993,0.00256432399976243,0.007,0.00038212421118588,0.0038212421118588,0.00104291395133858,0.0256432399976243,0.07,66.59,0.00219317406294686,100,0.0219317406294686,0.932788888888889,100,0,0,"Prop_0.90",100,5e-04,"High","Beta",2000,FALSE
"BL060","DiD","unadjusted",0.05,100,0.00317858136182635,100,0.0317858136182635,0.787888888888889,0.00606030302272689,0.958,0.00606030302272689,0.042,0.000847962860405088,0.00847962860405088,0.00586641818855843,0.0482418151324422,0.36,71.33,0.00219317406294686,100,0.0219317406294686,0.932788888888889,100,0,0,"Prop_0.90",100,5e-04,"High","Beta",2000,FALSE
"BL060","MIMOSA2","BFDR",0.01,100,0.00389209423778574,100,0.0389209423778574,0.805,0.00196946385566932,0.996,0.00196946385566932,0.004,0.000276581244895469,0.00276581244895469,0.000560978237448826,0.0196946385566932,0.04,72.49,0.00195662363381274,100,0.0195662363381274,0.939727777777778,100,0,0,"Prop_0.90",100,5e-04,"High","Beta",2000,FALSE
"BL060","MIMOSA2","BFDR",0.05,100,0.00348334358110894,100,0.0348334358110894,0.876666666666667,0.00670519171684121,0.943,0.00670519171684121,0.057,0.000830920890685882,0.00830920890685882,0.00712156532035112,0.0502116731568678,0.48,79.47,0.00195662363381274,100,0.0195662363381274,0.939727777777778,100,0,0,"Prop_0.90",100,5e-04,"High","Beta",2000,FALSE
"BL061","DiD","BH",0.01,100,0.0492365963917331,100,0.492365963917331,0.6,0,1,0,0,0,0,0,0,0,0.6,0.01590712224828,100,0.1590712224828,0.941111111111111,100,0,0,"Prop_0.10",10,0.00025,"High","Beta",2000,FALSE
"BL061","DiD","BH",0.05,100,0.0464823198711732,100,0.464823198711732,0.69,0.00190496231108628,0.996666666666667,0.00190496231108628,0.00333333333333333,0.00857233039988826,0.0857233039988826,0.015,0.0171446607997765,0.03,0.72,0.01590712224828,100,0.1590712224828,0.941111111111111,100,0,0,"Prop_0.10",10,0.00025,"High","Beta",2000,FALSE
"BL061","DiD","unadjusted",0.01,100,0.0456048021572069,100,0.456048021572069,0.71,0.00218829317296592,0.995555555555556,0.00218829317296592,0.00444444444444445,0.0130558241966773,0.130558241966773,0.025,0.0196946385566932,0.04,0.75,0.01590712224828,100,0.1590712224828,0.941111111111111,100,0,0,"Prop_0.10",10,0.00025,"High","Beta",2000,FALSE
"BL061","DiD","unadjusted",0.05,100,0.0416333199893227,100,0.416333199893227,0.78,0.00495773381487193,0.974444444444444,0.00495773381487193,0.0255555555555556,0.025306205571046,0.25306205571046,0.126666666666667,0.0416333199893227,0.22,1.01,0.01590712224828,100,0.1590712224828,0.941111111111111,100,0,0,"Prop_0.10",10,0.00025,"High","Beta",2000,FALSE
"BL061","MIMOSA2","BFDR",0.01,99,0.0485929530749863,99,0.483493778415228,0.636363636363636,0,1,0,0,0,0,0,0,0,0.636363636363636,0.0195370161445924,99,0.194390856224186,0.921997755331089,100,0.01,0.0099498743710662,"Prop_0.10",10,0.00025,"High","Beta",2000,TRUE
"BL061","MIMOSA2","BFDR",0.05,99,0.0472459034451512,99,0.470090803826778,0.676767676767677,0,1,0,0,0,0,0,0,0,0.676767676767677,0.0195370161445924,99,0.194390856224186,0.921997755331089,100,0.01,0.0099498743710662,"Prop_0.10",10,0.00025,"High","Beta",2000,TRUE
"BL062","DiD","BH",0.01,100,0.0241209075662211,100,0.241209075662211,0.653333333333333,0.00244923725711093,0.995714285714286,0.00244923725711093,0.00428571428571429,0.00571488693325884,0.0571488693325884,0.01,0.0171446607997765,0.03,1.99,0.0092805328349033,100,0.092805328349033,0.936428571428571,100,0,0,"Prop_0.25",10,0.00025,"High","Beta",2000,FALSE
"BL062","DiD","BH",0.05,100,0.0241092723778705,100,0.241092723778705,0.703333333333333,0.004492371967646,0.984285714285714,0.004492371967646,0.0157142857142857,0.0104778506161977,0.104778506161977,0.0358333333333333,0.031446603773522,0.11,2.22,0.0092805328349033,100,0.092805328349033,0.936428571428571,100,0,0,"Prop_0.25",10,0.00025,"High","Beta",2000,FALSE
"BL062","DiD","unadjusted",0.01,100,0.023733934846537,100,0.23733934846537,0.696666666666667,0.00366331999966061,0.99,0.00366331999966061,0.01,0.00904340139916626,0.0904340139916626,0.0241666666666667,0.0256432399976243,0.07,2.16,0.0092805328349033,100,0.092805328349033,0.936428571428571,100,0,0,"Prop_0.25",10,0.00025,"High","Beta",2000,FALSE
"BL062","DiD","unadjusted",0.05,100,0.0221615332908223,100,0.221615332908223,0.773333333333333,0.00637422919054963,0.961428571428571,0.00637422919054963,0.0385714285714286,0.0147203162478838,0.147203162478838,0.0858333333333333,0.0446196043338474,0.27,2.59,0.0092805328349033,100,0.092805328349033,0.936428571428571,100,0,0,"Prop_0.25",10,0.00025,"High","Beta",2000,FALSE
"BL062","MIMOSA2","BFDR",0.01,100,0.0257131722631397,100,0.257131722631397,0.656666666666667,0.00244923725711093,0.995714285714286,0.00244923725711093,0.00428571428571429,0.00571488693325884,0.0571488693325884,0.01,0.0171446607997765,0.03,2,0.01056748341467,100,0.1056748341467,0.930714285714286,100,0,0,"Prop_0.25",10,0.00025,"High","Beta",2000,FALSE
"BL062","MIMOSA2","BFDR",0.05,100,0.0249443825784929,100,0.249443825784929,0.72,0.00466569474815844,0.982857142857143,0.00466569474815844,0.0171428571428571,0.0108850101316801,0.108850101316801,0.0391666666666667,0.032659863237109,0.12,2.28,0.01056748341467,100,0.1056748341467,0.930714285714286,100,0,0,"Prop_0.25",10,0.00025,"High","Beta",2000,FALSE
"BL063","DiD","BH",0.01,100,0.0187907133736564,100,0.187907133736564,0.662,0,1,0,0,0,0,0,0,0,3.31,0.00891041837152193,100,0.0891041837152193,0.9272,100,0,0,"Prop_0.50",10,0.00025,"High","Beta",2000,FALSE
"BL063","DiD","BH",0.05,100,0.0178025080516565,100,0.178025080516565,0.732,0.00342893215995531,0.994,0.00342893215995531,0.006,0.00306018932389681,0.0306018932389681,0.00533333333333333,0.0171446607997765,0.03,3.69,0.00891041837152193,100,0.0891041837152193,0.9272,100,0,0,"Prop_0.50",10,0.00025,"High","Beta",2000,FALSE
"BL063","DiD","unadjusted",0.01,100,0.0174066050391769,100,0.174066050391769,0.702,0,1,0,0,0,0,0,0,0,3.51,0.00891041837152193,100,0.0891041837152193,0.9272,100,0,0,"Prop_0.50",10,0.00025,"High","Beta",2000,FALSE
"BL063","DiD","unadjusted",0.05,100,0.0176108322955337,100,0.176108322955337,0.764,0.00733333333333333,0.974,0.00733333333333333,0.026,0.00815937969407869,0.0815937969407869,0.0275,0.032659863237109,0.12,3.95,0.00891041837152193,100,0.0891041837152193,0.9272,100,0,0,"Prop_0.50",10,0.00025,"High","Beta",2000,FALSE
"BL063","MIMOSA2","BFDR",0.01,100,0.0179910190838865,100,0.179910190838865,0.666,0,1,0,0,0,0,0,0,0,3.33,0.0112290208429279,100,0.112290208429279,0.913,100,0,0,"Prop_0.50",10,0.00025,"High","Beta",2000,FALSE
"BL063","MIMOSA2","BFDR",0.05,100,0.0177023653044936,100,0.177023653044936,0.724,0.00393892771133865,0.992,0.00393892771133865,0.008,0.00445969605341988,0.0445969605341988,0.009,0.0196946385566932,0.04,3.66,0.0112290208429279,100,0.112290208429279,0.913,100,0,0,"Prop_0.50",10,0.00025,"High","Beta",2000,FALSE
"BL064","DiD","BH",0.01,100,0.0136069231858587,100,0.136069231858587,0.67125,0.005,0.995,0.005,0.005,0.00166666666666667,0.0166666666666667,0.00166666666666667,0.01,0.01,5.38,0.00881262536625492,100,0.0881262536625492,0.9178125,100,0,0,"Prop_0.75",10,0.00025,"High","Beta",2000,FALSE
"BL064","DiD","BH",0.05,100,0.0135214009195898,100,0.135214009195898,0.755,0.0136329962172145,0.96,0.0136329962172145,0.04,0.00403783985922596,0.0403783985922596,0.0117063492063492,0.0272659924344291,0.08,6.12,0.00881262536625492,100,0.0881262536625492,0.9178125,100,0,0,"Prop_0.75",10,0.00025,"High","Beta",2000,FALSE
"BL064","DiD","unadjusted",0.01,100,0.0137729377088301,100,0.137729377088301,0.69875,0.00703526470681448,0.99,0.00703526470681448,0.01,0.00299058567735531,0.0299058567735531,0.00416666666666667,0.014070529413629,0.02,5.61,0.00881262536625492,100,0.0881262536625492,0.9178125,100,0,0,"Prop_0.75",10,0.00025,"High","Beta",2000,FALSE
"BL064","DiD","unadjusted",0.05,100,0.0126449924212446,100,0.126449924212446,0.76625,0.0136329962172145,0.96,0.0136329962172145,0.04,0.00403783985922596,0.0403783985922596,0.0117063492063492,0.0272659924344291,0.08,6.21,0.00881262536625492,100,0.0881262536625492,0.9178125,100,0,0,"Prop_0.75",10,0.00025,"High","Beta",2000,FALSE
"BL064","MIMOSA2","BFDR",0.01,100,0.0172968000777396,100,0.172968000777396,0.6725,0.005,0.995,0.005,0.005,0.002,0.02,0.002,0.01,0.01,5.39,0.00891279608359676,100,0.0891279608359676,0.9259375,100,0,0,"Prop_0.75",10,0.00025,"High","Beta",2000,FALSE
"BL064","MIMOSA2","BFDR",0.05,100,0.0164589326703303,100,0.164589326703303,0.7425,0.00703526470681448,0.99,0.00703526470681448,0.01,0.00218414607025454,0.0218414607025454,0.00309523809523809,0.014070529413629,0.02,5.96,0.00891279608359676,100,0.0891279608359676,0.9259375,100,0,0,"Prop_0.75",10,0.00025,"High","Beta",2000,FALSE
"BL065","DiD","BH",0.01,100,0.0165916756600901,100,0.165916756600901,0.694444444444444,0,1,0,0,0,0,0,0,0,6.25,0.00992850737827414,100,0.0992850737827414,0.939444444444444,100,0,0,"Prop_0.90",10,0.00025,"High","Beta",2000,FALSE
"BL065","DiD","BH",0.05,100,0.0153810153394348,100,0.153810153394348,0.752222222222222,0.01,0.99,0.01,0.01,0.00125,0.0125,0.00125,0.01,0.01,6.78,0.00992850737827414,100,0.0992850737827414,0.939444444444444,100,0,0,"Prop_0.90",10,0.00025,"High","Beta",2000,FALSE
"BL065","DiD","unadjusted",0.01,100,0.0159122171050628,100,0.159122171050628,0.706666666666667,0,1,0,0,0,0,0,0,0,6.36,0.00992850737827414,100,0.0992850737827414,0.939444444444444,100,0,0,"Prop_0.90",10,0.00025,"High","Beta",2000,FALSE
"BL065","DiD","unadjusted",0.05,100,0.0144651496253927,100,0.144651496253927,0.765555555555556,0.01,0.99,0.01,0.01,0.00125,0.0125,0.00125,0.01,0.01,6.9,0.00992850737827414,100,0.0992850737827414,0.939444444444444,100,0,0,"Prop_0.90",10,0.00025,"High","Beta",2000,FALSE
"BL065","MIMOSA2","BFDR",0.01,100,0.0172045635547118,100,0.172045635547118,0.675555555555556,0,1,0,0,0,0,0,0,0,6.08,0.0106871996537193,100,0.106871996537193,0.921111111111111,100,0,0,"Prop_0.90",10,0.00025,"High","Beta",2000,FALSE
"BL065","MIMOSA2","BFDR",0.05,100,0.0162595238621544,100,0.162595238621544,0.733333333333333,0,1,0,0,0,0,0,0,0,6.6,0.0106871996537193,100,0.106871996537193,0.921111111111111,100,0,0,"Prop_0.90",10,0.00025,"High","Beta",2000,FALSE
"BL066","DiD","BH",0.01,100,0.0367182832282818,100,0.367182832282818,0.655,0.000555555555555556,0.999444444444444,0.000555555555555556,0.000555555555555556,0.00333333333333333,0.0333333333333333,0.00333333333333333,0.01,0.01,1.32,0.0103260084099329,100,0.103260084099329,0.941111111111111,100,0,0,"Prop_0.10",20,0.00025,"High","Beta",2000,FALSE
"BL066","DiD","BH",0.05,100,0.0369274472937998,100,0.369274472937998,0.7,0.00109414658648296,0.997777777777778,0.00109414658648296,0.00222222222222222,0.00656487951889775,0.0656487951889775,0.0133333333333333,0.0196946385566932,0.04,1.44,0.0103260084099329,100,0.103260084099329,0.941111111111111,100,0,0,"Prop_0.10",20,0.00025,"High","Beta",2000,FALSE
"BL066","DiD","unadjusted",0.01,100,0.034392270684389,100,0.34392270684389,0.73,0.00159790828480368,0.995,0.00159790828480368,0.005,0.0114334555460677,0.114334555460677,0.035,0.0287623491264661,0.09,1.55,0.0103260084099329,100,0.103260084099329,0.941111111111111,100,0,0,"Prop_0.10",20,0.00025,"High","Beta",2000,FALSE
"BL066","DiD","unadjusted",0.05,100,0.0282306517276824,100,0.282306517276824,0.81,0.00390808154779458,0.971666666666667,0.00390808154779458,0.0283333333333333,0.0260530409503563,0.260530409503563,0.189333333333333,0.0492365963917331,0.4,2.13,0.0103260084099329,100,0.103260084099329,0.941111111111111,100,0,0,"Prop_0.10",20,0.00025,"High","Beta",2000,FALSE
"BL066","MIMOSA2","BFDR",0.01,100,0.0380689167726431,100,0.380689167726431,0.655,0,1,0,0,0,0,0,0,0,1.31,0.0141497045854443,100,0.141497045854443,0.918472222222222,100,0,0,"Prop_0.10",20,0.00025,"High","Beta",2000,FALSE
"BL066","MIMOSA2","BFDR",0.05,100,0.0379526552484018,100,0.379526552484018,0.68,0.00109414658648296,0.997777777777778,0.00109414658648296,0.00222222222222222,0.011998643769226,0.11998643769226,0.0216666666666667,0.0196946385566932,0.04,1.4,0.0141497045854443,100,0.141497045854443,0.918472222222222,100,0,0,"Prop_0.10",20,0.00025,"High","Beta",2000,FALSE
"BL067","DiD","BH",0.01,100,0.0198692697094755,100,0.198692697094755,0.654,0.00131297590377955,0.997333333333333,0.00131297590377955,0.00266666666666667,0.0047396884353981,0.047396884353981,0.00933333333333333,0.0196946385566932,0.04,3.31,0.00690565246118733,100,0.0690565246118733,0.932866666666667,100,0,0,"Prop_0.25",20,0.00025,"High","Beta",2000,FALSE
"BL067","DiD","BH",0.05,100,0.0195907626139969,100,0.195907626139969,0.698,0.00222222222222222,0.993333333333333,0.00222222222222222,0.00666666666666667,0.00703159456382326,0.0703159456382326,0.0213333333333333,0.0287623491264661,0.09,3.59,0.00690565246118733,100,0.0690565246118733,0.932866666666667,100,0,0,"Prop_0.25",20,0.00025,"High","Beta",2000,FALSE
"BL067","DiD","unadjusted",0.01,100,0.0183115573153441,100,0.183115573153441,0.698,0.00191748994176441,0.994,0.00191748994176441,0.006,0.00654347457271182,0.0654347457271182,0.02,0.0287623491264661,0.09,3.58,0.00690565246118733,100,0.0690565246118733,0.932866666666667,100,0,0,"Prop_0.25",20,0.00025,"High","Beta",2000,FALSE
"BL067","DiD","unadjusted",0.05,100,0.0164224532179869,100,0.164224532179869,0.75,0.00458122847290851,0.97,0.00458122847290851,0.03,0.0124771175609931,0.124771175609931,0.0867619047619048,0.0482418151324422,0.36,4.2,0.00690565246118733,100,0.0690565246118733,0.932866666666667,100,0,0,"Prop_0.25",20,0.00025,"High","Beta",2000,FALSE
"BL067","MIMOSA2","BFDR",0.01,100,0.0210088966243765,100,0.210088966243765,0.652,0,1,0,0,0,0,0,0,0,3.26,0.00788187481613886,100,0.0788187481613886,0.9278,100,0,0,"Prop_0.25",20,0.00025,"High","Beta",2000,FALSE
"BL067","MIMOSA2","BFDR",0.05,100,0.0211430911417963,100,0.211430911417962,0.712,0.00170954933317495,0.995333333333333,0.00170954933317495,0.00466666666666667,0.00712514398224182,0.0712514398224182,0.018,0.0256432399976243,0.07,3.63,0.00788187481613886,100,0.0788187481613886,0.9278,100,0,0,"Prop_0.25",20,0.00025,"High","Beta",2000,FALSE
"BL068","DiD","BH",0.01,100,0.0136492868056551,100,0.136492868056551,0.666,0.001,0.999,0.001,0.001,0.002,0.02,0.002,0.01,0.01,6.67,0.00546992696570082,100,0.0546992696570082,0.9279,100,0,0,"Prop_0.50",20,0.00025,"High","Beta",2000,FALSE
"BL068","DiD","BH",0.05,100,0.0131040898851149,100,0.131040898851149,0.72,0.0031446603773522,0.989,0.0031446603773522,0.011,0.00417775074273419,0.0417775074273419,0.0144126984126984,0.031446603773522,0.11,7.31,0.00546992696570082,100,0.0546992696570082,0.9279,100,0,0,"Prop_0.50",20,0.00025,"High","Beta",2000,FALSE
"BL068","DiD","unadjusted",0.01,100,0.0130979218029257,100,0.130979218029257,0.696,0.00171446607997765,0.997,0.00171446607997765,0.003,0.00250096610893586,0.0250096610893586,0.00434523809523809,0.0171446607997765,0.03,6.99,0.00546992696570082,100,0.0546992696570082,0.9279,100,0,0,"Prop_0.50",20,0.00025,"High","Beta",2000,FALSE
"BL068","DiD","unadjusted",0.05,100,0.0129490064358918,100,0.129490064358918,0.76,0.00569954809479212,0.972,0.00569954809479212,0.028,0.00642347340637707,0.0642347340637707,0.0317113997113997,0.0422952584681651,0.23,7.88,0.00546992696570082,100,0.0546992696570082,0.9279,100,0,0,"Prop_0.50",20,0.00025,"High","Beta",2000,FALSE
"BL068","MIMOSA2","BFDR",0.01,100,0.0136329962172145,100,0.136329962172145,0.68,0.0014070529413629,0.998,0.0014070529413629,0.002,0.00188871418972156,0.0188871418972156,0.00267857142857143,0.014070529413629,0.02,6.82,0.00603930518112035,100,0.0603930518112035,0.92655,100,0,0,"Prop_0.50",20,0.00025,"High","Beta",2000,FALSE
"BL068","MIMOSA2","BFDR",0.05,100,0.0128958532212115,100,0.128958532212115,0.756,0.00356186309210063,0.988,0.00356186309210063,0.012,0.00398214521880579,0.0398214521880579,0.0133452380952381,0.031446603773522,0.11,7.68,0.00603930518112035,100,0.0603930518112035,0.92655,100,0,0,"Prop_0.50",20,0.00025,"High","Beta",2000,FALSE
"BL069","DiD","BH",0.01,100,0.0104702024952628,100,0.104702024952628,0.660666666666667,0,1,0,0,0,0,0,0,0,9.91,0.00556282352871923,100,0.0556282352871923,0.931333333333333,100,0,0,"Prop_0.75",20,0.00025,"High","Beta",2000,FALSE
"BL069","DiD","BH",0.05,100,0.0100858269727329,100,0.100858269727329,0.719333333333333,0.00477366513151884,0.988,0.00477366513151884,0.012,0.00191426064333236,0.0191426064333236,0.00478521478521478,0.0238683256575942,0.06,10.85,0.00556282352871923,100,0.0556282352871923,0.931333333333333,100,0,0,"Prop_0.75",20,0.00025,"High","Beta",2000,FALSE
"BL069","DiD","unadjusted",0.01,100,0.0101782100388997,100,0.101782100388997,0.678666666666667,0.002,0.998,0.002,0.002,0.000714285714285714,0.00714285714285714,0.000714285714285714,0.01,0.01,10.19,0.00556282352871923,100,0.0556282352871923,0.931333333333333,100,0,0,"Prop_0.75",20,0.00025,"High","Beta",2000,FALSE
"BL069","DiD","unadjusted",0.05,100,0.0086845192970524,100,0.086845192970524,0.746666666666667,0.00653197264742181,0.976,0.00653197264742181,0.024,0.00272761924532001,0.0272761924532001,0.00996353646353646,0.032659863237109,0.12,11.32,0.00556282352871923,100,0.0556282352871923,0.931333333333333,100,0,0,"Prop_0.75",20,0.00025,"High","Beta",2000,FALSE
"BL069","MIMOSA2","BFDR",0.01,100,0.0108077787175756,100,0.108077787175756,0.694,0.002,0.998,0.002,0.002,0.000909090909090909,0.00909090909090909,0.000909090909090909,0.01,0.01,10.42,0.00453481358285,100,0.0453481358285,0.934333333333333,100,0,0,"Prop_0.75",20,0.00025,"High","Beta",2000,FALSE
"BL069","MIMOSA2","BFDR",0.05,100,0.00944806822932568,100,0.0944806822932568,0.769333333333333,0.00545319848688581,0.984,0.00545319848688581,0.016,0.00223455944876593,0.0223455944876593,0.00652197802197802,0.0272659924344291,0.08,11.62,0.00453481358285,100,0.0453481358285,0.934333333333333,100,0,0,"Prop_0.75",20,0.00025,"High","Beta",2000,FALSE
"BL070","DiD","BH",0.01,100,0.0112344445671009,100,0.112344445671009,0.692222222222222,0,1,0,0,0,0,0,0,0,12.46,0.005994903164199,100,0.05994903164199,0.935277777777778,100,0,0,"Prop_0.90",20,0.00025,"High","Beta",2000,FALSE
"BL070","DiD","BH",0.05,100,0.0102120856881202,100,0.102120856881202,0.753888888888889,0.005,0.995,0.005,0.005,0.000714285714285714,0.00714285714285714,0.000714285714285714,0.01,0.01,13.58,0.005994903164199,100,0.05994903164199,0.935277777777778,100,0,0,"Prop_0.90",20,0.00025,"High","Beta",2000,FALSE
"BL070","DiD","unadjusted",0.01,100,0.0110518904414343,100,0.110518904414343,0.700555555555556,0,1,0,0,0,0,0,0,0,12.61,0.005994903164199,100,0.05994903164199,0.935277777777778,100,0,0,"Prop_0.90",20,0.00025,"High","Beta",2000,FALSE
"BL070","DiD","unadjusted",0.05,100,0.00920929279043524,100,0.0920929279043524,0.77,0.00857233039988826,0.985,0.00857233039988826,0.015,0.00120659064874336,0.0120659064874336,0.00208823529411765,0.0171446607997765,0.03,13.89,0.005994903164199,100,0.05994903164199,0.935277777777778,100,0,0,"Prop_0.90",20,0.00025,"High","Beta",2000,FALSE
"BL070","MIMOSA2","BFDR",0.01,100,0.0119132458679661,100,0.119132458679661,0.707777777777778,0.005,0.995,0.005,0.005,0.000909090909090909,0.00909090909090909,0.000909090909090909,0.01,0.01,12.75,0.0059958131669615,100,0.059958131669615,0.9375,100,0,0,"Prop_0.90",20,0.00025,"High","Beta",2000,FALSE
"BL070","MIMOSA2","BFDR",0.05,100,0.0107859260854776,100,0.107859260854776,0.79,0.0128216199988121,0.965,0.0128216199988121,0.035,0.00171811648983719,0.0171811648983719,0.00465144006320477,0.0256432399976243,0.07,14.29,0.0059958131669615,100,0.059958131669615,0.9375,100,0,0,"Prop_0.90",20,0.00025,"High","Beta",2000,FALSE
"BL071","DiD","BH",0.01,100,0.0260707833858596,100,0.260707833858596,0.626666666666667,0.000634987437028761,0.998888888888889,0.000634987437028761,0.00111111111111111,0.00528309142400435,0.0528309142400435,0.00916666666666667,0.0171446607997765,0.03,1.91,0.00910500432212193,100,0.0910500432212193,0.930246913580247,100,0,0,"Prop_0.10",30,0.00025,"High","Beta",2000,FALSE
"BL071","DiD","BH",0.05,100,0.0250700477696785,100,0.250700477696785,0.666666666666667,0.000949749629541641,0.997407407407407,0.000949749629541641,0.0025925925925926,0.00879049072991532,0.0879049072991532,0.0233333333333333,0.0256432399976243,0.07,2.07,0.00910500432212193,100,0.0910500432212193,0.930246913580247,100,0,0,"Prop_0.10",30,0.00025,"High","Beta",2000,FALSE
"BL071","DiD","unadjusted",0.01,100,0.0221691284929499,100,0.221691284929499,0.703333333333333,0.00100985157164552,0.997037037037037,0.00100985157164552,0.00296296296296297,0.00931732634106499,0.0931732634106499,0.0266666666666667,0.0272659924344291,0.08,2.19,0.00910500432212193,100,0.0910500432212193,0.930246913580247,100,0,0,"Prop_0.10",30,0.00025,"High","Beta",2000,FALSE
"BL071","DiD","unadjusted",0.05,100,0.021649177090293,100,0.21649177090293,0.773333333333333,0.00305573977156716,0.974444444444444,0.00305573977156716,0.0255555555555556,0.0195563805496319,0.195563805496319,0.179833333333333,0.0502518907629606,0.5,3.01,0.00910500432212193,100,0.0910500432212193,0.930246913580247,100,0,0,"Prop_0.10",30,0.00025,"High","Beta",2000,FALSE
"BL071","MIMOSA2","BFDR",0.01,100,0.0260707833858596,100,0.260707833858596,0.626666666666667,0.000370370370370371,0.99962962962963,0.000370370370370371,0.000370370370370371,0.0025,0.025,0.0025,0.01,0.01,1.89,0.0110289461773165,100,0.110289461773165,0.914074074074074,100,0,0,"Prop_0.10",30,0.00025,"High","Beta",2000,FALSE
"BL071","MIMOSA2","BFDR",0.05,100,0.025061092581763,100,0.25061092581763,0.66,0.00100985157164552,0.997037037037037,0.00100985157164552,0.00296296296296297,0.00999579035973769,0.0999579035973769,0.0283333333333333,0.0272659924344291,0.08,2.06,0.0110289461773165,100,0.110289461773165,0.914074074074074,100,0,0,"Prop_0.10",30,0.00025,"High","Beta",2000,FALSE
"BL072","DiD","BH",0.01,100,0.0173255190719098,100,0.173255190719098,0.63625,0.000639569518801316,0.999090909090909,0.000639569518801316,0.000909090909090908,0.00201007563051842,0.0201007563051842,0.00285714285714286,0.014070529413629,0.02,5.11,0.00544131727393275,100,0.0544131727393275,0.931477272727273,100,0,0,"Prop_0.25",30,0.00025,"High","Beta",2000,FALSE
"BL072","DiD","BH",0.05,100,0.0164262969753756,100,0.164262969753756,0.69,0.00126271808665188,0.997272727272727,0.00126271808665188,0.00272727272727273,0.0035331081533961,0.035331081533961,0.00777777777777778,0.021904291355759,0.05,5.58,0.00544131727393275,100,0.0544131727393275,0.931477272727273,100,0,0,"Prop_0.25",30,0.00025,"High","Beta",2000,FALSE
"BL072","DiD","unadjusted",0.01,100,0.0153098263487305,100,0.153098263487305,0.69625,0.000995649607079955,0.997727272727273,0.000995649607079955,0.00227272727272727,0.00308677046267827,0.0308677046267827,0.00694444444444444,0.021904291355759,0.05,5.62,0.00544131727393275,100,0.0544131727393275,0.931477272727273,100,0,0,"Prop_0.25",30,0.00025,"High","Beta",2000,FALSE
"BL072","DiD","unadjusted",0.05,100,0.0132621204331675,100,0.132621204331675,0.77,0.00376133953507103,0.972272727272727,0.00376133953507103,0.0277272727272727,0.00963208614353548,0.0963208614353548,0.0790674603174603,0.05,0.45,6.77,0.00544131727393275,100,0.0544131727393275,0.931477272727273,100,0,0,"Prop_0.25",30,0.00025,"High","Beta",2000,FALSE
"BL072","MIMOSA2","BFDR",0.01,100,0.0162427139842995,100,0.162427139842995,0.6525,0.000779302763626205,0.998636363636364,0.000779302763626205,0.00136363636363636,0.00272837956727115,0.0272837956727115,0.00476190476190476,0.0171446607997765,0.03,5.25,0.00741104515174854,100,0.0741104515174854,0.926704545454546,100,0,0,"Prop_0.25",30,0.00025,"High","Beta",2000,FALSE
"BL072","MIMOSA2","BFDR",0.05,100,0.0177929129859406,100,0.177929129859406,0.72375,0.00166666666666667,0.994090909090909,0.00166666666666667,0.0059090909090909,0.00506391574838432,0.0506391574838432,0.0176190476190476,0.032659863237109,0.12,5.92,0.00741104515174854,100,0.0741104515174854,0.926704545454546,100,0,0,"Prop_0.25",30,0.00025,"High","Beta",2000,FALSE
"BL073","DiD","BH",0.01,100,0.012334834743447,100,0.12334834743447,0.668666666666667,0.000938035294241931,0.998666666666667,0.000938035294241931,0.00133333333333333,0.00122702329426832,0.0122702329426832,0.00174242424242424,0.014070529413629,0.02,10.05,0.00415430699597239,100,0.0415430699597239,0.932377777777778,100,0,0,"Prop_0.50",30,0.00025,"High","Beta",2000,FALSE
"BL073","DiD","BH",0.05,100,0.0123771629972636,100,0.123771629972636,0.716,0.00279810742516053,0.989333333333333,0.00279810742516053,0.0106666666666667,0.00347661111929666,0.0347661111929666,0.0131106116106116,0.0348735088019777,0.14,10.9,0.00415430699597239,100,0.0415430699597239,0.932377777777778,100,0,0,"Prop_0.50",30,0.00025,"High","Beta",2000,FALSE
"BL073","DiD","unadjusted",0.01,100,0.011771105409388,100,0.11771105409388,0.696,0.00170954933317495,0.995333333333333,0.00170954933317495,0.00466666666666667,0.00231395536880692,0.0231395536880692,0.00627428127428127,0.0256432399976243,0.07,10.51,0.00415430699597239,100,0.0415430699597239,0.932377777777778,100,0,0,"Prop_0.50",30,0.00025,"High","Beta",2000,FALSE
"BL073","DiD","unadjusted",0.05,100,0.0104082760819877,100,0.104082760819877,0.758,0.0043685438173578,0.971333333333333,0.0043685438173578,0.0286666666666667,0.00517943805269677,0.0517943805269677,0.0345598372216019,0.0479372485441102,0.35,11.8,0.00415430699597239,100,0.0415430699597239,0.932377777777778,100,0,0,"Prop_0.50",30,0.00025,"High","Beta",2000,FALSE
"BL073","MIMOSA2","BFDR",0.01,100,0.0140345893053447,100,0.140345893053447,0.683333333333333,0.000666666666666667,0.999333333333333,0.000666666666666667,0.000666666666666667,0.000833333333333333,0.00833333333333333,0.000833333333333333,0.01,0.01,10.26,0.00441603207858787,100,0.0441603207858787,0.931933333333333,100,0,0,"Prop_0.50",30,0.00025,"High","Beta",2000,FALSE
"BL073","MIMOSA2","BFDR",0.05,100,0.0130052221230218,100,0.130052221230218,0.763333333333333,0.00308793677645018,0.982666666666667,0.00308793677645018,0.0173333333333333,0.00351378154222158,0.0351378154222158,0.0197824675324675,0.0435194139889245,0.25,11.71,0.00441603207858787,100,0.0441603207858787,0.931933333333333,100,0,0,"Prop_0.50",30,0.00025,"High","Beta",2000,FALSE
"BL074","DiD","BH",0.01,100,0.00898975631610234,100,0.0898975631610234,0.684347826086957,0.00281351979381332,0.994285714285714,0.00281351979381332,0.00571428571428572,0.00117092348941799,0.0117092348941799,0.00236945304437564,0.0196946385566932,0.04,15.78,0.0047952376356852,100,0.047952376356852,0.932608695652174,100,0,0,"Prop_0.75",30,0.00025,"High","Beta",2000,FALSE
"BL074","DiD","BH",0.05,100,0.00911285087648104,100,0.0911285087648104,0.740434782608696,0.004492371967646,0.984285714285714,0.004492371967646,0.0157142857142857,0.0017907313248048,0.017907313248048,0.00620757385888965,0.031446603773522,0.11,17.14,0.0047952376356852,100,0.047952376356852,0.932608695652174,100,0,0,"Prop_0.75",30,0.00025,"High","Beta",2000,FALSE
"BL074","DiD","unadjusted",0.01,100,0.00856054459456369,100,0.0856054459456369,0.700434782608696,0.00340976080822774,0.991428571428571,0.00340976080822774,0.00857142857142857,0.00140603657280349,0.0140603657280349,0.00352076883384933,0.0238683256575942,0.06,16.17,0.0047952376356852,100,0.047952376356852,0.932608695652174,100,0,0,"Prop_0.75",30,0.00025,"High","Beta",2000,FALSE
"BL074","DiD","unadjusted",0.05,100,0.00824200976822837,100,0.0824200976822837,0.768695652173913,0.00645936188869073,0.965714285714286,0.00645936188869073,0.0342857142857143,0.00243786494697701,0.0243786494697701,0.0128930888942499,0.0422952584681651,0.23,17.92,0.0047952376356852,100,0.047952376356852,0.932608695652174,100,0,0,"Prop_0.75",30,0.00025,"High","Beta",2000,FALSE
"BL074","MIMOSA2","BFDR",0.01,100,0.00911704059688192,100,0.0911704059688191,0.701304347826087,0.00340976080822774,0.991428571428571,0.00340976080822774,0.00857142857142857,0.0014874874152262,0.014874874152262,0.00367407489311514,0.0238683256575942,0.06,16.19,0.00435558426068967,100,0.0435558426068967,0.930527950310559,100,0,0,"Prop_0.75",30,0.00025,"High","Beta",2000,FALSE
"BL074","MIMOSA2","BFDR",0.05,100,0.00875811993497475,100,0.0875811993497475,0.794347826086957,0.00609144903873173,0.971428571428571,0.00609144903873173,0.0285714285714286,0.00214071825122216,0.0214071825122216,0.0100655104979375,0.0394277244403663,0.19,18.47,0.00435558426068967,100,0.0435558426068967,0.930527950310559,100,0,0,"Prop_0.75",30,0.00025,"High","Beta",2000,FALSE
"BL075","DiD","BH",0.01,100,0.0079187516260886,100,0.079187516260886,0.662222222222222,0,1,0,0,0,0,0,0,0,17.88,0.00466864303477663,100,0.0466864303477663,0.931481481481481,100,0,0,"Prop_0.90",30,0.00025,"High","Beta",2000,FALSE
"BL075","DiD","BH",0.05,100,0.0084289110945577,100,0.084289110945577,0.731481481481482,0.00870388279778489,0.983333333333333,0.00870388279778489,0.0166666666666667,0.0011243049784946,0.011243049784946,0.00220692640692641,0.0196946385566932,0.04,19.8,0.00466864303477663,100,0.0466864303477663,0.931481481481481,100,0,0,"Prop_0.90",30,0.00025,"High","Beta",2000,FALSE
"BL075","DiD","unadjusted",0.01,100,0.00774349775570586,100,0.0774349775570586,0.67962962962963,0.00333333333333333,0.996666666666667,0.00333333333333333,0.00333333333333333,0.000555555555555555,0.00555555555555555,0.000555555555555556,0.01,0.01,18.36,0.00466864303477663,100,0.0466864303477663,0.931481481481481,100,0,0,"Prop_0.90",30,0.00025,"High","Beta",2000,FALSE
"BL075","DiD","unadjusted",0.05,100,0.00760638113617253,100,0.0760638113617253,0.754814814814815,0.00870388279778489,0.983333333333333,0.00870388279778489,0.0166666666666667,0.0011243049784946,0.011243049784946,0.00220692640692641,0.0196946385566932,0.04,20.43,0.00466864303477663,100,0.0466864303477663,0.931481481481481,100,0,0,"Prop_0.90",30,0.00025,"High","Beta",2000,FALSE
"BL075","MIMOSA2","BFDR",0.01,100,0.00762230369737845,100,0.0762230369737845,0.698888888888889,0.00333333333333333,0.996666666666667,0.00333333333333333,0.00333333333333333,0.000434782608695652,0.00434782608695652,0.000434782608695652,0.01,0.01,18.88,0.00487777430746879,100,0.0487777430746879,0.930679012345679,100,0,0,"Prop_0.90",30,0.00025,"High","Beta",2000,FALSE
"BL075","MIMOSA2","BFDR",0.05,100,0.00744472455747564,100,0.0744472455747564,0.785185185185185,0.00908866414480969,0.973333333333333,0.00908866414480969,0.0266666666666667,0.00126812720404614,0.0126812720404614,0.00369838727252915,0.0272659924344291,0.08,21.28,0.00487777430746879,100,0.0487777430746879,0.930679012345679,100,0,0,"Prop_0.90",30,0.00025,"High","Beta",2000,FALSE
"BL076","DiD","BH",0.01,100,0.018782110551471,100,0.18782110551471,0.626,0.000380992462217257,0.999333333333333,0.000380992462217257,0.000666666666666668,0.00481125224324688,0.0481125224324688,0.00833333333333333,0.0171446607997765,0.03,3.16,0.00666132371006474,100,0.0666132371006474,0.931688888888889,100,0,0,"Prop_0.10",50,0.00025,"High","Beta",2000,FALSE
"BL076","DiD","BH",0.05,100,0.0186796491650484,100,0.186796491650484,0.684,0.000670025210172809,0.997777777777778,0.000670025210172809,0.00222222222222223,0.00811152621049357,0.0811152621049357,0.025,0.0301511344577764,0.1,3.52,0.00666132371006474,100,0.0666132371006474,0.931688888888889,100,0,0,"Prop_0.10",50,0.00025,"High","Beta",2000,FALSE
"BL076","DiD","unadjusted",0.01,100,0.0180728045036254,100,0.180728045036254,0.708,0.00118518518518519,0.993777777777778,0.00118518518518519,0.00622222222222223,0.0125254398812967,0.125254398812967,0.064,0.0435194139889245,0.25,3.82,0.00666132371006474,100,0.0666132371006474,0.931688888888889,100,0,0,"Prop_0.10",50,0.00025,"High","Beta",2000,FALSE
"BL076","DiD","unadjusted",0.05,100,0.0165315737089041,100,0.165315737089041,0.788,0.00277159806427699,0.964444444444444,0.00277159806427699,0.0355555555555556,0.0167838532479736,0.167838532479736,0.262551587301587,0.0386122919665369,0.82,5.54,0.00666132371006474,100,0.0666132371006474,0.931688888888889,100,0,0,"Prop_0.10",50,0.00025,"High","Beta",2000,FALSE
"BL076","MIMOSA2","BFDR",0.01,100,0.0197110439227671,100,0.197110439227671,0.656,0.000312678431413978,0.999555555555556,0.000312678431413978,0.000444444444444445,0.00351763235340724,0.0351763235340724,0.005,0.014070529413629,0.02,3.3,0.00806850424139154,100,0.0806850424139154,0.926333333333333,100,0,0,"Prop_0.10",50,0.00025,"High","Beta",2000,FALSE
"BL076","MIMOSA2","BFDR",0.05,100,0.0191485421551268,100,0.191485421551268,0.71,0.000838944817930305,0.996222222222222,0.000838944817930305,0.00377777777777778,0.00939386336452344,0.0939386336452344,0.0393333333333333,0.0377525168068637,0.17,3.72,0.00806850424139154,100,0.0806850424139154,0.926333333333333,100,0,0,"Prop_0.10",50,0.00025,"High","Beta",2000,FALSE
"BL077","DiD","BH",0.01,100,0.00971287023417908,100,0.0971287023417908,0.618461538461539,0.000380284578746728,0.999459459459459,0.000380284578746728,0.000540540540540539,0.0015381773109278,0.015381773109278,0.00215909090909091,0.014070529413629,0.02,8.06,0.00419431880808171,100,0.0419431880808171,0.926226611226611,100,0,0,"Prop_0.25",50,0.00025,"High","Beta",2000,FALSE
"BL077","DiD","BH",0.05,100,0.00999790785597782,100,0.0999790785597782,0.672307692307692,0.00129588602826001,0.995135135135135,0.00129588602826001,0.00486486486486486,0.00457008461142954,0.0457008461142954,0.0176993561993562,0.0348735088019777,0.14,8.92,0.00419431880808171,100,0.0419431880808171,0.926226611226611,100,0,0,"Prop_0.25",50,0.00025,"High","Beta",2000,FALSE
"BL077","DiD","unadjusted",0.01,100,0.00952239416722447,100,0.0952239416722447,0.674615384615385,0.00123764004585511,0.995135135135135,0.00123764004585511,0.00486486486486486,0.00453184385453054,0.0453184385453054,0.0184006549006549,0.0358870281282637,0.15,8.95,0.00419431880808171,100,0.0419431880808171,0.926226611226611,100,0,0,"Prop_0.25",50,0.00025,"High","Beta",2000,FALSE
"BL077","DiD","unadjusted",0.05,100,0.00961732692115443,100,0.0961732692115443,0.734615384615385,0.00243728093841699,0.971081081081081,0.00243728093841699,0.0289189189189189,0.00726380300142312,0.0726380300142312,0.0953512598512598,0.0451260859854213,0.72,10.62,0.00419431880808171,100,0.0419431880808171,0.926226611226611,100,0,0,"Prop_0.25",50,0.00025,"High","Beta",2000,FALSE
"BL077","MIMOSA2","BFDR",0.01,100,0.0112828459139526,100,0.112828459139526,0.653076923076923,0.000592007874479973,0.998648648648649,0.000592007874479973,0.00135135135135135,0.00260618116689033,0.0260618116689033,0.00590079365079365,0.021904291355759,0.05,8.54,0.00492401642030936,100,0.0492401642030936,0.928326403326403,100,0,0,"Prop_0.25",50,0.00025,"High","Beta",2000,FALSE
"BL077","MIMOSA2","BFDR",0.05,100,0.0107124711357353,100,0.107124711357353,0.738461538461539,0.00130947961033075,0.992972972972973,0.00130947961033075,0.00702702702702702,0.00451331593522401,0.0451331593522401,0.0240557775557776,0.0429234695990928,0.24,9.86,0.00492401642030936,100,0.0492401642030936,0.928326403326403,100,0,0,"Prop_0.25",50,0.00025,"High","Beta",2000,FALSE
"BL078","DiD","BH",0.01,100,0.00849945928167246,100,0.0849945928167246,0.6604,0.00111119191625366,0.9976,0.00111119191625366,0.0024,0.00150817579347191,0.0150817579347191,0.00321600035895365,0.021904291355759,0.05,16.57,0.00369222072728458,100,0.0369222072728458,0.933552,100,0,0,"Prop_0.50",50,0.00025,"High","Beta",2000,FALSE
"BL078","DiD","BH",0.05,100,0.00820928274773888,100,0.0820928274773888,0.7204,0.00183170726786556,0.9928,0.00183170726786556,0.0072,0.00230213732543403,0.0230213732543403,0.00914399268826177,0.0358870281282637,0.15,18.19,0.00369222072728458,100,0.0369222072728458,0.933552,100,0,0,"Prop_0.50",50,0.00025,"High","Beta",2000,FALSE
"BL078","DiD","unadjusted",0.01,100,0.0080075721739621,100,0.080075721739621,0.702,0.00153399195341153,0.9952,0.00153399195341153,0.0048,0.00199820214289637,0.0199820214289637,0.00623747784947139,0.0301511344577764,0.1,17.67,0.00369222072728458,100,0.0369222072728458,0.933552,100,0,0,"Prop_0.50",50,0.00025,"High","Beta",2000,FALSE
"BL078","DiD","unadjusted",0.05,100,0.0077215165726571,100,0.077215165726571,0.7612,0.00295419578350399,0.976,0.00295419578350399,0.024,0.00363486980960722,0.0363486980960722,0.0294081912912173,0.0500908265962033,0.46,19.63,0.00369222072728458,100,0.0369222072728458,0.933552,100,0,0,"Prop_0.50",50,0.00025,"High","Beta",2000,FALSE
"BL078","MIMOSA2","BFDR",0.01,100,0.00851465759378461,100,0.0851465759378461,0.6916,0.00078778554226773,0.9984,0.00078778554226773,0.0016,0.000978582820688084,0.00978582820688084,0.0019833675096833,0.0196946385566932,0.04,17.33,0.00393964617187838,100,0.0393964617187838,0.937296,100,0,0,"Prop_0.50",50,0.00025,"High","Beta",2000,FALSE
"BL078","MIMOSA2","BFDR",0.05,100,0.0082619732522081,100,0.082619732522081,0.7768,0.00268599059092646,0.9824,0.00268599059092646,0.0176,0.00325532436682483,0.0325532436682483,0.0213099788311627,0.0476095228569523,0.34,19.86,0.00393964617187838,100,0.0393964617187838,0.937296,100,0,0,"Prop_0.50",50,0.00025,"High","Beta",2000,FALSE
"BL079","DiD","BH",0.01,100,0.00731525590977065,100,0.0731525590977065,0.671052631578947,0.00182535761297992,0.995833333333333,0.00182535761297992,0.00416666666666667,0.000830963781299298,0.00830963781299298,0.00189093722369584,0.021904291355759,0.05,25.55,0.00297268540296911,100,0.0297268540296911,0.927236842105263,100,0,0,"Prop_0.75",50,0.00025,"High","Beta",2000,FALSE
"BL079","DiD","BH",0.05,100,0.00795845279034783,100,0.0795845279034783,0.732631578947368,0.00376796110173626,0.98,0.00376796110173626,0.02,0.00150216473046323,0.0150216473046323,0.0079545960157751,0.0422952584681651,0.23,28.08,0.00297268540296911,100,0.0297268540296911,0.927236842105263,100,0,0,"Prop_0.75",50,0.00025,"High","Beta",2000,FALSE
"BL079","DiD","unadjusted",0.01,100,0.00694112094846829,100,0.0694112094846829,0.693421052631579,0.00213693666646869,0.994166666666667,0.00213693666646869,0.00583333333333334,0.000932347753332085,0.00932347753332085,0.00253818646232439,0.0256432399976243,0.07,26.42,0.00297268540296911,100,0.0297268540296911,0.927236842105263,100,0,0,"Prop_0.75",50,0.00025,"High","Beta",2000,FALSE
"BL079","DiD","unadjusted",0.05,100,0.00708751993340026,100,0.0708751993340026,0.758684210526316,0.00423429957954004,0.968333333333333,0.00423429957954004,0.0316666666666667,0.00169615003014229,0.0169615003014229,0.0126481179981597,0.048523658709391,0.37,29.21,0.00297268540296911,100,0.0297268540296911,0.927236842105263,100,0,0,"Prop_0.75",50,0.00025,"High","Beta",2000,FALSE
"BL079","MIMOSA2","BFDR",0.01,100,0.00724530702069372,100,0.0724530702069372,0.701578947368421,0.00213693666646869,0.994166666666667,0.00213693666646869,0.00583333333333334,0.000914517212784727,0.00914517212784727,0.00248923298923299,0.0256432399976243,0.07,26.73,0.00313741680550401,100,0.0313741680550401,0.929429824561404,100,0,0,"Prop_0.75",50,0.00025,"High","Beta",2000,FALSE
"BL079","MIMOSA2","BFDR",0.05,100,0.00711313482878906,100,0.0711313482878906,0.792894736842105,0.00464433690852261,0.970833333333333,0.00464433690852261,0.0291666666666667,0.00180670574988619,0.0180670574988619,0.0113722100141529,0.0464823198711732,0.31,30.48,0.00313741680550401,100,0.0313741680550401,0.929429824561404,100,0,0,"Prop_0.75",50,0.00025,"High","Beta",2000,FALSE
"BL080","DiD","BH",0.01,100,0.00707943985333495,100,0.0707943985333495,0.672222222222222,0.00342893215995531,0.994,0.00342893215995531,0.006,0.00052806952766049,0.0052806952766049,0.000922077922077922,0.0171446607997765,0.03,30.28,0.00380846845517481,100,0.0380846845517481,0.921511111111111,100,0,0,"Prop_0.90",50,0.00025,"High","Beta",2000,FALSE
"BL080","DiD","BH",0.05,100,0.00649137292367483,100,0.0649137292367483,0.729333333333333,0.00717740562565273,0.97,0.00717740562565273,0.03,0.00101629951606133,0.0101629951606133,0.00424112100582689,0.0358870281282637,0.15,32.97,0.00380846845517481,100,0.0380846845517481,0.921511111111111,100,0,0,"Prop_0.90",50,0.00025,"High","Beta",2000,FALSE
"BL080","DiD","unadjusted",0.01,100,0.00660563156519565,100,0.0660563156519565,0.684888888888889,0.00393892771133865,0.992,0.00393892771133865,0.008,0.000590506635917057,0.00590506635917057,0.00119750637302819,0.0196946385566932,0.04,30.86,0.00380846845517481,100,0.0380846845517481,0.921511111111111,100,0,0,"Prop_0.90",50,0.00025,"High","Beta",2000,FALSE
"BL080","DiD","unadjusted",0.05,100,0.00598334972022762,100,0.0598334972022762,0.750444444444444,0.00892392086676947,0.954,0.00892392086676947,0.046,0.00125374560226162,0.0125374560226162,0.00649155611423413,0.0416333199893227,0.22,34,0.00380846845517481,100,0.0380846845517481,0.921511111111111,100,0,0,"Prop_0.90",50,0.00025,"High","Beta",2000,FALSE
"BL080","MIMOSA2","BFDR",0.01,100,0.00616827665255472,100,0.0616827665255472,0.707111111111111,0.002,0.998,0.002,0.002,0.000263157894736842,0.00263157894736842,0.000263157894736842,0.01,0.01,31.83,0.00325443398552734,100,0.0325443398552734,0.921133333333333,100,0,0,"Prop_0.90",50,0.00025,"High","Beta",2000,FALSE
"BL080","MIMOSA2","BFDR",0.05,100,0.0057037037037037,100,0.057037037037037,0.790888888888889,0.00804030252207369,0.96,0.00804030252207369,0.04,0.00108461408743784,0.0108461408743784,0.00537738264813648,0.0402015126103685,0.2,35.79,0.00325443398552734,100,0.0325443398552734,0.921133333333333,100,0,0,"Prop_0.90",50,0.00025,"High","Beta",2000,FALSE
"BL081","DiD","BH",0.01,100,0.0166529299451351,100,0.166529299451351,0.59625,0.000326929721727748,0.999253731343284,0.000326929721727748,0.00074626865671642,0.00345499043044389,0.0345499043044389,0.00777380952380952,0.021904291355759,0.05,4.82,0.00538320076559639,100,0.0538320076559639,0.920401119402985,100,0,0,"Prop_0.10",75,0.00025,"High","Beta",2000,FALSE
"BL081","DiD","BH",0.05,100,0.0169744311578124,100,0.169744311578124,0.64,0.000649543492372008,0.997761194029851,0.000649543492372008,0.00223880597014926,0.00596655791273359,0.0596655791273359,0.0221190476190476,0.0337997668989631,0.13,5.27,0.00538320076559639,100,0.0538320076559639,0.920401119402985,100,0,0,"Prop_0.10",75,0.00025,"High","Beta",2000,FALSE
"BL081","DiD","unadjusted",0.01,100,0.015813384562235,100,0.15813384562235,0.6675,0.000980789165183241,0.993283582089552,0.000980789165183241,0.00671641791044777,0.0100281355634854,0.100281355634854,0.0704523809523809,0.048523658709391,0.37,5.79,0.00538320076559639,100,0.0538320076559639,0.920401119402985,100,0,0,"Prop_0.10",75,0.00025,"High","Beta",2000,FALSE
"BL081","DiD","unadjusted",0.05,100,0.0134435548374181,100,0.134435548374181,0.74125,0.00199321322508325,0.968358208955224,0.00199321322508325,0.0316417910447761,0.0132540743000226,0.132540743000226,0.250027417027417,0.0272659924344291,0.92,8.05,0.00538320076559639,100,0.0538320076559639,0.920401119402985,100,0,0,"Prop_0.10",75,0.00025,"High","Beta",2000,FALSE
"BL081","MIMOSA2","BFDR",0.01,100,0.0174277005790996,100,0.174277005790996,0.5825,0.000326929721727748,0.999253731343284,0.000326929721727748,0.00074626865671642,0.00447935983173539,0.0447935983173539,0.00944047619047619,0.021904291355759,0.05,4.71,0.0070267775419087,100,0.070267775419087,0.917369402985075,100,0,0,"Prop_0.10",75,0.00025,"High","Beta",2000,FALSE
"BL081","MIMOSA2","BFDR",0.05,100,0.0170759407508123,100,0.170759407508123,0.65625,0.00082965462488402,0.995671641791045,0.00082965462488402,0.00432835820895523,0.00803102936094174,0.0803102936094174,0.0426309523809524,0.0429234695990928,0.24,5.54,0.0070267775419087,100,0.070267775419087,0.917369402985075,100,0,0,"Prop_0.10",75,0.00025,"High","Beta",2000,FALSE
"BL082","DiD","BH",0.01,100,0.00879677502215744,100,0.0879677502215744,0.637894736842105,0.000251259453814804,0.999642857142857,0.000251259453814804,0.000357142857142858,0.00106191597800024,0.0106191597800024,0.0015,0.014070529413629,0.02,12.14,0.00325343188882352,100,0.0325343188882352,0.932265037593985,100,0,0,"Prop_0.25",75,0.00025,"High","Beta",2000,FALSE
"BL082","DiD","BH",0.05,100,0.00860381161477764,100,0.0860381161477764,0.677894736842105,0.000953732806790836,0.995714285714286,0.000953732806790836,0.00428571428571429,0.00366811810899476,0.0366811810899476,0.0161887344681462,0.0402015126103685,0.2,13.12,0.00325343188882352,100,0.0325343188882352,0.932265037593985,100,0,0,"Prop_0.25",75,0.00025,"High","Beta",2000,FALSE
"BL082","DiD","unadjusted",0.01,100,0.00824425656476777,100,0.0824425656476777,0.682631578947368,0.000928231428485307,0.995535714285714,0.000928231428485307,0.00446428571428572,0.00376243487344037,0.0376243487344037,0.0174588450764921,0.0416333199893227,0.22,13.22,0.00325343188882352,100,0.0325343188882352,0.932265037593985,100,0,0,"Prop_0.25",75,0.00025,"High","Beta",2000,FALSE
"BL082","DiD","unadjusted",0.05,100,0.00785921478635848,100,0.0785921478635848,0.760526315789474,0.00216937357665993,0.970178571428571,0.00216937357665993,0.0298214285714286,0.00698543957730656,0.0698543957730656,0.100456421803171,0.0368452949177471,0.84,16.12,0.00325343188882352,100,0.0325343188882352,0.932265037593985,100,0,0,"Prop_0.25",75,0.00025,"High","Beta",2000,FALSE
"BL082","MIMOSA2","BFDR",0.01,100,0.00873613109844936,100,0.0873613109844936,0.674736842105263,0.000523551195646613,0.99875,0.000523551195646613,0.00125,0.00217619365287723,0.0217619365287723,0.00521861471861472,0.0238683256575942,0.06,12.89,0.00371771901498058,100,0.0371771901498058,0.932885338345865,100,0,0,"Prop_0.25",75,0.00025,"High","Beta",2000,FALSE
"BL082","MIMOSA2","BFDR",0.05,100,0.00840026008266031,100,0.0840026008266031,0.741578947368421,0.00123444245537566,0.98875,0.00123444245537566,0.01125,0.00443897799409674,0.0443897799409674,0.0412551488329352,0.0502116731568678,0.52,14.72,0.00371771901498058,100,0.0371771901498058,0.932885338345865,100,0,0,"Prop_0.25",75,0.00025,"High","Beta",2000,FALSE
"BL083","DiD","BH",0.01,100,0.00810131983586049,100,0.0810131983586049,0.651578947368421,0.00069306054047633,0.998108108108108,0.00069306054047633,0.00189189189189189,0.00105447629974084,0.0105447629974084,0.0028506550920344,0.0256432399976243,0.07,24.83,0.00251105267586969,100,0.0251105267586969,0.923698435277383,100,0,0,"Prop_0.50",75,0.00025,"High","Beta",2000,FALSE
"BL083","DiD","BH",0.05,100,0.00728646415955748,100,0.0728646415955748,0.710263157894737,0.00162503054197325,0.989459459459459,0.00162503054197325,0.0105405405405405,0.00212816295205743,0.0212816295205744,0.0138707930114886,0.0472581562625261,0.33,27.38,0.00251105267586969,100,0.0251105267586969,0.923698435277383,100,0,0,"Prop_0.50",75,0.00025,"High","Beta",2000,FALSE
"BL083","DiD","unadjusted",0.01,100,0.00707606183617924,100,0.0707606183617924,0.687105263157895,0.00115595227433921,0.995405405405405,0.00115595227433921,0.00459459459459459,0.00162120534911995,0.0162120534911995,0.00642879437457411,0.0358870281282637,0.15,26.28,0.00251105267586969,100,0.0251105267586969,0.923698435277383,100,0,0,"Prop_0.50",75,0.00025,"High","Beta",2000,FALSE
"BL083","DiD","unadjusted",0.05,100,0.00616530586349921,100,0.0616530586349921,0.758157894736842,0.00298498553428126,0.968108108108108,0.00298498553428126,0.0318918918918919,0.00360461214018638,0.0360461214018638,0.0385651943964767,0.0464823198711732,0.69,29.99,0.00251105267586969,100,0.0251105267586969,0.923698435277383,100,0,0,"Prop_0.50",75,0.00025,"High","Beta",2000,FALSE
"BL083","MIMOSA2","BFDR",0.01,100,0.00740417202256734,100,0.0740417202256734,0.703421052631579,0.00069306054047633,0.998108108108108,0.00069306054047633,0.00189189189189189,0.000927179879652375,0.00927179879652375,0.00251935923999086,0.0256432399976243,0.07,26.8,0.00300075239114022,100,0.0300075239114021,0.927670697012802,100,0,0,"Prop_0.50",75,0.00025,"High","Beta",2000,FALSE
"BL083","MIMOSA2","BFDR",0.05,100,0.00682034531088928,100,0.0682034531088928,0.789210526315789,0.00211437081185477,0.978648648648649,0.00211437081185477,0.0213513513513513,0.00245518240114742,0.0245518240114742,0.0252420153459257,0.0492365963917331,0.6,30.78,0.00300075239114022,100,0.0300075239114021,0.927670697012802,100,0,0,"Prop_0.50",75,0.00025,"High","Beta",2000,FALSE
"BL084","DiD","BH",0.01,100,0.00619866570350536,100,0.0619866570350536,0.669107142857143,0,1,0,0,0,0,0,0,0,37.47,0.0023503832220831,100,0.023503832220831,0.930460526315789,100,0,0,"Prop_0.75",75,0.00025,"High","Beta",2000,FALSE
"BL084","DiD","BH",0.05,100,0.00568271740977401,100,0.0568271740977401,0.728392857142857,0.00263157894736842,0.986842105263158,0.00263157894736842,0.0131578947368421,0.00118046211251357,0.0118046211251357,0.00590876193321081,0.0416333199893227,0.22,41.04,0.0023503832220831,100,0.023503832220831,0.930460526315789,100,0,0,"Prop_0.75",75,0.00025,"High","Beta",2000,FALSE
"BL084","DiD","unadjusted",0.01,100,0.00566116634362858,100,0.0566116634362858,0.694642857142857,0.00115285743977679,0.997368421052632,0.00115285743977679,0.00263157894736842,0.000506461552621376,0.00506461552621376,0.00115469113189156,0.021904291355759,0.05,38.95,0.0023503832220831,100,0.023503832220831,0.930460526315789,100,0,0,"Prop_0.75",75,0.00025,"High","Beta",2000,FALSE
"BL084","DiD","unadjusted",0.05,100,0.00501527634381023,100,0.0501527634381023,0.759464285714286,0.00394284695858715,0.967368421052632,0.00394284695858715,0.0326315789473684,0.00171361990429926,0.0171361990429926,0.0141739158521767,0.0501613558046592,0.47,43.15,0.0023503832220831,100,0.023503832220831,0.930460526315789,100,0,0,"Prop_0.75",75,0.00025,"High","Beta",2000,FALSE
"BL084","MIMOSA2","BFDR",0.01,100,0.00591271959766487,100,0.0591271959766487,0.710892857142857,0.00151380784876138,0.995263157894737,0.00151380784876138,0.00473684210526316,0.000725534526585675,0.00725534526585675,0.00226275500635057,0.0287623491264661,0.09,39.9,0.00232626206620799,100,0.0232626206620799,0.930850563909774,100,0,0,"Prop_0.75",75,0.00025,"High","Beta",2000,FALSE
"BL084","MIMOSA2","BFDR",0.05,100,0.0052573374920837,100,0.052573374920837,0.797678571428571,0.00405065991793025,0.970526315789474,0.00405065991793025,0.0294736842105263,0.00164574290411779,0.0164574290411779,0.0120842243268778,0.0497569851956243,0.43,45.23,0.00232626206620799,100,0.0232626206620799,0.930850563909774,100,0,0,"Prop_0.75",75,0.00025,"High","Beta",2000,FALSE
"BL085","DiD","BH",0.01,100,0.00541366638421213,100,0.0541366638421213,0.675588235294118,0.00142857142857143,0.998571428571429,0.00142857142857143,0.00142857142857143,0.000208333333333333,0.00208333333333333,0.000208333333333333,0.01,0.01,45.95,0.00319914946212629,100,0.0319914946212629,0.930084033613445,100,0,0,"Prop_0.90",75,0.00025,"High","Beta",2000,FALSE
"BL085","DiD","BH",0.05,100,0.00508783085984009,100,0.0508783085984009,0.739705882352941,0.00523809523809524,0.981428571428571,0.00523809523809524,0.0185714285714286,0.000722750145442247,0.00722750145442247,0.00255743091331327,0.032659863237109,0.12,50.43,0.00319914946212629,100,0.0319914946212629,0.930084033613445,100,0,0,"Prop_0.90",75,0.00025,"High","Beta",2000,FALSE
"BL085","DiD","unadjusted",0.01,100,0.00487109264971537,100,0.0487109264971537,0.6925,0.00142857142857143,0.998571428571429,0.00142857142857143,0.00142857142857143,0.000204081632653061,0.00204081632653061,0.000204081632653061,0.01,0.01,47.1,0.00319914946212629,100,0.0319914946212629,0.930084033613445,100,0,0,"Prop_0.90",75,0.00025,"High","Beta",2000,FALSE
"BL085","DiD","unadjusted",0.05,100,0.00476373749539464,100,0.0476373749539464,0.757941176470588,0.00721321767128695,0.962857142857143,0.00721321767128695,0.0371428571428572,0.000976659653432006,0.00976659653432006,0.00499524598567243,0.0422952584681651,0.23,51.8,0.00319914946212629,100,0.0319914946212629,0.930084033613445,100,0,0,"Prop_0.90",75,0.00025,"High","Beta",2000,FALSE
"BL085","MIMOSA2","BFDR",0.01,100,0.00521387327260776,100,0.0521387327260776,0.715588235294118,0.00281351979381332,0.994285714285714,0.00281351979381332,0.00571428571428572,0.000407386524518168,0.00407386524518168,0.000825139694820546,0.0196946385566932,0.04,48.7,0.00291461871931587,100,0.0291461871931587,0.929159663865546,100,0,0,"Prop_0.90",75,0.00025,"High","Beta",2000,FALSE
"BL085","MIMOSA2","BFDR",0.05,100,0.00463572932437595,100,0.0463572932437595,0.798823529411765,0.00756474152685811,0.954285714285714,0.00756474152685811,0.0457142857142857,0.000953933252290124,0.00953933252290124,0.00578713167648751,0.0456048021572069,0.29,54.64,0.00291461871931587,100,0.0291461871931587,0.929159663865546,100,0,0,"Prop_0.90",75,0.00025,"High","Beta",2000,FALSE
"BL086","DiD","BH",0.01,100,0.0130794001036251,100,0.130794001036251,0.608,0.000284924888862491,0.999222222222222,0.000284924888862491,0.000777777777777775,0.00336970468151497,0.0336970468151497,0.0090952380952381,0.0256432399976243,0.07,6.15,0.00484244352153531,100,0.0484244352153531,0.932033333333333,100,0,0,"Prop_0.10",100,0.00025,"High","Beta",2000,FALSE
"BL086","DiD","BH",0.05,100,0.014062989609883,100,0.14062989609883,0.661,0.000577566222168634,0.997222222222222,0.000577566222168634,0.00277777777777777,0.00670554273493632,0.0670554273493632,0.0319484126984127,0.0409360180740332,0.21,6.86,0.00484244352153531,100,0.0484244352153531,0.932033333333333,100,0,0,"Prop_0.10",100,0.00025,"High","Beta",2000,FALSE
"BL086","DiD","unadjusted",0.01,100,0.0123909383637945,100,0.123909383637945,0.7,0.000943007423286854,0.993,0.000943007423286854,0.00699999999999999,0.00960110534636824,0.0960110534636824,0.0739704184704185,0.0498887651569859,0.44,7.63,0.00484244352153531,100,0.0484244352153531,0.932033333333333,100,0,0,"Prop_0.10",100,0.00025,"High","Beta",2000,FALSE
"BL086","DiD","unadjusted",0.05,100,0.0124442189734264,100,0.124442189734264,0.763,0.00210119355151787,0.965111111111111,0.00210119355151787,0.0348888888888889,0.0126863185710619,0.126863185710619,0.274142010767011,0.021904291355759,0.95,10.77,0.00484244352153531,100,0.0484244352153531,0.932033333333333,100,0,0,"Prop_0.10",100,0.00025,"High","Beta",2000,FALSE
"BL086","MIMOSA2","BFDR",0.01,100,0.0142400062421959,100,0.142400062421959,0.625,0.000302955471493655,0.999111111111111,0.000302955471493655,0.000888888888888886,0.00398927961565141,0.0398927961565141,0.0116071428571429,0.0272659924344291,0.08,6.33,0.00581378521412895,100,0.0581378521412895,0.933877777777778,100,0,0,"Prop_0.10",100,0.00025,"High","Beta",2000,FALSE
"BL086","MIMOSA2","BFDR",0.05,100,0.0134370962471643,100,0.134370962471643,0.695,0.000656012889991037,0.995222222222222,0.000656012889991037,0.00477777777777777,0.00747692939805484,0.0747692939805484,0.0535678210678211,0.0487831731214563,0.38,7.38,0.00581378521412895,100,0.0581378521412895,0.933877777777778,100,0,0,"Prop_0.10",100,0.00025,"High","Beta",2000,FALSE
"BL087","DiD","BH",0.01,100,0.0091245921453061,100,0.091245921453061,0.6488,0.000318244342101255,0.9992,0.000318244342101255,0.000799999999999999,0.00157716461004506,0.0157716461004506,0.00390277163496978,0.0238683256575942,0.06,16.28,0.00294009601834395,100,0.0294009601834395,0.933304,100,0,0,"Prop_0.25",100,0.00025,"High","Beta",2000,FALSE
"BL087","DiD","BH",0.05,100,0.00798948804316767,100,0.0798948804316767,0.7008,0.000725486020768122,0.995066666666667,0.000725486020768122,0.00493333333333332,0.00282554461657362,0.0282554461657362,0.0194740265324631,0.0476095228569523,0.34,17.89,0.00294009601834395,100,0.0294009601834395,0.933304,100,0,0,"Prop_0.25",100,0.00025,"High","Beta",2000,FALSE
"BL087","DiD","unadjusted",0.01,100,0.00781389593589329,100,0.0781389593589329,0.7044,0.000725486020768122,0.995066666666667,0.000725486020768122,0.00493333333333332,0.00282192202237418,0.0282192202237418,0.0194447867663812,0.0476095228569523,0.34,17.98,0.00294009601834395,100,0.0294009601834395,0.933304,100,0,0,"Prop_0.25",100,0.00025,"High","Beta",2000,FALSE
"BL087","DiD","unadjusted",0.05,100,0.00810546641832448,100,0.0810546641832448,0.7628,0.00197055769849493,0.970133333333333,0.00197055769849493,0.0298666666666667,0.0063943562231297,0.063943562231297,0.101826800764632,0.0337997668989631,0.87,21.31,0.00294009601834395,100,0.0294009601834395,0.933304,100,0,0,"Prop_0.25",100,0.00025,"High","Beta",2000,FALSE
"BL087","MIMOSA2","BFDR",0.01,100,0.00900334393546098,100,0.0900334393546098,0.6648,0.000292057218076787,0.999333333333333,0.000292057218076787,0.000666666666666665,0.00126538220401205,0.0126538220401205,0.00288334193326453,0.021904291355759,0.05,16.67,0.00353400340765221,100,0.0353400340765221,0.936037333333333,100,0,0,"Prop_0.25",100,0.00025,"High","Beta",2000,FALSE
"BL087","MIMOSA2","BFDR",0.05,100,0.00885565504424299,100,0.0885565504424299,0.7496,0.00102616717920899,0.992533333333333,0.00102616717920899,0.00746666666666665,0.00384368842475815,0.0384368842475815,0.0282397962785633,0.049431107042371,0.41,19.3,0.00353400340765221,100,0.0353400340765221,0.936037333333333,100,0,0,"Prop_0.25",100,0.00025,"High","Beta",2000,FALSE
"BL088","DiD","BH",0.01,100,0.00539075152647588,100,0.0539075152647588,0.6548,0.000586377339124206,0.9986,0.000586377339124206,0.0014,0.000879454510081293,0.00879454510081293,0.0020612911621906,0.0238683256575942,0.06,32.81,0.00247557111867875,100,0.0247557111867875,0.924796,100,0,0,"Prop_0.50",100,0.00025,"High","Beta",2000,FALSE
"BL088","DiD","BH",0.05,100,0.00561135213003717,100,0.0561135213003717,0.7074,0.00156527985041047,0.9888,0.00156527985041047,0.0112,0.00203438101722265,0.0203438101722265,0.0149165587057209,0.0496044963748858,0.42,35.93,0.00247557111867875,100,0.0247557111867875,0.924796,100,0,0,"Prop_0.50",100,0.00025,"High","Beta",2000,FALSE
"BL088","DiD","unadjusted",0.01,100,0.00535993366459781,100,0.0535993366459781,0.6872,0.001,0.995,0.001,0.005,0.0014441280277256,0.014441280277256,0.00706528280583883,0.0416333199893227,0.22,34.61,0.00247557111867875,100,0.0247557111867875,0.924796,100,0,0,"Prop_0.50",100,0.00025,"High","Beta",2000,FALSE
"BL088","DiD","unadjusted",0.05,100,0.0049685881985599,100,0.049685881985599,0.75,0.00228079376577984,0.967,0.00228079376577984,0.033,0.00275549066085026,0.0275549066085026,0.0412239537998039,0.0377525168068637,0.83,39.15,0.00247557111867875,100,0.0247557111867875,0.924796,100,0,0,"Prop_0.50",100,0.00025,"High","Beta",2000,FALSE
"BL088","MIMOSA2","BFDR",0.01,100,0.00587354968129034,100,0.0587354968129034,0.7008,0.000885118265224679,0.9962,0.000885118265224679,0.0038,0.00122390155979542,0.0122390155979542,0.00525021804183893,0.0377525168068637,0.17,35.23,0.00273846007748143,100,0.0273846007748143,0.926998,100,0,0,"Prop_0.50",100,0.00025,"High","Beta",2000,FALSE
"BL088","MIMOSA2","BFDR",0.05,100,0.00540123442680776,100,0.0540123442680776,0.7828,0.00190734889256785,0.9772,0.00190734889256785,0.0228,0.00233387836465274,0.0233387836465274,0.0278653862854603,0.0456048021572069,0.71,40.28,0.00273846007748143,100,0.0273846007748143,0.926998,100,0,0,"Prop_0.50",100,0.00025,"High","Beta",2000,FALSE
"BL089","DiD","BH",0.01,100,0.00560933965436438,100,0.0560933965436438,0.667866666666667,0.00122992978365729,0.9968,0.00122992978365729,0.0032,0.0005812613922216,0.005812613922216,0.00151204010414537,0.0256432399976243,0.07,50.17,0.00255376450192909,100,0.0255376450192909,0.929213333333333,100,0,0,"Prop_0.75",100,0.00025,"High","Beta",2000,FALSE
"BL089","DiD","BH",0.05,100,0.00529160442976206,100,0.0529160442976206,0.7284,0.0024334371086215,0.9824,0.0024334371086215,0.0176,0.00108283186411159,0.0108283186411159,0.00787860366678729,0.0487831731214563,0.38,55.07,0.00255376450192909,100,0.0255376450192909,0.929213333333333,100,0,0,"Prop_0.75",100,0.00025,"High","Beta",2000,FALSE
"BL089","DiD","unadjusted",0.01,100,0.00527707704013709,100,0.052770770401371,0.690933333333333,0.00154396838822509,0.994,0.00154396838822509,0.006,0.000723589175130916,0.00723589175130916,0.00282191409705062,0.0348735088019777,0.14,51.97,0.00255376450192909,100,0.0255376450192909,0.929213333333333,100,0,0,"Prop_0.75",100,0.00025,"High","Beta",2000,FALSE
"BL089","DiD","unadjusted",0.05,100,0.00472980852301888,100,0.0472980852301888,0.7548,0.00362683600317679,0.9676,0.00362683600317679,0.0324,0.00153390799724608,0.0153390799724608,0.0138768680302034,0.05,0.55,57.42,0.00255376450192909,100,0.0255376450192909,0.929213333333333,100,0,0,"Prop_0.75",100,0.00025,"High","Beta",2000,FALSE
"BL089","MIMOSA2","BFDR",0.01,100,0.00588683402303945,100,0.0588683402303945,0.7072,0.00138038202880744,0.9956,0.00138038202880744,0.0044,0.000630811299625193,0.00630811299625193,0.0020126239037734,0.0301511344577764,0.1,53.15,0.00257804699395304,100,0.0257804699395304,0.930330666666667,100,0,0,"Prop_0.75",100,0.00025,"High","Beta",2000,FALSE
"BL089","MIMOSA2","BFDR",0.05,100,0.00574622308005409,100,0.0574622308005409,0.794,0.00305399225389795,0.9692,0.00305399225389795,0.0308,0.00123473854927034,0.0123473854927034,0.0126354370189299,0.0496044963748858,0.58,60.32,0.00257804699395304,100,0.0257804699395304,0.930330666666667,100,0,0,"Prop_0.75",100,0.00025,"High","Beta",2000,FALSE
"BL090","DiD","BH",0.01,100,0.0043899436144752,100,0.043899436144752,0.675666666666667,0.00171446607997765,0.997,0.00171446607997765,0.003,0.000262502257440611,0.00262502257440611,0.000459280303030303,0.0171446607997765,0.03,60.84,0.00244281262490373,100,0.0244281262490373,0.928938888888889,100,0,0,"Prop_0.90",100,0.00025,"High","Beta",2000,FALSE
"BL090","DiD","BH",0.05,100,0.00416187903019511,100,0.0416187903019511,0.739,0.00402015126103685,0.98,0.00402015126103685,0.02,0.000596371533552383,0.00596371533552383,0.00296210636736379,0.0402015126103685,0.2,66.71,0.00244281262490373,100,0.0244281262490373,0.928938888888889,100,0,0,"Prop_0.90",100,0.00025,"High","Beta",2000,FALSE
"BL090","DiD","unadjusted",0.01,100,0.00400415982725275,100,0.0400415982725275,0.691444444444444,0.0021904291355759,0.995,0.0021904291355759,0.005,0.000334772155429937,0.00334772155429937,0.000763476999165981,0.021904291355759,0.05,62.28,0.00244281262490373,100,0.0244281262490373,0.928938888888889,100,0,0,"Prop_0.90",100,0.00025,"High","Beta",2000,FALSE
"BL090","DiD","unadjusted",0.05,100,0.00389849702926243,100,0.0389849702926243,0.758333333333333,0.00494004457510662,0.972,0.00494004457510662,0.028,0.000713188453180546,0.00713188453180546,0.00405953794395018,0.0440844002276808,0.26,68.53,0.00244281262490373,100,0.0244281262490373,0.928938888888889,100,0,0,"Prop_0.90",100,0.00025,"High","Beta",2000,FALSE
"BL090","MIMOSA2","BFDR",0.01,100,0.00473326430662641,100,0.0473326430662641,0.720888888888889,0.00272659924344291,0.992,0.00272659924344291,0.008,0.000395075842136294,0.00395075842136294,0.00115851741452001,0.0272659924344291,0.08,64.96,0.00240564400580773,100,0.0240564400580773,0.929822222222222,100,0,0,"Prop_0.90",100,0.00025,"High","Beta",2000,FALSE
"BL090","MIMOSA2","BFDR",0.05,100,0.00421948933943099,100,0.0421948933943099,0.808111111111111,0.00659047368816107,0.95,0.00659047368816107,0.05,0.000891814635066378,0.00891814635066378,0.00677435986834407,0.0496044963748858,0.42,73.23,0.00240564400580773,100,0.0240564400580773,0.929822222222222,100,0,0,"Prop_0.90",100,0.00025,"High","Beta",2000,FALSE
"BL091","DiD","BH",0.01,100,0.048523658709391,100,0.48523658709391,0.63,0,1,0,0,0,0,0,0,0,0.63,0.0237260521750763,100,0.237260521750763,0.885555555555556,100,0,0,"Prop_0.10",10,0.000125,"High","Beta",2000,FALSE
"BL091","DiD","BH",0.05,100,0.048523658709391,100,0.48523658709391,0.63,0.00265203618417713,0.993333333333333,0.00265203618417713,0.00666666666666667,0.0169371983181601,0.169371983181601,0.04,0.0238683256575942,0.06,0.69,0.0237260521750763,100,0.237260521750763,0.885555555555556,100,0,0,"Prop_0.10",10,0.000125,"High","Beta",2000,FALSE
"BL091","DiD","unadjusted",0.01,100,0.0482418151324422,100,0.482418151324422,0.64,0.00302955471493657,0.991111111111111,0.00302955471493657,0.00888888888888889,0.021649177090293,0.21649177090293,0.06,0.0272659924344291,0.08,0.72,0.0237260521750763,100,0.237260521750763,0.885555555555556,100,0,0,"Prop_0.10",10,0.000125,"High","Beta",2000,FALSE
"BL091","DiD","unadjusted",0.05,100,0.0464823198711732,100,0.464823198711732,0.69,0.00592592592592593,0.968888888888889,0.00592592592592593,0.0311111111111111,0.0303713455538599,0.303713455538599,0.158333333333333,0.0429234695990928,0.24,0.97,0.0237260521750763,100,0.237260521750763,0.885555555555556,100,0,0,"Prop_0.10",10,0.000125,"High","Beta",2000,FALSE
"BL091","MIMOSA2","BFDR",0.01,99,0.0503812128429902,99,0.501286738449699,0.535353535353535,0.00157910177998976,0.997755331088664,0.00157910177998976,0.00224466891133558,0.0112470831660317,0.111907064542949,0.0151515151515152,0.0142119160199078,0.0202020202020202,0.555555555555556,0.0252896546073765,99,0.251628886231052,0.864197530864197,100,0.01,0.0099498743710662,"Prop_0.10",10,0.000125,"High","Beta",2000,TRUE
"BL091","MIMOSA2","BFDR",0.05,99,0.0501948834947362,99,0.499432784842929,0.555555555555556,0.00157910177998976,0.997755331088664,0.00157910177998976,0.00224466891133558,0.0112470831660317,0.111907064542949,0.0151515151515152,0.0142119160199078,0.0202020202020202,0.575757575757576,0.0252896546073765,99,0.251628886231052,0.864197530864197,100,0.01,0.0099498743710662,"Prop_0.10",10,0.000125,"High","Beta",2000,TRUE
"BL092","DiD","BH",0.01,100,0.0279067711996189,100,0.279067711996189,0.603333333333333,0.00201007563051842,0.997142857142857,0.00201007563051842,0.00285714285714286,0.00414641543296869,0.0414641543296869,0.00583333333333333,0.014070529413629,0.02,1.83,0.0110688745780565,100,0.110688745780565,0.927142857142857,100,0,0,"Prop_0.25",10,0.000125,"High","Beta",2000,FALSE
"BL092","DiD","BH",0.05,100,0.0278262203859095,100,0.278262203859095,0.67,0.00312918447939415,0.992857142857143,0.00312918447939415,0.00714285714285715,0.0112600497573821,0.112600497573821,0.0208333333333333,0.021904291355759,0.05,2.06,0.0110688745780565,100,0.110688745780565,0.927142857142857,100,0,0,"Prop_0.25",10,0.000125,"High","Beta",2000,FALSE
"BL092","DiD","unadjusted",0.01,100,0.026767486181902,100,0.26767486181902,0.653333333333333,0.00244923725711093,0.995714285714286,0.00244923725711093,0.00428571428571429,0.0107709939079135,0.107709939079135,0.0158333333333333,0.0171446607997765,0.03,1.99,0.0110688745780565,100,0.110688745780565,0.927142857142857,100,0,0,"Prop_0.25",10,0.000125,"High","Beta",2000,FALSE
"BL092","DiD","unadjusted",0.05,100,0.0257676747878629,100,0.257676747878629,0.74,0.00621871680272053,0.974285714285714,0.00621871680272053,0.0257142857142857,0.0139975446780709,0.139975446780709,0.0581666666666667,0.0368452949177471,0.16,2.4,0.0110688745780565,100,0.110688745780565,0.927142857142857,100,0,0,"Prop_0.25",10,0.000125,"High","Beta",2000,FALSE
"BL092","MIMOSA2","BFDR",0.01,100,0.0277454357172948,100,0.277454357172948,0.57,0.00142857142857143,0.998571428571429,0.00142857142857143,0.00142857142857143,0.00333333333333333,0.0333333333333333,0.00333333333333333,0.01,0.01,1.72,0.0132287132692775,100,0.132287132692775,0.900714285714286,100,0,0,"Prop_0.25",10,0.000125,"High","Beta",2000,FALSE
"BL092","MIMOSA2","BFDR",0.05,100,0.0287779532774181,100,0.287779532774181,0.63,0.00201007563051842,0.997142857142857,0.00201007563051842,0.00285714285714286,0.00414641543296869,0.0414641543296869,0.00583333333333333,0.014070529413629,0.02,1.91,0.0132287132692775,100,0.132287132692775,0.900714285714286,100,0,0,"Prop_0.25",10,0.000125,"High","Beta",2000,FALSE
"BL093","DiD","BH",0.01,100,0.0190893698273159,100,0.190893698273159,0.618,0.00342893215995531,0.994,0.00342893215995531,0.006,0.00457788932883602,0.0457788932883602,0.00783333333333333,0.0171446607997765,0.03,3.12,0.00848966097287421,100,0.0848966097287421,0.9208,100,0,0,"Prop_0.50",10,0.000125,"High","Beta",2000,FALSE
"BL093","DiD","BH",0.05,100,0.0195412022623631,100,0.195412022623631,0.686,0.00393892771133865,0.992,0.00393892771133865,0.008,0.00420767696651554,0.0420767696651554,0.0085,0.0196946385566932,0.04,3.47,0.00848966097287421,100,0.0848966097287421,0.9208,100,0,0,"Prop_0.50",10,0.000125,"High","Beta",2000,FALSE
"BL093","DiD","unadjusted",0.01,100,0.0178376517003169,100,0.178376517003169,0.65,0.00342893215995531,0.994,0.00342893215995531,0.006,0.00402140736207079,0.0402140736207079,0.007,0.0171446607997765,0.03,3.28,0.00848966097287421,100,0.0848966097287421,0.9208,100,0,0,"Prop_0.50",10,0.000125,"High","Beta",2000,FALSE
"BL093","DiD","unadjusted",0.05,100,0.0181753523856742,100,0.181753523856742,0.736,0.00788554488807325,0.962,0.00788554488807325,0.038,0.00834475648046688,0.0834475648046688,0.0398333333333333,0.0394277244403663,0.19,3.87,0.00848966097287421,100,0.0848966097287421,0.9208,100,0,0,"Prop_0.50",10,0.000125,"High","Beta",2000,FALSE
"BL093","MIMOSA2","BFDR",0.01,100,0.0197141184090607,100,0.197141184090607,0.582,0.00281410588272579,0.996,0.00281410588272579,0.004,0.00386993940216523,0.0386993940216523,0.00533333333333333,0.014070529413629,0.02,2.93,0.00979092550386439,100,0.0979092550386439,0.9042,100,0,0,"Prop_0.50",10,0.000125,"High","Beta",2000,FALSE
"BL093","MIMOSA2","BFDR",0.05,100,0.0202399744480216,100,0.202399744480216,0.662,0.00477366513151884,0.988,0.00477366513151884,0.012,0.00487702301976867,0.0487702301976867,0.0121666666666667,0.0238683256575942,0.06,3.37,0.00979092550386439,100,0.0979092550386439,0.9042,100,0,0,"Prop_0.50",10,0.000125,"High","Beta",2000,FALSE
"BL094","DiD","BH",0.01,100,0.0145448626773521,100,0.145448626773521,0.6425,0.00703526470681448,0.99,0.00703526470681448,0.01,0.00218414607025454,0.0218414607025454,0.00309523809523809,0.014070529413629,0.02,5.16,0.00932811297120352,100,0.0932811297120352,0.9115625,100,0,0,"Prop_0.75",10,0.000125,"High","Beta",2000,FALSE
"BL094","DiD","BH",0.05,100,0.0150394053114215,100,0.150394053114215,0.70375,0.0138898989531707,0.97,0.0138898989531707,0.03,0.00388521983615989,0.0388521983615989,0.00827380952380952,0.021904291355759,0.05,5.69,0.00932811297120352,100,0.0932811297120352,0.9115625,100,0,0,"Prop_0.75",10,0.000125,"High","Beta",2000,FALSE
"BL094","DiD","unadjusted",0.01,100,0.0137270239625597,100,0.137270239625597,0.66375,0.00703526470681448,0.99,0.00703526470681448,0.01,0.00218414607025454,0.0218414607025454,0.00309523809523809,0.014070529413629,0.02,5.33,0.00932811297120352,100,0.0932811297120352,0.9115625,100,0,0,"Prop_0.75",10,0.000125,"High","Beta",2000,FALSE
"BL094","DiD","unadjusted",0.05,100,0.0141438095464004,100,0.141438095464004,0.73125,0.0153741222957161,0.96,0.0153741222957161,0.04,0.0043194643710089,0.043194643710089,0.0111309523809524,0.0256432399976243,0.07,5.93,0.00932811297120352,100,0.0932811297120352,0.9115625,100,0,0,"Prop_0.75",10,0.000125,"High","Beta",2000,FALSE
"BL094","MIMOSA2","BFDR",0.01,100,0.0156160327803825,100,0.156160327803825,0.63375,0.00857233039988826,0.985,0.00857233039988826,0.015,0.00250096610893586,0.0250096610893586,0.00434523809523809,0.0171446607997765,0.03,5.1,0.00887202966369789,100,0.0887202966369789,0.906875,100,0,0,"Prop_0.75",10,0.000125,"High","Beta",2000,FALSE
"BL094","MIMOSA2","BFDR",0.05,100,0.0154048890311033,100,0.154048890311033,0.6975,0.0119341628287971,0.97,0.0119341628287971,0.03,0.00389248203266639,0.0389248203266639,0.00967857142857143,0.0238683256575942,0.06,5.64,0.00887202966369789,100,0.0887202966369789,0.906875,100,0,0,"Prop_0.75",10,0.000125,"High","Beta",2000,FALSE
"BL095","DiD","BH",0.01,100,0.0160137738443269,100,0.160137738443269,0.66,0.01,0.99,0.01,0.01,0.001,0.01,0.001,0.01,0.01,5.95,0.0130707400294826,100,0.130707400294826,0.9,100,0,0,"Prop_0.90",10,0.000125,"High","Beta",2000,FALSE
"BL095","DiD","BH",0.05,100,0.0152560553663068,100,0.152560553663068,0.715555555555556,0.0171446607997765,0.97,0.0171446607997765,0.03,0.0021244125626495,0.021244125626495,0.00367857142857143,0.0171446607997765,0.03,6.47,0.0130707400294826,100,0.130707400294826,0.9,100,0,0,"Prop_0.90",10,0.000125,"High","Beta",2000,FALSE
"BL095","DiD","unadjusted",0.01,100,0.0154004613972532,100,0.154004613972532,0.676666666666667,0.014070529413629,0.98,0.014070529413629,0.02,0.00173549886132794,0.0173549886132794,0.00242857142857143,0.014070529413629,0.02,6.11,0.0130707400294826,100,0.130707400294826,0.9,100,0,0,"Prop_0.90",10,0.000125,"High","Beta",2000,FALSE
"BL095","DiD","unadjusted",0.05,100,0.0138485384682985,100,0.138485384682985,0.734444444444444,0.021904291355759,0.95,0.021904291355759,0.05,0.00320022377013424,0.0320022377013424,0.00710714285714286,0.021904291355759,0.05,6.66,0.0130707400294826,100,0.130707400294826,0.9,100,0,0,"Prop_0.90",10,0.000125,"High","Beta",2000,FALSE
"BL095","MIMOSA2","BFDR",0.01,100,0.0188522123625177,100,0.188522123625177,0.611111111111111,0.01,0.99,0.01,0.01,0.00125,0.0125,0.00125,0.01,0.01,5.51,0.0119826536304957,100,0.119826536304957,0.895555555555556,100,0,0,"Prop_0.90",10,0.000125,"High","Beta",2000,FALSE
"BL095","MIMOSA2","BFDR",0.05,100,0.0183507552496266,100,0.183507552496266,0.682222222222222,0.014070529413629,0.98,0.014070529413629,0.02,0.00166403411618959,0.0166403411618959,0.00236111111111111,0.014070529413629,0.02,6.16,0.0119826536304957,100,0.119826536304957,0.895555555555556,100,0,0,"Prop_0.90",10,0.000125,"High","Beta",2000,FALSE
"BL096","DiD","BH",0.01,100,0.0351763235340724,100,0.351763235340724,0.55,0,1,0,0,0,0,0,0,0,1.1,0.0133741527592474,100,0.133741527592474,0.908194444444444,100,0,0,"Prop_0.10",20,0.000125,"High","Beta",2000,FALSE
"BL096","DiD","BH",0.05,100,0.0320786596359699,100,0.320786596359699,0.625,0.000952481155543141,0.998333333333333,0.000952481155543141,0.00166666666666667,0.00857233039988826,0.0857233039988826,0.015,0.0171446607997765,0.03,1.28,0.0133741527592474,100,0.133741527592474,0.908194444444444,100,0,0,"Prop_0.10",20,0.000125,"High","Beta",2000,FALSE
"BL096","DiD","unadjusted",0.01,100,0.0278660214511356,100,0.278660214511356,0.675,0.00167506302543202,0.994444444444444,0.00167506302543202,0.00555555555555556,0.014229164972073,0.14229164972073,0.0466666666666667,0.0301511344577764,0.1,1.45,0.0133741527592474,100,0.133741527592474,0.908194444444444,100,0,0,"Prop_0.10",20,0.000125,"High","Beta",2000,FALSE
"BL096","DiD","unadjusted",0.05,100,0.0270428018391795,100,0.270428018391795,0.74,0.00427095451864238,0.968333333333333,0.00427095451864238,0.0316666666666667,0.0253864850883357,0.253864850883357,0.206,0.0497569851956243,0.43,2.05,0.0133741527592474,100,0.133741527592474,0.908194444444444,100,0,0,"Prop_0.10",20,0.000125,"High","Beta",2000,FALSE
"BL096","MIMOSA2","BFDR",0.01,100,0.0345826487701506,100,0.345826487701506,0.54,0,1,0,0,0,0,0,0,0,1.08,0.015515671572548,100,0.15515671572548,0.896111111111111,100,0,0,"Prop_0.10",20,0.000125,"High","Beta",2000,FALSE
"BL096","MIMOSA2","BFDR",0.05,100,0.0322396330530287,100,0.322396330530287,0.61,0.000952481155543141,0.998333333333333,0.000952481155543141,0.00166666666666667,0.0115797629116882,0.115797629116882,0.0183333333333333,0.0171446607997765,0.03,1.25,0.015515671572548,100,0.15515671572548,0.896111111111111,100,0,0,"Prop_0.10",20,0.000125,"High","Beta",2000,FALSE
"BL097","DiD","BH",0.01,100,0.021904291355759,100,0.21904291355759,0.59,0.00146028609038394,0.996666666666667,0.00146028609038394,0.00333333333333333,0.00573996953655537,0.0573996953655537,0.0126666666666667,0.021904291355759,0.05,3,0.0083945228255103,100,0.083945228255103,0.911666666666667,100,0,0,"Prop_0.25",20,0.000125,"High","Beta",2000,FALSE
"BL097","DiD","BH",0.05,100,0.0224049056677282,100,0.224049056677282,0.648,0.00257328064704182,0.99,0.00257328064704182,0.01,0.00798525577325547,0.0798525577325547,0.0313333333333333,0.0348735088019777,0.14,3.39,0.0083945228255103,100,0.083945228255103,0.911666666666667,100,0,0,"Prop_0.25",20,0.000125,"High","Beta",2000,FALSE
"BL097","DiD","unadjusted",0.01,100,0.0212003430503977,100,0.212003430503977,0.652,0.00244444444444444,0.991333333333333,0.00244444444444444,0.00866666666666666,0.00797899880923386,0.0797899880923386,0.0283333333333333,0.032659863237109,0.12,3.39,0.0083945228255103,100,0.083945228255103,0.911666666666667,100,0,0,"Prop_0.25",20,0.000125,"High","Beta",2000,FALSE
"BL097","DiD","unadjusted",0.05,100,0.0207573766856192,100,0.207573766856192,0.712,0.00439160509224079,0.965333333333333,0.00439160509224079,0.0346666666666667,0.0138535437706028,0.138535437706028,0.111214285714286,0.0497569851956243,0.43,4.08,0.0083945228255103,100,0.083945228255103,0.911666666666667,100,0,0,"Prop_0.25",20,0.000125,"High","Beta",2000,FALSE
"BL097","MIMOSA2","BFDR",0.01,100,0.0215781408285367,100,0.215781408285367,0.548,0.00161918908359708,0.997333333333333,0.00161918908359708,0.00266666666666667,0.00570220584643798,0.0570220584643798,0.009,0.0171446607997765,0.03,2.78,0.00870985354765215,100,0.0870985354765215,0.9048,100,0,0,"Prop_0.25",20,0.000125,"High","Beta",2000,FALSE
"BL097","MIMOSA2","BFDR",0.05,100,0.0228866332123792,100,0.228866332123792,0.612,0.00230063671467907,0.992666666666667,0.00230063671467907,0.00733333333333333,0.00850226087315054,0.0850226087315054,0.0263333333333333,0.0301511344577764,0.1,3.17,0.00870985354765215,100,0.0870985354765215,0.9048,100,0,0,"Prop_0.25",20,0.000125,"High","Beta",2000,FALSE
"BL098","DiD","BH",0.01,100,0.0155816519916175,100,0.155816519916175,0.642,0.00171446607997765,0.997,0.00171446607997765,0.003,0.00210258839667956,0.0210258839667956,0.00365079365079365,0.0171446607997765,0.03,6.45,0.00692879367698172,100,0.0692879367698172,0.9187,100,0,0,"Prop_0.50",20,0.000125,"High","Beta",2000,FALSE
"BL098","DiD","BH",0.05,100,0.0168711695989449,100,0.168711695989449,0.689,0.00337997668989631,0.987,0.00337997668989631,0.013,0.00435825787553806,0.0435825787553806,0.0160833333333333,0.0337997668989631,0.13,7.02,0.00692879367698172,100,0.0692879367698172,0.9187,100,0,0,"Prop_0.50",20,0.000125,"High","Beta",2000,FALSE
"BL098","DiD","unadjusted",0.01,100,0.0154850856887483,100,0.154850856887483,0.669,0.00272659924344291,0.992,0.00272659924344291,0.008,0.00393178874530824,0.0393178874530824,0.0111230158730159,0.0272659924344291,0.08,6.77,0.00692879367698172,100,0.0692879367698172,0.9187,100,0,0,"Prop_0.50",20,0.000125,"High","Beta",2000,FALSE
"BL098","DiD","unadjusted",0.05,100,0.0159468815228254,100,0.159468815228254,0.732,0.00649708559371979,0.961,0.00649708559371979,0.039,0.00739465415563867,0.0739465415563867,0.0456129148629149,0.0464823198711732,0.31,7.71,0.00692879367698172,100,0.0692879367698172,0.9187,100,0,0,"Prop_0.50",20,0.000125,"High","Beta",2000,FALSE
"BL098","MIMOSA2","BFDR",0.01,100,0.0154867163672092,100,0.154867163672092,0.584,0,1,0,0,0,0,0,0,0,5.84,0.00815638034939766,100,0.0815638034939767,0.90035,100,0,0,"Prop_0.50",20,0.000125,"High","Beta",2000,FALSE
"BL098","MIMOSA2","BFDR",0.05,100,0.0168174993036504,100,0.168174993036504,0.66,0.0031446603773522,0.989,0.0031446603773522,0.011,0.0054177471948949,0.054177471948949,0.0174007936507936,0.031446603773522,0.11,6.71,0.00815638034939766,100,0.0815638034939767,0.90035,100,0,0,"Prop_0.50",20,0.000125,"High","Beta",2000,FALSE
"BL099","DiD","BH",0.01,100,0.0122370892132492,100,0.122370892132492,0.625333333333333,0,1,0,0,0,0,0,0,0,9.38,0.00581215491716668,100,0.0581215491716668,0.923666666666667,100,0,0,"Prop_0.75",20,0.000125,"High","Beta",2000,FALSE
"BL099","DiD","BH",0.05,100,0.0123299203576883,100,0.123299203576883,0.704,0.00545319848688581,0.984,0.00545319848688581,0.016,0.00225779228909635,0.0225779228909635,0.00654279054279054,0.0272659924344291,0.08,10.64,0.00581215491716668,100,0.0581215491716668,0.923666666666667,100,0,0,"Prop_0.75",20,0.000125,"High","Beta",2000,FALSE
"BL099","DiD","unadjusted",0.01,100,0.0116968824685779,100,0.116968824685779,0.654666666666667,0.00281410588272579,0.996,0.00281410588272579,0.004,0.00138213847765623,0.0138213847765623,0.00194444444444444,0.014070529413629,0.02,9.84,0.00581215491716668,100,0.0581215491716668,0.923666666666667,100,0,0,"Prop_0.75",20,0.000125,"High","Beta",2000,FALSE
"BL099","DiD","unadjusted",0.05,100,0.0107394403020942,100,0.107394403020942,0.735333333333333,0.00772245839330738,0.964,0.00772245839330738,0.036,0.00338685815864309,0.0338685815864309,0.0155029276279276,0.0386122919665369,0.18,11.21,0.00581215491716668,100,0.0581215491716668,0.923666666666667,100,0,0,"Prop_0.75",20,0.000125,"High","Beta",2000,FALSE
"BL099","MIMOSA2","BFDR",0.01,100,0.0119352913014798,100,0.119352913014798,0.591333333333333,0,1,0,0,0,0,0,0,0,8.87,0.00609787363354879,100,0.0609787363354879,0.910333333333333,100,0,0,"Prop_0.75",20,0.000125,"High","Beta",2000,FALSE
"BL099","MIMOSA2","BFDR",0.05,100,0.01213541255726,100,0.1213541255726,0.676,0.00717740562565273,0.97,0.00717740562565273,0.03,0.00312166493709957,0.0312166493709957,0.0129196359196359,0.0358870281282637,0.15,10.29,0.00609787363354879,100,0.0609787363354879,0.910333333333333,100,0,0,"Prop_0.75",20,0.000125,"High","Beta",2000,FALSE
"BL100","DiD","BH",0.01,100,0.0118511942157613,100,0.118511942157613,0.642777777777778,0.005,0.995,0.005,0.005,0.000666666666666667,0.00666666666666667,0.000666666666666667,0.01,0.01,11.58,0.00761047157888878,100,0.0761047157888878,0.922638888888889,100,0,0,"Prop_0.90",20,0.000125,"High","Beta",2000,FALSE
"BL100","DiD","BH",0.05,100,0.010260815012891,100,0.10260815012891,0.707222222222222,0.00857233039988826,0.985,0.00857233039988826,0.015,0.0011249556211041,0.011249556211041,0.00196428571428571,0.0171446607997765,0.03,12.76,0.00761047157888878,100,0.0761047157888878,0.922638888888889,100,0,0,"Prop_0.90",20,0.000125,"High","Beta",2000,FALSE
"BL100","DiD","unadjusted",0.01,100,0.0104702977776691,100,0.104702977776691,0.663333333333333,0.005,0.995,0.005,0.005,0.000666666666666667,0.00666666666666667,0.000666666666666667,0.01,0.01,11.95,0.00761047157888878,100,0.0761047157888878,0.922638888888889,100,0,0,"Prop_0.90",20,0.000125,"High","Beta",2000,FALSE
"BL100","DiD","unadjusted",0.05,100,0.00971536554750572,100,0.0971536554750572,0.732222222222222,0.0128216199988121,0.965,0.0128216199988121,0.035,0.00193189645502098,0.0193189645502098,0.0051699452508276,0.0256432399976243,0.07,13.25,0.00761047157888878,100,0.0761047157888878,0.922638888888889,100,0,0,"Prop_0.90",20,0.000125,"High","Beta",2000,FALSE
"BL100","MIMOSA2","BFDR",0.01,100,0.0120815029510118,100,0.120815029510118,0.616111111111111,0,1,0,0,0,0,0,0,0,11.09,0.00733193612765227,100,0.0733193612765227,0.910138888888889,100,0,0,"Prop_0.90",20,0.000125,"High","Beta",2000,FALSE
"BL100","MIMOSA2","BFDR",0.05,100,0.0111497644163215,100,0.111497644163215,0.712222222222222,0.00857233039988826,0.985,0.00857233039988826,0.015,0.00124575598275691,0.0124575598275691,0.00216666666666667,0.0171446607997765,0.03,12.85,0.00733193612765227,100,0.0733193612765227,0.910138888888889,100,0,0,"Prop_0.90",20,0.000125,"High","Beta",2000,FALSE
"BL101","DiD","BH",0.01,100,0.0307044124314559,100,0.307044124314559,0.533333333333333,0.000521130719023296,0.999259259259259,0.000521130719023296,0.000740740740740742,0.0102832363337108,0.102832363337108,0.0125,0.014070529413629,0.02,1.62,0.0112715055025788,100,0.112715055025788,0.913888888888889,100,0,0,"Prop_0.10",30,0.000125,"High","Beta",2000,FALSE
"BL101","DiD","BH",0.05,100,0.0285744346662942,100,0.285744346662942,0.616666666666667,0.000884012061392379,0.997777777777778,0.000884012061392379,0.00222222222222223,0.00821635061985657,0.0821635061985657,0.02,0.0238683256575942,0.06,1.91,0.0112715055025788,100,0.112715055025788,0.913888888888889,100,0,0,"Prop_0.10",30,0.000125,"High","Beta",2000,FALSE
"BL101","DiD","unadjusted",0.01,100,0.0257131722631397,100,0.257131722631397,0.656666666666667,0.00154869955114117,0.995185185185185,0.00154869955114117,0.00481481481481482,0.0124122509265634,0.124122509265634,0.041,0.031446603773522,0.11,2.1,0.0112715055025788,100,0.112715055025788,0.913888888888889,100,0,0,"Prop_0.10",30,0.000125,"High","Beta",2000,FALSE
"BL101","DiD","unadjusted",0.05,100,0.0223707159872514,100,0.223707159872514,0.736666666666667,0.00350297826360672,0.967407407407407,0.00350297826360672,0.0325925925925926,0.0221774093353029,0.221774093353029,0.237214285714286,0.0492365963917331,0.6,3.09,0.0112715055025788,100,0.112715055025788,0.913888888888889,100,0,0,"Prop_0.10",30,0.000125,"High","Beta",2000,FALSE
"BL101","MIMOSA2","BFDR",0.01,100,0.0290052048427274,100,0.290052048427274,0.493333333333333,0.000521130719023296,0.999259259259259,0.000521130719023296,0.000740740740740742,0.00598117135471061,0.0598117135471061,0.00833333333333333,0.014070529413629,0.02,1.5,0.0139072995987864,100,0.139072995987864,0.890555555555556,100,0,0,"Prop_0.10",30,0.000125,"High","Beta",2000,FALSE
"BL101","MIMOSA2","BFDR",0.05,100,0.0286998476827768,100,0.286998476827768,0.563333333333333,0.00116468902864897,0.995925925925926,0.00116468902864897,0.00407407407407408,0.0169173072974184,0.169173072974184,0.05,0.031446603773522,0.11,1.8,0.0139072995987864,100,0.139072995987864,0.890555555555556,100,0,0,"Prop_0.10",30,0.000125,"High","Beta",2000,FALSE
"BL102","DiD","BH",0.01,100,0.0184055053248376,100,0.184055053248376,0.555,0.000454545454545454,0.999545454545455,0.000454545454545454,0.000454545454545454,0.002,0.02,0.002,0.01,0.01,4.45,0.00728754612832039,100,0.0728754612832039,0.910142045454545,100,0,0,"Prop_0.25",30,0.000125,"High","Beta",2000,FALSE
"BL102","DiD","BH",0.05,100,0.0168788575837742,100,0.168788575837742,0.61625,0.00171176158489322,0.993636363636364,0.00171176158489322,0.00636363636363636,0.00587660022344688,0.0587660022344688,0.0221309523809524,0.0337997668989631,0.13,5.07,0.00728754612832039,100,0.0728754612832039,0.910142045454545,100,0,0,"Prop_0.25",30,0.000125,"High","Beta",2000,FALSE
"BL102","DiD","unadjusted",0.01,100,0.0165640782076362,100,0.165640782076362,0.62,0.00166666666666667,0.994090909090909,0.00166666666666667,0.0059090909090909,0.00575248513004965,0.0575248513004965,0.020702380952381,0.032659863237109,0.12,5.09,0.00728754612832039,100,0.0728754612832039,0.910142045454545,100,0,0,"Prop_0.25",30,0.000125,"High","Beta",2000,FALSE
"BL102","DiD","unadjusted",0.05,100,0.0161374306091976,100,0.161374306091976,0.6875,0.00363722441602686,0.968636363636364,0.00363722441602686,0.0313636363636364,0.0117090646146964,0.117090646146964,0.102547619047619,0.0502418393795691,0.51,6.19,0.00728754612832039,100,0.0728754612832039,0.910142045454545,100,0,0,"Prop_0.25",30,0.000125,"High","Beta",2000,FALSE
"BL102","MIMOSA2","BFDR",0.01,100,0.0171018008089526,100,0.171018008089526,0.54625,0,1,0,0,0,0,0,0,0,4.37,0.00840313242847978,100,0.0840313242847978,0.904772727272727,100,0,0,"Prop_0.25",30,0.000125,"High","Beta",2000,FALSE
"BL102","MIMOSA2","BFDR",0.05,100,0.0181407759626002,100,0.181407759626002,0.61625,0.00148453923805041,0.994545454545455,0.00148453923805041,0.00545454545454545,0.00550423042246383,0.0550423042246383,0.0189880952380952,0.032659863237109,0.12,5.05,0.00840313242847978,100,0.0840313242847978,0.904772727272727,100,0,0,"Prop_0.25",30,0.000125,"High","Beta",2000,FALSE
"BL103","DiD","BH",0.01,100,0.0120857393401657,100,0.120857393401657,0.605333333333333,0.00114297738665177,0.998,0.00114297738665177,0.002,0.00168224624140739,0.0168224624140739,0.00292929292929293,0.0171446607997765,0.03,9.11,0.00502691545953246,100,0.0502691545953246,0.920244444444444,100,0,0,"Prop_0.50",30,0.000125,"High","Beta",2000,FALSE
"BL103","DiD","BH",0.05,100,0.0117012954092121,100,0.117012954092121,0.667333333333333,0.00257415279776913,0.988,0.00257415279776913,0.012,0.00378564832744193,0.0378564832744193,0.0173378843378843,0.0386122919665369,0.18,10.19,0.00502691545953246,100,0.0502691545953246,0.920244444444444,100,0,0,"Prop_0.50",30,0.000125,"High","Beta",2000,FALSE
"BL103","DiD","unadjusted",0.01,100,0.0114916648659668,100,0.114916648659668,0.648,0.00217732421580727,0.992,0.00217732421580727,0.008,0.0033732798003046,0.033732798003046,0.0121327561327561,0.032659863237109,0.12,9.84,0.00502691545953246,100,0.0502691545953246,0.920244444444444,100,0,0,"Prop_0.50",30,0.000125,"High","Beta",2000,FALSE
"BL103","DiD","unadjusted",0.05,100,0.0107212408615641,100,0.107212408615641,0.724,0.00438904871208807,0.964666666666667,0.00438904871208807,0.0353333333333333,0.0055872822140992,0.055872822140992,0.0444140581640582,0.0498887651569859,0.44,11.39,0.00502691545953246,100,0.0502691545953246,0.920244444444444,100,0,0,"Prop_0.50",30,0.000125,"High","Beta",2000,FALSE
"BL103","MIMOSA2","BFDR",0.01,100,0.0131304428616046,100,0.131304428616046,0.609333333333333,0.00148467668902409,0.998,0.00148467668902409,0.002,0.00197243855835243,0.0197243855835243,0.00278846153846154,0.014070529413629,0.02,9.17,0.0056105555836167,100,0.056105555836167,0.912022222222222,100,0,0,"Prop_0.50",30,0.000125,"High","Beta",2000,FALSE
"BL103","MIMOSA2","BFDR",0.05,100,0.0121514941602042,100,0.121514941602042,0.702,0.00288888888888889,0.986,0.00288888888888889,0.014,0.00390052698287329,0.0390052698287329,0.018779415029415,0.0402015126103685,0.2,10.74,0.0056105555836167,100,0.056105555836167,0.912022222222222,100,0,0,"Prop_0.50",30,0.000125,"High","Beta",2000,FALSE
"BL104","DiD","BH",0.01,100,0.00972242748632868,100,0.0972242748632868,0.624347826086956,0.00142857142857143,0.998571428571429,0.00142857142857143,0.00142857142857143,0.000769230769230769,0.00769230769230769,0.000769230769230769,0.01,0.01,14.37,0.00498607374285298,100,0.0498607374285298,0.91416149068323,100,0,0,"Prop_0.75",30,0.000125,"High","Beta",2000,FALSE
"BL104","DiD","BH",0.05,100,0.00933885956577918,100,0.0933885956577918,0.693478260869565,0.00466569474815844,0.982857142857143,0.00466569474815844,0.0171428571428571,0.00211891574141974,0.0211891574141974,0.00769225524217784,0.032659863237109,0.12,16.07,0.00498607374285298,100,0.0498607374285298,0.91416149068323,100,0,0,"Prop_0.75",30,0.000125,"High","Beta",2000,FALSE
"BL104","DiD","unadjusted",0.01,100,0.00958107441167498,100,0.0958107441167498,0.65,0.00244923725711093,0.995714285714286,0.00244923725711093,0.00428571428571429,0.0011249556211041,0.011249556211041,0.00196428571428571,0.0171446607997765,0.03,14.98,0.00498607374285298,100,0.0498607374285298,0.91416149068323,100,0,0,"Prop_0.75",30,0.000125,"High","Beta",2000,FALSE
"BL104","DiD","unadjusted",0.05,100,0.00831902879516046,100,0.0831902879516046,0.724347826086956,0.00761904761904762,0.96,0.00761904761904762,0.04,0.00307622529855534,0.0307622529855534,0.0162613925462223,0.0429234695990928,0.24,16.94,0.00498607374285298,100,0.0498607374285298,0.91416149068323,100,0,0,"Prop_0.75",30,0.000125,"High","Beta",2000,FALSE
"BL104","MIMOSA2","BFDR",0.01,100,0.0097962867339833,100,0.097962867339833,0.617826086956522,0.00142857142857143,0.998571428571429,0.00142857142857143,0.00142857142857143,0.000588235294117647,0.00588235294117647,0.000588235294117647,0.01,0.01,14.22,0.00502573090131472,100,0.0502573090131472,0.903074534161491,100,0,0,"Prop_0.75",30,0.000125,"High","Beta",2000,FALSE
"BL104","MIMOSA2","BFDR",0.05,100,0.00933722371639775,100,0.0933722371639775,0.708260869565217,0.00512671830403767,0.978571428571429,0.00512671830403767,0.0214285714285714,0.0020629930906024,0.020629930906024,0.00856273258904838,0.0358870281282637,0.15,16.44,0.00502573090131472,100,0.0502573090131472,0.903074534161491,100,0,0,"Prop_0.75",30,0.000125,"High","Beta",2000,FALSE
"BL105","DiD","BH",0.01,100,0.00803987168156293,100,0.0803987168156293,0.632222222222222,0,1,0,0,0,0,0,0,0,17.07,0.00582356410924402,100,0.0582356410924402,0.920246913580247,100,0,0,"Prop_0.90",30,0.000125,"High","Beta",2000,FALSE
"BL105","DiD","BH",0.05,100,0.00775467325258123,100,0.0775467325258123,0.696296296296296,0.00656487951889775,0.986666666666667,0.00656487951889775,0.0133333333333333,0.000951390013133946,0.00951390013133946,0.00193073593073593,0.0196946385566932,0.04,18.84,0.00582356410924402,100,0.0582356410924402,0.920246913580247,100,0,0,"Prop_0.90",30,0.000125,"High","Beta",2000,FALSE
"BL105","DiD","unadjusted",0.01,100,0.00785224360033259,100,0.0785224360033259,0.647777777777778,0,1,0,0,0,0,0,0,0,17.49,0.00582356410924402,100,0.0582356410924402,0.920246913580247,100,0,0,"Prop_0.90",30,0.000125,"High","Beta",2000,FALSE
"BL105","DiD","unadjusted",0.05,100,0.00661240753703729,100,0.0661240753703729,0.717777777777778,0.0079561085525314,0.98,0.0079561085525314,0.02,0.00116746262484559,0.0116746262484559,0.0029235803606513,0.0238683256575942,0.06,19.44,0.00582356410924402,100,0.0582356410924402,0.920246913580247,100,0,0,"Prop_0.90",30,0.000125,"High","Beta",2000,FALSE
"BL105","MIMOSA2","BFDR",0.01,100,0.00912540737809933,100,0.0912540737809933,0.63,0.00469017647120966,0.993333333333333,0.00469017647120966,0.00666666666666667,0.000813011628986366,0.00813011628986366,0.00115131578947368,0.014070529413629,0.02,17.03,0.00468979896777924,100,0.0468979896777924,0.915679012345679,100,0,0,"Prop_0.90",30,0.000125,"High","Beta",2000,FALSE
"BL105","MIMOSA2","BFDR",0.05,100,0.00881021109821599,100,0.0881021109821599,0.718888888888889,0.00958744970882205,0.97,0.00958744970882205,0.03,0.00138599582795939,0.0138599582795939,0.00431860200567294,0.0287623491264661,0.09,19.5,0.00468979896777924,100,0.0468979896777924,0.915679012345679,100,0,0,"Prop_0.90",30,0.000125,"High","Beta",2000,FALSE
"BL106","DiD","BH",0.01,100,0.0206910901627056,100,0.206910901627056,0.596,0.000222222222222223,0.999777777777778,0.000222222222222223,0.000222222222222223,0.0025,0.025,0.0025,0.01,0.01,2.99,0.00769882518411822,100,0.0769882518411822,0.924622222222222,100,0,0,"Prop_0.10",50,0.000125,"High","Beta",2000,FALSE
"BL106","DiD","BH",0.05,100,0.0197714210644832,100,0.197714210644832,0.65,0.000887484861967782,0.997555555555556,0.000887484861967782,0.00244444444444445,0.00838696546281925,0.0838696546281926,0.0246666666666667,0.0287623491264661,0.09,3.36,0.00769882518411822,100,0.0769882518411822,0.924622222222222,100,0,0,"Prop_0.10",50,0.000125,"High","Beta",2000,FALSE
"BL106","DiD","unadjusted",0.01,100,0.0195546372603492,100,0.195546372603492,0.688,0.00135853474759812,0.993333333333333,0.00135853474759812,0.00666666666666667,0.0128248583673918,0.128248583673918,0.0663333333333333,0.0429234695990928,0.24,3.74,0.00769882518411822,100,0.0769882518411822,0.924622222222222,100,0,0,"Prop_0.10",50,0.000125,"High","Beta",2000,FALSE
"BL106","DiD","unadjusted",0.05,100,0.0186092189600485,100,0.186092189600485,0.746,0.00239246854188424,0.972222222222222,0.00239246854188424,0.0277777777777778,0.0170006900628109,0.170006900628109,0.23256746031746,0.0435194139889245,0.75,4.98,0.00769882518411822,100,0.0769882518411822,0.924622222222222,100,0,0,"Prop_0.10",50,0.000125,"High","Beta",2000,FALSE
"BL106","MIMOSA2","BFDR",0.01,100,0.022691608380833,100,0.22691608380833,0.568,0.000380992462217257,0.999333333333333,0.000380992462217257,0.000666666666666668,0.00428616519994413,0.0428616519994413,0.0075,0.0171446607997765,0.03,2.87,0.00945841338378804,100,0.0945841338378804,0.911488888888889,100,0,0,"Prop_0.10",50,0.000125,"High","Beta",2000,FALSE
"BL106","MIMOSA2","BFDR",0.05,100,0.0234576773416003,100,0.234576773416003,0.618,0.000950449647790015,0.996222222222222,0.000950449647790015,0.00377777777777778,0.0103237573746174,0.103237573746174,0.0405,0.0358870281282637,0.15,3.26,0.00945841338378804,100,0.0945841338378804,0.911488888888889,100,0,0,"Prop_0.10",50,0.000125,"High","Beta",2000,FALSE
"BL107","DiD","BH",0.01,100,0.0142173754143381,100,0.142173754143381,0.583846153846154,0.000532287528559276,0.998918918918919,0.000532287528559276,0.00108108108108108,0.00224321466640796,0.0224321466640796,0.00452020202020202,0.0196946385566932,0.04,7.63,0.00492854249238686,100,0.0492854249238686,0.918264033264033,100,0,0,"Prop_0.25",50,0.000125,"High","Beta",2000,FALSE
"BL107","DiD","BH",0.05,100,0.0140635187389579,100,0.140635187389579,0.656153846153846,0.00117620037807904,0.993243243243243,0.00117620037807904,0.00675675675675674,0.00505089921540842,0.0505089921540842,0.028291847041847,0.0435194139889245,0.25,8.78,0.00492854249238686,100,0.0492854249238686,0.918264033264033,100,0,0,"Prop_0.25",50,0.000125,"High","Beta",2000,FALSE
"BL107","DiD","unadjusted",0.01,100,0.0132189824804491,100,0.132189824804491,0.66,0.0011914702764238,0.992972972972973,0.0011914702764238,0.00702702702702701,0.00506015839066346,0.0506015839066346,0.0291847041847042,0.0440844002276808,0.26,8.84,0.00492854249238686,100,0.0492854249238686,0.918264033264033,100,0,0,"Prop_0.25",50,0.000125,"High","Beta",2000,FALSE
"BL107","DiD","unadjusted",0.05,100,0.0118512385781601,100,0.118512385781601,0.731538461538462,0.00253928559103465,0.967837837837838,0.00253928559103465,0.0321621621621621,0.00776424997187943,0.0776424997187943,0.105226107226107,0.0435194139889245,0.75,10.7,0.00492854249238686,100,0.0492854249238686,0.918264033264033,100,0,0,"Prop_0.25",50,0.000125,"High","Beta",2000,FALSE
"BL107","MIMOSA2","BFDR",0.01,100,0.0126984868761548,100,0.126984868761548,0.585384615384615,0.000736918714444028,0.997837837837838,0.000736918714444028,0.00216216216216216,0.00311780068926465,0.0311780068926465,0.00910353535353535,0.0272659924344291,0.08,7.69,0.00520652098197245,100,0.0520652098197245,0.910800415800416,100,0,0,"Prop_0.25",50,0.000125,"High","Beta",2000,FALSE
"BL107","MIMOSA2","BFDR",0.05,100,0.0130111697599143,100,0.130111697599143,0.672307692307692,0.00138931123725733,0.992432432432432,0.00138931123725733,0.00756756756756756,0.00511115411000657,0.0511115411000657,0.0280614385614386,0.0435194139889245,0.25,9.02,0.00520652098197245,100,0.0520652098197245,0.910800415800416,100,0,0,"Prop_0.25",50,0.000125,"High","Beta",2000,FALSE
"BL108","DiD","BH",0.01,100,0.00975464665239758,100,0.0975464665239758,0.6072,0.00144948615067896,0.996,0.00144948615067896,0.004,0.00217974952599037,0.0217974952599037,0.00609701714693975,0.0272659924344291,0.08,15.28,0.00385055544202667,100,0.0385055544202667,0.920584,100,0,0,"Prop_0.50",50,0.000125,"High","Beta",2000,FALSE
"BL108","DiD","BH",0.05,100,0.00945171674855682,100,0.0945171674855682,0.6728,0.00259883423748792,0.9844,0.00259883423748792,0.0156,0.00347746783879114,0.0347746783879114,0.0213156664886541,0.0460566186471838,0.3,17.21,0.00385055544202667,100,0.0385055544202667,0.920584,100,0,0,"Prop_0.50",50,0.000125,"High","Beta",2000,FALSE
"BL108","DiD","unadjusted",0.01,100,0.00919762815275567,100,0.0919762815275567,0.6464,0.0019346912681434,0.9912,0.0019346912681434,0.0088,0.00280700196943606,0.0280700196943606,0.0129198954210564,0.0394277244403663,0.19,16.38,0.00385055544202667,100,0.0385055544202667,0.920584,100,0,0,"Prop_0.50",50,0.000125,"High","Beta",2000,FALSE
"BL108","DiD","unadjusted",0.05,100,0.0081147328291749,100,0.081147328291749,0.7264,0.00366253210417894,0.964,0.00366253210417894,0.036,0.00454455493774866,0.0454455493774866,0.0456664077460955,0.0492365963917331,0.6,19.06,0.00385055544202667,100,0.0385055544202667,0.920584,100,0,0,"Prop_0.50",50,0.000125,"High","Beta",2000,FALSE
"BL108","MIMOSA2","BFDR",0.01,100,0.0104569536093395,100,0.104569536093395,0.6116,0.00078778554226773,0.9984,0.00078778554226773,0.0016,0.00104143455390887,0.0104143455390887,0.00208231051938146,0.0196946385566932,0.04,15.33,0.00421668451307758,100,0.0421668451307758,0.9164,100,0,0,"Prop_0.50",50,0.000125,"High","Beta",2000,FALSE
"BL108","MIMOSA2","BFDR",0.05,100,0.00946948314910117,100,0.0946948314910118,0.7016,0.00241209075662211,0.984,0.00241209075662211,0.016,0.00309253973926622,0.0309253973926622,0.0207932640115303,0.0476095228569523,0.34,17.94,0.00421668451307758,100,0.0421668451307758,0.9164,100,0,0,"Prop_0.50",50,0.000125,"High","Beta",2000,FALSE
"BL109","DiD","BH",0.01,100,0.00800380970593956,100,0.0800380970593956,0.621315789473684,0.000833333333333334,0.999166666666667,0.000833333333333334,0.000833333333333334,0.000434782608695652,0.00434782608695652,0.000434782608695652,0.01,0.01,23.62,0.00350966807928508,100,0.0350966807928508,0.916239035087719,100,0,0,"Prop_0.75",50,0.000125,"High","Beta",2000,FALSE
"BL109","DiD","BH",0.05,100,0.00820577262569259,100,0.0820577262569259,0.691842105263158,0.00314604306723864,0.985833333333333,0.00314604306723864,0.0141666666666667,0.00137858560755405,0.0137858560755405,0.00616454998372165,0.0377525168068637,0.17,26.46,0.00350966807928508,100,0.0350966807928508,0.916239035087719,100,0,0,"Prop_0.75",50,0.000125,"High","Beta",2000,FALSE
"BL109","DiD","unadjusted",0.01,100,0.00745656251736642,100,0.0745656251736642,0.645789473684211,0.00164121987972444,0.996666666666667,0.00164121987972444,0.00333333333333333,0.000728102677611131,0.00728102677611131,0.00147509157509158,0.0196946385566932,0.04,24.58,0.00350966807928508,100,0.0350966807928508,0.916239035087719,100,0,0,"Prop_0.75",50,0.000125,"High","Beta",2000,FALSE
"BL109","DiD","unadjusted",0.05,100,0.00728991941627846,100,0.0728991941627846,0.729736842105263,0.0047051086212804,0.968333333333333,0.0047051086212804,0.0316666666666667,0.00198630541141951,0.0198630541141951,0.0133249261336859,0.0476095228569523,0.34,28.11,0.00350966807928508,100,0.0350966807928508,0.916239035087719,100,0,0,"Prop_0.75",50,0.000125,"High","Beta",2000,FALSE
"BL109","MIMOSA2","BFDR",0.01,100,0.0074289305559838,100,0.074289305559838,0.618947368421053,0.00213693666646869,0.994166666666667,0.00213693666646869,0.00583333333333334,0.00104636911911681,0.0104636911911681,0.00284274778195318,0.0256432399976243,0.07,23.59,0.00396178660734936,100,0.0396178660734936,0.90515350877193,100,0,0,"Prop_0.75",50,0.000125,"High","Beta",2000,FALSE
"BL109","MIMOSA2","BFDR",0.05,100,0.00723985003459752,100,0.0723985003459752,0.713947368421053,0.00446648574938899,0.971666666666667,0.00446648574938899,0.0283333333333333,0.00182929518682285,0.0182929518682285,0.0119619954086192,0.0468826172262151,0.32,27.47,0.00396178660734936,100,0.0396178660734936,0.90515350877193,100,0,0,"Prop_0.75",50,0.000125,"High","Beta",2000,FALSE
"BL110","DiD","BH",0.01,100,0.00705151797302579,100,0.0705151797302579,0.634222222222222,0,1,0,0,0,0,0,0,0,28.54,0.00402784360796082,100,0.0402784360796082,0.922955555555556,100,0,0,"Prop_0.90",50,0.000125,"High","Beta",2000,FALSE
"BL110","DiD","BH",0.05,100,0.00697294935418986,100,0.0697294935418986,0.701111111111111,0.0062893207547044,0.978,0.0062893207547044,0.022,0.00102586194354136,0.0102586194354136,0.00355868093368093,0.031446603773522,0.11,31.66,0.00402784360796082,100,0.0402784360796082,0.922955555555556,100,0,0,"Prop_0.90",50,0.000125,"High","Beta",2000,FALSE
"BL110","DiD","unadjusted",0.01,100,0.00662760723813319,100,0.0662760723813319,0.650888888888889,0.002,0.998,0.002,0.002,4e-04,0.004,4e-04,0.01,0.01,29.3,0.00402784360796082,100,0.0402784360796082,0.922955555555556,100,0,0,"Prop_0.90",50,0.000125,"High","Beta",2000,FALSE
"BL110","DiD","unadjusted",0.05,100,0.00623759524681988,100,0.0623759524681988,0.724444444444444,0.00717740562565273,0.97,0.00717740562565273,0.03,0.00108582706791485,0.0108582706791485,0.00452068134294301,0.0358870281282637,0.15,32.75,0.00402784360796082,100,0.0402784360796082,0.922955555555556,100,0,0,"Prop_0.90",50,0.000125,"High","Beta",2000,FALSE
"BL110","MIMOSA2","BFDR",0.01,100,0.00756518828745633,100,0.0756518828745633,0.624,0,1,0,0,0,0,0,0,0,28.08,0.00408922252579198,100,0.0408922252579198,0.9134,100,0,0,"Prop_0.90",50,0.000125,"High","Beta",2000,FALSE
"BL110","MIMOSA2","BFDR",0.05,100,0.00740740740740741,100,0.0740740740740741,0.72,0.00653197264742181,0.976,0.00653197264742181,0.024,0.000976544793740015,0.00976544793740015,0.0035560532143724,0.032659863237109,0.12,32.52,0.00408922252579198,100,0.0408922252579198,0.9134,100,0,0,"Prop_0.90",50,0.000125,"High","Beta",2000,FALSE
"BL111","DiD","BH",0.01,100,0.0168638899079745,100,0.168638899079745,0.61375,0.000210007901695955,0.999701492537313,0.000210007901695955,0.000298507462686568,0.00188871418972156,0.0188871418972156,0.00267857142857143,0.014070529413629,0.02,4.93,0.00646105691564994,100,0.0646105691564994,0.917975746268657,100,0,0,"Prop_0.10",75,0.000125,"High","Beta",2000,FALSE
"BL111","DiD","BH",0.05,100,0.0172913243850753,100,0.172913243850753,0.645,0.000586942010504026,0.998059701492537,0.000586942010504026,0.00194029850746269,0.00566898120528428,0.0566898120528428,0.0190238095238095,0.031446603773522,0.11,5.29,0.00646105691564994,100,0.0646105691564994,0.917975746268657,100,0,0,"Prop_0.10",75,0.000125,"High","Beta",2000,FALSE
"BL111","DiD","unadjusted",0.01,100,0.0173218748547855,100,0.173218748547855,0.66625,0.00098719214682968,0.994477611940298,0.00098719214682968,0.0055223880597015,0.0109040395632788,0.109040395632788,0.0603650793650794,0.0451260859854213,0.28,5.7,0.00646105691564994,100,0.0646105691564994,0.917975746268657,100,0,0,"Prop_0.10",75,0.000125,"High","Beta",2000,FALSE
"BL111","DiD","unadjusted",0.05,100,0.0154534777557505,100,0.154534777557505,0.73375,0.00217766660739125,0.966417910447761,0.00217766660739125,0.0335820895522388,0.0143001479780535,0.143001479780535,0.259592712842713,0.0301511344577764,0.9,8.12,0.00646105691564994,100,0.0646105691564994,0.917975746268657,100,0,0,"Prop_0.10",75,0.000125,"High","Beta",2000,FALSE
"BL111","MIMOSA2","BFDR",0.01,100,0.0161979547281049,100,0.161979547281049,0.595,0.000356243666531258,0.99910447761194,0.000356243666531258,0.000895522388059704,0.0032742522329554,0.032742522329554,0.00821428571428571,0.0238683256575942,0.06,4.82,0.00729618575600982,100,0.0729618575600982,0.908414179104478,100,0,0,"Prop_0.10",75,0.000125,"High","Beta",2000,FALSE
"BL111","MIMOSA2","BFDR",0.05,100,0.0169017511494872,100,0.169017511494872,0.6625,0.000835196079268177,0.995522388059702,0.000835196079268177,0.00447761194029851,0.00793902688701442,0.0793902688701442,0.0433214285714286,0.0435194139889245,0.25,5.6,0.00729618575600982,100,0.0729618575600982,0.908414179104478,100,0,0,"Prop_0.10",75,0.000125,"High","Beta",2000,FALSE
"BL112","DiD","BH",0.01,100,0.0105044962585733,100,0.105044962585733,0.609473684210526,0.000426220101028469,0.998928571428571,0.000426220101028469,0.00107142857142857,0.00177754992134413,0.0177754992134413,0.00445970695970696,0.0238683256575942,0.06,11.64,0.00408919121090372,100,0.0408919121090372,0.920126879699248,100,0,0,"Prop_0.25",75,0.000125,"High","Beta",2000,FALSE
"BL112","DiD","BH",0.05,100,0.0105096891548816,100,0.105096891548816,0.660526315789474,0.000945592690857265,0.994285714285714,0.000945592690857265,0.00571428571428573,0.00402514260753609,0.0402514260753609,0.0239704600954601,0.0456048021572069,0.29,12.87,0.00408919121090372,100,0.0408919121090372,0.920126879699248,100,0,0,"Prop_0.25",75,0.000125,"High","Beta",2000,FALSE
"BL112","DiD","unadjusted",0.01,100,0.00988631197657485,100,0.0988631197657485,0.664736842105263,0.000928231428485307,0.99375,0.000928231428485307,0.00625000000000001,0.00401735242210697,0.0401735242210697,0.0267162837162837,0.0472581562625261,0.33,12.98,0.00408919121090372,100,0.0408919121090372,0.920126879699248,100,0,0,"Prop_0.25",75,0.000125,"High","Beta",2000,FALSE
"BL112","DiD","unadjusted",0.05,100,0.00976800765408776,100,0.0976800765408776,0.742105263157895,0.00228957499978788,0.966964285714286,0.00228957499978788,0.0330357142857143,0.00713986019774814,0.0713986019774814,0.111876509197717,0.0358870281282637,0.85,15.95,0.00408919121090372,100,0.0408919121090372,0.920126879699248,100,0,0,"Prop_0.25",75,0.000125,"High","Beta",2000,FALSE
"BL112","MIMOSA2","BFDR",0.01,100,0.0107608117636027,100,0.107608117636027,0.581052631578947,0.000486892722043378,0.998571428571429,0.000486892722043378,0.00142857142857143,0.00233100644394924,0.0233100644394924,0.00677294927294927,0.0272659924344291,0.08,11.12,0.00446793567039944,100,0.0446793567039944,0.914572368421053,100,0,0,"Prop_0.25",75,0.000125,"High","Beta",2000,FALSE
"BL112","MIMOSA2","BFDR",0.05,100,0.0102803533752231,100,0.102803533752231,0.67,0.00101524150645529,0.992857142857143,0.00101524150645529,0.00714285714285716,0.00409768113877851,0.0409768113877851,0.0290578526650508,0.0482418151324422,0.36,13.13,0.00446793567039944,100,0.0446793567039944,0.914572368421053,100,0,0,"Prop_0.25",75,0.000125,"High","Beta",2000,FALSE
"BL113","DiD","BH",0.01,100,0.00668526533515012,100,0.0668526533515012,0.606052631578947,0.000380284578746728,0.999459459459459,0.000380284578746728,0.000540540540540539,0.000562821176545159,0.00562821176545159,8e-04,0.014070529413629,0.02,23.05,0.00294328210953152,100,0.0294328210953152,0.913229018492176,100,0,0,"Prop_0.50",75,0.000125,"High","Beta",2000,FALSE
"BL113","DiD","BH",0.05,100,0.00667688924962547,100,0.0667688924962547,0.667631578947368,0.00167687292658174,0.991081081081081,0.00167687292658174,0.00891891891891891,0.00228022074795486,0.0228022074795486,0.0122602932514592,0.0440844002276808,0.26,25.7,0.00294328210953152,100,0.0294328210953152,0.913229018492176,100,0,0,"Prop_0.50",75,0.000125,"High","Beta",2000,FALSE
"BL113","DiD","unadjusted",0.01,100,0.00648254732288958,100,0.0648254732288958,0.646052631578947,0.00123256222046505,0.994324324324324,0.00123256222046505,0.00567567567567567,0.00179500407314589,0.0179500407314589,0.00826921873451109,0.0394277244403663,0.19,24.76,0.00294328210953152,100,0.0294328210953152,0.913229018492176,100,0,0,"Prop_0.50",75,0.000125,"High","Beta",2000,FALSE
"BL113","DiD","unadjusted",0.05,100,0.00645009381579207,100,0.0645009381579207,0.714473684210526,0.00302476417897123,0.967567567567568,0.00302476417897123,0.0324324324324324,0.00375792632787112,0.0375792632787112,0.0414001862499319,0.0460566186471838,0.7,28.35,0.00294328210953152,100,0.0294328210953152,0.913229018492176,100,0,0,"Prop_0.50",75,0.000125,"High","Beta",2000,FALSE
"BL113","MIMOSA2","BFDR",0.01,100,0.0072189983484891,100,0.072189983484891,0.602631578947368,0.000814895525885846,0.997297297297297,0.000814895525885846,0.0027027027027027,0.00133273132655031,0.0133273132655031,0.00438811119047448,0.0301511344577764,0.1,23,0.0035883172914514,100,0.035883172914514,0.906358463726885,100,0,0,"Prop_0.50",75,0.000125,"High","Beta",2000,FALSE
"BL113","MIMOSA2","BFDR",0.05,100,0.00699937840252754,100,0.0699937840252754,0.695263157894737,0.00213468757512136,0.981621621621622,0.00213468757512136,0.0183783783783784,0.00289046785625261,0.0289046785625261,0.0246585840179114,0.0502418393795691,0.49,27.1,0.0035883172914514,100,0.035883172914514,0.906358463726885,100,0,0,"Prop_0.50",75,0.000125,"High","Beta",2000,FALSE
"BL114","DiD","BH",0.01,100,0.00582800246742017,100,0.0582800246742017,0.62375,0.00146209462664955,0.996842105263158,0.00146209462664955,0.00315789473684211,0.000779045146330721,0.00779045146330721,0.00168613167065179,0.021904291355759,0.05,34.99,0.00289422051371403,100,0.0289422051371403,0.920037593984962,100,0,0,"Prop_0.75",75,0.000125,"High","Beta",2000,FALSE
"BL114","DiD","BH",0.05,100,0.00564290166566906,100,0.0564290166566906,0.700178571428571,0.00317864879543966,0.982631578947368,0.00317864879543966,0.0173684210526316,0.00150163370385869,0.0150163370385869,0.00821398729461489,0.0446196043338474,0.27,39.54,0.00289422051371403,100,0.0289422051371403,0.920037593984962,100,0,0,"Prop_0.75",75,0.000125,"High","Beta",2000,FALSE
"BL114","DiD","unadjusted",0.01,100,0.00535037451223279,100,0.0535037451223279,0.654464285714286,0.00206974287914578,0.993157894736842,0.00206974287914578,0.0068421052631579,0.00106039420575042,0.0106039420575042,0.00354013335921231,0.031446603773522,0.11,36.78,0.00289422051371403,100,0.0289422051371403,0.920037593984962,100,0,0,"Prop_0.75",75,0.000125,"High","Beta",2000,FALSE
"BL114","DiD","unadjusted",0.05,100,0.00533835087879515,100,0.0533835087879515,0.735357142857143,0.0042973504259354,0.968421052631579,0.0042973504259354,0.0315789473684211,0.00192176349588927,0.0192176349588927,0.0141730310827833,0.0497569851956243,0.43,41.78,0.00289422051371403,100,0.0289422051371403,0.920037593984962,100,0,0,"Prop_0.75",75,0.000125,"High","Beta",2000,FALSE
"BL114","MIMOSA2","BFDR",0.01,100,0.00607757943250439,100,0.0607757943250439,0.621785714285714,0.00103655992403649,0.997894736842105,0.00103655992403649,0.00210526315789474,0.000604121775609995,0.00604121775609995,0.00122210217626177,0.0196946385566932,0.04,34.86,0.00303027346579592,100,0.0303027346579592,0.909182330827068,100,0,0,"Prop_0.75",75,0.000125,"High","Beta",2000,FALSE
"BL114","MIMOSA2","BFDR",0.05,100,0.00599688449829059,100,0.0599688449829059,0.715535714285714,0.0033866300757268,0.973157894736842,0.0033866300757268,0.0268421052631579,0.00154038644418933,0.0154038644418933,0.0123331346030329,0.0498887651569859,0.44,40.58,0.00303027346579592,100,0.0303027346579592,0.909182330827068,100,0,0,"Prop_0.75",75,0.000125,"High","Beta",2000,FALSE
"BL115","DiD","BH",0.01,100,0.00495803489576382,100,0.0495803489576382,0.634264705882353,0.00244923725711093,0.995714285714286,0.00244923725711093,0.00428571428571429,0.000396978948730581,0.00396978948730581,0.0006938518829071,0.0171446607997765,0.03,43.16,0.00316307433141068,100,0.0316307433141068,0.917678571428571,100,0,0,"Prop_0.90",75,0.000125,"High","Beta",2000,FALSE
"BL115","DiD","BH",0.05,100,0.0046966589275741,100,0.046966589275741,0.700147058823529,0.00498192982885396,0.98,0.00498192982885396,0.02,0.000718216157558719,0.00718216157558719,0.00287988623925417,0.0348735088019777,0.14,47.75,0.00316307433141068,100,0.0316307433141068,0.917678571428571,100,0,0,"Prop_0.90",75,0.000125,"High","Beta",2000,FALSE
"BL115","DiD","unadjusted",0.01,100,0.00459509652746773,100,0.0459509652746773,0.651323529411765,0.00244923725711093,0.995714285714286,0.00244923725711093,0.00428571428571429,0.000373913642477363,0.00373913642477363,0.000653576582148011,0.0171446607997765,0.03,44.32,0.00316307433141068,100,0.0316307433141068,0.917678571428571,100,0,0,"Prop_0.90",75,0.000125,"High","Beta",2000,FALSE
"BL115","DiD","unadjusted",0.05,100,0.004369949388282,100,0.04369949388282,0.726617647058823,0.00551604170950528,0.974285714285714,0.00551604170950528,0.0257142857142857,0.000763651371077133,0.00763651371077133,0.00355427898317578,0.0386122919665369,0.18,49.59,0.00316307433141068,100,0.0316307433141068,0.917678571428571,100,0,0,"Prop_0.90",75,0.000125,"High","Beta",2000,FALSE
"BL115","MIMOSA2","BFDR",0.01,100,0.00508420153409005,100,0.0508420153409005,0.626911764705882,0.00373023548476495,0.992857142857143,0.00373023548476495,0.00714285714285714,0.000564707169693408,0.00564707169693408,0.00110260770975057,0.0196946385566932,0.04,42.68,0.00360221230163882,100,0.0360221230163882,0.906838235294118,100,0,0,"Prop_0.90",75,0.000125,"High","Beta",2000,FALSE
"BL115","MIMOSA2","BFDR",0.05,100,0.00504382509731622,100,0.0504382509731622,0.724852941176471,0.00714285714285714,0.964285714285714,0.00714285714285714,0.0357142857142857,0.000988607666742592,0.00988607666742592,0.00499732678317754,0.0416333199893227,0.22,49.54,0.00360221230163882,100,0.0360221230163882,0.906838235294118,100,0,0,"Prop_0.90",75,0.000125,"High","Beta",2000,FALSE
"BL116","DiD","BH",0.01,100,0.0162356385644655,100,0.162356385644655,0.548,0.000156339215706988,0.999777777777778,0.000156339215706988,0.000222222222222221,0.00199372378490354,0.0199372378490354,0.00277777777777778,0.014070529413629,0.02,5.5,0.00476699576876609,100,0.0476699576876609,0.920055555555556,100,0,0,"Prop_0.10",100,0.000125,"High","Beta",2000,FALSE
"BL116","DiD","BH",0.05,100,0.0155647880249821,100,0.155647880249821,0.596,0.000395762565788959,0.998666666666667,0.000395762565788959,0.00133333333333333,0.0052294614519495,0.052294614519495,0.0167619047619048,0.031446603773522,0.11,6.08,0.00476699576876609,100,0.0476699576876609,0.920055555555556,100,0,0,"Prop_0.10",100,0.000125,"High","Beta",2000,FALSE
"BL116","DiD","unadjusted",0.01,100,0.0143209953945565,100,0.143209953945565,0.636,0.000812976193107719,0.994444444444444,0.000812976193107719,0.00555555555555555,0.00980831944263534,0.0980831944263534,0.0661309523809524,0.0487831731214563,0.38,6.86,0.00476699576876609,100,0.0476699576876609,0.920055555555556,100,0,0,"Prop_0.10",100,0.000125,"High","Beta",2000,FALSE
"BL116","DiD","unadjusted",0.05,100,0.0126794194176104,100,0.126794194176104,0.722,0.00181344000698535,0.969222222222222,0.00181344000698535,0.0307777777777778,0.0119409264167696,0.119409264167696,0.264833000333,0.0171446607997765,0.97,9.99,0.00476699576876609,100,0.0476699576876609,0.920055555555556,100,0,0,"Prop_0.10",100,0.000125,"High","Beta",2000,FALSE
"BL116","MIMOSA2","BFDR",0.01,100,0.0140255898883851,100,0.140255898883851,0.545,0.000111111111111111,0.999888888888889,0.000111111111111111,0.000111111111111111,0.00111111111111111,0.0111111111111111,0.00111111111111111,0.01,0.01,5.46,0.00513279315108858,100,0.0513279315108858,0.9169,100,0,0,"Prop_0.10",100,0.000125,"High","Beta",2000,FALSE
"BL116","MIMOSA2","BFDR",0.05,100,0.0146045516635373,100,0.146045516635373,0.622,0.000655347224786631,0.996222222222222,0.000655347224786631,0.00377777777777777,0.00762742808832862,0.0762742808832862,0.0451280663780664,0.0456048021572069,0.29,6.56,0.00513279315108858,100,0.0513279315108858,0.9169,100,0,0,"Prop_0.10",100,0.000125,"High","Beta",2000,FALSE
"BL117","DiD","BH",0.01,100,0.00843839230223771,100,0.0843839230223771,0.5916,0.00040997659455243,0.998933333333333,0.00040997659455243,0.00106666666666666,0.00172676773626552,0.0172676773626552,0.00464520202020202,0.0256432399976243,0.07,14.87,0.00313341796862556,100,0.0313341796862556,0.919810666666667,100,0,0,"Prop_0.25",100,0.000125,"High","Beta",2000,FALSE
"BL117","DiD","BH",0.05,100,0.0085888346594914,100,0.085888346594914,0.6536,0.000904509217644347,0.994933333333333,0.000904509217644347,0.00506666666666666,0.00366064559718448,0.0366064559718448,0.0213863687033865,0.0451260859854213,0.28,16.72,0.00313341796862556,100,0.0313341796862556,0.919810666666667,100,0,0,"Prop_0.25",100,0.000125,"High","Beta",2000,FALSE
"BL117","DiD","unadjusted",0.01,100,0.00812985519271687,100,0.0812985519271687,0.6608,0.000971051242867155,0.994266666666667,0.000971051242867155,0.00573333333333332,0.00401786528056902,0.0401786528056902,0.0242128981680738,0.0460566186471838,0.3,16.95,0.00313341796862556,100,0.0313341796862556,0.919810666666667,100,0,0,"Prop_0.25",100,0.000125,"High","Beta",2000,FALSE
"BL117","DiD","unadjusted",0.05,100,0.00792653133406404,100,0.0792653133406404,0.7272,0.00187007865178469,0.968666666666667,0.00187007865178469,0.0313333333333333,0.00616481022307314,0.0616481022307314,0.110986020686387,0.031446603773522,0.89,20.53,0.00313341796862556,100,0.0313341796862556,0.919810666666667,100,0,0,"Prop_0.25",100,0.000125,"High","Beta",2000,FALSE
"BL117","MIMOSA2","BFDR",0.01,100,0.0101109801301318,100,0.101109801301318,0.5952,0.000262595180755909,0.999466666666667,0.000262595180755909,0.000533333333333332,0.00120202591942499,0.0120202591942499,0.00243545751633987,0.0196946385566932,0.04,14.92,0.00346465287274491,100,0.0346465287274491,0.917826666666667,100,0,0,"Prop_0.25",100,0.000125,"High","Beta",2000,FALSE
"BL117","MIMOSA2","BFDR",0.05,100,0.00935374391634308,100,0.0935374391634308,0.6832,0.000851327609144699,0.992266666666667,0.000851327609144699,0.00773333333333332,0.00342196255646099,0.0342196255646099,0.0318727343478824,0.0502518907629606,0.5,17.66,0.00346465287274491,100,0.0346465287274491,0.917826666666667,100,0,0,"Prop_0.25",100,0.000125,"High","Beta",2000,FALSE
"BL118","DiD","BH",0.01,100,0.00709804354890995,100,0.0709804354890995,0.6104,0.000512864799952486,0.9986,0.000512864799952486,0.0014,0.000862806802330701,0.00862806802330701,0.00232707668848973,0.0256432399976243,0.07,30.59,0.00257827187445115,100,0.0257827187445115,0.91917,100,0,0,"Prop_0.50",100,0.000125,"High","Beta",2000,FALSE
"BL118","DiD","BH",0.05,100,0.00663799896829084,100,0.0663799896829084,0.6776,0.00161044570027535,0.9882,0.00161044570027535,0.0118,0.00221284615865007,0.0221284615865007,0.0164885590997727,0.0497569851956243,0.43,34.47,0.00257827187445115,100,0.0257827187445115,0.91917,100,0,0,"Prop_0.50",100,0.000125,"High","Beta",2000,FALSE
"BL118","DiD","unadjusted",0.01,100,0.00674316713646511,100,0.0674316713646511,0.6538,0.00102966111910765,0.9952,0.00102966111910765,0.0048,0.0015248191196385,0.015248191196385,0.00710281441721816,0.0402015126103685,0.2,32.93,0.00257827187445115,100,0.0257827187445115,0.91917,100,0,0,"Prop_0.50",100,0.000125,"High","Beta",2000,FALSE
"BL118","DiD","unadjusted",0.05,100,0.00598351270094952,100,0.0598351270094952,0.7266,0.0025377155080899,0.9662,0.0025377155080899,0.0338,0.00315808740658111,0.0315808740658111,0.0435346850433331,0.0386122919665369,0.82,38.02,0.00257827187445115,100,0.0257827187445115,0.91917,100,0,0,"Prop_0.50",100,0.000125,"High","Beta",2000,FALSE
"BL118","MIMOSA2","BFDR",0.01,100,0.00683673972745856,100,0.0683673972745856,0.6092,0.000675995337979263,0.9974,0.000675995337979263,0.0026,0.00112040664993465,0.0112040664993465,0.00427180540306075,0.0337997668989631,0.13,30.59,0.00314806812011571,100,0.0314806812011571,0.910538,100,0,0,"Prop_0.50",100,0.000125,"High","Beta",2000,FALSE
"BL118","MIMOSA2","BFDR",0.05,100,0.00655617528315361,100,0.0655617528315361,0.6992,0.0019275776393068,0.9796,0.0019275776393068,0.0204,0.00256594698267055,0.0256594698267055,0.0274728090392231,0.0476095228569523,0.66,35.98,0.00314806812011571,100,0.0314806812011571,0.910538,100,0,0,"Prop_0.50",100,0.000125,"High","Beta",2000,FALSE
"BL119","DiD","BH",0.01,100,0.00567616949290923,100,0.0567616949290923,0.627866666666667,4e-04,0.9996,4e-04,4e-04,0.000172413793103448,0.00172413793103448,0.000172413793103448,0.01,0.01,47.1,0.00239201981906815,100,0.0239201981906815,0.922845333333333,100,0,0,"Prop_0.75",100,0.000125,"High","Beta",2000,FALSE
"BL119","DiD","BH",0.05,100,0.00567498300427106,100,0.0567498300427106,0.695466666666667,0.00273724775139651,0.9832,0.00273724775139651,0.0168,0.00126395664908518,0.0126395664908518,0.00780859563153306,0.0472581562625261,0.33,52.58,0.00239201981906815,100,0.0239201981906815,0.922845333333333,100,0,0,"Prop_0.75",100,0.000125,"High","Beta",2000,FALSE
"BL119","DiD","unadjusted",0.01,100,0.00530639662274176,100,0.0530639662274176,0.6552,0.00138038202880744,0.9956,0.00138038202880744,0.0044,0.000690000995835088,0.00690000995835088,0.00221516699631003,0.0301511344577764,0.1,49.25,0.00239201981906815,100,0.0239201981906815,0.922845333333333,100,0,0,"Prop_0.75",100,0.000125,"High","Beta",2000,FALSE
"BL119","DiD","unadjusted",0.05,100,0.00490172786137052,100,0.0490172786137052,0.728,0.00384150643851754,0.9652,0.00384150643851754,0.0348,0.00169138973016788,0.0169138973016788,0.0155359945835967,0.0497569851956243,0.57,55.47,0.00239201981906815,100,0.0239201981906815,0.922845333333333,100,0,0,"Prop_0.75",100,0.000125,"High","Beta",2000,FALSE
"BL119","MIMOSA2","BFDR",0.01,100,0.0054545813691298,100,0.054545813691298,0.6328,0.00102572959990497,0.9972,0.00102572959990497,0.0028,0.00056792402520987,0.0056792402520987,0.0015453883879133,0.0256432399976243,0.07,47.53,0.00243796274171004,100,0.0243796274171004,0.914597333333333,100,0,0,"Prop_0.75",100,0.000125,"High","Beta",2000,FALSE
"BL119","MIMOSA2","BFDR",0.05,100,0.0052144321867585,100,0.052144321867585,0.723733333333333,0.00308138759245725,0.97,0.00308138759245725,0.03,0.0013920813700089,0.013920813700089,0.0135343402916777,0.0497569851956243,0.57,55.03,0.00243796274171004,100,0.0243796274171004,0.914597333333333,100,0,0,"Prop_0.75",100,0.000125,"High","Beta",2000,FALSE
"BL120","DiD","BH",0.01,100,0.00549950399649888,100,0.0549950399649888,0.626333333333333,0.0014070529413629,0.998,0.0014070529413629,0.002,0.000258207670976941,0.00258207670976941,0.000367003367003367,0.014070529413629,0.02,56.39,0.00297681337717516,100,0.0297681337717516,0.916922222222222,100,0,0,"Prop_0.90",100,0.000125,"High","Beta",2000,FALSE
"BL120","DiD","BH",0.05,100,0.00565826493635957,100,0.0565826493635957,0.699111111111111,0.00427702341505506,0.983,0.00427702341505506,0.017,0.000689251527731958,0.00689251527731958,0.00272117468209497,0.0358870281282637,0.15,63.09,0.00297681337717516,100,0.0297681337717516,0.916922222222222,100,0,0,"Prop_0.90",100,0.000125,"High","Beta",2000,FALSE
"BL120","DiD","unadjusted",0.01,100,0.00538369414192451,100,0.0538369414192451,0.647111111111111,0.00238683256575942,0.994,0.00238683256575942,0.006,0.000417997883999197,0.00417997883999197,0.00105034726314218,0.0238683256575942,0.06,58.3,0.00297681337717516,100,0.0297681337717516,0.916922222222222,100,0,0,"Prop_0.90",100,0.000125,"High","Beta",2000,FALSE
"BL120","DiD","unadjusted",0.05,100,0.00490035386614763,100,0.0490035386614763,0.722888888888889,0.00519809599951771,0.975,0.00519809599951771,0.025,0.000787247956040652,0.00787247956040652,0.00380025107101837,0.0409360180740332,0.21,65.31,0.00297681337717516,100,0.0297681337717516,0.916922222222222,100,0,0,"Prop_0.90",100,0.000125,"High","Beta",2000,FALSE
"BL120","MIMOSA2","BFDR",0.01,100,0.00593319209405786,100,0.0593319209405786,0.628111111111111,0.0021904291355759,0.995,0.0021904291355759,0.005,0.000382173166732826,0.00382173166732826,0.000869877346499205,0.021904291355759,0.05,56.58,0.00289235412261704,100,0.0289235412261704,0.908772222222222,100,0,0,"Prop_0.90",100,0.000125,"High","Beta",2000,FALSE
"BL120","MIMOSA2","BFDR",0.05,100,0.00571462507677021,100,0.0571462507677021,0.724222222222222,0.00518252697615611,0.971,0.00518252697615611,0.029,0.000785523355055874,0.00785523355055874,0.00434249812735671,0.0440844002276808,0.26,65.47,0.00289235412261704,100,0.0289235412261704,0.908772222222222,100,0,0,"Prop_0.90",100,0.000125,"High","Beta",2000,FALSE
"BL121","DiD","BH",0.01,100,0.0502418393795691,100,0.502418393795691,0.49,0,1,0,0,0,0,0,0,0,0.49,0.0180647261524763,100,0.180647261524763,0.913888888888889,100,0,0,"Prop_0.10",10,6.25e-05,"High","Beta",2000,FALSE
"BL121","DiD","BH",0.05,100,0.0498887651569859,100,0.498887651569859,0.56,0.00376382184848003,0.991111111111111,0.00376382184848003,0.00888888888888889,0.0174681046520417,0.174681046520417,0.0416666666666667,0.0238683256575942,0.06,0.64,0.0180647261524763,100,0.180647261524763,0.913888888888889,100,0,0,"Prop_0.10",10,6.25e-05,"High","Beta",2000,FALSE
"BL121","DiD","unadjusted",0.01,100,0.0490207130000197,100,0.490207130000197,0.61,0.00341647162127026,0.991111111111111,0.00341647162127026,0.00888888888888889,0.0194624736040381,0.194624736040381,0.05,0.0256432399976243,0.07,0.69,0.0180647261524763,100,0.180647261524763,0.913888888888889,100,0,0,"Prop_0.10",10,6.25e-05,"High","Beta",2000,FALSE
"BL121","DiD","unadjusted",0.05,100,0.0456048021572069,100,0.456048021572069,0.71,0.00636033976572034,0.962222222222222,0.00636033976572034,0.0377777777777778,0.0321350265700829,0.321350265700829,0.19,0.0456048021572069,0.29,1.05,0.0180647261524763,100,0.180647261524763,0.913888888888889,100,0,0,"Prop_0.10",10,6.25e-05,"High","Beta",2000,FALSE
"BL121","MIMOSA2","BFDR",0.01,97,0.0510066240852144,97,0.502356987564945,0.484536082474227,0.00196324587640351,0.996563573883162,0.00196324587640351,0.00343642611683849,0.0153200640035455,0.150885131885335,0.0257731958762887,0.0176692128876316,0.0309278350515464,0.515463917525773,0.0229051816744602,97,0.225589877236064,0.88717067583047,100,0.03,0.017058722109232,"Prop_0.10",10,6.25e-05,"High","Beta",2000,TRUE
"BL121","MIMOSA2","BFDR",0.05,97,0.0508109040639905,97,0.500429368906947,0.54639175257732,0.0027317846546877,0.993127147766323,0.0027317846546877,0.00687285223367698,0.0151017146316555,0.148734639970478,0.0360824742268041,0.0245860618921893,0.0618556701030928,0.608247422680412,0.0229051816744602,97,0.225589877236064,0.88717067583047,100,0.03,0.017058722109232,"Prop_0.10",10,6.25e-05,"High","Beta",2000,TRUE
"BL122","DiD","BH",0.01,100,0.0289335319393019,100,0.289335319393019,0.57,0,1,0,0,0,0,0,0,0,1.71,0.0109004982307234,100,0.109004982307234,0.889523809523809,100,0,0,"Prop_0.25",10,6.25e-05,"High","Beta",2000,FALSE
"BL122","DiD","BH",0.05,100,0.0277777777777778,100,0.277777777777778,0.616666666666667,0.00396854255804878,0.991428571428571,0.00396854255804878,0.00857142857142857,0.00895179759236546,0.0895179759236546,0.02,0.021904291355759,0.05,1.91,0.0109004982307234,100,0.109004982307234,0.889523809523809,100,0,0,"Prop_0.25",10,6.25e-05,"High","Beta",2000,FALSE
"BL122","DiD","unadjusted",0.01,100,0.0272247988885686,100,0.272247988885686,0.62,0.00281351979381332,0.994285714285714,0.00281351979381332,0.00571428571428572,0.00752660824341427,0.0752660824341427,0.015,0.0196946385566932,0.04,1.9,0.0109004982307234,100,0.109004982307234,0.889523809523809,100,0,0,"Prop_0.25",10,6.25e-05,"High","Beta",2000,FALSE
"BL122","DiD","unadjusted",0.05,100,0.025478584127817,100,0.25478584127817,0.68,0.00762986245432668,0.965714285714286,0.00762986245432668,0.0342857142857143,0.0152649165332692,0.152649165332692,0.0725,0.0402015126103685,0.2,2.28,0.0109004982307234,100,0.109004982307234,0.889523809523809,100,0,0,"Prop_0.25",10,6.25e-05,"High","Beta",2000,FALSE
"BL122","MIMOSA2","BFDR",0.01,100,0.0301436888138901,100,0.301436888138901,0.506666666666667,0.00142857142857143,0.998571428571429,0.00142857142857143,0.00142857142857143,0.00333333333333333,0.0333333333333333,0.00333333333333333,0.01,0.01,1.53,0.0125290610211862,100,0.125290610211862,0.873571428571429,100,0,0,"Prop_0.25",10,6.25e-05,"High","Beta",2000,FALSE
"BL122","MIMOSA2","BFDR",0.05,100,0.0312766160503345,100,0.312766160503345,0.593333333333333,0.00340976080822774,0.991428571428571,0.00340976080822774,0.00857142857142857,0.00735694088086748,0.0735694088086748,0.0183333333333333,0.0238683256575942,0.06,1.84,0.0125290610211862,100,0.125290610211862,0.873571428571429,100,0,0,"Prop_0.25",10,6.25e-05,"High","Beta",2000,FALSE
"BL123","DiD","BH",0.01,100,0.0245944889942623,100,0.245944889942623,0.546,0,1,0,0,0,0,0,0,0,2.73,0.00993099423344141,100,0.0993099423344141,0.9104,100,0,0,"Prop_0.50",10,6.25e-05,"High","Beta",2000,FALSE
"BL123","DiD","BH",0.05,100,0.0244569297774969,100,0.244569297774969,0.628,0.00477366513151884,0.988,0.00477366513151884,0.012,0.00487702301976867,0.0487702301976867,0.0121666666666667,0.0238683256575942,0.06,3.2,0.00993099423344141,100,0.0993099423344141,0.9104,100,0,0,"Prop_0.50",10,6.25e-05,"High","Beta",2000,FALSE
"BL123","DiD","unadjusted",0.01,100,0.0236096196795743,100,0.236096196795743,0.604,0.00281410588272579,0.996,0.00281410588272579,0.004,0.00318574793400073,0.0318574793400073,0.0045,0.014070529413629,0.02,3.04,0.00993099423344141,100,0.0993099423344141,0.9104,100,0,0,"Prop_0.50",10,6.25e-05,"High","Beta",2000,FALSE
"BL123","DiD","unadjusted",0.05,100,0.0211306661159806,100,0.211306661159806,0.686,0.00771984194112545,0.97,0.00771984194112545,0.03,0.00924505813328216,0.0924505813328216,0.0348333333333333,0.0348735088019777,0.14,3.58,0.00993099423344141,100,0.0993099423344141,0.9104,100,0,0,"Prop_0.50",10,6.25e-05,"High","Beta",2000,FALSE
"BL123","MIMOSA2","BFDR",0.01,100,0.0235273320530687,100,0.235273320530687,0.5,0,1,0,0,0,0,0,0,0,2.5,0.0114595291387041,100,0.114595291387041,0.8818,100,0,0,"Prop_0.50",10,6.25e-05,"High","Beta",2000,FALSE
"BL123","MIMOSA2","BFDR",0.05,100,0.0239561889685941,100,0.239561889685941,0.572,0.00393892771133865,0.992,0.00393892771133865,0.008,0.00672055242638765,0.0672055242638765,0.0128333333333333,0.0196946385566932,0.04,2.9,0.0114595291387041,100,0.114595291387041,0.8818,100,0,0,"Prop_0.50",10,6.25e-05,"High","Beta",2000,FALSE
"BL124","DiD","BH",0.01,100,0.0167497927018681,100,0.167497927018681,0.585,0.005,0.995,0.005,0.005,0.00166666666666667,0.0166666666666667,0.00166666666666667,0.01,0.01,4.69,0.00936447220330461,100,0.0936447220330461,0.915625,100,0,0,"Prop_0.75",10,6.25e-05,"High","Beta",2000,FALSE
"BL124","DiD","BH",0.05,100,0.0173800906356972,100,0.173800906356972,0.66375,0.00984731927834662,0.98,0.00984731927834662,0.02,0.00290250288679552,0.0290250288679552,0.00583333333333333,0.0196946385566932,0.04,5.35,0.00936447220330461,100,0.0936447220330461,0.915625,100,0,0,"Prop_0.75",10,6.25e-05,"High","Beta",2000,FALSE
"BL124","DiD","unadjusted",0.01,100,0.0157809140253265,100,0.157809140253265,0.61125,0.005,0.995,0.005,0.005,0.00166666666666667,0.0166666666666667,0.00166666666666667,0.01,0.01,4.9,0.00936447220330461,100,0.0936447220330461,0.915625,100,0,0,"Prop_0.75",10,6.25e-05,"High","Beta",2000,FALSE
"BL124","DiD","unadjusted",0.05,100,0.0162037999035143,100,0.162037999035143,0.6975,0.0109521456778795,0.975,0.0109521456778795,0.025,0.00338844108953473,0.0338844108953473,0.0075952380952381,0.021904291355759,0.05,5.63,0.00936447220330461,100,0.0936447220330461,0.915625,100,0,0,"Prop_0.75",10,6.25e-05,"High","Beta",2000,FALSE
"BL124","MIMOSA2","BFDR",0.01,100,0.0193530953074643,100,0.193530953074643,0.54625,0.005,0.995,0.005,0.005,0.00166666666666667,0.0166666666666667,0.00166666666666667,0.01,0.01,4.38,0.00987707552347681,100,0.0987707552347681,0.9059375,100,0,0,"Prop_0.75",10,6.25e-05,"High","Beta",2000,FALSE
"BL124","MIMOSA2","BFDR",0.05,100,0.0189546907922631,100,0.189546907922631,0.6175,0.00703526470681448,0.99,0.00703526470681448,0.01,0.00188871418972156,0.0188871418972156,0.00267857142857143,0.014070529413629,0.02,4.96,0.00987707552347681,100,0.0987707552347681,0.9059375,100,0,0,"Prop_0.75",10,6.25e-05,"High","Beta",2000,FALSE
"BL125","DiD","BH",0.01,100,0.0165525460698404,100,0.165525460698404,0.641111111111111,0,1,0,0,0,0,0,0,0,5.77,0.0105378195847717,100,0.105378195847717,0.921666666666667,100,0,0,"Prop_0.90",10,6.25e-05,"High","Beta",2000,FALSE
"BL125","DiD","BH",0.05,100,0.0154348370185677,100,0.154348370185677,0.706666666666667,0.01,0.99,0.01,0.01,0.00125,0.0125,0.00125,0.01,0.01,6.37,0.0105378195847717,100,0.105378195847717,0.921666666666667,100,0,0,"Prop_0.90",10,6.25e-05,"High","Beta",2000,FALSE
"BL125","DiD","unadjusted",0.01,100,0.0153842580560343,100,0.153842580560343,0.654444444444444,0,1,0,0,0,0,0,0,0,5.89,0.0105378195847717,100,0.105378195847717,0.921666666666667,100,0,0,"Prop_0.90",10,6.25e-05,"High","Beta",2000,FALSE
"BL125","DiD","unadjusted",0.05,100,0.0143230676921263,100,0.143230676921263,0.73,0.01,0.99,0.01,0.01,0.00125,0.0125,0.00125,0.01,0.01,6.58,0.0105378195847717,100,0.105378195847717,0.921666666666667,100,0,0,"Prop_0.90",10,6.25e-05,"High","Beta",2000,FALSE
"BL125","MIMOSA2","BFDR",0.01,100,0.0168708037140307,100,0.168708037140307,0.582222222222222,0.01,0.99,0.01,0.01,0.00125,0.0125,0.00125,0.01,0.01,5.25,0.0140779500245022,100,0.140779500245022,0.873888888888889,100,0,0,"Prop_0.90",10,6.25e-05,"High","Beta",2000,FALSE
"BL125","MIMOSA2","BFDR",0.05,100,0.0168412109816988,100,0.168412109816988,0.648888888888889,0.01,0.99,0.01,0.01,0.00111111111111111,0.0111111111111111,0.00111111111111111,0.01,0.01,5.85,0.0140779500245022,100,0.140779500245022,0.873888888888889,100,0,0,"Prop_0.90",10,6.25e-05,"High","Beta",2000,FALSE
"BL126","DiD","BH",0.01,100,0.0355334527259351,100,0.355334527259351,0.5,0,1,0,0,0,0,0,0,0,1,0.0110352347521775,100,0.110352347521775,0.921111111111111,100,0,0,"Prop_0.10",20,6.25e-05,"High","Beta",2000,FALSE
"BL126","DiD","BH",0.05,100,0.0361639085668057,100,0.361639085668057,0.555,0.00109414658648296,0.997777777777778,0.00109414658648296,0.00222222222222222,0.00656487951889775,0.0656487951889775,0.0133333333333333,0.0196946385566932,0.04,1.15,0.0110352347521775,100,0.110352347521775,0.921111111111111,100,0,0,"Prop_0.10",20,6.25e-05,"High","Beta",2000,FALSE
"BL126","DiD","unadjusted",0.01,100,0.0360239819110447,100,0.360239819110447,0.595,0.00142462444431246,0.996111111111111,0.00142462444431246,0.00388888888888889,0.0160412977131912,0.160412977131912,0.0383333333333333,0.0256432399976243,0.07,1.26,0.0110352347521775,100,0.110352347521775,0.921111111111111,100,0,0,"Prop_0.10",20,6.25e-05,"High","Beta",2000,FALSE
"BL126","DiD","unadjusted",0.05,100,0.0309773459094862,100,0.309773459094862,0.7,0.00466451502960427,0.966111111111111,0.00466451502960427,0.0338888888888889,0.0293154406708887,0.293154406708887,0.224333333333333,0.0498887651569859,0.44,2.01,0.0110352347521775,100,0.110352347521775,0.921111111111111,100,0,0,"Prop_0.10",20,6.25e-05,"High","Beta",2000,FALSE
"BL126","MIMOSA2","BFDR",0.01,100,0.0340676688460784,100,0.340676688460784,0.49,0,1,0,0,0,0,0,0,0,0.98,0.0139320597298193,100,0.139320597298193,0.901944444444444,100,0,0,"Prop_0.10",20,6.25e-05,"High","Beta",2000,FALSE
"BL126","MIMOSA2","BFDR",0.05,100,0.0366907634318519,100,0.366907634318519,0.565,0.00132601809208857,0.996666666666667,0.00132601809208857,0.00333333333333333,0.0094815077861588,0.094815077861588,0.0233333333333333,0.0238683256575942,0.06,1.19,0.0139320597298193,100,0.139320597298193,0.901944444444444,100,0,0,"Prop_0.10",20,6.25e-05,"High","Beta",2000,FALSE
"BL127","DiD","BH",0.01,100,0.0228972231565932,100,0.228972231565932,0.536,0.00114297738665177,0.998,0.00114297738665177,0.002,0.00507231653800592,0.0507231653800592,0.00866666666666667,0.0171446607997765,0.03,2.71,0.00783755098147408,100,0.0783755098147409,0.913133333333333,100,0,0,"Prop_0.25",20,6.25e-05,"High","Beta",2000,FALSE
"BL127","DiD","BH",0.05,100,0.0221026073693864,100,0.221026073693864,0.606,0.00237457539473376,0.992,0.00237457539473376,0.008,0.00766284123562985,0.0766284123562985,0.0258333333333333,0.031446603773522,0.11,3.15,0.00783755098147408,100,0.0783755098147409,0.913133333333333,100,0,0,"Prop_0.25",20,6.25e-05,"High","Beta",2000,FALSE
"BL127","DiD","unadjusted",0.01,100,0.021078017655435,100,0.21078017655435,0.604,0.00237457539473376,0.992,0.00237457539473376,0.008,0.00766284123562985,0.0766284123562985,0.0258333333333333,0.031446603773522,0.11,3.14,0.00783755098147408,100,0.0783755098147409,0.913133333333333,100,0,0,"Prop_0.25",20,6.25e-05,"High","Beta",2000,FALSE
"BL127","DiD","unadjusted",0.05,100,0.0188947109268732,100,0.188947109268732,0.684,0.00531773814182361,0.967333333333333,0.00531773814182361,0.0326666666666667,0.015128271871466,0.15128271871466,0.1,0.0479372485441102,0.35,3.91,0.00783755098147408,100,0.0783755098147409,0.913133333333333,100,0,0,"Prop_0.25",20,6.25e-05,"High","Beta",2000,FALSE
"BL127","MIMOSA2","BFDR",0.01,100,0.0231804515342849,100,0.231804515342849,0.498,0.000666666666666667,0.999333333333333,0.000666666666666667,0.000666666666666667,0.00333333333333333,0.0333333333333333,0.00333333333333333,0.01,0.01,2.5,0.00924715141019885,100,0.0924715141019885,0.9042,100,0,0,"Prop_0.25",20,6.25e-05,"High","Beta",2000,FALSE
"BL127","MIMOSA2","BFDR",0.05,100,0.0215968572348905,100,0.215968572348905,0.568,0.00181773282896194,0.994666666666667,0.00181773282896194,0.00533333333333333,0.00617587355290036,0.0617587355290036,0.018,0.0272659924344291,0.08,2.92,0.00924715141019885,100,0.0924715141019885,0.9042,100,0,0,"Prop_0.25",20,6.25e-05,"High","Beta",2000,FALSE
"BL128","DiD","BH",0.01,100,0.0163286944556588,100,0.163286944556588,0.602,0.001,0.999,0.001,0.001,0.00111111111111111,0.0111111111111111,0.00111111111111111,0.01,0.01,6.03,0.00522362542936059,100,0.0522362542936059,0.9204,100,0,0,"Prop_0.50",20,6.25e-05,"High","Beta",2000,FALSE
"BL128","DiD","BH",0.05,100,0.0146073179390926,100,0.146073179390926,0.674,0.00427702341505506,0.983,0.00427702341505506,0.017,0.00506855412942496,0.0506855412942496,0.0200010822510823,0.0358870281282637,0.15,6.91,0.00522362542936059,100,0.0522362542936059,0.9204,100,0,0,"Prop_0.50",20,6.25e-05,"High","Beta",2000,FALSE
"BL128","DiD","unadjusted",0.01,100,0.0145293155413808,100,0.145293155413808,0.651,0.0021904291355759,0.995,0.0021904291355759,0.005,0.00302641928757191,0.0302641928757191,0.00665079365079365,0.021904291355759,0.05,6.56,0.00522362542936059,100,0.0522362542936059,0.9204,100,0,0,"Prop_0.50",20,6.25e-05,"High","Beta",2000,FALSE
"BL128","DiD","unadjusted",0.05,100,0.0128938948829485,100,0.128938948829485,0.721,0.00635641726163728,0.96,0.00635641726163728,0.04,0.00758983195960059,0.0758983195960059,0.0479621212121212,0.0468826172262151,0.32,7.61,0.00522362542936059,100,0.0522362542936059,0.9204,100,0,0,"Prop_0.50",20,6.25e-05,"High","Beta",2000,FALSE
"BL128","MIMOSA2","BFDR",0.01,100,0.0155293791299464,100,0.155293791299464,0.565,0.001,0.999,0.001,0.001,0.00125,0.0125,0.00125,0.01,0.01,5.66,0.00561242083924287,100,0.0561242083924287,0.90615,100,0,0,"Prop_0.50",20,6.25e-05,"High","Beta",2000,FALSE
"BL128","MIMOSA2","BFDR",0.05,100,0.0153514385862259,100,0.153514385862259,0.637,0.00362371537669739,0.99,0.00362371537669739,0.01,0.00423387199435233,0.0423387199435233,0.0121349206349206,0.0272659924344291,0.08,6.47,0.00561242083924287,100,0.0561242083924287,0.90615,100,0,0,"Prop_0.50",20,6.25e-05,"High","Beta",2000,FALSE
"BL129","DiD","BH",0.01,100,0.0120820241947273,100,0.120820241947273,0.585333333333333,0,1,0,0,0,0,0,0,0,8.78,0.00560663387732278,100,0.0560663387732278,0.914666666666667,100,0,0,"Prop_0.75",20,6.25e-05,"High","Beta",2000,FALSE
"BL129","DiD","BH",0.05,100,0.0120341825157153,100,0.120341825157153,0.652666666666667,0.00393892771133865,0.992,0.00393892771133865,0.008,0.00184796730625386,0.0184796730625386,0.00374242424242424,0.0196946385566932,0.04,9.83,0.00560663387732278,100,0.0560663387732278,0.914666666666667,100,0,0,"Prop_0.75",20,6.25e-05,"High","Beta",2000,FALSE
"BL129","DiD","unadjusted",0.01,100,0.0118112731252607,100,0.118112731252607,0.616666666666667,0.00281410588272579,0.996,0.00281410588272579,0.004,0.0014070529413629,0.014070529413629,0.002,0.014070529413629,0.02,9.27,0.00560663387732278,100,0.0560663387732278,0.914666666666667,100,0,0,"Prop_0.75",20,6.25e-05,"High","Beta",2000,FALSE
"BL129","DiD","unadjusted",0.05,100,0.0112378628880033,100,0.112378628880033,0.691333333333333,0.00545319848688581,0.984,0.00545319848688581,0.016,0.00242579315359873,0.0242579315359873,0.00708741258741259,0.0272659924344291,0.08,10.45,0.00560663387732278,100,0.0560663387732278,0.914666666666667,100,0,0,"Prop_0.75",20,6.25e-05,"High","Beta",2000,FALSE
"BL129","MIMOSA2","BFDR",0.01,100,0.0133082255181598,100,0.133082255181598,0.538,0.00281410588272579,0.996,0.00281410588272579,0.004,0.00127913903760263,0.0127913903760263,0.00181818181818182,0.014070529413629,0.02,8.09,0.00696432789831125,100,0.0696432789831125,0.8826,100,0,0,"Prop_0.75",20,6.25e-05,"High","Beta",2000,FALSE
"BL129","MIMOSA2","BFDR",0.05,100,0.0131657822658267,100,0.131657822658267,0.622,0.00512864799952485,0.986,0.00512864799952485,0.014,0.00228026465876357,0.0228026465876357,0.00618997668997669,0.0256432399976243,0.07,9.4,0.00696432789831125,100,0.0696432789831125,0.8826,100,0,0,"Prop_0.75",20,6.25e-05,"High","Beta",2000,FALSE
"BL130","DiD","BH",0.01,100,0.0108054188693573,100,0.108054188693573,0.607222222222222,0,1,0,0,0,0,0,0,0,10.93,0.0071604862683307,100,0.071604862683307,0.912361111111111,100,0,0,"Prop_0.90",20,6.25e-05,"High","Beta",2000,FALSE
"BL130","DiD","BH",0.05,100,0.00998439985322008,100,0.0998439985322008,0.684444444444444,0.00857233039988826,0.985,0.00857233039988826,0.015,0.00126301326924124,0.0126301326924124,0.0022051282051282,0.0171446607997765,0.03,12.35,0.0071604862683307,100,0.071604862683307,0.912361111111111,100,0,0,"Prop_0.90",20,6.25e-05,"High","Beta",2000,FALSE
"BL130","DiD","unadjusted",0.01,100,0.0102157484502387,100,0.102157484502387,0.630555555555556,0,1,0,0,0,0,0,0,0,11.35,0.0071604862683307,100,0.071604862683307,0.912361111111111,100,0,0,"Prop_0.90",20,6.25e-05,"High","Beta",2000,FALSE
"BL130","DiD","unadjusted",0.05,100,0.00948808166740766,100,0.0948808166740766,0.712222222222222,0.0109521456778795,0.975,0.0109521456778795,0.025,0.00156950028151027,0.0156950028151027,0.00357875457875458,0.021904291355759,0.05,12.87,0.0071604862683307,100,0.071604862683307,0.912361111111111,100,0,0,"Prop_0.90",20,6.25e-05,"High","Beta",2000,FALSE
"BL130","MIMOSA2","BFDR",0.01,100,0.0103565323739811,100,0.103565323739811,0.563333333333333,0,1,0,0,0,0,0,0,0,10.14,0.00752013342859608,100,0.0752013342859608,0.896944444444444,100,0,0,"Prop_0.90",20,6.25e-05,"High","Beta",2000,FALSE
"BL130","MIMOSA2","BFDR",0.05,100,0.0106638370732503,100,0.106638370732503,0.656666666666667,0.0119341628287971,0.97,0.0119341628287971,0.03,0.00203744551221224,0.0203744551221224,0.00508008658008658,0.0238683256575942,0.06,11.88,0.00752013342859608,100,0.0752013342859608,0.896944444444444,100,0,0,"Prop_0.90",20,6.25e-05,"High","Beta",2000,FALSE
"BL131","DiD","BH",0.01,100,0.0320913398991186,100,0.320913398991186,0.56,0.000634987437028761,0.998888888888889,0.000634987437028761,0.00111111111111111,0.00607195906348905,0.0607195906348905,0.01,0.0171446607997765,0.03,1.71,0.0105341518889113,100,0.105341518889113,0.918950617283951,100,0,0,"Prop_0.10",30,6.25e-05,"High","Beta",2000,FALSE
"BL131","DiD","BH",0.05,100,0.0319142369252113,100,0.319142369252113,0.616666666666667,0.00111670868362135,0.996296296296296,0.00111670868362135,0.00370370370370371,0.0091267880648996,0.091267880648996,0.0291666666666667,0.0301511344577764,0.1,1.95,0.0105341518889113,100,0.105341518889113,0.918950617283951,100,0,0,"Prop_0.10",30,6.25e-05,"High","Beta",2000,FALSE
"BL131","DiD","unadjusted",0.01,100,0.0298969423268305,100,0.298969423268305,0.646666666666667,0.00166469101842776,0.992592592592593,0.00166469101842776,0.00740740740740742,0.0148342412615109,0.148342412615109,0.0641666666666667,0.0386122919665369,0.18,2.14,0.0105341518889113,100,0.105341518889113,0.918950617283951,100,0,0,"Prop_0.10",30,6.25e-05,"High","Beta",2000,FALSE
"BL131","DiD","unadjusted",0.05,100,0.0269242608982275,100,0.269242608982275,0.736666666666667,0.0036613742712006,0.964814814814815,0.0036613742712006,0.0351851851851852,0.0234589930444102,0.234589930444102,0.243666666666667,0.0492365963917331,0.6,3.16,0.0105341518889113,100,0.105341518889113,0.918950617283951,100,0,0,"Prop_0.10",30,6.25e-05,"High","Beta",2000,FALSE
"BL131","MIMOSA2","BFDR",0.01,100,0.0286156463993952,100,0.286156463993952,0.493333333333333,0.000370370370370371,0.99962962962963,0.000370370370370371,0.000370370370370371,0.00333333333333333,0.0333333333333333,0.00333333333333333,0.01,0.01,1.49,0.0124407983027414,100,0.124407983027414,0.908148148148148,100,0,0,"Prop_0.10",30,6.25e-05,"High","Beta",2000,FALSE
"BL131","MIMOSA2","BFDR",0.05,100,0.0306513649425194,100,0.306513649425194,0.576666666666667,0.00163572305675144,0.995185185185185,0.00163572305675144,0.00481481481481482,0.0117110746937505,0.117110746937505,0.0366666666666667,0.0301511344577764,0.1,1.86,0.0124407983027414,100,0.124407983027414,0.908148148148148,100,0,0,"Prop_0.10",30,6.25e-05,"High","Beta",2000,FALSE
"BL132","DiD","BH",0.01,100,0.018074533538276,100,0.18074533538276,0.56125,0.000779302763626205,0.998636363636364,0.000779302763626205,0.00136363636363636,0.00280405083493921,0.0280405083493921,0.00477777777777778,0.0171446607997765,0.03,4.52,0.00670124398780689,100,0.0670124398780689,0.909517045454545,100,0,0,"Prop_0.25",30,6.25e-05,"High","Beta",2000,FALSE
"BL132","DiD","BH",0.05,100,0.0183862013202809,100,0.183862013202809,0.61375,0.00123936329247405,0.996363636363636,0.00123936329247405,0.00363636363636363,0.005531699622251,0.05531699622251,0.0154444444444444,0.0272659924344291,0.08,4.99,0.00670124398780689,100,0.0670124398780689,0.909517045454545,100,0,0,"Prop_0.25",30,6.25e-05,"High","Beta",2000,FALSE
"BL132","DiD","unadjusted",0.01,100,0.0177382768229179,100,0.177382768229179,0.615,0.00130737950574846,0.995909090909091,0.00130737950574846,0.00409090909090909,0.00600580371508449,0.0600580371508449,0.0179444444444444,0.0287623491264661,0.09,5.01,0.00670124398780689,100,0.0670124398780689,0.909517045454545,100,0,0,"Prop_0.25",30,6.25e-05,"High","Beta",2000,FALSE
"BL132","DiD","unadjusted",0.05,100,0.0169944101029566,100,0.169944101029566,0.68625,0.00341864287768343,0.972727272727273,0.00341864287768343,0.0272727272727273,0.0109457502174014,0.109457502174014,0.0905169552669553,0.0501613558046592,0.47,6.09,0.00670124398780689,100,0.0670124398780689,0.909517045454545,100,0,0,"Prop_0.25",30,6.25e-05,"High","Beta",2000,FALSE
"BL132","MIMOSA2","BFDR",0.01,100,0.0175571757179769,100,0.175571757179769,0.51625,0,1,0,0,0,0,0,0,0,4.13,0.0079918300692735,100,0.079918300692735,0.892414772727273,100,0,0,"Prop_0.25",30,6.25e-05,"High","Beta",2000,FALSE
"BL132","MIMOSA2","BFDR",0.05,100,0.017012974104453,100,0.17012974104453,0.60125,0.00148453923805041,0.994545454545455,0.00148453923805041,0.00545454545454545,0.00554437444211461,0.0554437444211461,0.0198095238095238,0.032659863237109,0.12,4.93,0.0079918300692735,100,0.079918300692735,0.892414772727273,100,0,0,"Prop_0.25",30,6.25e-05,"High","Beta",2000,FALSE
"BL133","DiD","BH",0.01,100,0.0137340459427421,100,0.137340459427421,0.581333333333333,0.000666666666666667,0.999333333333333,0.000666666666666667,0.000666666666666667,0.000909090909090909,0.00909090909090909,0.000909090909090909,0.01,0.01,8.73,0.00542800881637891,100,0.054280088163789,0.909844444444444,100,0,0,"Prop_0.50",30,6.25e-05,"High","Beta",2000,FALSE
"BL133","DiD","BH",0.05,100,0.0138038202880744,100,0.138038202880744,0.644,0.00217732421580727,0.992,0.00217732421580727,0.008,0.00312807465687884,0.0312807465687884,0.0113380230880231,0.032659863237109,0.12,9.78,0.00542800881637891,100,0.054280088163789,0.909844444444444,100,0,0,"Prop_0.50",30,6.25e-05,"High","Beta",2000,FALSE
"BL133","DiD","unadjusted",0.01,100,0.0126907444379094,100,0.126907444379094,0.623333333333333,0.00159122171050628,0.996,0.00159122171050628,0.004,0.00247576615060526,0.0247576615060526,0.00617929292929293,0.0238683256575942,0.06,9.41,0.00542800881637891,100,0.054280088163789,0.909844444444444,100,0,0,"Prop_0.50",30,6.25e-05,"High","Beta",2000,FALSE
"BL133","DiD","unadjusted",0.05,100,0.0124061459733657,100,0.124061459733657,0.702666666666667,0.00478306026977836,0.968,0.00478306026977836,0.032,0.00647953649489389,0.0647953649489389,0.0420043012543013,0.048523658709391,0.37,11.02,0.00542800881637891,100,0.054280088163789,0.909844444444444,100,0,0,"Prop_0.50",30,6.25e-05,"High","Beta",2000,FALSE
"BL133","MIMOSA2","BFDR",0.01,100,0.0138711401745445,100,0.138711401745445,0.547333333333333,0.00146028609038394,0.996666666666667,0.00146028609038394,0.00333333333333333,0.00394072693568631,0.0394072693568631,0.00771464646464646,0.021904291355759,0.05,8.26,0.00688796344386644,100,0.0688796344386644,0.893688888888889,100,0,0,"Prop_0.50",30,6.25e-05,"High","Beta",2000,FALSE
"BL133","MIMOSA2","BFDR",0.05,100,0.0138698455304766,100,0.138698455304766,0.628666666666667,0.00274301479959494,0.988,0.00274301479959494,0.012,0.0045537210521479,0.045537210521479,0.0193382450882451,0.0377525168068637,0.17,9.61,0.00688796344386644,100,0.0688796344386644,0.893688888888889,100,0,0,"Prop_0.50",30,6.25e-05,"High","Beta",2000,FALSE
"BL134","DiD","BH",0.01,100,0.00862277320996434,100,0.0862277320996434,0.595217391304348,0.00244923725711093,0.995714285714286,0.00244923725711093,0.00428571428571429,0.00111968754409814,0.0111968754409814,0.00195833333333333,0.0171446607997765,0.03,13.72,0.00506098872208196,100,0.0506098872208196,0.909751552795031,100,0,0,"Prop_0.75",30,6.25e-05,"High","Beta",2000,FALSE
"BL134","DiD","BH",0.05,100,0.00897657765317303,100,0.0897657765317303,0.669565217391304,0.00508837584585805,0.982857142857143,0.00508837584585805,0.0171428571428571,0.00222238015014298,0.0222238015014298,0.00751716747304983,0.031446603773522,0.11,15.52,0.00506098872208196,100,0.0506098872208196,0.909751552795031,100,0,0,"Prop_0.75",30,6.25e-05,"High","Beta",2000,FALSE
"BL134","DiD","unadjusted",0.01,100,0.00805216803208888,100,0.0805216803208888,0.625217391304348,0.00396854255804878,0.991428571428571,0.00396854255804878,0.00857142857142857,0.00183910331940699,0.0183910331940699,0.00406944444444444,0.021904291355759,0.05,14.44,0.00506098872208196,100,0.0506098872208196,0.909751552795031,100,0,0,"Prop_0.75",30,6.25e-05,"High","Beta",2000,FALSE
"BL134","DiD","unadjusted",0.05,100,0.0083616120977404,100,0.083616120977404,0.707826086956522,0.0069096116719407,0.968571428571429,0.0069096116719407,0.0314285714285714,0.00283800185321215,0.0283800185321215,0.0130599169492358,0.0394277244403663,0.19,16.5,0.00506098872208196,100,0.0506098872208196,0.909751552795031,100,0,0,"Prop_0.75",30,6.25e-05,"High","Beta",2000,FALSE
"BL134","MIMOSA2","BFDR",0.01,100,0.0103410369553221,100,0.103410369553221,0.559130434782609,0.00201007563051842,0.997142857142857,0.00201007563051842,0.00285714285714286,0.00113904285729377,0.0113904285729377,0.00155555555555556,0.014070529413629,0.02,12.88,0.00554369024323598,100,0.0554369024323598,0.893975155279503,100,0,0,"Prop_0.75",30,6.25e-05,"High","Beta",2000,FALSE
"BL134","MIMOSA2","BFDR",0.05,100,0.0106409870183169,100,0.106409870183169,0.647826086956522,0.00637422919054963,0.967142857142857,0.00637422919054963,0.0328571428571429,0.00272105918065382,0.0272105918065382,0.0140819072568299,0.0416333199893227,0.22,15.13,0.00554369024323598,100,0.0554369024323598,0.893975155279503,100,0,0,"Prop_0.75",30,6.25e-05,"High","Beta",2000,FALSE
"BL135","DiD","BH",0.01,100,0.00975258917029309,100,0.097525891702931,0.605185185185185,0,1,0,0,0,0,0,0,0,16.34,0.00514614247802525,100,0.0514614247802525,0.916296296296296,100,0,0,"Prop_0.90",30,6.25e-05,"High","Beta",2000,FALSE
"BL135","DiD","BH",0.05,100,0.00887227216022561,100,0.0887227216022562,0.672962962962963,0.0079561085525314,0.98,0.0079561085525314,0.02,0.00126522326062317,0.0126522326062317,0.00317261290481105,0.0238683256575942,0.06,18.23,0.00514614247802525,100,0.0514614247802525,0.916296296296296,100,0,0,"Prop_0.90",30,6.25e-05,"High","Beta",2000,FALSE
"BL135","DiD","unadjusted",0.01,100,0.00917726508880834,100,0.0917726508880834,0.628148148148148,0.00571488693325884,0.99,0.00571488693325884,0.01,0.00106878158900288,0.0106878158900288,0.00183365653953889,0.0171446607997765,0.03,16.99,0.00514614247802525,100,0.0514614247802525,0.916296296296296,100,0,0,"Prop_0.90",30,6.25e-05,"High","Beta",2000,FALSE
"BL135","DiD","unadjusted",0.05,100,0.00789491891245701,100,0.0789491891245701,0.705185185185185,0.00958744970882205,0.97,0.00958744970882205,0.03,0.00146062939840805,0.0146062939840805,0.00454390959282264,0.0287623491264661,0.09,19.13,0.00514614247802525,100,0.0514614247802525,0.916296296296296,100,0,0,"Prop_0.90",30,6.25e-05,"High","Beta",2000,FALSE
"BL135","MIMOSA2","BFDR",0.01,100,0.00927279220543019,100,0.0927279220543019,0.56,0,1,0,0,0,0,0,0,0,15.12,0.00572836764832121,100,0.0572836764832121,0.900864197530864,100,0,0,"Prop_0.90",30,6.25e-05,"High","Beta",2000,FALSE
"BL135","MIMOSA2","BFDR",0.05,100,0.0090443445889112,100,0.090443445889112,0.651111111111111,0.0079561085525314,0.98,0.0079561085525314,0.02,0.0014655572455557,0.014655572455557,0.00354695698402792,0.0238683256575942,0.06,17.64,0.00572836764832121,100,0.0572836764832121,0.900864197530864,100,0,0,"Prop_0.90",30,6.25e-05,"High","Beta",2000,FALSE
"BL136","DiD","BH",0.01,100,0.0206353624106334,100,0.206353624106334,0.538,0.000312678431413978,0.999555555555556,0.000312678431413978,0.000444444444444445,0.00318574793400073,0.0318574793400073,0.0045,0.014070529413629,0.02,2.71,0.00805117191767981,100,0.0805117191767981,0.907911111111111,100,0,0,"Prop_0.10",50,6.25e-05,"High","Beta",2000,FALSE
"BL136","DiD","BH",0.05,100,0.0208854499640783,100,0.208854499640783,0.596,0.000639163313921471,0.998,0.000639163313921471,0.002,0.00685188825179157,0.0685188825179157,0.021,0.0287623491264661,0.09,3.07,0.00805117191767981,100,0.0805117191767981,0.907911111111111,100,0,0,"Prop_0.10",50,6.25e-05,"High","Beta",2000,FALSE
"BL136","DiD","unadjusted",0.01,100,0.0197724428169484,100,0.197724428169484,0.636,0.00121079238796705,0.993111111111111,0.00121079238796705,0.00688888888888889,0.0138967149668073,0.138967149668073,0.0758333333333333,0.0446196043338474,0.27,3.49,0.00805117191767981,100,0.0805117191767981,0.907911111111111,100,0,0,"Prop_0.10",50,6.25e-05,"High","Beta",2000,FALSE
"BL136","DiD","unadjusted",0.05,100,0.0185047086554812,100,0.185047086554812,0.71,0.00297128461038986,0.966444444444444,0.00297128461038986,0.0335555555555556,0.0188324892325576,0.188324892325576,0.263730158730159,0.0429234695990928,0.76,5.06,0.00805117191767981,100,0.0805117191767981,0.907911111111111,100,0,0,"Prop_0.10",50,6.25e-05,"High","Beta",2000,FALSE
"BL136","MIMOSA2","BFDR",0.01,100,0.0209819547288241,100,0.209819547288241,0.504,0.000380992462217257,0.999333333333333,0.000380992462217257,0.000666666666666668,0.00645008025946463,0.0645008025946463,0.0108333333333333,0.0171446607997765,0.03,2.55,0.00906716950257232,100,0.0906716950257232,0.890977777777778,100,0,0,"Prop_0.10",50,6.25e-05,"High","Beta",2000,FALSE
"BL136","MIMOSA2","BFDR",0.05,100,0.0213966862345126,100,0.213966862345126,0.574,0.00108015231267672,0.995777777777778,0.00108015231267672,0.00422222222222223,0.0111183183695649,0.111183183695649,0.0455,0.0368452949177471,0.16,3.06,0.00906716950257232,100,0.0906716950257232,0.890977777777778,100,0,0,"Prop_0.10",50,6.25e-05,"High","Beta",2000,FALSE
"BL137","DiD","BH",0.01,100,0.0154071319298172,100,0.154071319298172,0.555384615384615,0.00064508988263768,0.998378378378378,0.00064508988263768,0.00162162162162162,0.00286728669632116,0.0286728669632116,0.0070479797979798,0.0238683256575942,0.06,7.28,0.00479236854838968,100,0.0479236854838968,0.915602910602911,100,0,0,"Prop_0.25",50,6.25e-05,"High","Beta",2000,FALSE
"BL137","DiD","BH",0.05,100,0.0145498058460719,100,0.145498058460719,0.622307692307692,0.00121811057613226,0.995405405405405,0.00121811057613226,0.00459459459459459,0.0049219092555562,0.049219092555562,0.0190717893217893,0.0348735088019777,0.14,8.26,0.00479236854838968,100,0.0479236854838968,0.915602910602911,100,0,0,"Prop_0.25",50,6.25e-05,"High","Beta",2000,FALSE
"BL137","DiD","unadjusted",0.01,100,0.0140441681411581,100,0.140441681411581,0.630769230769231,0.00125627891543711,0.994864864864865,0.00125627891543711,0.00513513513513513,0.00520863503579064,0.0520863503579064,0.0218495670995671,0.0368452949177471,0.16,8.39,0.00479236854838968,100,0.0479236854838968,0.915602910602911,100,0,0,"Prop_0.25",50,6.25e-05,"High","Beta",2000,FALSE
"BL137","DiD","unadjusted",0.05,100,0.0127997500872142,100,0.127997500872142,0.705384615384615,0.00292102127502044,0.971351351351351,0.00292102127502044,0.0286486486486486,0.00902157628762401,0.0902157628762401,0.0945859557109557,0.0476095228569523,0.66,10.23,0.00479236854838968,100,0.0479236854838968,0.915602910602911,100,0,0,"Prop_0.25",50,6.25e-05,"High","Beta",2000,FALSE
"BL137","MIMOSA2","BFDR",0.01,100,0.014175273466902,100,0.14175273466902,0.531538461538462,0.00027027027027027,0.99972972972973,0.00027027027027027,0.00027027027027027,0.002,0.02,0.002,0.01,0.01,6.92,0.00597698680568285,100,0.0597698680568285,0.904864864864865,100,0,0,"Prop_0.25",50,6.25e-05,"High","Beta",2000,FALSE
"BL137","MIMOSA2","BFDR",0.05,100,0.0138849495339758,100,0.138849495339758,0.624615384615385,0.00128099687443192,0.993513513513514,0.00128099687443192,0.00648648648648648,0.00528342203500602,0.0528342203500602,0.0266608946608947,0.0416333199893227,0.22,8.36,0.00597698680568285,100,0.0597698680568285,0.904864864864865,100,0,0,"Prop_0.25",50,6.25e-05,"High","Beta",2000,FALSE
"BL138","DiD","BH",0.01,100,0.00920702410821721,100,0.0920702410821721,0.6028,0.00078778554226773,0.9984,0.00078778554226773,0.0016,0.00133571835299157,0.0133571835299157,0.00268055555555556,0.0196946385566932,0.04,15.11,0.00330449234475822,100,0.0330449234475822,0.914352,100,0,0,"Prop_0.50",50,6.25e-05,"High","Beta",2000,FALSE
"BL138","DiD","BH",0.05,100,0.00917184977432733,100,0.0917184977432733,0.6628,0.0022077915287326,0.9888,0.0022077915287326,0.0112,0.00294994902566978,0.0294994902566978,0.0152895947361892,0.0422952584681651,0.23,16.85,0.00330449234475822,100,0.0330449234475822,0.914352,100,0,0,"Prop_0.50",50,6.25e-05,"High","Beta",2000,FALSE
"BL138","DiD","unadjusted",0.01,100,0.00883070858659791,100,0.0883070858659791,0.6428,0.00146666666666667,0.9948,0.00146666666666667,0.0052,0.00212816814531777,0.0212816814531777,0.00759169747521141,0.032659863237109,0.12,16.2,0.00330449234475822,100,0.0330449234475822,0.914352,100,0,0,"Prop_0.50",50,6.25e-05,"High","Beta",2000,FALSE
"BL138","DiD","unadjusted",0.05,100,0.00775910022899797,100,0.0775910022899797,0.7172,0.00353133162281639,0.9688,0.00353133162281639,0.0312,0.00441114402769212,0.0441114402769212,0.0401010658961595,0.0501613558046592,0.53,18.71,0.00330449234475822,100,0.0330449234475822,0.914352,100,0,0,"Prop_0.50",50,6.25e-05,"High","Beta",2000,FALSE
"BL138","MIMOSA2","BFDR",0.01,100,0.00969848473013213,100,0.0969848473013213,0.56,0.00102572959990497,0.9972,0.00102572959990497,0.0028,0.00188303993270564,0.0188303993270564,0.0049681656063235,0.0256432399976243,0.07,14.07,0.00371962296340624,100,0.0371962296340624,0.899136,100,0,0,"Prop_0.50",50,6.25e-05,"High","Beta",2000,FALSE
"BL138","MIMOSA2","BFDR",0.05,100,0.00931244415616095,100,0.0931244415616095,0.6484,0.00228088233857519,0.9836,0.00228088233857519,0.0164,0.00324139786371138,0.0324139786371138,0.0236767470145953,0.048523658709391,0.37,16.62,0.00371962296340624,100,0.0371962296340624,0.899136,100,0,0,"Prop_0.50",50,6.25e-05,"High","Beta",2000,FALSE
"BL139","DiD","BH",0.01,100,0.00836052811048692,100,0.0836052811048692,0.598421052631579,0.00117254411780241,0.998333333333333,0.00117254411780241,0.00166666666666667,0.000521130719023295,0.00521130719023295,0.000740740740740741,0.014070529413629,0.02,22.76,0.00323386058924165,100,0.0323386058924165,0.918585526315789,100,0,0,"Prop_0.75",50,6.25e-05,"High","Beta",2000,FALSE
"BL139","DiD","BH",0.05,100,0.00857432940617878,100,0.0857432940617878,0.671052631578947,0.00311016399724946,0.990833333333333,0.00311016399724946,0.00916666666666667,0.00132721586437482,0.0132721586437482,0.00393728835124831,0.0287623491264661,0.09,25.61,0.00323386058924165,100,0.0323386058924165,0.918585526315789,100,0,0,"Prop_0.75",50,6.25e-05,"High","Beta",2000,FALSE
"BL139","DiD","unadjusted",0.01,100,0.00759560901131917,100,0.0759560901131917,0.626842105263158,0.00164121987972444,0.996666666666667,0.00164121987972444,0.00333333333333333,0.000750908694943454,0.00750908694943454,0.00151943869335174,0.0196946385566932,0.04,23.86,0.00323386058924165,100,0.0323386058924165,0.918585526315789,100,0,0,"Prop_0.75",50,6.25e-05,"High","Beta",2000,FALSE
"BL139","DiD","unadjusted",0.05,100,0.00716916545506805,100,0.0716916545506805,0.706578947368421,0.00471999353230549,0.973333333333333,0.00471999353230549,0.0266666666666667,0.00199637943396239,0.0199637943396239,0.0114405371749586,0.0446196043338474,0.27,27.17,0.00323386058924165,100,0.0323386058924165,0.918585526315789,100,0,0,"Prop_0.75",50,6.25e-05,"High","Beta",2000,FALSE
"BL139","MIMOSA2","BFDR",0.01,100,0.0082718710516617,100,0.082718710516617,0.571578947368421,0.000833333333333334,0.999166666666667,0.000833333333333334,0.000833333333333334,0.00037037037037037,0.0037037037037037,0.00037037037037037,0.01,0.01,21.73,0.00342979974728301,100,0.0342979974728301,0.905921052631579,100,0,0,"Prop_0.75",50,6.25e-05,"High","Beta",2000,FALSE
"BL139","MIMOSA2","BFDR",0.05,100,0.0081007585679214,100,0.081007585679214,0.662368421052632,0.00341133483950277,0.9825,0.00341133483950277,0.0175,0.00152950872670496,0.0152950872670496,0.00779313816938472,0.0409360180740332,0.21,25.38,0.00342979974728301,100,0.0342979974728301,0.905921052631579,100,0,0,"Prop_0.75",50,6.25e-05,"High","Beta",2000,FALSE
"BL140","DiD","BH",0.01,100,0.0071754594178762,100,0.071754594178762,0.598,0,1,0,0,0,0,0,0,0,26.91,0.00425044381242346,100,0.0425044381242346,0.9124,100,0,0,"Prop_0.90",50,6.25e-05,"High","Beta",2000,FALSE
"BL140","DiD","BH",0.05,100,0.00651392553216824,100,0.0651392553216824,0.676444444444444,0.00603022689155527,0.98,0.00603022689155527,0.02,0.000967060473924751,0.00967060473924751,0.00319938409600534,0.0301511344577764,0.1,30.54,0.00425044381242346,100,0.0425044381242346,0.9124,100,0,0,"Prop_0.90",50,6.25e-05,"High","Beta",2000,FALSE
"BL140","DiD","unadjusted",0.01,100,0.00686920180284112,100,0.0686920180284112,0.621777777777778,0,1,0,0,0,0,0,0,0,27.98,0.00425044381242346,100,0.0425044381242346,0.9124,100,0,0,"Prop_0.90",50,6.25e-05,"High","Beta",2000,FALSE
"BL140","DiD","unadjusted",0.05,100,0.00617631776302548,100,0.0617631776302548,0.707777777777778,0.00771984194112545,0.97,0.00771984194112545,0.03,0.00120117814100825,0.0120117814100825,0.00460195942232355,0.0348735088019777,0.14,32,0.00425044381242346,100,0.0425044381242346,0.9124,100,0,0,"Prop_0.90",50,6.25e-05,"High","Beta",2000,FALSE
"BL140","MIMOSA2","BFDR",0.01,100,0.00734149122815311,100,0.0734149122815311,0.576222222222222,0.00438085827115181,0.99,0.00438085827115181,0.01,0.000850966194180336,0.00850966194180336,0.00194088319088319,0.021904291355759,0.05,25.98,0.00454470306794707,100,0.0454470306794707,0.891511111111111,100,0,0,"Prop_0.90",50,6.25e-05,"High","Beta",2000,FALSE
"BL140","MIMOSA2","BFDR",0.05,100,0.0073455667780427,100,0.073455667780427,0.671777777777778,0.00717740562565273,0.97,0.00717740562565273,0.03,0.00116255305405335,0.0116255305405335,0.00483632485762712,0.0358870281282637,0.15,30.38,0.00454470306794707,100,0.0454470306794707,0.891511111111111,100,0,0,"Prop_0.90",50,6.25e-05,"High","Beta",2000,FALSE
"BL141","DiD","BH",0.01,100,0.017560771105455,100,0.17560771105455,0.52375,0.000210007901695955,0.999701492537313,0.000210007901695955,0.000298507462686568,0.00414641543296869,0.0414641543296869,0.00583333333333333,0.014070529413629,0.02,4.21,0.00583368614218254,100,0.0583368614218254,0.908498134328358,100,0,0,"Prop_0.10",75,6.25e-05,"High","Beta",2000,FALSE
"BL141","DiD","BH",0.05,100,0.0186250042370004,100,0.186250042370004,0.57625,0.000429288792932332,0.99865671641791,0.000429288792932332,0.00134328358208956,0.00664007744738683,0.0664007744738683,0.0198333333333333,0.0287623491264661,0.09,4.7,0.00583368614218254,100,0.0583368614218254,0.908498134328358,100,0,0,"Prop_0.10",75,6.25e-05,"High","Beta",2000,FALSE
"BL141","DiD","unadjusted",0.01,100,0.0170759407508123,100,0.170759407508123,0.60625,0.000785061384978086,0.995373134328358,0.000785061384978086,0.0046268656716418,0.0107706730858696,0.107706730858696,0.0613373015873016,0.0451260859854213,0.28,5.16,0.00583368614218254,100,0.0583368614218254,0.908498134328358,100,0,0,"Prop_0.10",75,6.25e-05,"High","Beta",2000,FALSE
"BL141","DiD","unadjusted",0.05,100,0.015531411638185,100,0.15531411638185,0.6925,0.00201231327523947,0.969850746268657,0.00201231327523947,0.0301492537313433,0.0149869541838457,0.149869541838457,0.25137518037518,0.0348735088019777,0.86,7.56,0.00583368614218254,100,0.0583368614218254,0.908498134328358,100,0,0,"Prop_0.10",75,6.25e-05,"High","Beta",2000,FALSE
"BL141","MIMOSA2","BFDR",0.01,100,0.0156185592786081,100,0.156185592786081,0.515,0.000326929721727748,0.999253731343284,0.000326929721727748,0.00074626865671642,0.00447935983173539,0.0447935983173539,0.00944047619047619,0.021904291355759,0.05,4.17,0.00659722436136311,100,0.0659722436136311,0.900205223880597,100,0,0,"Prop_0.10",75,6.25e-05,"High","Beta",2000,FALSE
"BL141","MIMOSA2","BFDR",0.05,100,0.015085509637069,100,0.15085509637069,0.57375,0.000656606764141458,0.996716417910448,0.000656606764141458,0.00328358208955225,0.00819117598831539,0.0819117598831539,0.039952380952381,0.0409360180740332,0.21,4.81,0.00659722436136311,100,0.0659722436136311,0.900205223880597,100,0,0,"Prop_0.10",75,6.25e-05,"High","Beta",2000,FALSE
"BL142","DiD","BH",0.01,100,0.0116353562898149,100,0.116353562898149,0.581052631578947,0.000306154657138867,0.999464285714286,0.000306154657138867,0.000535714285714287,0.00123096891566295,0.0123096891566295,0.00215018315018315,0.0171446607997765,0.03,11.07,0.0043265062450045,100,0.043265062450045,0.911104323308271,100,0,0,"Prop_0.25",75,6.25e-05,"High","Beta",2000,FALSE
"BL142","DiD","BH",0.05,100,0.0117658065397641,100,0.117658065397641,0.639473684210526,0.000972958168902094,0.994464285714286,0.000972958168902094,0.0055357142857143,0.00386362391798905,0.0386362391798905,0.0228924280054311,0.0451260859854213,0.28,12.46,0.0043265062450045,100,0.043265062450045,0.911104323308271,100,0,0,"Prop_0.25",75,6.25e-05,"High","Beta",2000,FALSE
"BL142","DiD","unadjusted",0.01,100,0.0114340163627097,100,0.114340163627097,0.645263157894737,0.00112137089584317,0.993571428571429,0.00112137089584317,0.00642857142857144,0.00483998540421431,0.0483998540421431,0.0269709328339359,0.0460566186471838,0.3,12.62,0.0043265062450045,100,0.043265062450045,0.911104323308271,100,0,0,"Prop_0.25",75,6.25e-05,"High","Beta",2000,FALSE
"BL142","DiD","unadjusted",0.05,100,0.0101334170539999,100,0.101334170539999,0.711052631578947,0.00254285825753498,0.96875,0.00254285825753498,0.03125,0.00872205290580269,0.0872205290580269,0.110712675783109,0.0402015126103685,0.8,15.26,0.0043265062450045,100,0.043265062450045,0.911104323308271,100,0,0,"Prop_0.25",75,6.25e-05,"High","Beta",2000,FALSE
"BL142","MIMOSA2","BFDR",0.01,100,0.0101219514867384,100,0.101219514867384,0.541052631578947,0.000306154657138867,0.999464285714286,0.000306154657138867,0.000535714285714287,0.00135124970155249,0.0135124970155249,0.00234498834498834,0.0171446607997765,0.03,10.31,0.00437640472063147,100,0.0437640472063147,0.898463345864662,100,0,0,"Prop_0.25",75,6.25e-05,"High","Beta",2000,FALSE
"BL142","MIMOSA2","BFDR",0.05,100,0.00984660889093283,100,0.0984660889093283,0.627894736842105,0.000910008426908186,0.995178571428571,0.000910008426908186,0.00482142857142858,0.00394575155190301,0.0394575155190301,0.0212619349604644,0.0429234695990928,0.24,12.2,0.00437640472063147,100,0.0437640472063147,0.898463345864662,100,0,0,"Prop_0.25",75,6.25e-05,"High","Beta",2000,FALSE
"BL143","DiD","BH",0.01,100,0.00992416472961117,100,0.0992416472961117,0.579473684210526,0.000380284578746728,0.999459459459459,0.000380284578746728,0.000540540540540539,0.000600307100022037,0.00600307100022037,0.000846560846560846,0.014070529413629,0.02,22.04,0.00315354356825855,100,0.0315354356825855,0.916411806543385,100,0,0,"Prop_0.50",75,6.25e-05,"High","Beta",2000,FALSE
"BL143","DiD","BH",0.05,100,0.00892102165885797,100,0.0892102165885797,0.650789473684211,0.00156135154722915,0.99027027027027,0.00156135154722915,0.00972972972972972,0.00214324622802756,0.0214324622802756,0.013419814340446,0.0464823198711732,0.31,25.09,0.00315354356825855,100,0.0315354356825855,0.916411806543385,100,0,0,"Prop_0.50",75,6.25e-05,"High","Beta",2000,FALSE
"BL143","DiD","unadjusted",0.01,100,0.00855435920881631,100,0.0855435920881631,0.627105263157895,0.000849908210095188,0.997027027027027,0.000849908210095188,0.00297297297297297,0.00125023851847109,0.0125023851847109,0.00431598464523695,0.031446603773522,0.11,23.94,0.00315354356825855,100,0.0315354356825855,0.916411806543385,100,0,0,"Prop_0.50",75,6.25e-05,"High","Beta",2000,FALSE
"BL143","DiD","unadjusted",0.05,100,0.00750364825414356,100,0.0750364825414356,0.711315789473684,0.0026718136573626,0.971621621621622,0.0026718136573626,0.0283783783783784,0.00338423451579335,0.0338423451579335,0.0367253293598555,0.0476095228569523,0.66,28.08,0.00315354356825855,100,0.0315354356825855,0.916411806543385,100,0,0,"Prop_0.50",75,6.25e-05,"High","Beta",2000,FALSE
"BL143","MIMOSA2","BFDR",0.01,100,0.0079698710754496,100,0.079698710754496,0.548947368421053,0.000532287528559276,0.998918918918919,0.000532287528559276,0.00108108108108108,0.000864393384098476,0.00864393384098476,0.00175013392404697,0.0196946385566932,0.04,20.9,0.0035092997844954,100,0.035092997844954,0.90099573257468,100,0,0,"Prop_0.50",75,6.25e-05,"High","Beta",2000,FALSE
"BL143","MIMOSA2","BFDR",0.05,100,0.0072903032326038,100,0.072903032326038,0.641842105263158,0.00177103127730722,0.988378378378378,0.00177103127730722,0.0116216216216216,0.00256766273088957,0.0256766273088957,0.0166547410089373,0.0482418151324422,0.36,24.82,0.0035092997844954,100,0.035092997844954,0.90099573257468,100,0,0,"Prop_0.50",75,6.25e-05,"High","Beta",2000,FALSE
"BL144","DiD","BH",0.01,100,0.00740413201480089,100,0.0740413201480089,0.603571428571429,0.00165508440913274,0.994210526315789,0.00165508440913274,0.00578947368421053,0.000987253798811736,0.00987253798811736,0.00341492005536123,0.031446603773522,0.11,33.91,0.003155854791599,100,0.0315585479159899,0.914544172932331,100,0,0,"Prop_0.75",75,6.25e-05,"High","Beta",2000,FALSE
"BL144","DiD","BH",0.05,100,0.00699946253495153,100,0.0699946253495153,0.672142857142857,0.00317864879543966,0.982631578947368,0.00317864879543966,0.0173684210526316,0.00161329730406263,0.0161329730406263,0.00867341627088214,0.0446196043338474,0.27,37.97,0.003155854791599,100,0.0315585479159899,0.914544172932331,100,0,0,"Prop_0.75",75,6.25e-05,"High","Beta",2000,FALSE
"BL144","DiD","unadjusted",0.01,100,0.00681989946068751,100,0.0681989946068751,0.632142857142857,0.00212312992653912,0.991052631578947,0.00212312992653912,0.00894736842105264,0.0011536509021432,0.011536509021432,0.00492858399168192,0.0368452949177471,0.16,35.57,0.003155854791599,100,0.0315585479159899,0.914544172932331,100,0,0,"Prop_0.75",75,6.25e-05,"High","Beta",2000,FALSE
"BL144","DiD","unadjusted",0.05,100,0.00598182651917145,100,0.0598182651917145,0.704821428571429,0.00423173816951247,0.968421052631579,0.00423173816951247,0.0315789473684211,0.00194724862789614,0.0194724862789614,0.014790440765465,0.0498887651569859,0.44,40.07,0.003155854791599,100,0.0315585479159899,0.914544172932331,100,0,0,"Prop_0.75",75,6.25e-05,"High","Beta",2000,FALSE
"BL144","MIMOSA2","BFDR",0.01,100,0.00622999788397253,100,0.0622999788397253,0.576785714285714,0.00125622766618917,0.996842105263158,0.00125622766618917,0.00315789473684211,0.000706122180874401,0.00706122180874401,0.00177128427128427,0.0238683256575942,0.06,32.36,0.002988800430278,100,0.02988800430278,0.900531015037594,100,0,0,"Prop_0.75",75,6.25e-05,"High","Beta",2000,FALSE
"BL144","MIMOSA2","BFDR",0.05,100,0.00592251707584778,100,0.0592251707584778,0.669464285714286,0.00320189093239671,0.976842105263158,0.00320189093239671,0.0231578947368421,0.00156079561494596,0.0156079561494596,0.0112192860182359,0.0487831731214563,0.38,37.93,0.002988800430278,100,0.02988800430278,0.900531015037594,100,0,0,"Prop_0.75",75,6.25e-05,"High","Beta",2000,FALSE
"BL145","DiD","BH",0.01,100,0.00530473204769049,100,0.0530473204769049,0.604264705882353,0.00201007563051842,0.997142857142857,0.00201007563051842,0.00285714285714286,0.00037653661896021,0.0037653661896021,0.000532212885154062,0.014070529413629,0.02,41.11,0.00420955145157855,100,0.0420955145157855,0.913025210084034,100,0,0,"Prop_0.90",75,6.25e-05,"High","Beta",2000,FALSE
"BL145","DiD","BH",0.05,100,0.00536013828653754,100,0.0536013828653754,0.680294117647059,0.00587788885627487,0.974285714285714,0.00587788885627487,0.0257142857142857,0.000864601238044452,0.00864601238044452,0.00380859003601127,0.0377525168068637,0.17,46.44,0.00420955145157855,100,0.0420955145157855,0.913025210084034,100,0,0,"Prop_0.90",75,6.25e-05,"High","Beta",2000,FALSE
"BL145","DiD","unadjusted",0.01,100,0.00512206391787445,100,0.0512206391787445,0.627941176470588,0.00340976080822774,0.991428571428571,0.00340976080822774,0.00857142857142857,0.000580224292313552,0.00580224292313552,0.00144995282495283,0.0238683256575942,0.06,42.76,0.00420955145157855,100,0.0420955145157855,0.913025210084034,100,0,0,"Prop_0.90",75,6.25e-05,"High","Beta",2000,FALSE
"BL145","DiD","unadjusted",0.05,100,0.00489312929939913,100,0.0489312929939913,0.707941176470588,0.00699117445820741,0.961428571428571,0.00699117445820741,0.0385714285714286,0.00101202137278771,0.0101202137278771,0.00550802623761153,0.0435194139889245,0.25,48.41,0.00420955145157855,100,0.0420955145157855,0.913025210084034,100,0,0,"Prop_0.90",75,6.25e-05,"High","Beta",2000,FALSE
"BL145","MIMOSA2","BFDR",0.01,100,0.00552341854822215,100,0.0552341854822215,0.577794117647059,0.00201007563051842,0.997142857142857,0.00201007563051842,0.00285714285714286,0.000354766879153427,0.00354766879153427,0.000502828409805154,0.014070529413629,0.02,39.31,0.0043927183897464,100,0.043927183897464,0.894758403361344,100,0,0,"Prop_0.90",75,6.25e-05,"High","Beta",2000,FALSE
"BL145","MIMOSA2","BFDR",0.05,100,0.00527665552840167,100,0.0527665552840167,0.673382352941176,0.0071788415375658,0.957142857142857,0.0071788415375658,0.0428571428571429,0.00106039348653803,0.0106039348653803,0.00639340609349388,0.0451260859854213,0.28,46.09,0.0043927183897464,100,0.043927183897464,0.894758403361344,100,0,0,"Prop_0.90",75,6.25e-05,"High","Beta",2000,FALSE
"BL146","DiD","BH",0.01,100,0.0176680959970682,100,0.176680959970682,0.536,0,1,0,0,0,0,0,0,0,5.36,0.00535613284560168,100,0.0535613284560168,0.915661111111111,100,0,0,"Prop_0.10",100,6.25e-05,"High","Beta",2000,FALSE
"BL146","DiD","BH",0.05,100,0.0171693878396371,100,0.171693878396371,0.596,0.000575836330684012,0.997666666666667,0.000575836330684012,0.00233333333333333,0.00652570238954653,0.0652570238954653,0.0278185425685426,0.0377525168068637,0.17,6.17,0.00535613284560168,100,0.0535613284560168,0.915661111111111,100,0,0,"Prop_0.10",100,6.25e-05,"High","Beta",2000,FALSE
"BL146","DiD","unadjusted",0.01,100,0.0173132167648729,100,0.173132167648729,0.635,0.000826967831893663,0.994,0.000826967831893663,0.00599999999999999,0.0107468712430726,0.107468712430726,0.0761327561327561,0.049431107042371,0.41,6.89,0.00535613284560168,100,0.0535613284560168,0.915661111111111,100,0,0,"Prop_0.10",100,6.25e-05,"High","Beta",2000,FALSE
"BL146","DiD","unadjusted",0.05,100,0.0142314916131568,100,0.142314916131568,0.707,0.00217468802096467,0.963777777777778,0.00217468802096467,0.0362222222222222,0.013286532030368,0.13286532030368,0.297468614718615,0.0171446607997765,0.97,10.33,0.00535613284560168,100,0.0535613284560168,0.915661111111111,100,0,0,"Prop_0.10",100,6.25e-05,"High","Beta",2000,FALSE
"BL146","MIMOSA2","BFDR",0.01,100,0.016143297699233,100,0.16143297699233,0.5,0.000265203618417712,0.999333333333333,0.000265203618417712,0.000666666666666664,0.00389248203266639,0.0389248203266639,0.00967857142857143,0.0238683256575942,0.06,5.06,0.00560558425342953,100,0.0560558425342953,0.905316666666667,100,0,0,"Prop_0.10",100,6.25e-05,"High","Beta",2000,FALSE
"BL146","MIMOSA2","BFDR",0.05,100,0.0176165670419476,100,0.176165670419476,0.574,0.000592066264579879,0.996333333333333,0.000592066264579879,0.00366666666666666,0.00782651326690298,0.0782651326690298,0.0480873015873016,0.0460566186471838,0.3,6.07,0.00560558425342953,100,0.0560558425342953,0.905316666666667,100,0,0,"Prop_0.10",100,6.25e-05,"High","Beta",2000,FALSE
"BL147","DiD","BH",0.01,100,0.0102635178169962,100,0.102635178169962,0.5644,0.000292057218076787,0.999333333333333,0.000292057218076787,0.000666666666666665,0.00164854822268557,0.0164854822268557,0.00371739371739372,0.021904291355759,0.05,14.16,0.0034907451177352,100,0.034907451177352,0.917509333333333,100,0,0,"Prop_0.25",100,6.25e-05,"High","Beta",2000,FALSE
"BL147","DiD","BH",0.05,100,0.0105664993773202,100,0.105664993773202,0.6216,0.000773407636044992,0.995066666666667,0.000773407636044992,0.00493333333333333,0.00323629653606907,0.0323629653606907,0.0218092796996754,0.0472581562625261,0.33,15.91,0.0034907451177352,100,0.034907451177352,0.917509333333333,100,0,0,"Prop_0.25",100,6.25e-05,"High","Beta",2000,FALSE
"BL147","DiD","unadjusted",0.01,100,0.00985683375720478,100,0.0985683375720478,0.6312,0.000760294112858396,0.994533333333333,0.000760294112858396,0.00546666666666666,0.00340677107554717,0.0340677107554717,0.0245571787155278,0.048523658709391,0.37,16.19,0.0034907451177352,100,0.034907451177352,0.917509333333333,100,0,0,"Prop_0.25",100,6.25e-05,"High","Beta",2000,FALSE
"BL147","DiD","unadjusted",0.05,100,0.00856688479854347,100,0.0856688479854347,0.7132,0.00206298139979309,0.966666666666667,0.00206298139979309,0.0333333333333333,0.00668566876099772,0.0668566876099772,0.118224320268132,0.0287623491264661,0.91,20.33,0.0034907451177352,100,0.034907451177352,0.917509333333333,100,0,0,"Prop_0.25",100,6.25e-05,"High","Beta",2000,FALSE
"BL147","MIMOSA2","BFDR",0.01,100,0.00937790224437483,100,0.0937790224437483,0.5312,0.00034190986663499,0.999066666666667,0.00034190986663499,0.000933333333333332,0.00210002590051156,0.0210002590051156,0.00565018315018315,0.0256432399976243,0.07,13.35,0.00412844689113042,100,0.0412844689113042,0.906784,100,0,0,"Prop_0.25",100,6.25e-05,"High","Beta",2000,FALSE
"BL147","MIMOSA2","BFDR",0.05,100,0.00912990424457735,100,0.0912990424457735,0.6128,0.000973267835995627,0.991333333333333,0.000973267835995627,0.00866666666666665,0.00423539417531723,0.0423539417531723,0.0389708926264654,0.0502116731568678,0.52,15.97,0.00412844689113042,100,0.0412844689113042,0.906784,100,0,0,"Prop_0.25",100,6.25e-05,"High","Beta",2000,FALSE
"BL148","DiD","BH",0.01,100,0.00703514984441222,100,0.0703514984441222,0.5896,0.000512864799952486,0.9986,0.000512864799952486,0.0014,0.000866895424204919,0.00866895424204919,0.00235505391901387,0.0256432399976243,0.07,29.55,0.00273798199667956,100,0.0273798199667956,0.913398,100,0,0,"Prop_0.50",100,6.25e-05,"High","Beta",2000,FALSE
"BL148","DiD","BH",0.05,100,0.00703845139073916,100,0.0703845139073916,0.6566,0.00151637526338105,0.9894,0.00151637526338105,0.0106,0.00224609453859544,0.0224609453859544,0.0157568266321561,0.049431107042371,0.41,33.36,0.00273798199667956,100,0.0273798199667956,0.913398,100,0,0,"Prop_0.50",100,6.25e-05,"High","Beta",2000,FALSE
"BL148","DiD","unadjusted",0.01,100,0.00674891686034721,100,0.0674891686034721,0.6326,0.000924634790038476,0.9956,0.000924634790038476,0.0044,0.0014715097503991,0.014715097503991,0.00692070392666234,0.0402015126103685,0.2,31.85,0.00273798199667956,100,0.0273798199667956,0.913398,100,0,0,"Prop_0.50",100,6.25e-05,"High","Beta",2000,FALSE
"BL148","DiD","unadjusted",0.05,100,0.00613201566873538,100,0.0613201566873538,0.7112,0.00275871438364051,0.9684,0.00275871438364051,0.0316,0.00353188532825092,0.0353188532825092,0.0417265860090603,0.0422952584681651,0.77,37.14,0.00273798199667956,100,0.0273798199667956,0.913398,100,0,0,"Prop_0.50",100,6.25e-05,"High","Beta",2000,FALSE
"BL148","MIMOSA2","BFDR",0.01,100,0.00726413634010794,100,0.0726413634010794,0.572,0.000512864799952486,0.9986,0.000512864799952486,0.0014,0.000892928783379983,0.00892928783379983,0.00241681235431235,0.0256432399976243,0.07,28.67,0.00317090543102838,100,0.0317090543102838,0.900746,100,0,0,"Prop_0.50",100,6.25e-05,"High","Beta",2000,FALSE
"BL148","MIMOSA2","BFDR",0.05,100,0.00672757029098931,100,0.0672757029098931,0.6618,0.00162940157571714,0.9854,0.00162940157571714,0.0146,0.00223899582737652,0.0223899582737652,0.0207556178505176,0.0500908265962033,0.54,33.82,0.00317090543102838,100,0.0317090543102838,0.900746,100,0,0,"Prop_0.50",100,6.25e-05,"High","Beta",2000,FALSE
"BL149","DiD","BH",0.01,100,0.00582789453041903,100,0.0582789453041903,0.602533333333333,0.00109063969737716,0.9968,0.00109063969737716,0.0032,0.000586360965933159,0.00586360965933159,0.00171364980774919,0.0272659924344291,0.08,45.27,0.00228677994045597,100,0.0228677994045597,0.920765333333333,100,0,0,"Prop_0.75",100,6.25e-05,"High","Beta",2000,FALSE
"BL149","DiD","BH",0.05,100,0.00548203473411453,100,0.0548203473411453,0.671733333333333,0.00197928667897699,0.9904,0.00197928667897699,0.0096,0.000942673880881107,0.00942673880881107,0.00458714808554699,0.0409360180740332,0.21,50.62,0.00228677994045597,100,0.0228677994045597,0.920765333333333,100,0,0,"Prop_0.75",100,6.25e-05,"High","Beta",2000,FALSE
"BL149","DiD","unadjusted",0.01,100,0.00570230425789498,100,0.0570230425789498,0.628666666666667,0.00120604537831106,0.996,0.00120604537831106,0.004,0.000614186738680881,0.00614186738680881,0.00202932276349152,0.0301511344577764,0.1,47.25,0.00228677994045597,100,0.0228677994045597,0.920765333333333,100,0,0,"Prop_0.75",100,6.25e-05,"High","Beta",2000,FALSE
"BL149","DiD","unadjusted",0.05,100,0.00508645789052203,100,0.0508645789052203,0.711333333333333,0.00312332379287699,0.9768,0.00312332379287699,0.0232,0.00143667838135626,0.0143667838135626,0.0107226812160992,0.0497569851956243,0.43,53.93,0.00228677994045597,100,0.0228677994045597,0.920765333333333,100,0,0,"Prop_0.75",100,6.25e-05,"High","Beta",2000,FALSE
"BL149","MIMOSA2","BFDR",0.01,100,0.00640056114262775,100,0.0640056114262775,0.5744,0.000954733026303769,0.9976,0.000954733026303769,0.0024,0.000554359847017295,0.00554359847017295,0.0013846238438654,0.0238683256575942,0.06,43.14,0.00261547462607475,100,0.0261547462607475,0.903026666666667,100,0,0,"Prop_0.75",100,6.25e-05,"High","Beta",2000,FALSE
"BL149","MIMOSA2","BFDR",0.05,100,0.00629886420203597,100,0.0629886420203597,0.6688,0.00262851496269108,0.982,0.00262851496269108,0.018,0.00123926050937977,0.0123926050937977,0.00855256378100147,0.048523658709391,0.37,50.61,0.00261547462607475,100,0.0261547462607475,0.903026666666667,100,0,0,"Prop_0.75",100,6.25e-05,"High","Beta",2000,FALSE
"BL150","DiD","BH",0.01,100,0.0045120973307305,100,0.045120973307305,0.596777777777778,0,1,0,0,0,0,0,0,0,53.71,0.00333871824673985,100,0.0333871824673985,0.909811111111111,100,0,0,"Prop_0.90",100,6.25e-05,"High","Beta",2000,FALSE
"BL150","DiD","BH",0.05,100,0.00465380891299569,100,0.0465380891299569,0.673888888888889,0.00358870281282637,0.985,0.00358870281282637,0.015,0.000588144627149188,0.00588144627149188,0.00245173759648338,0.0358870281282637,0.15,60.8,0.00333871824673985,100,0.0333871824673985,0.909811111111111,100,0,0,"Prop_0.90",100,6.25e-05,"High","Beta",2000,FALSE
"BL150","DiD","unadjusted",0.01,100,0.00420594653824545,100,0.0420594653824545,0.620888888888889,0.0014070529413629,0.998,0.0014070529413629,0.002,0.000256980420104322,0.00256980420104322,0.000364721485411141,0.014070529413629,0.02,55.9,0.00333871824673985,100,0.0333871824673985,0.909811111111111,100,0,0,"Prop_0.90",100,6.25e-05,"High","Beta",2000,FALSE
"BL150","DiD","unadjusted",0.05,100,0.00456747503092512,100,0.0456747503092512,0.699666666666667,0.00538891492235719,0.965,0.00538891492235719,0.035,0.000858206264473564,0.00858206264473564,0.005515074115068,0.0468826172262151,0.32,63.32,0.00333871824673985,100,0.0333871824673985,0.909811111111111,100,0,0,"Prop_0.90",100,6.25e-05,"High","Beta",2000,FALSE
"BL150","MIMOSA2","BFDR",0.01,100,0.00455726611010417,100,0.0455726611010417,0.568444444444444,0.00171446607997765,0.997,0.00171446607997765,0.003,0.000334555889230689,0.00334555889230689,0.000585068570243772,0.0171446607997765,0.03,51.19,0.0035050180032907,100,0.035050180032907,0.891427777777778,100,0,0,"Prop_0.90",100,6.25e-05,"High","Beta",2000,FALSE
"BL150","MIMOSA2","BFDR",0.05,100,0.00469085442391228,100,0.0469085442391228,0.661888888888889,0.00498381217928443,0.971,0.00498381217928443,0.029,0.000826802029599857,0.00826802029599857,0.00484577108854737,0.0446196043338474,0.27,59.86,0.0035050180032907,100,0.035050180032907,0.891427777777778,100,0,0,"Prop_0.90",100,6.25e-05,"High","Beta",2000,FALSE
"BL151","DiD","BH",0.01,100,0.049431107042371,100,0.49431107042371,0.59,0,1,0,0,0,0,0,0,0,0.59,0.0205923019139914,100,0.205923019139914,0.904444444444444,100,0,0,"Prop_0.10",10,0.001,"Medium","Beta",2000,FALSE
"BL151","DiD","BH",0.05,100,0.0482418151324422,100,0.482418151324422,0.64,0.00156339215706989,0.997777777777778,0.00156339215706989,0.00222222222222222,0.00703526470681448,0.0703526470681448,0.01,0.014070529413629,0.02,0.66,0.0205923019139914,100,0.205923019139914,0.904444444444444,100,0,0,"Prop_0.10",10,0.001,"Medium","Beta",2000,FALSE
"BL151","DiD","unadjusted",0.01,100,0.0482418151324422,100,0.482418151324422,0.64,0.00190496231108628,0.996666666666667,0.00190496231108628,0.00333333333333333,0.0121439181269781,0.121439181269781,0.02,0.0171446607997765,0.03,0.67,0.0205923019139914,100,0.205923019139914,0.904444444444444,100,0,0,"Prop_0.10",10,0.001,"Medium","Beta",2000,FALSE
"BL151","DiD","unadjusted",0.05,100,0.0456048021572069,100,0.456048021572069,0.71,0.00625655909722943,0.965555555555556,0.00625655909722943,0.0344444444444445,0.029680301788453,0.29680301788453,0.163333333333333,0.0440844002276808,0.26,1.02,0.0205923019139914,100,0.205923019139914,0.904444444444444,100,0,0,"Prop_0.10",10,0.001,"Medium","Beta",2000,FALSE
"BL151","MIMOSA2","BFDR",0.01,99,0.0476190476190476,99,0.473803541479343,0.666666666666667,0,1,0,0,0,0,0,0,0,0.666666666666667,0.0213436341821393,99,0.21236647873428,0.888888888888889,100,0.01,0.0099498743710662,"Prop_0.10",10,0.001,"Medium","Beta",2000,TRUE
"BL151","MIMOSA2","BFDR",0.05,99,0.0472459034451512,99,0.470090803826778,0.676767676767677,0.00112233445566779,0.998877665544332,0.00112233445566779,0.00112233445566779,0.00505050505050505,0.0502518907629606,0.00505050505050505,0.0101010101010101,0.0101010101010101,0.686868686868687,0.0213436341821393,99,0.21236647873428,0.888888888888889,100,0.01,0.0099498743710662,"Prop_0.10",10,0.001,"Medium","Beta",2000,TRUE
"BL152","DiD","BH",0.01,100,0.0221691284929499,100,0.221691284929499,0.703333333333333,0.00142857142857143,0.998571428571429,0.00142857142857143,0.00142857142857143,0.0025,0.025,0.0025,0.01,0.01,2.12,0.0101804646644796,100,0.101804646644796,0.929047619047619,100,0,0,"Prop_0.25",10,0.001,"Medium","Beta",2000,FALSE
"BL152","DiD","BH",0.05,100,0.0207166767568392,100,0.207166767568392,0.746666666666667,0.00476190476190476,0.985714285714286,0.00476190476190476,0.0142857142857143,0.00885409858361624,0.0885409858361624,0.0266666666666667,0.0287623491264661,0.09,2.34,0.0101804646644796,100,0.101804646644796,0.929047619047619,100,0,0,"Prop_0.25",10,0.001,"Medium","Beta",2000,FALSE
"BL152","DiD","unadjusted",0.01,100,0.020572610996962,100,0.20572610996962,0.743333333333333,0.00281351979381332,0.994285714285714,0.00281351979381332,0.00571428571428572,0.00580500577359104,0.0580500577359104,0.0116666666666667,0.0196946385566932,0.04,2.27,0.0101804646644796,100,0.101804646644796,0.929047619047619,100,0,0,"Prop_0.25",10,0.001,"Medium","Beta",2000,FALSE
"BL152","DiD","unadjusted",0.05,100,0.0204851373677158,100,0.204851373677158,0.77,0.00761904761904762,0.96,0.00761904761904762,0.04,0.0141186649629737,0.141186649629737,0.0763333333333333,0.0429234695990928,0.24,2.59,0.0101804646644796,100,0.101804646644796,0.929047619047619,100,0,0,"Prop_0.25",10,0.001,"Medium","Beta",2000,FALSE
"BL152","MIMOSA2","BFDR",0.01,100,0.0219682456272036,100,0.219682456272036,0.766666666666667,0.00142857142857143,0.998571428571429,0.00142857142857143,0.00142857142857143,0.005,0.05,0.005,0.01,0.01,2.31,0.0110298772384958,100,0.110298772384958,0.93547619047619,100,0,0,"Prop_0.25",10,0.001,"Medium","Beta",2000,FALSE
"BL152","MIMOSA2","BFDR",0.05,100,0.0212383195600048,100,0.212383195600048,0.803333333333333,0.00389514177634701,0.988571428571429,0.00389514177634701,0.0114285714285714,0.0085653721722371,0.0856537217223711,0.0241666666666667,0.0272659924344291,0.08,2.49,0.0110298772384958,100,0.110298772384958,0.93547619047619,100,0,0,"Prop_0.25",10,0.001,"Medium","Beta",2000,FALSE
"BL153","DiD","BH",0.01,100,0.018086213288334,100,0.18086213288334,0.696,0.002,0.998,0.002,0.002,0.00166666666666667,0.0166666666666667,0.00166666666666667,0.01,0.01,3.49,0.00768374908491942,100,0.0768374908491942,0.9252,100,0,0,"Prop_0.50",10,0.001,"Medium","Beta",2000,FALSE
"BL153","DiD","BH",0.05,100,0.0180056107978047,100,0.180056107978047,0.752,0.00438085827115181,0.99,0.00438085827115181,0.01,0.00495238268675738,0.0495238268675738,0.0111666666666667,0.021904291355759,0.05,3.81,0.00768374908491942,100,0.0768374908491942,0.9252,100,0,0,"Prop_0.50",10,0.001,"Medium","Beta",2000,FALSE
"BL153","DiD","unadjusted",0.01,100,0.0169419686881514,100,0.169419686881514,0.728,0.00281410588272579,0.996,0.00281410588272579,0.004,0.00259045125614008,0.0259045125614008,0.00366666666666667,0.014070529413629,0.02,3.66,0.00768374908491942,100,0.0768374908491942,0.9252,100,0,0,"Prop_0.50",10,0.001,"Medium","Beta",2000,FALSE
"BL153","DiD","unadjusted",0.05,100,0.0173787284350784,100,0.173787284350784,0.79,0.00675995337979262,0.974,0.00675995337979262,0.026,0.00714172309419854,0.0714172309419854,0.0268333333333333,0.0337997668989631,0.13,4.08,0.00768374908491942,100,0.0768374908491942,0.9252,100,0,0,"Prop_0.50",10,0.001,"Medium","Beta",2000,FALSE
"BL153","MIMOSA2","BFDR",0.01,100,0.0187659696302007,100,0.187659696302007,0.756,0.002,0.998,0.002,0.002,0.002,0.02,0.002,0.01,0.01,3.79,0.00733179047130723,100,0.0733179047130723,0.9468,100,0,0,"Prop_0.50",10,0.001,"Medium","Beta",2000,FALSE
"BL153","MIMOSA2","BFDR",0.05,100,0.0178557632944739,100,0.178557632944739,0.806,0.00438085827115181,0.99,0.00438085827115181,0.01,0.00380854965899757,0.0380854965899757,0.00866666666666667,0.021904291355759,0.05,4.08,0.00733179047130723,100,0.0733179047130723,0.9468,100,0,0,"Prop_0.50",10,0.001,"Medium","Beta",2000,FALSE
"BL154","DiD","BH",0.01,100,0.0108972473588517,100,0.108972473588517,0.7175,0,1,0,0,0,0,0,0,0,5.74,0.0071296253593826,100,0.071296253593826,0.9334375,100,0,0,"Prop_0.75",10,0.001,"Medium","Beta",2000,FALSE
"BL154","DiD","BH",0.05,100,0.0109492631549508,100,0.109492631549508,0.7475,0.00703526470681448,0.99,0.00703526470681448,0.01,0.00188871418972156,0.0188871418972156,0.00267857142857143,0.014070529413629,0.02,6,0.0071296253593826,100,0.071296253593826,0.9334375,100,0,0,"Prop_0.75",10,0.001,"Medium","Beta",2000,FALSE
"BL154","DiD","unadjusted",0.01,100,0.0110354113213012,100,0.110354113213012,0.7225,0,1,0,0,0,0,0,0,0,5.78,0.0071296253593826,100,0.071296253593826,0.9334375,100,0,0,"Prop_0.75",10,0.001,"Medium","Beta",2000,FALSE
"BL154","DiD","unadjusted",0.05,100,0.0103108259277873,100,0.103108259277873,0.76,0.00984731927834662,0.98,0.00984731927834662,0.02,0.00277625705641922,0.0277625705641922,0.00559523809523809,0.0196946385566932,0.04,6.12,0.0071296253593826,100,0.071296253593826,0.9334375,100,0,0,"Prop_0.75",10,0.001,"Medium","Beta",2000,FALSE
"BL154","MIMOSA2","BFDR",0.01,100,0.0121257093929728,100,0.121257093929728,0.7775,0.00703526470681448,0.99,0.00703526470681448,0.01,0.00188871418972156,0.0188871418972156,0.00267857142857143,0.014070529413629,0.02,6.24,0.00594953259771834,100,0.0594953259771834,0.954375,100,0,0,"Prop_0.75",10,0.001,"Medium","Beta",2000,FALSE
"BL154","MIMOSA2","BFDR",0.05,100,0.0124182935684222,100,0.124182935684222,0.84125,0.00984731927834662,0.98,0.00984731927834662,0.02,0.0025544851239748,0.025544851239748,0.00517857142857143,0.0196946385566932,0.04,6.77,0.00594953259771834,100,0.0594953259771834,0.954375,100,0,0,"Prop_0.75",10,0.001,"Medium","Beta",2000,FALSE
"BL155","DiD","BH",0.01,100,0.0118576374767275,100,0.118576374767275,0.716666666666667,0,1,0,0,0,0,0,0,0,6.45,0.0104345058619283,100,0.104345058619283,0.93,100,0,0,"Prop_0.90",10,0.001,"Medium","Beta",2000,FALSE
"BL155","DiD","BH",0.05,100,0.0113201437301644,100,0.113201437301644,0.757777777777778,0,1,0,0,0,0,0,0,0,6.82,0.0104345058619283,100,0.104345058619283,0.93,100,0,0,"Prop_0.90",10,0.001,"Medium","Beta",2000,FALSE
"BL155","DiD","unadjusted",0.01,100,0.0110908906919683,100,0.110908906919683,0.728888888888889,0,1,0,0,0,0,0,0,0,6.56,0.0104345058619283,100,0.104345058619283,0.93,100,0,0,"Prop_0.90",10,0.001,"Medium","Beta",2000,FALSE
"BL155","DiD","unadjusted",0.05,100,0.0108562234790906,100,0.108562234790906,0.77,0,1,0,0,0,0,0,0,0,6.93,0.0104345058619283,100,0.104345058619283,0.93,100,0,0,"Prop_0.90",10,0.001,"Medium","Beta",2000,FALSE
"BL155","MIMOSA2","BFDR",0.01,100,0.0118576374767275,100,0.118576374767275,0.783333333333333,0.01,0.99,0.01,0.01,0.00111111111111111,0.0111111111111111,0.00111111111111111,0.01,0.01,7.06,0.00732679196741196,100,0.0732679196741196,0.949444444444444,100,0,0,"Prop_0.90",10,0.001,"Medium","Beta",2000,FALSE
"BL155","MIMOSA2","BFDR",0.05,100,0.0113328051636352,100,0.113328051636352,0.832222222222222,0.014070529413629,0.98,0.014070529413629,0.02,0.0014070529413629,0.014070529413629,0.002,0.014070529413629,0.02,7.51,0.00732679196741196,100,0.0732679196741196,0.949444444444444,100,0,0,"Prop_0.90",10,0.001,"Medium","Beta",2000,FALSE
"BL156","DiD","BH",0.01,100,0.0353160335006951,100,0.353160335006951,0.655,0,1,0,0,0,0,0,0,0,1.31,0.0119640040305471,100,0.119640040305471,0.928611111111111,100,0,0,"Prop_0.10",20,0.001,"Medium","Beta",2000,FALSE
"BL156","DiD","BH",0.05,100,0.0339190956616631,100,0.339190956616631,0.69,0.00132601809208857,0.996666666666667,0.00132601809208857,0.00333333333333333,0.0079561085525314,0.079561085525314,0.02,0.0238683256575942,0.06,1.44,0.0119640040305471,100,0.119640040305471,0.928611111111111,100,0,0,"Prop_0.10",20,0.001,"Medium","Beta",2000,FALSE
"BL156","DiD","unadjusted",0.01,100,0.0318574793400073,100,0.318574793400073,0.705,0.00174703354297345,0.993888888888889,0.00174703354297345,0.00611111111111111,0.0121658479499454,0.121658479499454,0.0416666666666667,0.031446603773522,0.11,1.52,0.0119640040305471,100,0.119640040305471,0.928611111111111,100,0,0,"Prop_0.10",20,0.001,"Medium","Beta",2000,FALSE
"BL156","DiD","unadjusted",0.05,100,0.0297251721371947,100,0.297251721371947,0.755,0.00428298180695972,0.97,0.00428298180695972,0.03,0.0248734169081546,0.248734169081545,0.183333333333333,0.0490207130000197,0.39,2.05,0.0119640040305471,100,0.119640040305471,0.928611111111111,100,0,0,"Prop_0.10",20,0.001,"Medium","Beta",2000,FALSE
"BL156","MIMOSA2","BFDR",0.01,100,0.033166247903554,100,0.33166247903554,0.69,0,1,0,0,0,0,0,0,0,1.38,0.0127796304102709,100,0.127796304102709,0.932083333333333,100,0,0,"Prop_0.10",20,0.001,"Medium","Beta",2000,FALSE
"BL156","MIMOSA2","BFDR",0.05,100,0.0313822957230424,100,0.313822957230424,0.75,0.00142462444431246,0.996111111111111,0.00142462444431246,0.00388888888888889,0.00928867381704521,0.0928867381704521,0.025,0.0256432399976243,0.07,1.57,0.0127796304102709,100,0.127796304102709,0.932083333333333,100,0,0,"Prop_0.10",20,0.001,"Medium","Beta",2000,FALSE
"BL157","DiD","BH",0.01,100,0.0156669890360128,100,0.156669890360128,0.69,0,1,0,0,0,0,0,0,0,3.45,0.00739854688920935,100,0.0739854688920935,0.914,100,0,0,"Prop_0.25",20,0.001,"Medium","Beta",2000,FALSE
"BL157","DiD","BH",0.05,100,0.0150675247811412,100,0.150675247811412,0.718,0.00201007563051842,0.993333333333333,0.00201007563051842,0.00666666666666667,0.00722064862421883,0.0722064862421883,0.0235,0.0301511344577764,0.1,3.69,0.00739854688920935,100,0.0739854688920935,0.914,100,0,0,"Prop_0.25",20,0.001,"Medium","Beta",2000,FALSE
"BL157","DiD","unadjusted",0.01,100,0.0141835015835906,100,0.141835015835906,0.722,0.00191748994176441,0.994,0.00191748994176441,0.006,0.00700046094361793,0.0700046094361793,0.0215,0.0287623491264661,0.09,3.7,0.00739854688920935,100,0.0739854688920935,0.914,100,0,0,"Prop_0.25",20,0.001,"Medium","Beta",2000,FALSE
"BL157","DiD","unadjusted",0.05,100,0.0150137983673067,100,0.150137983673067,0.778,0.00388152260496888,0.974666666666667,0.00388152260496888,0.0253333333333333,0.0108123562028379,0.108123562028379,0.0728809523809524,0.0472581562625261,0.33,4.27,0.00739854688920935,100,0.0739854688920935,0.914,100,0,0,"Prop_0.25",20,0.001,"Medium","Beta",2000,FALSE
"BL157","MIMOSA2","BFDR",0.01,100,0.0178930605588205,100,0.178930605588205,0.748,0.000666666666666667,0.999333333333333,0.000666666666666667,0.000666666666666667,0.002,0.02,0.002,0.01,0.01,3.75,0.00750706662969738,100,0.0750706662969738,0.930866666666667,100,0,0,"Prop_0.25",20,0.001,"Medium","Beta",2000,FALSE
"BL157","MIMOSA2","BFDR",0.05,100,0.0166375503247347,100,0.166375503247347,0.786,0.00191748994176441,0.994,0.00191748994176441,0.006,0.00582517466971248,0.0582517466971248,0.018,0.0287623491264661,0.09,4.02,0.00750706662969738,100,0.0750706662969738,0.930866666666667,100,0,0,"Prop_0.25",20,0.001,"Medium","Beta",2000,FALSE
"BL158","DiD","BH",0.01,100,0.00999949493674051,100,0.0999949493674051,0.701,0.00171446607997765,0.997,0.00171446607997765,0.003,0.00214308259997207,0.0214308259997207,0.00375,0.0171446607997765,0.03,7.04,0.0048789488021644,100,0.048789488021644,0.9217,100,0,0,"Prop_0.50",20,0.001,"Medium","Beta",2000,FALSE
"BL158","DiD","BH",0.05,100,0.00929646397423464,100,0.0929646397423464,0.738,0.00301511344577764,0.99,0.00301511344577764,0.01,0.00370857278032994,0.0370857278032994,0.0122619047619048,0.0301511344577764,0.1,7.48,0.0048789488021644,100,0.048789488021644,0.9217,100,0,0,"Prop_0.50",20,0.001,"Medium","Beta",2000,FALSE
"BL158","DiD","unadjusted",0.01,100,0.00981598366713879,100,0.0981598366713878,0.719,0.00238683256575942,0.994,0.00238683256575942,0.006,0.00319526592349174,0.0319526592349174,0.00795634920634921,0.0238683256575942,0.06,7.25,0.0048789488021644,100,0.048789488021644,0.9217,100,0,0,"Prop_0.50",20,0.001,"Medium","Beta",2000,FALSE
"BL158","DiD","unadjusted",0.05,100,0.00925235432774062,100,0.0925235432774062,0.765,0.00514045157785213,0.972,0.00514045157785213,0.028,0.00559920324841445,0.0559920324841445,0.0310844155844156,0.0435194139889245,0.25,7.93,0.0048789488021644,100,0.048789488021644,0.9217,100,0,0,"Prop_0.50",20,0.001,"Medium","Beta",2000,FALSE
"BL158","MIMOSA2","BFDR",0.01,100,0.0111965903900981,100,0.111965903900981,0.767,0.00196946385566932,0.996,0.00196946385566932,0.004,0.0021920530145808,0.021920530145808,0.00440909090909091,0.0196946385566932,0.04,7.71,0.00549043244971181,100,0.0549043244971181,0.9404,100,0,0,"Prop_0.50",20,0.001,"Medium","Beta",2000,FALSE
"BL158","MIMOSA2","BFDR",0.05,100,0.0109040813413598,100,0.109040813413598,0.823,0.00385992097056273,0.985,0.00385992097056273,0.015,0.00404471267912874,0.0404471267912874,0.0160126262626263,0.0348735088019777,0.14,8.38,0.00549043244971181,100,0.0549043244971181,0.9404,100,0,0,"Prop_0.50",20,0.001,"Medium","Beta",2000,FALSE
"BL159","DiD","BH",0.01,100,0.00833932444572094,100,0.0833932444572094,0.702,0,1,0,0,0,0,0,0,0,10.53,0.00520396982196943,100,0.0520396982196943,0.916133333333333,100,0,0,"Prop_0.75",20,0.001,"Medium","Beta",2000,FALSE
"BL159","DiD","BH",0.05,100,0.0079761147362029,100,0.079761147362029,0.751333333333333,0.00575246982529323,0.982,0.00575246982529323,0.018,0.0023272345983079,0.023272345983079,0.00726440226440226,0.0287623491264661,0.09,11.36,0.00520396982196943,100,0.0520396982196943,0.916133333333333,100,0,0,"Prop_0.75",20,0.001,"Medium","Beta",2000,FALSE
"BL159","DiD","unadjusted",0.01,100,0.00773407636044993,100,0.0773407636044993,0.716,0.002,0.998,0.002,0.002,0.001,0.01,0.001,0.01,0.01,10.75,0.00520396982196943,100,0.0520396982196943,0.916133333333333,100,0,0,"Prop_0.75",20,0.001,"Medium","Beta",2000,FALSE
"BL159","DiD","unadjusted",0.05,100,0.00765443322027708,100,0.0765443322027708,0.771333333333333,0.00879853063949552,0.956,0.00879853063949552,0.044,0.00349144286623256,0.0349144286623256,0.0174525474525475,0.0409360180740332,0.21,11.79,0.00520396982196943,100,0.0520396982196943,0.916133333333333,100,0,0,"Prop_0.75",20,0.001,"Medium","Beta",2000,FALSE
"BL159","MIMOSA2","BFDR",0.01,100,0.00954050964858051,100,0.0954050964858051,0.803333333333333,0.00281410588272579,0.996,0.00281410588272579,0.004,0.00103660385824217,0.0103660385824217,0.00145833333333333,0.014070529413629,0.02,12.07,0.00505813564976296,100,0.0505813564976296,0.942,100,0,0,"Prop_0.75",20,0.001,"Medium","Beta",2000,FALSE
"BL159","MIMOSA2","BFDR",0.05,100,0.00862850963093734,100,0.0862850963093734,0.864,0.00852802865422442,0.96,0.00852802865422442,0.04,0.00306534927614296,0.0306534927614296,0.014542063328828,0.0394277244403663,0.19,13.16,0.00505813564976296,100,0.0505813564976296,0.942,100,0,0,"Prop_0.75",20,0.001,"Medium","Beta",2000,FALSE
"BL160","DiD","BH",0.01,100,0.00877522729287687,100,0.0877522729287687,0.716666666666667,0,1,0,0,0,0,0,0,0,12.9,0.00660079869386518,100,0.0660079869386518,0.928194444444444,100,0,0,"Prop_0.90",20,0.001,"Medium","Beta",2000,FALSE
"BL160","DiD","BH",0.05,100,0.00897041040731528,100,0.0897041040731528,0.759444444444444,0.0119341628287971,0.97,0.0119341628287971,0.03,0.00154898633916001,0.0154898633916001,0.00388585434173669,0.0238683256575942,0.06,13.73,0.00660079869386518,100,0.0660079869386518,0.928194444444444,100,0,0,"Prop_0.90",20,0.001,"Medium","Beta",2000,FALSE
"BL160","DiD","unadjusted",0.01,100,0.00889590071366693,100,0.0889590071366693,0.724444444444444,0,1,0,0,0,0,0,0,0,13.04,0.00660079869386518,100,0.0660079869386518,0.928194444444444,100,0,0,"Prop_0.90",20,0.001,"Medium","Beta",2000,FALSE
"BL160","DiD","unadjusted",0.05,100,0.00799422256777668,100,0.0799422256777668,0.778333333333333,0.0128216199988121,0.965,0.0128216199988121,0.035,0.00169540548393312,0.0169540548393312,0.00459313725490196,0.0256432399976243,0.07,14.08,0.00660079869386518,100,0.0660079869386518,0.928194444444444,100,0,0,"Prop_0.90",20,0.001,"Medium","Beta",2000,FALSE
"BL160","MIMOSA2","BFDR",0.01,100,0.00888187152860279,100,0.0888187152860279,0.797777777777778,0.005,0.995,0.005,0.005,0.000555555555555555,0.00555555555555555,0.000555555555555556,0.01,0.01,14.37,0.00490152751105598,100,0.0490152751105598,0.948611111111111,100,0,0,"Prop_0.90",20,0.001,"Medium","Beta",2000,FALSE
"BL160","MIMOSA2","BFDR",0.05,100,0.00807956289508491,100,0.0807956289508491,0.871666666666667,0.0119341628287971,0.97,0.0119341628287971,0.03,0.00142652156117666,0.0142652156117666,0.00355044851948877,0.0238683256575942,0.06,15.75,0.00490152751105598,100,0.0490152751105598,0.948611111111111,100,0,0,"Prop_0.90",20,0.001,"Medium","Beta",2000,FALSE
"BL161","DiD","BH",0.01,100,0.0229061423645426,100,0.229061423645426,0.716666666666667,0,1,0,0,0,0,0,0,0,2.15,0.00910833264777073,100,0.0910833264777073,0.93179012345679,100,0,0,"Prop_0.10",30,0.001,"Medium","Beta",2000,FALSE
"BL161","DiD","BH",0.05,100,0.0225132458828036,100,0.225132458828036,0.74,0.000949749629541641,0.997407407407407,0.000949749629541641,0.0025925925925926,0.00740824911042784,0.0740824911042784,0.02,0.0256432399976243,0.07,2.29,0.00910833264777073,100,0.0910833264777073,0.93179012345679,100,0,0,"Prop_0.10",30,0.001,"Medium","Beta",2000,FALSE
"BL161","DiD","unadjusted",0.01,100,0.0215139659179194,100,0.215139659179194,0.753333333333333,0.00139824136321718,0.993703703703704,0.00139824136321718,0.00629629629629631,0.0112366643743874,0.112366643743874,0.05,0.0377525168068637,0.17,2.43,0.00910833264777073,100,0.0910833264777073,0.93179012345679,100,0,0,"Prop_0.10",30,0.001,"Medium","Beta",2000,FALSE
"BL161","DiD","unadjusted",0.05,100,0.0203090598614981,100,0.203090598614981,0.783333333333333,0.00329150292304712,0.966296296296296,0.00329150292304712,0.0337037037037037,0.0203461832223435,0.203461832223435,0.2315,0.0487831731214563,0.62,3.26,0.00910833264777073,100,0.0910833264777073,0.93179012345679,100,0,0,"Prop_0.10",30,0.001,"Medium","Beta",2000,FALSE
"BL161","MIMOSA2","BFDR",0.01,100,0.0218632624433983,100,0.218632624433983,0.736666666666667,0.000370370370370371,0.99962962962963,0.000370370370370371,0.000370370370370371,0.0025,0.025,0.0025,0.01,0.01,2.22,0.00896603288251703,100,0.0896603288251703,0.934753086419753,100,0,0,"Prop_0.10",30,0.001,"Medium","Beta",2000,FALSE
"BL161","MIMOSA2","BFDR",0.05,100,0.0201314423711178,100,0.201314423711178,0.776666666666667,0.000811270050213299,0.998148148148148,0.000811270050213299,0.00185185185185185,0.00663502592486036,0.0663502592486036,0.015,0.021904291355759,0.05,2.38,0.00896603288251703,100,0.0896603288251703,0.934753086419753,100,0,0,"Prop_0.10",30,0.001,"Medium","Beta",2000,FALSE
"BL162","DiD","BH",0.01,100,0.012062416587873,100,0.12062416587873,0.69875,0.000639569518801316,0.999090909090909,0.000639569518801316,0.000909090909090908,0.00218414607025454,0.0218414607025454,0.00309523809523809,0.014070529413629,0.02,5.61,0.00521499620775777,100,0.0521499620775777,0.923551136363636,100,0,0,"Prop_0.25",30,0.001,"Medium","Beta",2000,FALSE
"BL162","DiD","BH",0.05,100,0.0109888315662731,100,0.109888315662731,0.74125,0.00179507818817024,0.992727272727273,0.00179507818817024,0.00727272727272727,0.00545191673564846,0.0545191673564846,0.0222619047619048,0.0358870281282637,0.15,6.09,0.00521499620775777,100,0.0521499620775777,0.923551136363636,100,0,0,"Prop_0.25",30,0.001,"Medium","Beta",2000,FALSE
"BL162","DiD","unadjusted",0.01,100,0.0107602429472028,100,0.107602429472028,0.74,0.00158515949099899,0.993636363636364,0.00158515949099899,0.00636363636363636,0.00498828694582018,0.0498828694582018,0.0199404761904762,0.0348735088019777,0.14,6.06,0.00521499620775777,100,0.0521499620775777,0.923551136363636,100,0,0,"Prop_0.25",30,0.001,"Medium","Beta",2000,FALSE
"BL162","DiD","unadjusted",0.05,100,0.0107858809224248,100,0.107858809224248,0.77875,0.00363722441602686,0.968636363636364,0.00363722441602686,0.0313636363636364,0.0100326665989959,0.100326665989959,0.0909484126984127,0.0502418393795691,0.51,6.92,0.00521499620775777,100,0.0521499620775777,0.923551136363636,100,0,0,"Prop_0.25",30,0.001,"Medium","Beta",2000,FALSE
"BL162","MIMOSA2","BFDR",0.01,100,0.014290346922014,100,0.14290346922014,0.77375,0.00108492389352701,0.997272727272727,0.00108492389352701,0.00272727272727272,0.00326555469551545,0.0326555469551545,0.00813492063492063,0.0238683256575942,0.06,6.25,0.00540616034483004,100,0.0540616034483004,0.940852272727273,100,0,0,"Prop_0.25",30,0.001,"Medium","Beta",2000,FALSE
"BL162","MIMOSA2","BFDR",0.05,100,0.0128726032387165,100,0.128726032387165,0.81375,0.0020281638333567,0.987727272727273,0.0020281638333567,0.0122727272727273,0.0061858880272638,0.061858880272638,0.0363492063492063,0.0446196043338474,0.27,6.78,0.00540616034483004,100,0.0540616034483004,0.940852272727273,100,0,0,"Prop_0.25",30,0.001,"Medium","Beta",2000,FALSE
"BL163","DiD","BH",0.01,100,0.00933621889016015,100,0.0933621889016015,0.685333333333333,0.00170954933317495,0.995333333333333,0.00170954933317495,0.00466666666666667,0.00239520539857856,0.0239520539857856,0.0065050505050505,0.0256432399976243,0.07,10.35,0.00448438618055873,100,0.0448438618055873,0.923377777777778,100,0,0,"Prop_0.50",30,0.001,"Medium","Beta",2000,FALSE
"BL163","DiD","BH",0.05,100,0.00887473620796375,100,0.0887473620796375,0.722666666666667,0.00295039421741559,0.987333333333333,0.00295039421741559,0.0126666666666667,0.00374483006697031,0.0374483006697031,0.0161242091242091,0.0377525168068637,0.17,11.03,0.00448438618055873,100,0.0448438618055873,0.923377777777778,100,0,0,"Prop_0.50",30,0.001,"Medium","Beta",2000,FALSE
"BL163","DiD","unadjusted",0.01,100,0.00882069803386976,100,0.0882069803386976,0.708666666666667,0.00209644025156813,0.992666666666667,0.00209644025156813,0.00733333333333333,0.00292275057592401,0.0292275057592401,0.0101717171717172,0.031446603773522,0.11,10.74,0.00448438618055873,100,0.0448438618055873,0.923377777777778,100,0,0,"Prop_0.50",30,0.001,"Medium","Beta",2000,FALSE
"BL163","DiD","unadjusted",0.05,100,0.00862720880482588,100,0.0862720880482588,0.759333333333333,0.00405572851436917,0.970666666666667,0.00405572851436917,0.0293333333333333,0.00484124771057719,0.0484124771057719,0.0356690531690532,0.0490207130000197,0.39,11.83,0.00448438618055873,100,0.0448438618055873,0.923377777777778,100,0,0,"Prop_0.50",30,0.001,"Medium","Beta",2000,FALSE
"BL163","MIMOSA2","BFDR",0.01,100,0.0104358442993454,100,0.104358442993454,0.780666666666667,0.00170954933317495,0.995333333333333,0.00170954933317495,0.00466666666666667,0.00201416363523734,0.0201416363523734,0.00547868797868798,0.0256432399976243,0.07,11.78,0.00431932236629232,100,0.0431932236629232,0.943844444444444,100,0,0,"Prop_0.50",30,0.001,"Medium","Beta",2000,FALSE
"BL163","MIMOSA2","BFDR",0.05,100,0.00935039325892343,100,0.0935039325892343,0.843333333333333,0.00356815947865218,0.972,0.00356815947865218,0.028,0.0039235596479383,0.039235596479383,0.0307193223443223,0.0492365963917331,0.4,13.07,0.00431932236629232,100,0.0431932236629232,0.943844444444444,100,0,0,"Prop_0.50",30,0.001,"Medium","Beta",2000,FALSE
"BL164","DiD","BH",0.01,100,0.0070366216348474,100,0.070366216348474,0.711739130434783,0.00201007563051842,0.997142857142857,0.00201007563051842,0.00285714285714286,0.000827678200801704,0.00827678200801704,0.00117647058823529,0.014070529413629,0.02,16.39,0.00428985398240043,100,0.0428985398240043,0.922360248447205,100,0,0,"Prop_0.75",30,0.001,"Medium","Beta",2000,FALSE
"BL164","DiD","BH",0.05,100,0.00678702152542148,100,0.0678702152542148,0.750434782608696,0.006648087903187,0.977142857142857,0.006648087903187,0.0228571428571429,0.00243283546036356,0.0243283546036356,0.00857798573975044,0.032659863237109,0.12,17.42,0.00428985398240043,100,0.0428985398240043,0.922360248447205,100,0,0,"Prop_0.75",30,0.001,"Medium","Beta",2000,FALSE
"BL164","DiD","unadjusted",0.01,100,0.00646055326919,100,0.0646055326919,0.726521739130435,0.00312918447939415,0.992857142857143,0.00312918447939415,0.00714285714285715,0.00127727580671488,0.0127727580671488,0.00291258169934641,0.021904291355759,0.05,16.76,0.00428985398240043,100,0.0428985398240043,0.922360248447205,100,0,0,"Prop_0.75",30,0.001,"Medium","Beta",2000,FALSE
"BL164","DiD","unadjusted",0.05,100,0.00635581643765923,100,0.0635581643765923,0.766086956521739,0.0072017771919671,0.968571428571429,0.0072017771919671,0.0314285714285714,0.00261830985816828,0.0261830985816828,0.0116117097556726,0.0386122919665369,0.18,17.84,0.00428985398240043,100,0.0428985398240043,0.922360248447205,100,0,0,"Prop_0.75",30,0.001,"Medium","Beta",2000,FALSE
"BL164","MIMOSA2","BFDR",0.01,100,0.00756493469908326,100,0.0756493469908326,0.792608695652174,0.00244923725711093,0.995714285714286,0.00244923725711093,0.00428571428571429,0.000859404556067816,0.00859404556067816,0.00150250626566416,0.0171446607997765,0.03,18.26,0.00383832652614396,100,0.0383832652614396,0.940217391304348,100,0,0,"Prop_0.75",30,0.001,"Medium","Beta",2000,FALSE
"BL164","MIMOSA2","BFDR",0.05,100,0.00659003907979517,100,0.0659003907979517,0.862608695652174,0.00711973168469205,0.958571428571429,0.00711973168469205,0.0414285714285714,0.00237976843310746,0.0237976843310746,0.0139526649783414,0.0446196043338474,0.27,20.13,0.00383832652614396,100,0.0383832652614396,0.940217391304348,100,0,0,"Prop_0.75",30,0.001,"Medium","Beta",2000,FALSE
"BL165","DiD","BH",0.01,100,0.00579195264480983,100,0.0579195264480983,0.715925925925926,0.00469017647120966,0.993333333333333,0.00469017647120966,0.00666666666666667,0.00065497802117093,0.0065497802117093,0.000930735930735931,0.014070529413629,0.02,19.35,0.00542134658981276,100,0.0542134658981276,0.921234567901235,100,0,0,"Prop_0.90",30,0.001,"Medium","Beta",2000,FALSE
"BL165","DiD","BH",0.05,100,0.00599970439845838,100,0.0599970439845838,0.763333333333333,0.00958744970882205,0.97,0.00958744970882205,0.03,0.00137338992489864,0.0137338992489864,0.00428531556163135,0.0287623491264661,0.09,20.7,0.00542134658981276,100,0.0542134658981276,0.921234567901235,100,0,0,"Prop_0.90",30,0.001,"Medium","Beta",2000,FALSE
"BL165","DiD","unadjusted",0.01,100,0.00551349585757313,100,0.0551349585757313,0.729259259259259,0.00469017647120966,0.993333333333333,0.00469017647120966,0.00666666666666667,0.00065497802117093,0.0065497802117093,0.000930735930735931,0.014070529413629,0.02,19.71,0.00542134658981276,100,0.0542134658981276,0.921234567901235,100,0,0,"Prop_0.90",30,0.001,"Medium","Beta",2000,FALSE
"BL165","DiD","unadjusted",0.05,100,0.00556315728831773,100,0.0556315728831773,0.774814814814815,0.0122817649725824,0.946666666666667,0.0122817649725824,0.0533333333333333,0.00168378321733083,0.0168378321733083,0.00728967199848207,0.0368452949177471,0.16,21.08,0.00542134658981276,100,0.0542134658981276,0.921234567901235,100,0,0,"Prop_0.90",30,0.001,"Medium","Beta",2000,FALSE
"BL165","MIMOSA2","BFDR",0.01,100,0.00634507196195008,100,0.0634507196195008,0.81037037037037,0.00571488693325884,0.99,0.00571488693325884,0.01,0.000729845121297957,0.00729845121297957,0.00127394344785649,0.0171446607997765,0.03,21.91,0.00475114258598873,100,0.0475114258598873,0.94462962962963,100,0,0,"Prop_0.90",30,0.001,"Medium","Beta",2000,FALSE
"BL165","MIMOSA2","BFDR",0.05,100,0.00613185044362339,100,0.0613185044362339,0.885925925925926,0.0125841722689546,0.943333333333333,0.0125841722689546,0.0566666666666667,0.00149369696077034,0.0149369696077034,0.00671227846227846,0.0377525168068637,0.17,24.09,0.00475114258598873,100,0.0475114258598873,0.94462962962963,100,0,0,"Prop_0.90",30,0.001,"Medium","Beta",2000,FALSE
"BL166","DiD","BH",0.01,100,0.0159544807043493,100,0.159544807043493,0.66,0.000380992462217257,0.999333333333333,0.000380992462217257,0.000666666666666668,0.00481125224324688,0.0481125224324688,0.00833333333333333,0.0171446607997765,0.03,3.33,0.00750650580364939,100,0.0750650580364939,0.9234,100,0,0,"Prop_0.10",50,0.001,"Medium","Beta",2000,FALSE
"BL166","DiD","BH",0.05,100,0.015418734505055,100,0.15418734505055,0.692,0.000814814814814815,0.997111111111111,0.000814814814814815,0.00288888888888889,0.00758705554854749,0.0758705554854749,0.027,0.032659863237109,0.12,3.59,0.00750650580364939,100,0.0750650580364939,0.9234,100,0,0,"Prop_0.10",50,0.001,"Medium","Beta",2000,FALSE
"BL166","DiD","unadjusted",0.01,100,0.0148949181219161,100,0.148949181219161,0.706,0.00109778768335703,0.993777777777778,0.00109778768335703,0.00622222222222223,0.0104126288470382,0.104126288470382,0.0598333333333333,0.0440844002276808,0.26,3.81,0.00750650580364939,100,0.0750650580364939,0.9234,100,0,0,"Prop_0.10",50,0.001,"Medium","Beta",2000,FALSE
"BL166","DiD","unadjusted",0.05,100,0.0151424215135139,100,0.151424215135139,0.77,0.00235209707356473,0.967333333333333,0.00235209707356473,0.0326666666666667,0.0151588659116939,0.151588659116939,0.251845238095238,0.0386122919665369,0.82,5.32,0.00750650580364939,100,0.0750650580364939,0.9234,100,0,0,"Prop_0.10",50,0.001,"Medium","Beta",2000,FALSE
"BL166","MIMOSA2","BFDR",0.01,100,0.0187099066288586,100,0.187099066288586,0.688,0.000312678431413978,0.999555555555556,0.000312678431413978,0.000444444444444445,0.00414641543296869,0.0414641543296869,0.00583333333333333,0.014070529413629,0.02,3.46,0.00845153550696496,100,0.0845153550696496,0.926866666666667,100,0,0,"Prop_0.10",50,0.001,"Medium","Beta",2000,FALSE
"BL166","MIMOSA2","BFDR",0.05,100,0.0189032625050104,100,0.189032625050104,0.732,0.000967355947089861,0.996,0.000967355947089861,0.004,0.00874832296363205,0.0874832296363205,0.0365238095238095,0.0368452949177471,0.16,3.84,0.00845153550696496,100,0.0845153550696496,0.926866666666667,100,0,0,"Prop_0.10",50,0.001,"Medium","Beta",2000,FALSE
"BL167","DiD","BH",0.01,100,0.00867809345873486,100,0.0867809345873486,0.692307692307692,0.000532287528559276,0.998918918918919,0.000532287528559276,0.00108108108108108,0.00206362579537186,0.0206362579537186,0.00415909090909091,0.0196946385566932,0.04,9.04,0.00388876339817318,100,0.0388876339817318,0.931091476091476,100,0,0,"Prop_0.25",50,0.001,"Medium","Beta",2000,FALSE
"BL167","DiD","BH",0.05,100,0.00871109013084509,100,0.0871109013084509,0.729230769230769,0.00124950647302496,0.994054054054054,0.00124950647302496,0.00594594594594594,0.00428896961734423,0.0428896961734423,0.0203686868686869,0.0402015126103685,0.2,9.7,0.00388876339817318,100,0.0388876339817318,0.931091476091476,100,0,0,"Prop_0.25",50,0.001,"Medium","Beta",2000,FALSE
"BL167","DiD","unadjusted",0.01,100,0.00828919636654146,100,0.0828919636654146,0.729230769230769,0.00124950647302496,0.994054054054054,0.00124950647302496,0.00594594594594594,0.00430085621877039,0.0430085621877039,0.0204444444444444,0.0402015126103685,0.2,9.7,0.00388876339817318,100,0.0388876339817318,0.931091476091476,100,0,0,"Prop_0.25",50,0.001,"Medium","Beta",2000,FALSE
"BL167","DiD","unadjusted",0.05,100,0.00752538389620416,100,0.0752538389620416,0.773076923076923,0.00248954695390183,0.972972972972973,0.00248954695390183,0.027027027027027,0.00724943113744961,0.0724943113744961,0.0849565157065157,0.0472581562625261,0.67,11.05,0.00388876339817318,100,0.0388876339817318,0.931091476091476,100,0,0,"Prop_0.25",50,0.001,"Medium","Beta",2000,FALSE
"BL167","MIMOSA2","BFDR",0.01,100,0.0111498934667612,100,0.111498934667612,0.769230769230769,0.00069306054047633,0.998108108108108,0.00069306054047633,0.00189189189189189,0.00228705024004194,0.0228705024004194,0.0061985236985237,0.0256432399976243,0.07,10.07,0.00425915867765832,100,0.0425915867765832,0.947661122661123,100,0,0,"Prop_0.25",50,0.001,"Medium","Beta",2000,FALSE
"BL167","MIMOSA2","BFDR",0.05,100,0.0102479568893139,100,0.102479568893139,0.825384615384615,0.00177602362343992,0.985135135135135,0.00177602362343992,0.0148648648648648,0.0053422642276538,0.053422642276538,0.0450376845376845,0.0500908265962033,0.46,11.28,0.00425915867765832,100,0.0425915867765832,0.947661122661123,100,0,0,"Prop_0.25",50,0.001,"Medium","Beta",2000,FALSE
"BL168","DiD","BH",0.01,100,0.00632212724716079,100,0.0632212724716079,0.6948,0.000876171654230362,0.998,0.000876171654230362,0.002,0.00117222759199475,0.0117222759199475,0.00267010663914689,0.021904291355759,0.05,17.42,0.00359029632720918,100,0.0359029632720918,0.918616,100,0,0,"Prop_0.50",50,0.001,"Medium","Beta",2000,FALSE
"BL168","DiD","BH",0.05,100,0.00601358730902215,100,0.0601358730902215,0.7328,0.00205421468688109,0.9868,0.00205421468688109,0.0132,0.00262782935766756,0.0262782935766756,0.0169947568341531,0.0464823198711732,0.31,18.65,0.00359029632720918,100,0.0359029632720918,0.918616,100,0,0,"Prop_0.50",50,0.001,"Medium","Beta",2000,FALSE
"BL168","DiD","unadjusted",0.01,100,0.00605363235144526,100,0.0605363235144526,0.718,0.00147381179670988,0.9936,0.00147381179670988,0.00640000000000001,0.00196861567525205,0.0196861567525205,0.00852158191825374,0.0368452949177471,0.16,18.11,0.00359029632720918,100,0.0359029632720918,0.918616,100,0,0,"Prop_0.50",50,0.001,"Medium","Beta",2000,FALSE
"BL168","DiD","unadjusted",0.05,100,0.00580059209795592,100,0.0580059209795592,0.7564,0.00329456240100888,0.9688,0.00329456240100888,0.0312,0.00394089667220027,0.0394089667220027,0.0379658881373782,0.0497569851956243,0.57,19.69,0.00359029632720918,100,0.0359029632720918,0.918616,100,0,0,"Prop_0.50",50,0.001,"Medium","Beta",2000,FALSE
"BL168","MIMOSA2","BFDR",0.01,100,0.00748612183991285,100,0.0748612183991285,0.7928,0.00115049396505865,0.9964,0.00115049396505865,0.0036,0.0014534754364501,0.014534754364501,0.00451137194008038,0.0287623491264661,0.09,19.91,0.00397800587574663,100,0.0397800587574663,0.936616,100,0,0,"Prop_0.50",50,0.001,"Medium","Beta",2000,FALSE
"BL168","MIMOSA2","BFDR",0.05,100,0.00695149137403135,100,0.0695149137403135,0.86,0.00284949047368051,0.9696,0.00284949047368051,0.0304,0.0031688313886626,0.031688313886626,0.0334411510940115,0.0492365963917331,0.6,22.26,0.00397800587574663,100,0.0397800587574663,0.936616,100,0,0,"Prop_0.50",50,0.001,"Medium","Beta",2000,FALSE
"BL169","DiD","BH",0.01,100,0.00645708508447354,100,0.0645708508447354,0.706842105263158,0.000833333333333334,0.999166666666667,0.000833333333333334,0.000833333333333334,0.000434782608695652,0.00434782608695652,0.000434782608695652,0.01,0.01,26.87,0.00318416764976315,100,0.0318416764976315,0.921831140350877,100,0,0,"Prop_0.75",50,0.001,"Medium","Beta",2000,FALSE
"BL169","DiD","BH",0.05,100,0.00555012465738122,100,0.0555012465738122,0.747894736842105,0.00454047145487643,0.974166666666667,0.00454047145487643,0.0258333333333333,0.00185928683464537,0.0185928683464537,0.0106247479496621,0.0446196043338474,0.27,28.73,0.00318416764976315,100,0.0318416764976315,0.921831140350877,100,0,0,"Prop_0.75",50,0.001,"Medium","Beta",2000,FALSE
"BL169","DiD","unadjusted",0.01,100,0.00566828602041612,100,0.0566828602041612,0.720263157894737,0.00182535761297992,0.995833333333333,0.00182535761297992,0.00416666666666667,0.000786952768360498,0.00786952768360498,0.00179276435672431,0.021904291355759,0.05,27.42,0.00318416764976315,100,0.0318416764976315,0.921831140350877,100,0,0,"Prop_0.75",50,0.001,"Medium","Beta",2000,FALSE
"BL169","DiD","unadjusted",0.05,100,0.00526209452309355,100,0.0526209452309355,0.762105263157895,0.00533922233794041,0.963333333333333,0.00533922233794041,0.0366666666666667,0.00215262891835909,0.0215262891835909,0.0147525275055317,0.0482418151324422,0.36,29.4,0.00318416764976315,100,0.0318416764976315,0.921831140350877,100,0,0,"Prop_0.75",50,0.001,"Medium","Beta",2000,FALSE
"BL169","MIMOSA2","BFDR",0.01,100,0.00562915378528086,100,0.0562915378528086,0.802368421052632,0.00227216603620242,0.993333333333333,0.00227216603620242,0.00666666666666667,0.000869967733021784,0.00869967733021784,0.0025333266864707,0.0272659924344291,0.08,30.57,0.00304786710544417,100,0.0304786710544417,0.94,100,0,0,"Prop_0.75",50,0.001,"Medium","Beta",2000,FALSE
"BL169","MIMOSA2","BFDR",0.05,100,0.00487855820622459,100,0.0487855820622459,0.874736842105263,0.00560270397281156,0.945833333333333,0.00560270397281156,0.0541666666666667,0.00195384281322099,0.0195384281322099,0.019020374658869,0.0500908265962033,0.54,33.89,0.00304786710544417,100,0.0304786710544417,0.94,100,0,0,"Prop_0.75",50,0.001,"Medium","Beta",2000,FALSE
"BL170","DiD","BH",0.01,100,0.00547159906323249,100,0.0547159906323249,0.709111111111111,0.002,0.998,0.002,0.002,0.000303030303030303,0.00303030303030303,0.000303030303030303,0.01,0.01,31.92,0.00348541936474625,100,0.0348541936474625,0.926666666666667,100,0,0,"Prop_0.90",50,0.001,"Medium","Beta",2000,FALSE
"BL170","DiD","BH",0.05,100,0.0050782135539345,100,0.0507821355393449,0.755333333333333,0.00512864799952485,0.986,0.00512864799952485,0.014,0.000734689034257958,0.00734689034257958,0.00200362984109114,0.0256432399976243,0.07,34.06,0.00348541936474625,100,0.0348541936474625,0.926666666666667,100,0,0,"Prop_0.90",50,0.001,"Medium","Beta",2000,FALSE
"BL170","DiD","unadjusted",0.01,100,0.00531797264204826,100,0.0531797264204826,0.721777777777778,0.002,0.998,0.002,0.002,0.000303030303030303,0.00303030303030303,0.000303030303030303,0.01,0.01,32.49,0.00348541936474625,100,0.0348541936474625,0.926666666666667,100,0,0,"Prop_0.90",50,0.001,"Medium","Beta",2000,FALSE
"BL170","DiD","unadjusted",0.05,100,0.0048161096420037,100,0.048161096420037,0.771111111111111,0.00717740562565273,0.97,0.00717740562565273,0.03,0.00101614806761252,0.0101614806761252,0.00424355922807935,0.0358870281282637,0.15,34.85,0.00348541936474625,100,0.0348541936474625,0.926666666666667,100,0,0,"Prop_0.90",50,0.001,"Medium","Beta",2000,FALSE
"BL170","MIMOSA2","BFDR",0.01,100,0.00578429227838124,100,0.0578429227838124,0.818888888888889,0.002,0.998,0.002,0.002,0.00027027027027027,0.0027027027027027,0.00027027027027027,0.01,0.01,36.86,0.00330109286698714,100,0.0330109286698714,0.946866666666667,100,0,0,"Prop_0.90",50,0.001,"Medium","Beta",2000,FALSE
"BL170","MIMOSA2","BFDR",0.05,100,0.00469607536469567,100,0.0469607536469567,0.892666666666667,0.00963998407308295,0.94,0.00963998407308295,0.06,0.00116411855091662,0.0116411855091662,0.00722718803531264,0.0456048021572069,0.29,40.47,0.00330109286698714,100,0.0330109286698714,0.946866666666667,100,0,0,"Prop_0.90",50,0.001,"Medium","Beta",2000,FALSE
"BL171","DiD","BH",0.01,100,0.012524597011602,100,0.12524597011602,0.66375,0.000149253731343284,0.999850746268657,0.000149253731343284,0.000149253731343284,0.00125,0.0125,0.00125,0.01,0.01,5.32,0.00489292429728025,100,0.0489292429728025,0.92759328358209,100,0,0,"Prop_0.10",75,0.001,"Medium","Beta",2000,FALSE
"BL171","DiD","BH",0.05,100,0.0123724553551489,100,0.123724553551489,0.68875,0.000600772136311908,0.997910447761194,0.000600772136311908,0.00208955223880597,0.00557727942758717,0.0557727942758717,0.0200198412698413,0.032659863237109,0.12,5.65,0.00489292429728025,100,0.0489292429728025,0.92759328358209,100,0,0,"Prop_0.10",75,0.001,"Medium","Beta",2000,FALSE
"BL171","DiD","unadjusted",0.01,100,0.0112478954260409,100,0.112478954260409,0.715,0.000945868555199987,0.995223880597015,0.000945868555199987,0.00477611940298508,0.00813948299426209,0.0813948299426209,0.0437698412698413,0.0435194139889245,0.25,6.04,0.00489292429728025,100,0.0489292429728025,0.92759328358209,100,0,0,"Prop_0.10",75,0.001,"Medium","Beta",2000,FALSE
"BL171","DiD","unadjusted",0.05,100,0.0109370039570056,100,0.109370039570056,0.76375,0.00213914570326838,0.968955223880597,0.00213914570326838,0.031044776119403,0.0133274909452923,0.133274909452923,0.231317821067821,0.032659863237109,0.88,8.19,0.00489292429728025,100,0.0489292429728025,0.92759328358209,100,0,0,"Prop_0.10",75,0.001,"Medium","Beta",2000,FALSE
"BL171","MIMOSA2","BFDR",0.01,100,0.0127772287980444,100,0.127772287980444,0.73,0.000255890459698158,0.99955223880597,0.000255890459698158,0.000447761194029852,0.00264154571200218,0.0264154571200218,0.00458333333333333,0.0171446607997765,0.03,5.87,0.00529231679167366,100,0.0529231679167366,0.93660447761194,100,0,0,"Prop_0.10",75,0.001,"Medium","Beta",2000,FALSE
"BL171","MIMOSA2","BFDR",0.05,100,0.0124011240937215,100,0.124011240937215,0.77,0.000795312892719243,0.995074626865672,0.000795312892719243,0.00492537313432837,0.00726658751996001,0.0726658751996001,0.0452738095238095,0.0460566186471838,0.3,6.49,0.00529231679167366,100,0.0529231679167366,0.93660447761194,100,0,0,"Prop_0.10",75,0.001,"Medium","Beta",2000,FALSE
"BL172","DiD","BH",0.01,100,0.00825782122626227,100,0.0825782122626228,0.672105263157895,0.000306154657138867,0.999464285714286,0.000306154657138867,0.000535714285714287,0.00127130822553771,0.0127130822553771,0.00221428571428571,0.0171446607997765,0.03,12.8,0.0035097928760341,100,0.035097928760341,0.918580827067669,100,0,0,"Prop_0.25",75,0.001,"Medium","Beta",2000,FALSE
"BL172","DiD","BH",0.05,100,0.00786366381857802,100,0.0786366381857802,0.710526315789474,0.00093531792713474,0.996071428571429,0.00093531792713474,0.00392857142857144,0.00348452226314732,0.0348452226314732,0.0150517399267399,0.0386122919665369,0.18,13.72,0.0035097928760341,100,0.035097928760341,0.918580827067669,100,0,0,"Prop_0.25",75,0.001,"Medium","Beta",2000,FALSE
"BL172","DiD","unadjusted",0.01,100,0.00768205456489747,100,0.0768205456489747,0.712105263157895,0.000910008426908186,0.995892857142857,0.000910008426908186,0.00410714285714287,0.00346284303565384,0.0346284303565384,0.0160709706959707,0.0402015126103685,0.2,13.76,0.0035097928760341,100,0.035097928760341,0.918580827067669,100,0,0,"Prop_0.25",75,0.001,"Medium","Beta",2000,FALSE
"BL172","DiD","unadjusted",0.05,100,0.00733931366386945,100,0.0733931366386945,0.759473684210526,0.00240625087845039,0.97,0.00240625087845039,0.03,0.00723991780695634,0.0723991780695633,0.0991135720145008,0.0409360180740332,0.79,16.11,0.0035097928760341,100,0.035097928760341,0.918580827067669,100,0,0,"Prop_0.25",75,0.001,"Medium","Beta",2000,FALSE
"BL172","MIMOSA2","BFDR",0.01,100,0.00987965867337492,100,0.0987965867337492,0.765263157894737,0.000513613377258325,0.998392857142857,0.000513613377258325,0.00160714285714286,0.00187414470356265,0.0187414470356265,0.00583730158730159,0.0287623491264661,0.09,14.63,0.00420537560164609,100,0.0420537560164609,0.934177631578947,100,0,0,"Prop_0.25",75,0.001,"Medium","Beta",2000,FALSE
"BL172","MIMOSA2","BFDR",0.05,100,0.00927972034378817,100,0.0927972034378817,0.825263157894737,0.00160523776776962,0.982142857142857,0.00160523776776962,0.0178571428571429,0.00512238780667016,0.0512238780667016,0.0570832841908693,0.0476095228569523,0.66,16.68,0.00420537560164609,100,0.0420537560164609,0.934177631578947,100,0,0,"Prop_0.25",75,0.001,"Medium","Beta",2000,FALSE
"BL173","DiD","BH",0.01,100,0.00536706313417805,100,0.0536706313417805,0.707631578947368,0.000777360787201786,0.997567567567568,0.000777360787201786,0.00243243243243243,0.00101018543845777,0.0101018543845777,0.00315773846307773,0.0287623491264661,0.09,26.98,0.00241859250823169,100,0.0241859250823169,0.926824324324324,100,0,0,"Prop_0.50",75,0.001,"Medium","Beta",2000,FALSE
"BL173","DiD","BH",0.05,100,0.00517814110501539,100,0.0517814110501539,0.746578947368421,0.00177103127730722,0.988378378378378,0.00177103127730722,0.0116216216216216,0.00216048667442671,0.0216048667442671,0.0143500637396633,0.0482418151324422,0.36,28.8,0.00241859250823169,100,0.0241859250823169,0.926824324324324,100,0,0,"Prop_0.50",75,0.001,"Medium","Beta",2000,FALSE
"BL173","DiD","unadjusted",0.01,100,0.0051844189920764,100,0.051844189920764,0.730526315789474,0.00123256222046505,0.994324324324324,0.00123256222046505,0.00567567567567567,0.00154644529571003,0.0154644529571003,0.00713828710324817,0.0394277244403663,0.19,27.97,0.00241859250823169,100,0.0241859250823169,0.926824324324324,100,0,0,"Prop_0.50",75,0.001,"Medium","Beta",2000,FALSE
"BL173","DiD","unadjusted",0.05,100,0.00509321597151924,100,0.0509321597151924,0.775263157894737,0.00300947977504883,0.968918918918919,0.00300947977504883,0.0310810810810811,0.0034554953114079,0.034554953114079,0.0362807852440042,0.048523658709391,0.63,30.61,0.00241859250823169,100,0.0241859250823169,0.926824324324324,100,0,0,"Prop_0.50",75,0.001,"Medium","Beta",2000,FALSE
"BL173","MIMOSA2","BFDR",0.01,100,0.00612323885819855,100,0.0612323885819855,0.815789473684211,0.00142987785953883,0.992702702702703,0.00142987785953883,0.00729729729729729,0.00155868314035249,0.0155868314035249,0.0081800781535863,0.0429234695990928,0.24,31.27,0.00261120610430596,100,0.0261120610430596,0.942108819345661,100,0,0,"Prop_0.50",75,0.001,"Medium","Beta",2000,FALSE
"BL173","MIMOSA2","BFDR",0.05,100,0.00477911025116636,100,0.0477911025116636,0.879736842105263,0.00295866808916191,0.961081081081081,0.00295866808916191,0.0389189189189189,0.00290414532728474,0.0290414532728474,0.0402842985328254,0.0409360180740332,0.79,34.87,0.00261120610430596,100,0.0261120610430596,0.942108819345661,100,0,0,"Prop_0.50",75,0.001,"Medium","Beta",2000,FALSE
"BL174","DiD","BH",0.01,100,0.00449075845059098,100,0.0449075845059098,0.702321428571429,0.000902350568409292,0.998421052631579,0.000902350568409292,0.00157894736842105,0.000437156583205726,0.00437156583205726,0.000764172709294661,0.0171446607997765,0.03,39.36,0.00269291954430991,100,0.0269291954430991,0.922800751879699,100,0,0,"Prop_0.75",75,0.001,"Medium","Beta",2000,FALSE
"BL174","DiD","BH",0.05,100,0.00463508062247352,100,0.0463508062247352,0.748214285714286,0.00326891502224324,0.978421052631579,0.00326891502224324,0.0215789473684211,0.00142281545736494,0.0142281545736494,0.0094950592600652,0.0479372485441102,0.35,42.31,0.00269291954430991,100,0.0269291954430991,0.922800751879699,100,0,0,"Prop_0.75",75,0.001,"Medium","Beta",2000,FALSE
"BL174","DiD","unadjusted",0.01,100,0.00429513604806739,100,0.0429513604806739,0.716964285714286,0.00220903217775832,0.991578947368421,0.00220903217775832,0.00842105263157895,0.0010318849759974,0.010318849759974,0.00391457685913257,0.0348735088019777,0.14,40.31,0.00269291954430991,100,0.0269291954430991,0.922800751879699,100,0,0,"Prop_0.75",75,0.001,"Medium","Beta",2000,FALSE
"BL174","DiD","unadjusted",0.05,100,0.00460716522920393,100,0.0460716522920393,0.768035714285714,0.00432169821525972,0.965789473684211,0.00432169821525972,0.0342105263157895,0.00184321455215115,0.0184321455215115,0.0146639031805107,0.05,0.45,43.66,0.00269291954430991,100,0.0269291954430991,0.922800751879699,100,0,0,"Prop_0.75",75,0.001,"Medium","Beta",2000,FALSE
"BL174","MIMOSA2","BFDR",0.01,100,0.00531703964974703,100,0.0531703964974703,0.808392857142857,0.00143505223339101,0.995789473684211,0.00143505223339101,0.00421052631578948,0.000583634538765999,0.00583634538765999,0.00170547730308373,0.0272659924344291,0.08,45.35,0.00274403397715236,100,0.0274403397715236,0.935667293233083,100,0,0,"Prop_0.75",75,0.001,"Medium","Beta",2000,FALSE
"BL174","MIMOSA2","BFDR",0.05,100,0.00479328808844461,100,0.0479328808844461,0.877321428571429,0.00503242236996881,0.951052631578947,0.00503242236996881,0.0489473684210527,0.00182827348434852,0.0182827348434852,0.0181655593071632,0.0490207130000197,0.61,50.06,0.00274403397715236,100,0.0274403397715236,0.935667293233083,100,0,0,"Prop_0.75",75,0.001,"Medium","Beta",2000,FALSE
"BL175","DiD","BH",0.01,100,0.00330526480573359,100,0.0330526480573359,0.708382352941176,0.00142857142857143,0.998571428571429,0.00142857142857143,0.00142857142857143,2e-04,0.002,2e-04,0.01,0.01,48.18,0.00271321083033341,100,0.0271321083033341,0.924821428571429,100,0,0,"Prop_0.90",75,0.001,"Medium","Beta",2000,FALSE
"BL175","DiD","BH",0.05,100,0.00341781763758626,100,0.0341781763758626,0.758088235294118,0.00498192982885396,0.98,0.00498192982885396,0.02,0.000651622856951031,0.00651622856951031,0.00261370042401272,0.0348735088019777,0.14,51.69,0.00271321083033341,100,0.0271321083033341,0.924821428571429,100,0,0,"Prop_0.90",75,0.001,"Medium","Beta",2000,FALSE
"BL175","DiD","unadjusted",0.01,100,0.00321116699084326,100,0.0321116699084326,0.718529411764706,0.00201007563051842,0.997142857142857,0.00201007563051842,0.00285714285714286,0.000284296923186297,0.00284296923186297,0.000404081632653061,0.014070529413629,0.02,48.88,0.00271321083033341,100,0.0271321083033341,0.924821428571429,100,0,0,"Prop_0.90",75,0.001,"Medium","Beta",2000,FALSE
"BL175","DiD","unadjusted",0.05,100,0.00337200359350269,100,0.0337200359350269,0.771029411764706,0.00619047619047619,0.97,0.00619047619047619,0.03,0.00079708247082546,0.0079708247082546,0.00388044859731502,0.0402015126103685,0.2,52.64,0.00271321083033341,100,0.0271321083033341,0.924821428571429,100,0,0,"Prop_0.90",75,0.001,"Medium","Beta",2000,FALSE
"BL175","MIMOSA2","BFDR",0.01,100,0.00499081677392407,100,0.0499081677392407,0.812352941176471,0.00244923725711093,0.995714285714286,0.00244923725711093,0.00428571428571429,0.000298279102248891,0.00298279102248891,0.000521343377275581,0.0171446607997765,0.03,55.27,0.00261725119469706,100,0.0261725119469706,0.938697478991597,100,0,0,"Prop_0.90",75,0.001,"Medium","Beta",2000,FALSE
"BL175","MIMOSA2","BFDR",0.05,100,0.0042532166421721,100,0.042532166421721,0.887205882352941,0.00861460984507896,0.942857142857143,0.00861460984507896,0.0571428571428572,0.000967551185636253,0.00967551185636253,0.00643703506398729,0.0476095228569523,0.34,60.73,0.00261725119469706,100,0.0261725119469706,0.938697478991597,100,0,0,"Prop_0.90",75,0.001,"Medium","Beta",2000,FALSE
"BL176","DiD","BH",0.01,100,0.0132950207129427,100,0.132950207129427,0.649,0.000218829317296591,0.999555555555556,0.000218829317296591,0.000444444444444443,0.00277625705641922,0.0277625705641922,0.00559523809523809,0.0196946385566932,0.04,6.53,0.0049579757846104,100,0.049579757846104,0.919711111111111,100,0,0,"Prop_0.10",100,0.001,"Medium","Beta",2000,FALSE
"BL176","DiD","BH",0.05,100,0.0121671855431075,100,0.121671855431075,0.688,0.000418430609640564,0.998444444444444,0.000418430609640564,0.00155555555555555,0.00467501170679803,0.0467501170679803,0.0176713564213564,0.0337997668989631,0.13,7.02,0.0049579757846104,100,0.049579757846104,0.919711111111111,100,0,0,"Prop_0.10",100,0.001,"Medium","Beta",2000,FALSE
"BL176","DiD","unadjusted",0.01,100,0.0117769677632644,100,0.117769677632644,0.713,0.000730143045191967,0.995,0.000730143045191967,0.00499999999999999,0.0076752037384861,0.076752037384861,0.055,0.0487831731214563,0.38,7.58,0.0049579757846104,100,0.049579757846104,0.919711111111111,100,0,0,"Prop_0.10",100,0.001,"Medium","Beta",2000,FALSE
"BL176","DiD","unadjusted",0.05,100,0.011139156524657,100,0.11139156524657,0.754,0.00163192369903475,0.970888888888889,0.00163192369903475,0.0291111111111111,0.0113443910778657,0.113443910778657,0.245256798756799,0.0238683256575942,0.94,10.16,0.0049579757846104,100,0.049579757846104,0.919711111111111,100,0,0,"Prop_0.10",100,0.001,"Medium","Beta",2000,FALSE
"BL176","MIMOSA2","BFDR",0.01,100,0.0128927197372091,100,0.128927197372091,0.712,0.000218829317296591,0.999555555555556,0.000218829317296591,0.000444444444444443,0.0026291030894661,0.026291030894661,0.00528571428571429,0.0196946385566932,0.04,7.16,0.0059343138237435,100,0.059343138237435,0.923388888888889,100,0,0,"Prop_0.10",100,0.001,"Medium","Beta",2000,FALSE
"BL176","MIMOSA2","BFDR",0.05,100,0.0124721912892465,100,0.124721912892465,0.76,0.000639943257242651,0.994888888888889,0.000639943257242651,0.0051111111111111,0.00673779907917837,0.0673779907917837,0.0538636363636364,0.0496044963748858,0.42,8.06,0.0059343138237435,100,0.059343138237435,0.923388888888889,100,0,0,"Prop_0.10",100,0.001,"Medium","Beta",2000,FALSE
"BL177","DiD","BH",0.01,100,0.00725901738070197,100,0.0725901738070197,0.6744,0.000292057218076787,0.999333333333333,0.000292057218076787,0.000666666666666665,0.00118747643919439,0.0118747643919439,0.00270278637770898,0.021904291355759,0.05,16.91,0.00276923938959012,100,0.0276923938959012,0.927202666666667,100,0,0,"Prop_0.25",100,0.001,"Medium","Beta",2000,FALSE
"BL177","DiD","BH",0.05,100,0.00651847413514122,100,0.0651847413514122,0.7188,0.000840180622983422,0.995066666666667,0.000840180622983422,0.00493333333333333,0.00310536544355682,0.0310536544355682,0.0185871576804912,0.0460566186471838,0.3,18.34,0.00276923938959012,100,0.0276923938959012,0.927202666666667,100,0,0,"Prop_0.25",100,0.001,"Medium","Beta",2000,FALSE
"BL177","DiD","unadjusted",0.01,100,0.00638179228173973,100,0.0638179228173973,0.72,0.000793237410379507,0.9952,0.000793237410379507,0.00479999999999999,0.00297796750282553,0.0297796750282553,0.0182401476643636,0.0460566186471838,0.3,18.36,0.00276923938959012,100,0.0276923938959012,0.927202666666667,100,0,0,"Prop_0.25",100,0.001,"Medium","Beta",2000,FALSE
"BL177","DiD","unadjusted",0.05,100,0.00592532656901668,100,0.0592532656901668,0.7704,0.00194980789867896,0.970266666666667,0.00194980789867896,0.0297333333333333,0.00620337546387043,0.0620337546387043,0.100750509774995,0.031446603773522,0.89,21.49,0.00276923938959012,100,0.0276923938959012,0.927202666666667,100,0,0,"Prop_0.25",100,0.001,"Medium","Beta",2000,FALSE
"BL177","MIMOSA2","BFDR",0.01,100,0.00801170860350492,100,0.0801170860350492,0.7688,0.000631958458053078,0.9968,0.000631958458053078,0.00319999999999999,0.00243423359769282,0.0243423359769282,0.0121998346492054,0.0416333199893227,0.22,19.46,0.0033418297104569,100,0.033418297104569,0.939533333333333,100,0,0,"Prop_0.25",100,0.001,"Medium","Beta",2000,FALSE
"BL177","MIMOSA2","BFDR",0.05,100,0.00754247233265651,100,0.0754247233265651,0.832,0.001220181951805,0.9796,0.001220181951805,0.0204,0.00377730584545593,0.0377730584545593,0.067148020104064,0.031446603773522,0.89,22.33,0.0033418297104569,100,0.033418297104569,0.939533333333333,100,0,0,"Prop_0.25",100,0.001,"Medium","Beta",2000,FALSE
"BL178","DiD","BH",0.01,100,0.00479372485441102,100,0.0479372485441102,0.693,0.000545319848688582,0.9984,0.000545319848688582,0.0016,0.000754712470247217,0.00754712470247217,0.0022117643278634,0.0272659924344291,0.08,34.73,0.00226048764739832,100,0.0226048764739832,0.922942,100,0,0,"Prop_0.50",100,0.001,"Medium","Beta",2000,FALSE
"BL178","DiD","BH",0.05,100,0.00445543590357993,100,0.0445543590357993,0.7326,0.00134705065032665,0.9906,0.00134705065032665,0.00940000000000001,0.00172266822167011,0.0172266822167011,0.0122061782648458,0.0487831731214563,0.38,37.1,0.00226048764739832,100,0.0226048764739832,0.922942,100,0,0,"Prop_0.50",100,0.001,"Medium","Beta",2000,FALSE
"BL178","DiD","unadjusted",0.01,100,0.00426950663059409,100,0.0426950663059409,0.7156,0.000822904439878482,0.9964,0.000822904439878482,0.0036,0.00110848193610451,0.0110848193610451,0.00485598058295427,0.0377525168068637,0.17,35.96,0.00226048764739832,100,0.0226048764739832,0.922942,100,0,0,"Prop_0.50",100,0.001,"Medium","Beta",2000,FALSE
"BL178","DiD","unadjusted",0.05,100,0.00398436337639422,100,0.0398436337639422,0.7606,0.00197714210644832,0.973,0.00197714210644832,0.027,0.00239293962560331,0.0239293962560331,0.033592856560587,0.0402015126103685,0.8,39.38,0.00226048764739832,100,0.0226048764739832,0.922942,100,0,0,"Prop_0.50",100,0.001,"Medium","Beta",2000,FALSE
"BL178","MIMOSA2","BFDR",0.01,100,0.00490931911179281,100,0.0490931911179281,0.7986,0.000788554488807326,0.9962,0.000788554488807326,0.0038,0.000960575079097855,0.00960575079097855,0.0046218632487935,0.0394277244403663,0.19,40.12,0.00271193519185995,100,0.0271193519185995,0.937412,100,0,0,"Prop_0.50",100,0.001,"Medium","Beta",2000,FALSE
"BL178","MIMOSA2","BFDR",0.05,100,0.00461880215351701,100,0.0461880215351701,0.868,0.00189587537415924,0.9704,0.00189587537415924,0.0296,0.00205820030948279,0.0205820030948279,0.0325533791703344,0.0348735088019777,0.86,44.88,0.00271193519185995,100,0.0271193519185995,0.937412,100,0,0,"Prop_0.50",100,0.001,"Medium","Beta",2000,FALSE
"BL179","DiD","BH",0.01,100,0.00418170887477306,100,0.0418170887477306,0.698533333333333,0.00109063969737716,0.9968,0.00109063969737716,0.0032,0.00050045476551186,0.0050045476551186,0.0014657213677062,0.0272659924344291,0.08,52.47,0.00221699431921866,100,0.0221699431921866,0.923296,100,0,0,"Prop_0.75",100,0.001,"Medium","Beta",2000,FALSE
"BL179","DiD","BH",0.05,100,0.00384841856832026,100,0.0384841856832026,0.739333333333333,0.00266029541915399,0.9844,0.00266029541915399,0.0156,0.00116372862170519,0.0116372862170519,0.00681797725000894,0.0456048021572069,0.29,55.84,0.00221699431921866,100,0.0221699431921866,0.923296,100,0,0,"Prop_0.75",100,0.001,"Medium","Beta",2000,FALSE
"BL179","DiD","unadjusted",0.01,100,0.00394885370288377,100,0.0394885370288377,0.712266666666667,0.00146666666666667,0.9948,0.00146666666666667,0.0052,0.000663478606350742,0.00663478606350742,0.00236059490266808,0.032659863237109,0.12,53.55,0.00221699431921866,100,0.0221699431921866,0.923296,100,0,0,"Prop_0.75",100,0.001,"Medium","Beta",2000,FALSE
"BL179","DiD","unadjusted",0.05,100,0.00353488943562737,100,0.0353488943562737,0.760533333333333,0.00392639346685551,0.9676,0.00392639346685551,0.0324,0.00165257915169892,0.0165257915169892,0.013734112747611,0.0502418393795691,0.51,57.85,0.00221699431921866,100,0.0221699431921866,0.923296,100,0,0,"Prop_0.75",100,0.001,"Medium","Beta",2000,FALSE
"BL179","MIMOSA2","BFDR",0.01,100,0.0044257181248148,100,0.044257181248148,0.814,0.00125786415094088,0.9956,0.00125786415094088,0.0044,0.000516408175977028,0.00516408175977028,0.0018023166095575,0.031446603773522,0.11,61.16,0.00232939433176565,100,0.0232939433176565,0.937629333333333,100,0,0,"Prop_0.75",100,0.001,"Medium","Beta",2000,FALSE
"BL179","MIMOSA2","BFDR",0.05,100,0.00395101316759449,100,0.0395101316759449,0.881733333333333,0.00374435602209539,0.95,0.00374435602209539,0.05,0.00134354500985688,0.0134354500985688,0.0183441839466147,0.0416333199893227,0.78,67.38,0.00232939433176565,100,0.0232939433176565,0.937629333333333,100,0,0,"Prop_0.75",100,0.001,"Medium","Beta",2000,FALSE
"BL180","DiD","BH",0.01,100,0.00365917678719478,100,0.0365917678719478,0.702555555555556,0.00171446607997765,0.997,0.00171446607997765,0.003,0.000262438842013187,0.00262438842013187,0.000459207459207459,0.0171446607997765,0.03,63.26,0.00246203717949205,100,0.0246203717949205,0.922972222222222,100,0,0,"Prop_0.90",100,0.001,"Medium","Beta",2000,FALSE
"BL180","DiD","BH",0.05,100,0.00377434319345272,100,0.0377434319345272,0.750888888888889,0.00468287229478799,0.977,0.00468287229478799,0.023,0.000662126130725352,0.00662126130725352,0.0032709125569429,0.0409360180740332,0.21,67.81,0.00246203717949205,100,0.0246203717949205,0.922972222222222,100,0,0,"Prop_0.90",100,0.001,"Medium","Beta",2000,FALSE
"BL180","DiD","unadjusted",0.01,100,0.00355560816459396,100,0.0355560816459396,0.715444444444444,0.00196946385566932,0.996,0.00196946385566932,0.004,0.000292972449702229,0.00292972449702229,0.000594950150433603,0.0196946385566932,0.04,64.43,0.00246203717949205,100,0.0246203717949205,0.922972222222222,100,0,0,"Prop_0.90",100,0.001,"Medium","Beta",2000,FALSE
"BL180","DiD","unadjusted",0.05,100,0.00343931771539427,100,0.0343931771539427,0.765333333333333,0.00532859638121892,0.967,0.00532859638121892,0.033,0.000743798515991756,0.00743798515991756,0.00464405672230612,0.0460566186471838,0.3,69.21,0.00246203717949205,100,0.0246203717949205,0.922972222222222,100,0,0,"Prop_0.90",100,0.001,"Medium","Beta",2000,FALSE
"BL180","MIMOSA2","BFDR",0.01,100,0.00413361752761085,100,0.0413361752761085,0.812111111111111,0.00256432399976243,0.993,0.00256432399976243,0.007,0.000344130439342568,0.00344130439342568,0.000937899058343329,0.0256432399976243,0.07,73.16,0.00220685335000821,100,0.0220685335000821,0.939283333333333,100,0,0,"Prop_0.90",100,0.001,"Medium","Beta",2000,FALSE
"BL180","MIMOSA2","BFDR",0.05,100,0.00340543054937064,100,0.0340543054937065,0.889111111111111,0.00831452422759794,0.934,0.00831452422759794,0.066,0.0010028044202443,0.010028044202443,0.00802912551150729,0.0500908265962033,0.46,80.68,0.00220685335000821,100,0.0220685335000821,0.939283333333333,100,0,0,"Prop_0.90",100,0.001,"Medium","Beta",2000,FALSE
"BL181","DiD","BH",0.01,100,0.0472581562625261,100,0.472581562625261,0.67,0,1,0,0,0,0,0,0,0,0.67,0.0202771051346703,100,0.202771051346703,0.918888888888889,100,0,0,"Prop_0.10",10,5e-04,"Medium","Beta",2000,FALSE
"BL181","DiD","BH",0.05,100,0.0464823198711732,100,0.464823198711732,0.69,0.00156339215706989,0.997777777777778,0.00156339215706989,0.00222222222222222,0.00703526470681448,0.0703526470681448,0.01,0.014070529413629,0.02,0.71,0.0202771051346703,100,0.202771051346703,0.918888888888889,100,0,0,"Prop_0.10",10,5e-04,"Medium","Beta",2000,FALSE
"BL181","DiD","unadjusted",0.01,100,0.0464823198711732,100,0.464823198711732,0.69,0.00243381015063989,0.994444444444444,0.00243381015063989,0.00555555555555556,0.01836773631599,0.1836773631599,0.04,0.021904291355759,0.05,0.74,0.0202771051346703,100,0.202771051346703,0.918888888888889,100,0,0,"Prop_0.10",10,5e-04,"Medium","Beta",2000,FALSE
"BL181","DiD","unadjusted",0.05,100,0.0446196043338474,100,0.446196043338474,0.73,0.0047692743998992,0.973333333333333,0.0047692743998992,0.0266666666666667,0.0277934299336147,0.277934299336147,0.145,0.0429234695990928,0.24,0.97,0.0202771051346703,100,0.202771051346703,0.918888888888889,100,0,0,"Prop_0.10",10,5e-04,"Medium","Beta",2000,FALSE
"BL181","MIMOSA2","BFDR",0.01,100,0.0464823198711732,100,0.464823198711732,0.69,0.00222222222222222,0.997777777777778,0.00222222222222222,0.00222222222222222,0.00666666666666667,0.0666666666666667,0.00666666666666667,0.01,0.01,0.71,0.0211677425780621,100,0.211677425780621,0.903333333333333,100,0,0,"Prop_0.10",10,5e-04,"Medium","Beta",2000,FALSE
"BL181","MIMOSA2","BFDR",0.05,100,0.0451260859854213,100,0.451260859854213,0.72,0.00389889685460877,0.99,0.00389889685460877,0.01,0.0141847280389806,0.141847280389806,0.0383333333333333,0.0256432399976243,0.07,0.81,0.0211677425780621,100,0.211677425780621,0.903333333333333,100,0,0,"Prop_0.10",10,5e-04,"Medium","Beta",2000,FALSE
"BL182","DiD","BH",0.01,100,0.0284346574071691,100,0.284346574071691,0.62,0.00142857142857143,0.998571428571429,0.00142857142857143,0.00142857142857143,0.0025,0.025,0.0025,0.01,0.01,1.87,0.0104235856221631,100,0.104235856221631,0.924761904761905,100,0,0,"Prop_0.25",10,5e-04,"Medium","Beta",2000,FALSE
"BL182","DiD","BH",0.05,100,0.0259910197734995,100,0.259910197734995,0.696666666666667,0.00312918447939415,0.992857142857143,0.00312918447939415,0.00714285714285715,0.00697669279990472,0.0697669279990472,0.0158333333333333,0.021904291355759,0.05,2.14,0.0104235856221631,100,0.104235856221631,0.924761904761905,100,0,0,"Prop_0.25",10,5e-04,"Medium","Beta",2000,FALSE
"BL182","DiD","unadjusted",0.01,100,0.0247342780728388,100,0.247342780728388,0.69,0.00244923725711093,0.995714285714286,0.00244923725711093,0.00428571428571429,0.00528309142400435,0.0528309142400435,0.00916666666666667,0.0171446607997765,0.03,2.1,0.0104235856221631,100,0.104235856221631,0.924761904761905,100,0,0,"Prop_0.25",10,5e-04,"Medium","Beta",2000,FALSE
"BL182","DiD","unadjusted",0.05,100,0.0238659744458801,100,0.238659744458801,0.75,0.00526361355967815,0.977142857142857,0.00526361355967815,0.0228571428571429,0.0108763068928467,0.108763068928467,0.0466666666666667,0.0368452949177471,0.16,2.41,0.0104235856221631,100,0.104235856221631,0.924761904761905,100,0,0,"Prop_0.25",10,5e-04,"Medium","Beta",2000,FALSE
"BL182","MIMOSA2","BFDR",0.01,100,0.0263022234511386,100,0.263022234511386,0.686666666666667,0.00201007563051842,0.997142857142857,0.00201007563051842,0.00285714285714286,0.00414641543296869,0.0414641543296869,0.00583333333333333,0.014070529413629,0.02,2.08,0.0113257712209493,100,0.113257712209493,0.92452380952381,100,0,0,"Prop_0.25",10,5e-04,"Medium","Beta",2000,FALSE
"BL182","MIMOSA2","BFDR",0.05,100,0.0245521045154824,100,0.245521045154824,0.756666666666667,0.00340976080822774,0.991428571428571,0.00340976080822774,0.00857142857142857,0.00703676013986503,0.0703676013986503,0.0175,0.0238683256575942,0.06,2.33,0.0113257712209493,100,0.113257712209493,0.92452380952381,100,0,0,"Prop_0.25",10,5e-04,"Medium","Beta",2000,FALSE
"BL183","DiD","BH",0.01,100,0.0199585428912893,100,0.199585428912893,0.658,0,1,0,0,0,0,0,0,0,3.29,0.00997927144564465,100,0.0997927144564465,0.907,100,0,0,"Prop_0.50",10,5e-04,"Medium","Beta",2000,FALSE
"BL183","DiD","BH",0.05,100,0.017389187398606,100,0.17389187398606,0.708,0.00438085827115181,0.99,0.00438085827115181,0.01,0.00610136964623886,0.0610136964623886,0.0136666666666667,0.021904291355759,0.05,3.59,0.00997927144564465,100,0.0997927144564465,0.907,100,0,0,"Prop_0.50",10,5e-04,"Medium","Beta",2000,FALSE
"BL183","DiD","unadjusted",0.01,100,0.0176337600910723,100,0.176337600910723,0.696,0.002,0.998,0.002,0.002,0.00333333333333333,0.0333333333333333,0.00333333333333333,0.01,0.01,3.49,0.00997927144564465,100,0.0997927144564465,0.907,100,0,0,"Prop_0.50",10,5e-04,"Medium","Beta",2000,FALSE
"BL183","DiD","unadjusted",0.05,100,0.0164224532179869,100,0.164224532179869,0.73,0.00822658906696862,0.97,0.00822658906696862,0.03,0.00967222352763699,0.0967222352763699,0.0348333333333333,0.0337997668989631,0.13,3.8,0.00997927144564465,100,0.0997927144564465,0.907,100,0,0,"Prop_0.50",10,5e-04,"Medium","Beta",2000,FALSE
"BL183","MIMOSA2","BFDR",0.01,100,0.0195494710460876,100,0.195494710460876,0.658,0.00393892771133865,0.992,0.00393892771133865,0.008,0.00445969605341988,0.0445969605341988,0.009,0.0196946385566932,0.04,3.33,0.00965045662812455,100,0.0965045662812455,0.922,100,0,0,"Prop_0.50",10,5e-04,"Medium","Beta",2000,FALSE
"BL183","MIMOSA2","BFDR",0.05,100,0.0193260174245743,100,0.193260174245743,0.732,0.00575246982529323,0.982,0.00575246982529323,0.018,0.00610431210396604,0.0610431210396604,0.019,0.0287623491264661,0.09,3.75,0.00965045662812455,100,0.0965045662812455,0.922,100,0,0,"Prop_0.50",10,5e-04,"Medium","Beta",2000,FALSE
"BL184","DiD","BH",0.01,100,0.0143124186734049,100,0.143124186734049,0.61125,0.00703526470681448,0.99,0.00703526470681448,0.01,0.00259045125614008,0.0259045125614008,0.00366666666666667,0.014070529413629,0.02,4.91,0.0101410506896923,100,0.101410506896923,0.9025,100,0,0,"Prop_0.75",10,5e-04,"Medium","Beta",2000,FALSE
"BL184","DiD","BH",0.05,100,0.0131155268843667,100,0.131155268843667,0.68875,0.0119341628287971,0.97,0.0119341628287971,0.03,0.00437685346341177,0.0437685346341177,0.0108333333333333,0.0238683256575942,0.06,5.57,0.0101410506896923,100,0.101410506896923,0.9025,100,0,0,"Prop_0.75",10,5e-04,"Medium","Beta",2000,FALSE
"BL184","DiD","unadjusted",0.01,100,0.0137224241387017,100,0.137224241387017,0.64125,0.00703526470681448,0.99,0.00703526470681448,0.01,0.00234508823560483,0.0234508823560483,0.00333333333333333,0.014070529413629,0.02,5.15,0.0101410506896923,100,0.101410506896923,0.9025,100,0,0,"Prop_0.75",10,5e-04,"Medium","Beta",2000,FALSE
"BL184","DiD","unadjusted",0.05,100,0.0112443869274291,100,0.112443869274291,0.70875,0.0128216199988121,0.965,0.0128216199988121,0.035,0.00419250901762252,0.0419250901762252,0.0114285714285714,0.0256432399976243,0.07,5.74,0.0101410506896923,100,0.101410506896923,0.9025,100,0,0,"Prop_0.75",10,5e-04,"Medium","Beta",2000,FALSE
"BL184","MIMOSA2","BFDR",0.01,100,0.0146136049452197,100,0.146136049452197,0.67125,0.00984731927834662,0.98,0.00984731927834662,0.02,0.00391988906769443,0.0391988906769443,0.00775,0.0196946385566932,0.04,5.41,0.00989428815687683,100,0.0989428815687683,0.926875,100,0,0,"Prop_0.75",10,5e-04,"Medium","Beta",2000,FALSE
"BL184","MIMOSA2","BFDR",0.05,100,0.0142416686614535,100,0.142416686614535,0.74125,0.0119341628287971,0.97,0.0119341628287971,0.03,0.00409104496386573,0.0409104496386573,0.0100277777777778,0.0238683256575942,0.06,5.99,0.00989428815687683,100,0.0989428815687683,0.926875,100,0,0,"Prop_0.75",10,5e-04,"Medium","Beta",2000,FALSE
"BL185","DiD","BH",0.01,100,0.0135278552693342,100,0.135278552693342,0.65,0,1,0,0,0,0,0,0,0,5.85,0.0112227833754202,100,0.112227833754202,0.911111111111111,100,0,0,"Prop_0.90",10,5e-04,"Medium","Beta",2000,FALSE
"BL185","DiD","BH",0.05,100,0.0115513244433727,100,0.115513244433727,0.722222222222222,0.01,0.99,0.01,0.01,0.00142857142857143,0.0142857142857143,0.00142857142857143,0.01,0.01,6.51,0.0112227833754202,100,0.112227833754202,0.911111111111111,100,0,0,"Prop_0.90",10,5e-04,"Medium","Beta",2000,FALSE
"BL185","DiD","unadjusted",0.01,100,0.0121772460909434,100,0.121772460909434,0.67,0,1,0,0,0,0,0,0,0,6.03,0.0112227833754202,100,0.112227833754202,0.911111111111111,100,0,0,"Prop_0.90",10,5e-04,"Medium","Beta",2000,FALSE
"BL185","DiD","unadjusted",0.05,100,0.0117673757084459,100,0.117673757084459,0.737777777777778,0.0171446607997765,0.97,0.0171446607997765,0.03,0.00250096610893586,0.0250096610893586,0.00434523809523809,0.0171446607997765,0.03,6.67,0.0112227833754202,100,0.112227833754202,0.911111111111111,100,0,0,"Prop_0.90",10,5e-04,"Medium","Beta",2000,FALSE
"BL185","MIMOSA2","BFDR",0.01,100,0.0108361028432058,100,0.108361028432058,0.697777777777778,0.01,0.99,0.01,0.01,0.00125,0.0125,0.00125,0.01,0.01,6.29,0.00974724213652193,100,0.0974724213652193,0.930555555555556,100,0,0,"Prop_0.90",10,5e-04,"Medium","Beta",2000,FALSE
"BL185","MIMOSA2","BFDR",0.05,100,0.0122329307236262,100,0.122329307236262,0.777777777777778,0.014070529413629,0.98,0.014070529413629,0.02,0.00207320771648435,0.0207320771648435,0.00291666666666667,0.014070529413629,0.02,7.02,0.00974724213652193,100,0.0974724213652193,0.930555555555556,100,0,0,"Prop_0.90",10,5e-04,"Medium","Beta",2000,FALSE
"BL186","DiD","BH",0.01,100,0.0327948936650975,100,0.327948936650975,0.605,0.000781696078534943,0.998888888888889,0.000781696078534943,0.00111111111111111,0.00703526470681448,0.0703526470681448,0.01,0.014070529413629,0.02,1.23,0.0117372255064326,100,0.117372255064326,0.929305555555556,100,0,0,"Prop_0.10",20,5e-04,"Medium","Beta",2000,FALSE
"BL186","DiD","BH",0.05,100,0.0319564097046605,100,0.319564097046605,0.67,0.00151477735746828,0.995555555555556,0.00151477735746828,0.00444444444444445,0.0110338220974676,0.110338220974676,0.0316666666666667,0.0272659924344291,0.08,1.42,0.0117372255064326,100,0.117372255064326,0.929305555555556,100,0,0,"Prop_0.10",20,5e-04,"Medium","Beta",2000,FALSE
"BL186","DiD","unadjusted",0.01,100,0.0302305952453618,100,0.302305952453618,0.705,0.00174703354297345,0.993888888888889,0.00174703354297345,0.00611111111111111,0.0131585769803633,0.131585769803633,0.045,0.031446603773522,0.11,1.52,0.0117372255064326,100,0.117372255064326,0.929305555555556,100,0,0,"Prop_0.10",20,5e-04,"Medium","Beta",2000,FALSE
"BL186","DiD","unadjusted",0.05,100,0.0285862155097823,100,0.285862155097823,0.79,0.0038274772686686,0.972777777777778,0.0038274772686686,0.0272222222222222,0.0245243128179348,0.245243128179348,0.180166666666667,0.0492365963917331,0.4,2.07,0.0117372255064326,100,0.117372255064326,0.929305555555556,100,0,0,"Prop_0.10",20,5e-04,"Medium","Beta",2000,FALSE
"BL186","MIMOSA2","BFDR",0.01,100,0.0358024884863913,100,0.358024884863913,0.59,0,1,0,0,0,0,0,0,0,1.18,0.0136625782027963,100,0.136625782027963,0.925,100,0,0,"Prop_0.10",20,5e-04,"Medium","Beta",2000,FALSE
"BL186","MIMOSA2","BFDR",0.05,100,0.0354480698567024,100,0.354480698567024,0.66,0.00145064713296415,0.997222222222222,0.00145064713296415,0.00277777777777778,0.00870388279778489,0.0870388279778489,0.0166666666666667,0.0196946385566932,0.04,1.37,0.0136625782027963,100,0.136625782027963,0.925,100,0,0,"Prop_0.10",20,5e-04,"Medium","Beta",2000,FALSE
"BL187","DiD","BH",0.01,100,0.0192799681461659,100,0.192799681461659,0.6,0.000938035294241931,0.998666666666667,0.000938035294241931,0.00133333333333333,0.00318574793400073,0.0318574793400073,0.0045,0.014070529413629,0.02,3.02,0.0085255646455383,100,0.085255646455383,0.917066666666667,100,0,0,"Prop_0.25",20,5e-04,"Medium","Beta",2000,FALSE
"BL187","DiD","BH",0.05,100,0.0193583954590114,100,0.193583954590114,0.67,0.00213883969509216,0.994,0.00213883969509216,0.006,0.00785065067681544,0.0785065067681544,0.0215,0.0272659924344291,0.08,3.44,0.0085255646455383,100,0.085255646455383,0.917066666666667,100,0,0,"Prop_0.25",20,5e-04,"Medium","Beta",2000,FALSE
"BL187","DiD","unadjusted",0.01,100,0.0179550504979473,100,0.179550504979473,0.678,0.00204988297276215,0.994666666666667,0.00204988297276215,0.00533333333333333,0.00771509735989944,0.0771509735989944,0.0198333333333333,0.0256432399976243,0.07,3.47,0.0085255646455383,100,0.085255646455383,0.917066666666667,100,0,0,"Prop_0.25",20,5e-04,"Medium","Beta",2000,FALSE
"BL187","DiD","unadjusted",0.05,100,0.0183556338198737,100,0.183556338198737,0.738,0.00393208334871979,0.977333333333333,0.00393208334871979,0.0226666666666667,0.0124841893641988,0.124841893641988,0.0726904761904762,0.0456048021572069,0.29,4.03,0.0085255646455383,100,0.085255646455383,0.917066666666667,100,0,0,"Prop_0.25",20,5e-04,"Medium","Beta",2000,FALSE
"BL187","MIMOSA2","BFDR",0.01,100,0.021219392693068,100,0.21219392693068,0.632,0.00131297590377955,0.997333333333333,0.00131297590377955,0.00266666666666667,0.00496392711374496,0.0496392711374496,0.00983333333333333,0.0196946385566932,0.04,3.2,0.00935417346253681,100,0.0935417346253681,0.924333333333333,100,0,0,"Prop_0.25",20,5e-04,"Medium","Beta",2000,FALSE
"BL187","MIMOSA2","BFDR",0.05,100,0.020572610996962,100,0.20572610996962,0.71,0.00278765919205411,0.991333333333333,0.00278765919205411,0.00866666666666666,0.00853163059084959,0.0853163059084959,0.0265,0.031446603773522,0.11,3.68,0.00935417346253681,100,0.0935417346253681,0.924333333333333,100,0,0,"Prop_0.25",20,5e-04,"Medium","Beta",2000,FALSE
"BL188","DiD","BH",0.01,100,0.0136329962172145,100,0.136329962172145,0.62,0.0014070529413629,0.998,0.0014070529413629,0.002,0.00234776381893387,0.0234776381893387,0.00325,0.014070529413629,0.02,6.22,0.00616051290006921,100,0.0616051290006921,0.9126,100,0,0,"Prop_0.50",20,5e-04,"Medium","Beta",2000,FALSE
"BL188","DiD","BH",0.05,100,0.0144288571686021,100,0.144288571686021,0.667,0.00393251147037697,0.987,0.00393251147037697,0.013,0.00465402635262347,0.0465402635262347,0.0157698412698413,0.031446603773522,0.11,6.8,0.00616051290006921,100,0.0616051290006921,0.9126,100,0,0,"Prop_0.50",20,5e-04,"Medium","Beta",2000,FALSE
"BL188","DiD","unadjusted",0.01,100,0.0135210273950681,100,0.135210273950681,0.649,0.00256432399976243,0.993,0.00256432399976243,0.007,0.00331893185639975,0.0331893185639975,0.00900793650793651,0.0256432399976243,0.07,6.56,0.00616051290006921,100,0.0616051290006921,0.9126,100,0,0,"Prop_0.50",20,5e-04,"Medium","Beta",2000,FALSE
"BL188","DiD","unadjusted",0.05,100,0.0124218770845243,100,0.124218770845243,0.718,0.00630135467237567,0.963,0.00630135467237567,0.037,0.00700256009591913,0.0700256009591913,0.0435793650793651,0.0460566186471838,0.3,7.55,0.00616051290006921,100,0.0616051290006921,0.9126,100,0,0,"Prop_0.50",20,5e-04,"Medium","Beta",2000,FALSE
"BL188","MIMOSA2","BFDR",0.01,100,0.014179227942681,100,0.14179227942681,0.664,0.00171446607997765,0.997,0.00171446607997765,0.003,0.0021656951979066,0.021656951979066,0.00366666666666667,0.0171446607997765,0.03,6.67,0.00567525196343606,100,0.0567525196343606,0.9244,100,0,0,"Prop_0.50",20,5e-04,"Medium","Beta",2000,FALSE
"BL188","MIMOSA2","BFDR",0.05,100,0.0137873459770512,100,0.137873459770512,0.741,0.00402015126103685,0.98,0.00402015126103685,0.02,0.00514556871941418,0.0514556871941418,0.02445670995671,0.0402015126103685,0.2,7.61,0.00567525196343606,100,0.0567525196343606,0.9244,100,0,0,"Prop_0.50",20,5e-04,"Medium","Beta",2000,FALSE
"BL189","DiD","BH",0.01,100,0.0116582461194371,100,0.116582461194371,0.643333333333333,0.002,0.998,0.002,0.002,0.000769230769230769,0.00769230769230769,0.000769230769230769,0.01,0.01,9.66,0.00529419986292095,100,0.0529419986292095,0.920533333333333,100,0,0,"Prop_0.75",20,5e-04,"Medium","Beta",2000,FALSE
"BL189","DiD","BH",0.05,100,0.0110714443461643,100,0.110714443461643,0.709333333333333,0.00575246982529323,0.982,0.00575246982529323,0.018,0.00257021474904164,0.0257021474904164,0.00791183816183816,0.0287623491264661,0.09,10.73,0.00529419986292095,100,0.0529419986292095,0.920533333333333,100,0,0,"Prop_0.75",20,5e-04,"Medium","Beta",2000,FALSE
"BL189","DiD","unadjusted",0.01,100,0.0110495262986865,100,0.110495262986865,0.665333333333333,0.00342893215995531,0.994,0.00342893215995531,0.006,0.00175897652517417,0.0175897652517417,0.00301923076923077,0.0171446607997765,0.03,10.01,0.00529419986292095,100,0.0529419986292095,0.920533333333333,100,0,0,"Prop_0.75",20,5e-04,"Medium","Beta",2000,FALSE
"BL189","DiD","unadjusted",0.05,100,0.00952732498850481,100,0.0952732498850481,0.739333333333333,0.00753175097353017,0.972,0.00753175097353017,0.028,0.00313493815073453,0.0313493815073453,0.0117607947607948,0.0337997668989631,0.13,11.23,0.00529419986292095,100,0.0529419986292095,0.920533333333333,100,0,0,"Prop_0.75",20,5e-04,"Medium","Beta",2000,FALSE
"BL189","MIMOSA2","BFDR",0.01,100,0.0113965359889617,100,0.113965359889617,0.691333333333333,0.002,0.998,0.002,0.002,0.000769230769230769,0.00769230769230769,0.000769230769230769,0.01,0.01,10.38,0.00472098736082347,100,0.0472098736082347,0.931933333333333,100,0,0,"Prop_0.75",20,5e-04,"Medium","Beta",2000,FALSE
"BL189","MIMOSA2","BFDR",0.05,100,0.0105793989081145,100,0.105793989081145,0.791333333333333,0.00771984194112545,0.97,0.00771984194112545,0.03,0.00298811945030161,0.0298811945030161,0.0116685536685537,0.0348735088019777,0.14,12.02,0.00472098736082347,100,0.0472098736082347,0.931933333333333,100,0,0,"Prop_0.75",20,5e-04,"Medium","Beta",2000,FALSE
"BL190","DiD","BH",0.01,100,0.0103888423749236,100,0.103888423749236,0.616111111111111,0,1,0,0,0,0,0,0,0,11.09,0.00746641062972913,100,0.0746641062972913,0.911666666666667,100,0,0,"Prop_0.90",20,5e-04,"Medium","Beta",2000,FALSE
"BL190","DiD","BH",0.05,100,0.010298421649209,100,0.10298421649209,0.689444444444444,0.00857233039988826,0.985,0.00857233039988826,0.015,0.00151351798150768,0.0151351798150768,0.00262337662337662,0.0171446607997765,0.03,12.44,0.00746641062972913,100,0.0746641062972913,0.911666666666667,100,0,0,"Prop_0.90",20,5e-04,"Medium","Beta",2000,FALSE
"BL190","DiD","unadjusted",0.01,100,0.00964451064643397,100,0.0964451064643397,0.643333333333333,0,1,0,0,0,0,0,0,0,11.58,0.00746641062972913,100,0.0746641062972913,0.911666666666667,100,0,0,"Prop_0.90",20,5e-04,"Medium","Beta",2000,FALSE
"BL190","DiD","unadjusted",0.05,100,0.00953642409196985,100,0.0953642409196985,0.709444444444444,0.0119341628287971,0.97,0.0119341628287971,0.03,0.0018790356183142,0.018790356183142,0.00466346153846154,0.0238683256575942,0.06,12.83,0.00746641062972913,100,0.0746641062972913,0.911666666666667,100,0,0,"Prop_0.90",20,5e-04,"Medium","Beta",2000,FALSE
"BL190","MIMOSA2","BFDR",0.01,100,0.0108950657026665,100,0.108950657026665,0.686111111111111,0,1,0,0,0,0,0,0,0,12.35,0.00601267198544368,100,0.0601267198544368,0.92625,100,0,0,"Prop_0.90",20,5e-04,"Medium","Beta",2000,FALSE
"BL190","MIMOSA2","BFDR",0.05,100,0.0093737035101366,100,0.093737035101366,0.78,0.0128216199988121,0.965,0.0128216199988121,0.035,0.0019155342843348,0.019155342843348,0.00512730733318969,0.0256432399976243,0.07,14.11,0.00601267198544368,100,0.0601267198544368,0.92625,100,0,0,"Prop_0.90",20,5e-04,"Medium","Beta",2000,FALSE
"BL191","DiD","BH",0.01,100,0.0258177154919079,100,0.258177154919079,0.563333333333333,0.000521130719023296,0.999259259259259,0.000521130719023296,0.000740740740740742,0.00414641543296869,0.0414641543296869,0.00583333333333333,0.014070529413629,0.02,1.71,0.00960408542304871,100,0.0960408542304871,0.913641975308642,100,0,0,"Prop_0.10",30,5e-04,"Medium","Beta",2000,FALSE
"BL191","DiD","BH",0.05,100,0.0272247988885686,100,0.272247988885686,0.62,0.000729431057655306,0.998518518518518,0.000729431057655306,0.00148148148148148,0.00619716726858991,0.0619716726858991,0.0125,0.0196946385566932,0.04,1.9,0.00960408542304871,100,0.0960408542304871,0.913641975308642,100,0,0,"Prop_0.10",30,5e-04,"Medium","Beta",2000,FALSE
"BL191","DiD","unadjusted",0.01,100,0.0249893355480605,100,0.249893355480605,0.646666666666667,0.00125184321848012,0.995185185185185,0.00125184321848012,0.00481481481481482,0.0118121639258245,0.118121639258245,0.0441666666666667,0.0337997668989631,0.13,2.07,0.00960408542304871,100,0.0960408542304871,0.913641975308642,100,0,0,"Prop_0.10",30,5e-04,"Medium","Beta",2000,FALSE
"BL191","DiD","unadjusted",0.05,100,0.024334002112483,100,0.24334002112483,0.726666666666667,0.00286863505465643,0.974444444444444,0.00286863505465643,0.0255555555555556,0.0201758473134294,0.201758473134294,0.198166666666667,0.0500908265962033,0.54,2.87,0.00960408542304871,100,0.0960408542304871,0.913641975308642,100,0,0,"Prop_0.10",30,5e-04,"Medium","Beta",2000,FALSE
"BL191","MIMOSA2","BFDR",0.01,100,0.0258980128717836,100,0.258980128717836,0.56,0.000729431057655306,0.998518518518518,0.000729431057655306,0.00148148148148148,0.00619716726858991,0.0619716726858991,0.0125,0.0196946385566932,0.04,1.72,0.0105899153368777,100,0.105899153368777,0.907901234567901,100,0,0,"Prop_0.10",30,5e-04,"Medium","Beta",2000,FALSE
"BL191","MIMOSA2","BFDR",0.05,100,0.0247456193903557,100,0.247456193903557,0.626666666666667,0.00127813150815504,0.995925925925926,0.00127813150815504,0.00407407407407408,0.0106729779308522,0.106729779308522,0.034,0.0301511344577764,0.1,1.99,0.0105899153368777,100,0.105899153368777,0.907901234567901,100,0,0,"Prop_0.10",30,5e-04,"Medium","Beta",2000,FALSE
"BL192","DiD","BH",0.01,100,0.0153715556214139,100,0.153715556214139,0.59625,0.000639569518801316,0.999090909090909,0.000639569518801316,0.000909090909090908,0.00259045125614008,0.0259045125614008,0.00366666666666667,0.014070529413629,0.02,4.79,0.00656919977888723,100,0.0656919977888722,0.906619318181818,100,0,0,"Prop_0.25",30,5e-04,"Medium","Beta",2000,FALSE
"BL192","DiD","BH",0.05,100,0.0135371495962747,100,0.135371495962747,0.64625,0.0018153099449341,0.995,0.0018153099449341,0.005,0.00498269066904587,0.0498269066904587,0.0149047619047619,0.0287623491264661,0.09,5.28,0.00656919977888723,100,0.0656919977888722,0.906619318181818,100,0,0,"Prop_0.25",30,5e-04,"Medium","Beta",2000,FALSE
"BL192","DiD","unadjusted",0.01,100,0.0134582219246726,100,0.134582219246726,0.6475,0.00151515151515151,0.995454545454545,0.00151515151515151,0.00454545454545454,0.00553044762663298,0.0553044762663298,0.0168412698412698,0.0287623491264661,0.09,5.28,0.00656919977888723,100,0.0656919977888722,0.906619318181818,100,0,0,"Prop_0.25",30,5e-04,"Medium","Beta",2000,FALSE
"BL192","DiD","unadjusted",0.05,100,0.0131905230749163,100,0.131905230749163,0.72,0.00392984645115347,0.972727272727273,0.00392984645115347,0.0272727272727273,0.0113345637461085,0.113345637461085,0.0838611111111111,0.049431107042371,0.41,6.36,0.00656919977888723,100,0.0656919977888722,0.906619318181818,100,0,0,"Prop_0.25",30,5e-04,"Medium","Beta",2000,FALSE
"BL192","MIMOSA2","BFDR",0.01,100,0.017190627585044,100,0.17190627585044,0.6575,0.000779302763626205,0.998636363636364,0.000779302763626205,0.00136363636363636,0.00286013026239105,0.0286013026239105,0.00491666666666667,0.0171446607997765,0.03,5.29,0.00793290378850893,100,0.0793290378850893,0.912613636363636,100,0,0,"Prop_0.25",30,5e-04,"Medium","Beta",2000,FALSE
"BL192","MIMOSA2","BFDR",0.05,100,0.0165578836238515,100,0.165578836238515,0.72125,0.00227272727272727,0.988636363636364,0.00227272727272727,0.0113636363636364,0.00690289109389234,0.0690289109389235,0.0345238095238095,0.0416333199893227,0.22,6.02,0.00793290378850893,100,0.0793290378850893,0.912613636363636,100,0,0,"Prop_0.25",30,5e-04,"Medium","Beta",2000,FALSE
"BL193","DiD","BH",0.01,100,0.0118205816435917,100,0.118205816435917,0.617333333333333,0.00131297590377955,0.997333333333333,0.00131297590377955,0.00266666666666667,0.00196762747767919,0.0196762747767919,0.00396464646464646,0.0196946385566932,0.04,9.3,0.00468506873599312,100,0.0468506873599312,0.912,100,0,0,"Prop_0.50",30,5e-04,"Medium","Beta",2000,FALSE
"BL193","DiD","BH",0.05,100,0.0121085624229558,100,0.121085624229558,0.680666666666667,0.00336082935625131,0.985333333333333,0.00336082935625131,0.0146666666666667,0.00400127926666434,0.0400127926666434,0.0180853313353313,0.0394277244403663,0.19,10.43,0.00468506873599312,100,0.0468506873599312,0.912,100,0,0,"Prop_0.50",30,5e-04,"Medium","Beta",2000,FALSE
"BL193","DiD","unadjusted",0.01,100,0.0109841228136018,100,0.109841228136018,0.656666666666667,0.00217732421580727,0.992,0.00217732421580727,0.008,0.0029943645815118,0.029943645815118,0.0108980186480186,0.032659863237109,0.12,9.97,0.00468506873599312,100,0.0468506873599312,0.912,100,0,0,"Prop_0.50",30,5e-04,"Medium","Beta",2000,FALSE
"BL193","DiD","unadjusted",0.05,100,0.0106048291733406,100,0.106048291733406,0.728666666666667,0.00487371382210251,0.964666666666667,0.00487371382210251,0.0353333333333333,0.00563658067379899,0.0563658067379899,0.042513875013875,0.0497569851956243,0.43,11.46,0.00468506873599312,100,0.0468506873599312,0.912,100,0,0,"Prop_0.50",30,5e-04,"Medium","Beta",2000,FALSE
"BL193","MIMOSA2","BFDR",0.01,100,0.0116920839048546,100,0.116920839048546,0.671333333333333,0.00170954933317495,0.995333333333333,0.00170954933317495,0.00466666666666667,0.00253881376245885,0.0253881376245885,0.00671800421800422,0.0256432399976243,0.07,10.14,0.00438393147971718,100,0.0438393147971718,0.922888888888889,100,0,0,"Prop_0.50",30,5e-04,"Medium","Beta",2000,FALSE
"BL193","MIMOSA2","BFDR",0.05,100,0.0110576491596664,100,0.110576491596664,0.761333333333333,0.00337615591046416,0.979333333333333,0.00337615591046416,0.0206666666666667,0.00387601164887922,0.0387601164887922,0.0241487066854714,0.0456048021572069,0.29,11.73,0.00438393147971718,100,0.0438393147971718,0.922888888888889,100,0,0,"Prop_0.50",30,5e-04,"Medium","Beta",2000,FALSE
"BL194","DiD","BH",0.01,100,0.0091451666082099,100,0.091451666082099,0.643478260869565,0.00142857142857143,0.998571428571429,0.00142857142857143,0.00142857142857143,0.000666666666666667,0.00666666666666667,0.000666666666666667,0.01,0.01,14.81,0.00429396132831789,100,0.0429396132831789,0.925186335403727,100,0,0,"Prop_0.75",30,5e-04,"Medium","Beta",2000,FALSE
"BL194","DiD","BH",0.05,100,0.00864102295401721,100,0.0864102295401721,0.711304347826087,0.00597355541154452,0.981428571428571,0.00597355541154452,0.0185714285714286,0.00242544371917705,0.0242544371917705,0.0074452614379085,0.031446603773522,0.11,16.49,0.00429396132831789,100,0.0429396132831789,0.925186335403727,100,0,0,"Prop_0.75",30,5e-04,"Medium","Beta",2000,FALSE
"BL194","DiD","unadjusted",0.01,100,0.00809273455872057,100,0.0809273455872057,0.674347826086957,0.00346969089342232,0.994285714285714,0.00346969089342232,0.00571428571428572,0.00146474926107003,0.0146474926107003,0.00236111111111111,0.0171446607997765,0.03,15.55,0.00429396132831789,100,0.0429396132831789,0.925186335403727,100,0,0,"Prop_0.75",30,5e-04,"Medium","Beta",2000,FALSE
"BL194","DiD","unadjusted",0.05,100,0.00799684400523306,100,0.0799684400523306,0.740434782608696,0.00675116518036087,0.975714285714286,0.00675116518036087,0.0242857142857143,0.00264829465729509,0.0264829465729509,0.00935858641702295,0.0348735088019777,0.14,17.2,0.00429396132831789,100,0.0429396132831789,0.925186335403727,100,0,0,"Prop_0.75",30,5e-04,"Medium","Beta",2000,FALSE
"BL194","MIMOSA2","BFDR",0.01,100,0.00941917496189676,100,0.0941917496189676,0.72,0.00244923725711093,0.995714285714286,0.00244923725711093,0.00428571428571429,0.00089797969142642,0.0089797969142642,0.00156442577030812,0.0171446607997765,0.03,16.59,0.00433553423664696,100,0.0433553423664696,0.936832298136646,100,0,0,"Prop_0.75",30,5e-04,"Medium","Beta",2000,FALSE
"BL194","MIMOSA2","BFDR",0.05,100,0.00820520738281449,100,0.0820520738281449,0.813478260869565,0.00587788885627487,0.974285714285714,0.00587788885627487,0.0257142857142857,0.00208579712542175,0.0208579712542175,0.00918062137829267,0.0377525168068637,0.17,18.89,0.00433553423664696,100,0.0433553423664696,0.936832298136646,100,0,0,"Prop_0.75",30,5e-04,"Medium","Beta",2000,FALSE
"BL195","DiD","BH",0.01,100,0.00970216429846346,100,0.0970216429846346,0.626666666666667,0.00469017647120966,0.993333333333333,0.00469017647120966,0.00666666666666667,0.00103660385824217,0.0103660385824217,0.00145833333333333,0.014070529413629,0.02,16.94,0.00599549139164648,100,0.0599549139164648,0.909691358024691,100,0,0,"Prop_0.90",30,5e-04,"Medium","Beta",2000,FALSE
"BL195","DiD","BH",0.05,100,0.00872487098209698,100,0.0872487098209698,0.696666666666667,0.00809594541798541,0.986666666666667,0.00809594541798541,0.0133333333333333,0.00113242252935765,0.0113242252935765,0.00195131578947368,0.0171446607997765,0.03,18.85,0.00599549139164648,100,0.0599549139164648,0.909691358024691,100,0,0,"Prop_0.90",30,5e-04,"Medium","Beta",2000,FALSE
"BL195","DiD","unadjusted",0.01,100,0.00892521260187331,100,0.0892521260187331,0.649259259259259,0.00469017647120966,0.993333333333333,0.00469017647120966,0.00666666666666667,0.000944357094860781,0.00944357094860781,0.00133928571428571,0.014070529413629,0.02,17.55,0.00599549139164648,100,0.0599549139164648,0.909691358024691,100,0,0,"Prop_0.90",30,5e-04,"Medium","Beta",2000,FALSE
"BL195","DiD","unadjusted",0.05,100,0.00784668317692762,100,0.0784668317692761,0.719259259259259,0.0097729556520701,0.976666666666667,0.0097729556520701,0.0233333333333333,0.00138335041775901,0.0138335041775901,0.00341361737677527,0.0238683256575942,0.06,19.49,0.00599549139164648,100,0.0599549139164648,0.909691358024691,100,0,0,"Prop_0.90",30,5e-04,"Medium","Beta",2000,FALSE
"BL195","MIMOSA2","BFDR",0.01,100,0.00908889282208947,100,0.0908889282208947,0.707037037037037,0.00469017647120966,0.993333333333333,0.00469017647120966,0.00666666666666667,0.000667973916984979,0.00667973916984979,0.000942982456140351,0.014070529413629,0.02,19.11,0.00556787026590355,100,0.0556787026590355,0.924135802469136,100,0,0,"Prop_0.90",30,5e-04,"Medium","Beta",2000,FALSE
"BL195","MIMOSA2","BFDR",0.05,100,0.00821420018973456,100,0.0821420018973456,0.795555555555556,0.0134005042034562,0.933333333333333,0.0134005042034562,0.0666666666666667,0.00181700774205547,0.0181700774205547,0.00899522755403762,0.0402015126103685,0.2,21.68,0.00556787026590355,100,0.0556787026590355,0.924135802469136,100,0,0,"Prop_0.90",30,5e-04,"Medium","Beta",2000,FALSE
"BL196","DiD","BH",0.01,100,0.0204307156363682,100,0.204307156363682,0.574,0.000222222222222223,0.999777777777778,0.000222222222222223,0.000222222222222223,0.0025,0.025,0.0025,0.01,0.01,2.88,0.00838611790032101,100,0.0838611790032101,0.905333333333333,100,0,0,"Prop_0.10",50,5e-04,"Medium","Beta",2000,FALSE
"BL196","DiD","BH",0.05,100,0.0199504436547211,100,0.199504436547211,0.614,0.000530407236835427,0.998666666666667,0.000530407236835427,0.00133333333333334,0.00540552467108392,0.0540552467108392,0.0135,0.0238683256575942,0.06,3.13,0.00838611790032101,100,0.0838611790032101,0.905333333333333,100,0,0,"Prop_0.10",50,5e-04,"Medium","Beta",2000,FALSE
"BL196","DiD","unadjusted",0.01,100,0.0189192862957194,100,0.189192862957194,0.642,0.000983464739138532,0.995777777777778,0.000983464739138532,0.00422222222222223,0.00919400575718088,0.0919400575718088,0.0406666666666667,0.0377525168068637,0.17,3.4,0.00838611790032101,100,0.0838611790032101,0.905333333333333,100,0,0,"Prop_0.10",50,5e-04,"Medium","Beta",2000,FALSE
"BL196","DiD","unadjusted",0.05,100,0.0185221679905649,100,0.185221679905649,0.706,0.00253667450529796,0.971111111111111,0.00253667450529796,0.0288888888888889,0.0170807169642881,0.170807169642881,0.236992063492063,0.0435194139889245,0.75,4.83,0.00838611790032101,100,0.0838611790032101,0.905333333333333,100,0,0,"Prop_0.10",50,5e-04,"Medium","Beta",2000,FALSE
"BL196","MIMOSA2","BFDR",0.01,100,0.02096172558245,100,0.2096172558245,0.57,0.000312678431413978,0.999555555555556,0.000312678431413978,0.000444444444444445,0.00598117135471061,0.0598117135471061,0.00833333333333333,0.014070529413629,0.02,2.87,0.00919492125468784,100,0.0919492125468784,0.901666666666667,100,0,0,"Prop_0.10",50,5e-04,"Medium","Beta",2000,FALSE
"BL196","MIMOSA2","BFDR",0.05,100,0.0212830847616058,100,0.212830847616058,0.634,0.000814814814814815,0.997111111111111,0.000814814814814815,0.00288888888888889,0.00827969268068835,0.0827969268068835,0.029,0.032659863237109,0.12,3.3,0.00919492125468784,100,0.0919492125468784,0.901666666666667,100,0,0,"Prop_0.10",50,5e-04,"Medium","Beta",2000,FALSE
"BL197","DiD","BH",0.01,100,0.0119958552800767,100,0.119958552800767,0.601538461538462,0.000532287528559276,0.998918918918919,0.000532287528559276,0.00108108108108108,0.00190876798793857,0.0190876798793857,0.00385353535353535,0.0196946385566932,0.04,7.86,0.00419229999758676,100,0.0419229999758676,0.923482328482328,100,0,0,"Prop_0.25",50,5e-04,"Medium","Beta",2000,FALSE
"BL197","DiD","BH",0.05,100,0.0113559773364477,100,0.113559773364477,0.667692307692308,0.00130722382982662,0.994054054054054,0.00130722382982662,0.00594594594594594,0.00482993804522062,0.0482993804522062,0.02227331002331,0.0394277244403663,0.19,8.9,0.00419229999758676,100,0.0419229999758676,0.923482328482328,100,0,0,"Prop_0.25",50,5e-04,"Medium","Beta",2000,FALSE
"BL197","DiD","unadjusted",0.01,100,0.0109254405007066,100,0.109254405007066,0.671538461538462,0.00126564116075351,0.993783783783784,0.00126564116075351,0.00621621621621621,0.00495297267819659,0.0495297267819659,0.0244090909090909,0.0409360180740332,0.21,8.96,0.00419229999758676,100,0.0419229999758676,0.923482328482328,100,0,0,"Prop_0.25",50,5e-04,"Medium","Beta",2000,FALSE
"BL197","DiD","unadjusted",0.05,100,0.0093555410888206,100,0.093555410888206,0.743076923076923,0.00284889879294449,0.967567567567568,0.00284889879294449,0.0324324324324324,0.00853097211487886,0.0853097211487886,0.103724858474858,0.0456048021572069,0.71,10.86,0.00419229999758676,100,0.0419229999758676,0.923482328482328,100,0,0,"Prop_0.25",50,5e-04,"Medium","Beta",2000,FALSE
"BL197","MIMOSA2","BFDR",0.01,100,0.012525987569556,100,0.12525987569556,0.659230769230769,0.000532287528559276,0.998918918918919,0.000532287528559276,0.00108108108108108,0.00231248052677791,0.0231248052677791,0.00453546453546454,0.0196946385566932,0.04,8.61,0.00514394970426526,100,0.0514394970426526,0.931060291060291,100,0,0,"Prop_0.25",50,5e-04,"Medium","Beta",2000,FALSE
"BL197","MIMOSA2","BFDR",0.05,100,0.0115114939974339,100,0.115114939974339,0.751538461538462,0.00181485850738274,0.984864864864865,0.00181485850738274,0.0151351351351351,0.00591839451814569,0.0591839451814569,0.0498443778443778,0.0500908265962033,0.46,10.33,0.00514394970426526,100,0.0514394970426526,0.931060291060291,100,0,0,"Prop_0.25",50,5e-04,"Medium","Beta",2000,FALSE
"BL198","DiD","BH",0.01,100,0.00787159578497399,100,0.0787159578497399,0.6076,0.000876171654230362,0.998,0.000876171654230362,0.002,0.00136716473646551,0.0136716473646551,0.00310964912280702,0.021904291355759,0.05,15.24,0.00336519185218617,100,0.0336519185218617,0.921336,100,0,0,"Prop_0.50",50,5e-04,"Medium","Beta",2000,FALSE
"BL198","DiD","BH",0.05,100,0.00791510510914977,100,0.0791510510914978,0.6776,0.002,0.99,0.002,0.01,0.00273654319213602,0.0273654319213602,0.0140146935967369,0.0422952584681651,0.23,17.19,0.00336519185218617,100,0.0336519185218617,0.921336,100,0,0,"Prop_0.50",50,5e-04,"Medium","Beta",2000,FALSE
"BL198","DiD","unadjusted",0.01,100,0.00782639925205233,100,0.0782639925205233,0.652,0.00135199067595853,0.9948,0.00135199067595853,0.0052,0.00204341313482665,0.0204341313482665,0.00776231018723279,0.0337997668989631,0.13,16.43,0.00336519185218617,100,0.0336519185218617,0.921336,100,0,0,"Prop_0.50",50,5e-04,"Medium","Beta",2000,FALSE
"BL198","DiD","unadjusted",0.05,100,0.0064396499057861,100,0.064396499057861,0.7316,0.00356775684273591,0.9672,0.00356775684273591,0.0328,0.00433338610377693,0.0433338610377693,0.0413104805627958,0.0496044963748858,0.58,19.11,0.00336519185218617,100,0.0336519185218617,0.921336,100,0,0,"Prop_0.50",50,5e-04,"Medium","Beta",2000,FALSE
"BL198","MIMOSA2","BFDR",0.01,100,0.00888080440437052,100,0.0888080440437052,0.688,0.000954733026303769,0.9976,0.000954733026303769,0.0024,0.00127923450251788,0.0127923450251788,0.00320529264337314,0.0238683256575942,0.06,17.26,0.00396165572976907,100,0.0396165572976907,0.929552,100,0,0,"Prop_0.50",50,5e-04,"Medium","Beta",2000,FALSE
"BL198","MIMOSA2","BFDR",0.05,100,0.00743662788792302,100,0.0743662788792302,0.7836,0.00271947707391615,0.9728,0.00271947707391615,0.0272,0.00318227081452883,0.0318227081452883,0.032181297990384,0.0498887651569859,0.56,20.27,0.00396165572976907,100,0.0396165572976907,0.929552,100,0,0,"Prop_0.50",50,5e-04,"Medium","Beta",2000,FALSE
"BL199","DiD","BH",0.01,100,0.00734155312625363,100,0.0734155312625363,0.629736842105263,0.000833333333333334,0.999166666666667,0.000833333333333334,0.000833333333333334,0.000333333333333333,0.00333333333333333,0.000333333333333333,0.01,0.01,23.94,0.00368171303942556,100,0.0368171303942556,0.918179824561403,100,0,0,"Prop_0.75",50,5e-04,"Medium","Beta",2000,FALSE
"BL199","DiD","BH",0.05,100,0.00710688740369442,100,0.0710688740369442,0.706842105263158,0.0038735266559311,0.984166666666667,0.0038735266559311,0.0158333333333333,0.00169667858517546,0.0169667858517546,0.00678566106382642,0.0368452949177471,0.16,27.05,0.00368171303942556,100,0.0368171303942556,0.918179824561403,100,0,0,"Prop_0.75",50,5e-04,"Medium","Beta",2000,FALSE
"BL199","DiD","unadjusted",0.01,100,0.00651355056570895,100,0.0651355056570895,0.659736842105263,0.00198902713813285,0.995,0.00198902713813285,0.005,0.000936667280722317,0.00936667280722317,0.00233290043290043,0.0238683256575942,0.06,25.13,0.00368171303942556,100,0.0368171303942556,0.918179824561403,100,0,0,"Prop_0.75",50,5e-04,"Medium","Beta",2000,FALSE
"BL199","DiD","unadjusted",0.05,100,0.00674402154326403,100,0.0674402154326403,0.734473684210526,0.00483959886475286,0.974166666666667,0.00483959886475286,0.0258333333333333,0.00207578507367311,0.020757850736731,0.0108578983460044,0.0440844002276808,0.26,28.22,0.00368171303942556,100,0.0368171303942556,0.918179824561403,100,0,0,"Prop_0.75",50,5e-04,"Medium","Beta",2000,FALSE
"BL199","MIMOSA2","BFDR",0.01,100,0.0077824731103745,100,0.077824731103745,0.709473684210526,0.00213693666646869,0.994166666666667,0.00213693666646869,0.00583333333333334,0.000939280574029876,0.00939280574029876,0.00254998056527292,0.0256432399976243,0.07,27.03,0.00329980140804525,100,0.0329980140804525,0.930285087719298,100,0,0,"Prop_0.75",50,5e-04,"Medium","Beta",2000,FALSE
"BL199","MIMOSA2","BFDR",0.05,100,0.00733321123499005,100,0.0733321123499005,0.811052631578947,0.0057412159030029,0.9575,0.0057412159030029,0.0425,0.00214805727053901,0.0214805727053901,0.0160311456082329,0.049431107042371,0.41,31.33,0.00329980140804525,100,0.0329980140804525,0.930285087719298,100,0,0,"Prop_0.75",50,5e-04,"Medium","Beta",2000,FALSE
"BL200","DiD","BH",0.01,100,0.00647995171942435,100,0.0647995171942435,0.630888888888889,0.002,0.998,0.002,0.002,0.000384615384615385,0.00384615384615385,0.000384615384615385,0.01,0.01,28.4,0.00479744029100975,100,0.0479744029100975,0.917577777777778,100,0,0,"Prop_0.90",50,5e-04,"Medium","Beta",2000,FALSE
"BL200","DiD","BH",0.05,100,0.00594340855486405,100,0.0594340855486405,0.704888888888889,0.00575246982529323,0.982,0.00575246982529323,0.018,0.000867064138278786,0.00867064138278786,0.00270173569633647,0.0287623491264661,0.09,31.81,0.00479744029100975,100,0.0479744029100975,0.917577777777778,100,0,0,"Prop_0.90",50,5e-04,"Medium","Beta",2000,FALSE
"BL200","DiD","unadjusted",0.01,100,0.0059431987324557,100,0.059431987324557,0.651777777777778,0.002,0.998,0.002,0.002,0.000384615384615385,0.00384615384615385,0.000384615384615385,0.01,0.01,29.34,0.00479744029100975,100,0.0479744029100975,0.917577777777778,100,0,0,"Prop_0.90",50,5e-04,"Medium","Beta",2000,FALSE
"BL200","DiD","unadjusted",0.05,100,0.00562054024338494,100,0.0562054024338494,0.730444444444444,0.00697470176039554,0.972,0.00697470176039554,0.028,0.00104837886556955,0.0104837886556955,0.00419138320932798,0.0348735088019777,0.14,33.01,0.00479744029100975,100,0.0479744029100975,0.917577777777778,100,0,0,"Prop_0.90",50,5e-04,"Medium","Beta",2000,FALSE
"BL200","MIMOSA2","BFDR",0.01,100,0.00678900102956421,100,0.0678900102956421,0.715555555555556,0.00342893215995531,0.994,0.00342893215995531,0.006,0.000554728493646302,0.00554728493646302,0.00096969696969697,0.0171446607997765,0.03,32.23,0.00378745113934613,100,0.0378745113934613,0.929488888888889,100,0,0,"Prop_0.90",50,5e-04,"Medium","Beta",2000,FALSE
"BL200","MIMOSA2","BFDR",0.05,100,0.00652261120371491,100,0.0652261120371491,0.811777777777778,0.00852802865422442,0.96,0.00852802865422442,0.04,0.00116621125052406,0.0116621125052406,0.00544886925146958,0.0394277244403663,0.19,36.73,0.00378745113934613,100,0.0378745113934613,0.929488888888889,100,0,0,"Prop_0.90",50,5e-04,"Medium","Beta",2000,FALSE
"BL201","DiD","BH",0.01,100,0.0177862590249049,100,0.177862590249049,0.5825,0.000210007901695955,0.999701492537313,0.000210007901695955,0.000298507462686568,0.00299058567735531,0.0299058567735531,0.00416666666666667,0.014070529413629,0.02,4.68,0.00563232078734308,100,0.0563232078734308,0.921240671641791,100,0,0,"Prop_0.10",75,5e-04,"Medium","Beta",2000,FALSE
"BL201","DiD","BH",0.05,100,0.01598215545317,100,0.1598215545317,0.63,0.000478844707856454,0.99865671641791,0.000478844707856454,0.00134328358208955,0.00475541811081258,0.0475541811081258,0.0133928571428571,0.0272659924344291,0.08,5.13,0.00563232078734308,100,0.0563232078734308,0.921240671641791,100,0,0,"Prop_0.10",75,5e-04,"Medium","Beta",2000,FALSE
"BL201","DiD","unadjusted",0.01,100,0.0144425018118697,100,0.144425018118697,0.66,0.000730421212051522,0.995970149253731,0.000730421212051522,0.00402985074626867,0.00753454145499072,0.0753454145499072,0.0417103174603175,0.0435194139889245,0.25,5.55,0.00563232078734308,100,0.0563232078734308,0.921240671641791,100,0,0,"Prop_0.10",75,5e-04,"Medium","Beta",2000,FALSE
"BL201","DiD","unadjusted",0.05,100,0.0128185422436611,100,0.128185422436611,0.72875,0.00207263075795448,0.970597014925373,0.00207263075795448,0.0294029850746269,0.0136180480367822,0.136180480367822,0.232781385281385,0.0337997668989631,0.87,7.8,0.00563232078734308,100,0.0563232078734308,0.921240671641791,100,0,0,"Prop_0.10",75,5e-04,"Medium","Beta",2000,FALSE
"BL201","MIMOSA2","BFDR",0.01,100,0.0166931607600723,100,0.166931607600723,0.61,0.000210007901695955,0.999701492537313,0.000210007901695955,0.000298507462686568,0.00218414607025454,0.0218414607025454,0.00309523809523809,0.014070529413629,0.02,4.9,0.00694498358518167,100,0.0694498358518167,0.922527985074627,100,0,0,"Prop_0.10",75,5e-04,"Medium","Beta",2000,FALSE
"BL201","MIMOSA2","BFDR",0.05,100,0.0156327001228615,100,0.156327001228615,0.6825,0.000856346999233535,0.995671641791045,0.000856346999233535,0.00432835820895523,0.00817903951157301,0.0817903951157301,0.0431666666666667,0.0429234695990928,0.24,5.75,0.00694498358518167,100,0.0694498358518167,0.922527985074627,100,0,0,"Prop_0.10",75,5e-04,"Medium","Beta",2000,FALSE
"BL202","DiD","BH",0.01,100,0.0103735593396146,100,0.103735593396146,0.59,0.000351689974226666,0.999285714285714,0.000351689974226666,0.000714285714285716,0.00144723063509006,0.0144723063509006,0.00292857142857143,0.0196946385566932,0.04,11.25,0.00380026735989831,100,0.0380026735989831,0.915028195488722,100,0,0,"Prop_0.25",75,5e-04,"Medium","Beta",2000,FALSE
"BL202","DiD","BH",0.05,100,0.0100546924859012,100,0.100546924859012,0.638421052631579,0.00104278696713817,0.994285714285714,0.00104278696713817,0.00571428571428572,0.00429269467600649,0.0429269467600649,0.0236724427533251,0.0446196043338474,0.27,12.45,0.00380026735989831,100,0.0380026735989831,0.915028195488722,100,0,0,"Prop_0.25",75,5e-04,"Medium","Beta",2000,FALSE
"BL202","DiD","unadjusted",0.01,100,0.00905693306802439,100,0.0905693306802439,0.643157894736842,0.00107847012702417,0.994107142857143,0.00107847012702417,0.00589285714285715,0.00443543581171458,0.0443543581171458,0.0243475593034417,0.0446196043338474,0.27,12.55,0.00380026735989831,100,0.0380026735989831,0.915028195488722,100,0,0,"Prop_0.25",75,5e-04,"Medium","Beta",2000,FALSE
"BL202","DiD","unadjusted",0.05,100,0.00857824447631446,100,0.0857824447631446,0.71,0.00223554934871455,0.968214285714286,0.00223554934871455,0.0317857142857143,0.00762962642043304,0.0762962642043304,0.113056888287151,0.0368452949177471,0.84,15.27,0.00380026735989831,100,0.0380026735989831,0.915028195488722,100,0,0,"Prop_0.25",75,5e-04,"Medium","Beta",2000,FALSE
"BL202","MIMOSA2","BFDR",0.01,100,0.0114354845523743,100,0.114354845523743,0.627368421052632,0.000457914999957578,0.99875,0.000457914999957578,0.00125,0.00214939152866105,0.0214939152866105,0.0057378079436903,0.0256432399976243,0.07,11.99,0.00429983029062413,100,0.0429983029062413,0.921705827067669,100,0,0,"Prop_0.25",75,5e-04,"Medium","Beta",2000,FALSE
"BL202","MIMOSA2","BFDR",0.05,100,0.0115285743977679,100,0.115285743977679,0.710526315789474,0.0014773421007132,0.987857142857143,0.0014773421007132,0.0121428571428572,0.00535144539622768,0.0535144539622768,0.0450508435063389,0.0502518907629606,0.5,14.18,0.00429983029062413,100,0.0429983029062413,0.921705827067669,100,0,0,"Prop_0.25",75,5e-04,"Medium","Beta",2000,FALSE
"BL203","DiD","BH",0.01,100,0.00688145556796904,100,0.0688145556796904,0.617894736842105,0.000592007874479973,0.998648648648649,0.000592007874479973,0.00135135135135135,0.000875247890059605,0.00875247890059605,0.00199320751712056,0.021904291355759,0.05,23.53,0.00312019615295299,100,0.0312019615295299,0.915188477951636,100,0,0,"Prop_0.50",75,5e-04,"Medium","Beta",2000,FALSE
"BL203","DiD","BH",0.05,100,0.00679856715811066,100,0.0679856715811066,0.682894736842105,0.00158643228082142,0.991081081081081,0.00158643228082142,0.00891891891891891,0.00222500932033595,0.0222500932033595,0.0124434089780006,0.0451260859854213,0.28,26.28,0.00312019615295299,100,0.0312019615295299,0.915188477951636,100,0,0,"Prop_0.50",75,5e-04,"Medium","Beta",2000,FALSE
"BL203","DiD","unadjusted",0.01,100,0.00645383427367268,100,0.0645383427367268,0.662105263157895,0.000882699006408351,0.996756756756757,0.000882699006408351,0.00324324324324324,0.00128753837269798,0.0128753837269798,0.00471079382608618,0.032659863237109,0.12,25.28,0.00312019615295299,100,0.0312019615295299,0.915188477951636,100,0,0,"Prop_0.50",75,5e-04,"Medium","Beta",2000,FALSE
"BL203","DiD","unadjusted",0.05,100,0.0061337398906856,100,0.061337398906856,0.737894736842105,0.00272986622645356,0.97027027027027,0.00272986622645356,0.0297297297297297,0.0033351235122187,0.033351235122187,0.0373620101658903,0.0460566186471838,0.7,29.14,0.00312019615295299,100,0.0312019615295299,0.915188477951636,100,0,0,"Prop_0.50",75,5e-04,"Medium","Beta",2000,FALSE
"BL203","MIMOSA2","BFDR",0.01,100,0.00722112981856906,100,0.0722112981856906,0.706315789473684,0.00115595227433921,0.995405405405405,0.00115595227433921,0.00459459459459459,0.00151698159740355,0.0151698159740355,0.00597629927449907,0.0358870281282637,0.15,27.01,0.00362687612880288,100,0.0362687612880288,0.923381934566145,100,0,0,"Prop_0.50",75,5e-04,"Medium","Beta",2000,FALSE
"BL203","MIMOSA2","BFDR",0.05,100,0.00648341052598572,100,0.0648341052598572,0.790263157894737,0.00267195173202006,0.968108108108108,0.00267195173202006,0.0318918918918919,0.00296768233930451,0.0296768233930451,0.0367918174804083,0.0429234695990928,0.76,31.21,0.00362687612880288,100,0.0362687612880288,0.923381934566145,100,0,0,"Prop_0.50",75,5e-04,"Medium","Beta",2000,FALSE
"BL204","DiD","BH",0.01,100,0.00634972490667391,100,0.0634972490667391,0.630714285714286,0.000902350568409292,0.998421052631579,0.000902350568409292,0.00157894736842105,0.000495128315992436,0.00495128315992436,0.000863121185701831,0.0171446607997765,0.03,35.35,0.00270293861297576,100,0.0270293861297576,0.918416353383459,100,0,0,"Prop_0.75",75,5e-04,"Medium","Beta",2000,FALSE
"BL204","DiD","BH",0.05,100,0.00575637793499782,100,0.0575637793499782,0.697321428571429,0.00280701754385965,0.985263157894737,0.00280701754385965,0.0147368421052632,0.00134094591337887,0.0134094591337887,0.00692354773493383,0.0429234695990928,0.24,39.33,0.00270293861297576,100,0.0270293861297576,0.918416353383459,100,0,0,"Prop_0.75",75,5e-04,"Medium","Beta",2000,FALSE
"BL204","DiD","unadjusted",0.01,100,0.00541095507824561,100,0.0541095507824561,0.660535714285714,0.00125622766618917,0.996842105263158,0.00125622766618917,0.00315789473684211,0.000623163674565101,0.00623163674565101,0.0015613570844329,0.0238683256575942,0.06,37.05,0.00270293861297576,100,0.0270293861297576,0.918416353383459,100,0,0,"Prop_0.75",75,5e-04,"Medium","Beta",2000,FALSE
"BL204","DiD","unadjusted",0.05,100,0.00504757310278853,100,0.0504757310278853,0.726785714285714,0.00376422565460854,0.970526315789474,0.00376422565460854,0.0294736842105263,0.00170926755013691,0.0170926755013691,0.0133962319799032,0.05,0.45,41.26,0.00270293861297576,100,0.0270293861297576,0.918416353383459,100,0,0,"Prop_0.75",75,5e-04,"Medium","Beta",2000,FALSE
"BL204","MIMOSA2","BFDR",0.01,100,0.00599218294463468,100,0.0599218294463468,0.711071428571429,0.00151380784876138,0.995263157894737,0.00151380784876138,0.00473684210526316,0.000702222076228868,0.00702222076228868,0.00219046873038595,0.0287623491264661,0.09,39.91,0.0027392691874716,100,0.027392691874716,0.926799812030075,100,0,0,"Prop_0.75",75,5e-04,"Medium","Beta",2000,FALSE
"BL204","MIMOSA2","BFDR",0.05,100,0.00554109383446015,100,0.0554109383446015,0.808214285714286,0.00419988021451555,0.966315789473684,0.00419988021451555,0.0336842105263158,0.00167075050856588,0.0167075050856588,0.0135583844221263,0.0501613558046592,0.47,45.9,0.0027392691874716,100,0.027392691874716,0.926799812030075,100,0,0,"Prop_0.75",75,5e-04,"Medium","Beta",2000,FALSE
"BL205","DiD","BH",0.01,100,0.00526507183623402,100,0.0526507183623402,0.630882352941176,0.00142857142857143,0.998571428571429,0.00142857142857143,0.00142857142857143,0.000227272727272727,0.00227272727272727,0.000227272727272727,0.01,0.01,42.91,0.00339119998670705,100,0.0339119998670705,0.914348739495798,100,0,0,"Prop_0.90",75,5e-04,"Medium","Beta",2000,FALSE
"BL205","DiD","BH",0.05,100,0.00542334200430726,100,0.0542334200430726,0.700882352941177,0.00410890701806659,0.987142857142857,0.00410890701806659,0.0128571428571429,0.000607387402812962,0.00607387402812962,0.00189168849969284,0.0287623491264661,0.09,47.75,0.00339119998670705,100,0.0339119998670705,0.914348739495798,100,0,0,"Prop_0.90",75,5e-04,"Medium","Beta",2000,FALSE
"BL205","DiD","unadjusted",0.01,100,0.00498591213741466,100,0.0498591213741466,0.652941176470588,0.00244923725711093,0.995714285714286,0.00244923725711093,0.00428571428571429,0.000406421373499307,0.00406421373499307,0.00071031746031746,0.0171446607997765,0.03,44.43,0.00339119998670705,100,0.0339119998670705,0.914348739495798,100,0,0,"Prop_0.90",75,5e-04,"Medium","Beta",2000,FALSE
"BL205","DiD","unadjusted",0.05,100,0.00484951895035383,100,0.0484951895035383,0.723676470588235,0.00498192982885396,0.98,0.00498192982885396,0.02,0.000709497150421509,0.00709497150421509,0.00283933460464588,0.0348735088019777,0.14,49.35,0.00339119998670705,100,0.0339119998670705,0.914348739495798,100,0,0,"Prop_0.90",75,5e-04,"Medium","Beta",2000,FALSE
"BL205","MIMOSA2","BFDR",0.01,100,0.00513518280182553,100,0.0513518280182553,0.717352941176471,0.00201007563051842,0.997142857142857,0.00201007563051842,0.00285714285714286,0.000284296923186297,0.00284296923186297,0.000404081632653061,0.014070529413629,0.02,48.8,0.00280843419868297,100,0.0280843419868297,0.925073529411765,100,0,0,"Prop_0.90",75,5e-04,"Medium","Beta",2000,FALSE
"BL205","MIMOSA2","BFDR",0.05,100,0.00463391475053301,100,0.0463391475053301,0.816323529411765,0.00699854212223765,0.954285714285714,0.00699854212223765,0.0457142857142857,0.000860665474723708,0.00860665474723708,0.00564977305523669,0.0464823198711732,0.31,55.83,0.00280843419868297,100,0.0280843419868297,0.925073529411765,100,0,0,"Prop_0.90",75,5e-04,"Medium","Beta",2000,FALSE
"BL206","DiD","BH",0.01,100,0.0148677673189523,100,0.148677673189523,0.554,0.000156339215706988,0.999777777777778,0.000156339215706988,0.000222222222222221,0.00156339215706989,0.0156339215706989,0.00222222222222222,0.014070529413629,0.02,5.56,0.00551799717330383,100,0.0551799717330383,0.926022222222222,100,0,0,"Prop_0.10",100,5e-04,"Medium","Beta",2000,FALSE
"BL206","DiD","BH",0.05,100,0.0149325080940811,100,0.149325080940811,0.615,0.000532753144951339,0.998,0.000532753144951339,0.002,0.00662189344344884,0.0662189344344884,0.0243452380952381,0.0348735088019777,0.14,6.33,0.00551799717330383,100,0.0551799717330383,0.926022222222222,100,0,0,"Prop_0.10",100,5e-04,"Medium","Beta",2000,FALSE
"BL206","DiD","unadjusted",0.01,100,0.0129972802127712,100,0.129972802127712,0.674,0.000842430701878359,0.994111111111111,0.000842430701878359,0.00588888888888888,0.00992572159957472,0.0992572159957472,0.0692622655122655,0.0487831731214563,0.38,7.27,0.00551799717330383,100,0.0551799717330383,0.926022222222222,100,0,0,"Prop_0.10",100,5e-04,"Medium","Beta",2000,FALSE
"BL206","DiD","unadjusted",0.05,100,0.0125930877304122,100,0.125930877304122,0.75,0.00180323385220176,0.969444444444444,0.00180323385220176,0.0305555555555556,0.0120766810836002,0.120766810836002,0.253477217227217,0.021904291355759,0.95,10.25,0.00551799717330383,100,0.0551799717330383,0.926022222222222,100,0,0,"Prop_0.10",100,5e-04,"Medium","Beta",2000,FALSE
"BL206","MIMOSA2","BFDR",0.01,100,0.0142715369766808,100,0.142715369766808,0.606,0.000243381015063988,0.999444444444444,0.000243381015063988,0.000555555555555554,0.0030962785464071,0.030962785464071,0.00702380952380952,0.021904291355759,0.05,6.11,0.00677572347940869,100,0.0677572347940869,0.923872222222222,100,0,0,"Prop_0.10",100,5e-04,"Medium","Beta",2000,FALSE
"BL206","MIMOSA2","BFDR",0.05,100,0.0137745190020332,100,0.137745190020332,0.696,0.000758951239154657,0.993444444444444,0.000758951239154657,0.00655555555555554,0.00826117518236665,0.0826117518236665,0.0736908369408369,0.0502518907629606,0.5,7.55,0.00677572347940869,100,0.0677572347940869,0.923872222222222,100,0,0,"Prop_0.10",100,5e-04,"Medium","Beta",2000,FALSE
"BL207","DiD","BH",0.01,100,0.00898357648515592,100,0.0898357648515592,0.5968,0.000402015126103684,0.998666666666667,0.000402015126103684,0.00133333333333333,0.00187361373717707,0.0187361373717707,0.0061422121480171,0.0301511344577764,0.1,15.02,0.00324978737040779,100,0.0324978737040779,0.917850666666667,100,0,0,"Prop_0.25",100,5e-04,"Medium","Beta",2000,FALSE
"BL207","DiD","BH",0.05,100,0.00865743097639889,100,0.0865743097639889,0.6528,0.000837290268896233,0.9952,0.000837290268896233,0.00479999999999999,0.00346659993946446,0.0346659993946446,0.020479177203945,0.0460566186471838,0.3,16.68,0.00324978737040779,100,0.0324978737040779,0.917850666666667,100,0,0,"Prop_0.25",100,5e-04,"Medium","Beta",2000,FALSE
"BL207","DiD","unadjusted",0.01,100,0.00824709315180479,100,0.0824709315180479,0.6584,0.000845294627840696,0.9948,0.000845294627840696,0.00519999999999999,0.00356537383616762,0.0356537383616762,0.0223220880706915,0.0472581562625261,0.33,16.85,0.00324978737040779,100,0.0324978737040779,0.917850666666667,100,0,0,"Prop_0.25",100,5e-04,"Medium","Beta",2000,FALSE
"BL207","DiD","unadjusted",0.05,100,0.00742847374783153,100,0.0742847374783153,0.7264,0.00195017625609946,0.971866666666667,0.00195017625609946,0.0281333333333333,0.00622750242662219,0.0622750242662219,0.0998221250306356,0.0348735088019777,0.86,20.27,0.00324978737040779,100,0.0324978737040779,0.917850666666667,100,0,0,"Prop_0.25",100,5e-04,"Medium","Beta",2000,FALSE
"BL207","MIMOSA2","BFDR",0.01,100,0.00965999769956264,100,0.0965999769956264,0.6524,0.000608064028762757,0.9972,0.000608064028762757,0.00279999999999999,0.00266163654683334,0.0266163654683334,0.0122853280900461,0.0394277244403663,0.19,16.52,0.0038304996207488,100,0.038304996207488,0.921914666666667,100,0,0,"Prop_0.25",100,5e-04,"Medium","Beta",2000,FALSE
"BL207","MIMOSA2","BFDR",0.05,100,0.00892392086676947,100,0.0892392086676947,0.742,0.00131972857121588,0.986533333333333,0.00131972857121588,0.0134666666666666,0.00458428648906009,0.0458428648906009,0.0486388336021227,0.0487831731214563,0.62,19.56,0.0038304996207488,100,0.038304996207488,0.921914666666667,100,0,0,"Prop_0.25",100,5e-04,"Medium","Beta",2000,FALSE
"BL208","DiD","BH",0.01,100,0.00678965344766535,100,0.0678965344766535,0.6096,0.000477366513151884,0.9988,0.000477366513151884,0.0012,0.000744079600434939,0.00744079600434939,0.00185836939881058,0.0238683256575942,0.06,30.54,0.00249055215978426,100,0.0249055215978426,0.915838,100,0,0,"Prop_0.50",100,5e-04,"Medium","Beta",2000,FALSE
"BL208","DiD","BH",0.05,100,0.00661495092631652,100,0.0661495092631652,0.674,0.00143491808093351,0.9904,0.00143491808093351,0.00960000000000001,0.00196994132071621,0.0196994132071621,0.0132921454599291,0.0482418151324422,0.36,34.18,0.00249055215978426,100,0.0249055215978426,0.915838,100,0,0,"Prop_0.50",100,5e-04,"Medium","Beta",2000,FALSE
"BL208","DiD","unadjusted",0.01,100,0.00649674355101668,100,0.0649674355101668,0.6488,0.000996762435856887,0.9942,0.000996762435856887,0.0058,0.001449660417014,0.01449660417014,0.00846178533252707,0.0446196043338474,0.27,32.73,0.00249055215978426,100,0.0249055215978426,0.915838,100,0,0,"Prop_0.50",100,5e-04,"Medium","Beta",2000,FALSE
"BL208","DiD","unadjusted",0.05,100,0.00593823427145025,100,0.0593823427145025,0.723,0.00236975896997091,0.9698,0.00236975896997091,0.0302,0.00310954543819119,0.0310954543819119,0.039725267959691,0.0394277244403663,0.81,37.66,0.00249055215978426,100,0.0249055215978426,0.915838,100,0,0,"Prop_0.50",100,5e-04,"Medium","Beta",2000,FALSE
"BL208","MIMOSA2","BFDR",0.01,100,0.00706892473928652,100,0.0706892473928652,0.697,0.000806789372084866,0.9966,0.000806789372084866,0.0034,0.00111954402053137,0.0111954402053137,0.00472583527096991,0.0368452949177471,0.16,35.02,0.0027750881394684,100,0.027750881394684,0.925536,100,0,0,"Prop_0.50",100,5e-04,"Medium","Beta",2000,FALSE
"BL208","MIMOSA2","BFDR",0.05,100,0.00684403448857529,100,0.0684403448857529,0.7874,0.00221391376106075,0.9726,0.00221391376106075,0.0274,0.00258688053483725,0.0258688053483725,0.0330247202385224,0.0422952584681651,0.77,40.74,0.0027750881394684,100,0.027750881394684,0.925536,100,0,0,"Prop_0.50",100,5e-04,"Medium","Beta",2000,FALSE
"BL209","DiD","BH",0.01,100,0.00546904768710385,100,0.0546904768710385,0.627466666666667,0.000876171654230362,0.998,0.000876171654230362,0.002,0.000427600577925512,0.00427600577925512,0.000974960753532182,0.021904291355759,0.05,47.11,0.00251538135528473,100,0.0251538135528473,0.913864,100,0,0,"Prop_0.75",100,5e-04,"Medium","Beta",2000,FALSE
"BL209","DiD","BH",0.05,100,0.00540749780838598,100,0.0540749780838598,0.698933333333333,0.00255651277637284,0.9864,0.00255651277637284,0.0136,0.00110117459365588,0.0110117459365588,0.00611130552575595,0.0451260859854213,0.28,52.76,0.00251538135528473,100,0.0251538135528473,0.913864,100,0,0,"Prop_0.75",100,5e-04,"Medium","Beta",2000,FALSE
"BL209","DiD","unadjusted",0.01,100,0.00535859337959658,100,0.0535859337959658,0.658133333333333,0.00109063969737716,0.9968,0.00109063969737716,0.0032,0.000506053028941657,0.00506053028941657,0.00148251073009993,0.0272659924344291,0.08,49.44,0.00251538135528473,100,0.0251538135528473,0.913864,100,0,0,"Prop_0.75",100,5e-04,"Medium","Beta",2000,FALSE
"BL209","DiD","unadjusted",0.05,100,0.00505813564976296,100,0.0505813564976296,0.73,0.00383834981377796,0.9688,0.00383834981377796,0.0312,0.00165277646573507,0.0165277646573507,0.0137038054673034,0.0502518907629606,0.5,55.53,0.00251538135528473,100,0.0251538135528473,0.913864,100,0,0,"Prop_0.75",100,5e-04,"Medium","Beta",2000,FALSE
"BL209","MIMOSA2","BFDR",0.01,100,0.00576065839858476,100,0.0576065839858476,0.712,0.00189032625050104,0.9932,0.00189032625050104,0.0068,0.000820740841278079,0.00820740841278079,0.0030223252166651,0.0348735088019777,0.14,53.57,0.00260081487359904,100,0.0260081487359904,0.922714666666667,100,0,0,"Prop_0.75",100,5e-04,"Medium","Beta",2000,FALSE
"BL209","MIMOSA2","BFDR",0.05,100,0.00528367453677362,100,0.0528367453677362,0.807466666666667,0.00343270073607274,0.9588,0.00343270073607274,0.0412,0.00133735873001574,0.0133735873001574,0.0164735076490767,0.0429234695990928,0.76,61.59,0.00260081487359904,100,0.0260081487359904,0.922714666666667,100,0,0,"Prop_0.75",100,5e-04,"Medium","Beta",2000,FALSE
"BL210","DiD","BH",0.01,100,0.00456539956369719,100,0.0456539956369719,0.635444444444444,0.001,0.999,0.001,0.001,0.000181818181818182,0.00181818181818182,0.000181818181818182,0.01,0.01,57.2,0.00279883438897336,100,0.0279883438897336,0.918927777777778,100,0,0,"Prop_0.90",100,5e-04,"Medium","Beta",2000,FALSE
"BL210","DiD","BH",0.05,100,0.00443691843149349,100,0.0443691843149349,0.704888888888889,0.00348735088019777,0.986,0.00348735088019777,0.014,0.000534612098685109,0.00534612098685109,0.00214296313432347,0.0348735088019777,0.14,63.58,0.00279883438897336,100,0.0279883438897336,0.918927777777778,100,0,0,"Prop_0.90",100,5e-04,"Medium","Beta",2000,FALSE
"BL210","DiD","unadjusted",0.01,100,0.00417014071408373,100,0.0417014071408373,0.656333333333333,0.0014070529413629,0.998,0.0014070529413629,0.002,0.000238587040738174,0.00238587040738174,0.000339080459770115,0.014070529413629,0.02,59.09,0.00279883438897336,100,0.0279883438897336,0.918927777777778,100,0,0,"Prop_0.90",100,5e-04,"Medium","Beta",2000,FALSE
"BL210","DiD","unadjusted",0.05,100,0.0040648809655386,100,0.040648809655386,0.723333333333333,0.00439926531974776,0.978,0.00439926531974776,0.022,0.000667292127547682,0.00667292127547682,0.00331271349068395,0.0409360180740332,0.21,65.32,0.00279883438897336,100,0.0279883438897336,0.918927777777778,100,0,0,"Prop_0.90",100,5e-04,"Medium","Beta",2000,FALSE
"BL210","MIMOSA2","BFDR",0.01,100,0.00469092088458966,100,0.0469092088458967,0.720888888888889,0.00256432399976243,0.993,0.00256432399976243,0.007,0.00039077831532099,0.0039077831532099,0.00106377746461345,0.0256432399976243,0.07,64.95,0.00275141989667361,100,0.0275141989667361,0.92465,100,0,0,"Prop_0.90",100,5e-04,"Medium","Beta",2000,FALSE
"BL210","MIMOSA2","BFDR",0.05,100,0.0044252672685167,100,0.044252672685167,0.815777777777778,0.00609271795844942,0.955,0.00609271795844942,0.045,0.00080454952611565,0.0080454952611565,0.00601515456200158,0.0490207130000197,0.39,73.87,0.00275141989667361,100,0.0275141989667361,0.92465,100,0,0,"Prop_0.90",100,5e-04,"Medium","Beta",2000,FALSE
"BL211","DiD","BH",0.01,100,0.05,100,0.5,0.45,0.00111111111111111,0.998888888888889,0.00111111111111111,0.00111111111111111,0.01,0.1,0.01,0.01,0.01,0.46,0.0194431617341862,100,0.194431617341862,0.905,100,0,0,"Prop_0.10",10,0.00025,"Medium","Beta",2000,FALSE
"BL211","DiD","BH",0.05,100,0.0501613558046592,100,0.501613558046592,0.53,0.00190496231108628,0.996666666666667,0.00190496231108628,0.00333333333333333,0.00857233039988826,0.0857233039988826,0.015,0.0171446607997765,0.03,0.56,0.0194431617341862,100,0.194431617341862,0.905,100,0,0,"Prop_0.10",10,0.00025,"Medium","Beta",2000,FALSE
"BL211","DiD","unadjusted",0.01,100,0.0496044963748858,100,0.496044963748858,0.58,0.00218829317296592,0.995555555555556,0.00218829317296592,0.00444444444444445,0.0130558241966773,0.130558241966773,0.025,0.0196946385566932,0.04,0.62,0.0194431617341862,100,0.194431617341862,0.905,100,0,0,"Prop_0.10",10,0.00025,"Medium","Beta",2000,FALSE
"BL211","DiD","unadjusted",0.05,100,0.0468826172262151,100,0.468826172262151,0.68,0.00514656129408364,0.971111111111111,0.00514656129408364,0.0288888888888889,0.0290375931885172,0.290375931885172,0.155,0.0435194139889245,0.25,0.94,0.0194431617341862,100,0.194431617341862,0.905,100,0,0,"Prop_0.10",10,0.00025,"Medium","Beta",2000,FALSE
"BL211","MIMOSA2","BFDR",0.01,98,0.050086122731245,98,0.49582731837247,0.418367346938776,0,1,0,0,0,0,0,0,0,0.418367346938776,0.0239759903678984,98,0.23735019524726,0.876984126984127,100,0.02,0.014,"Prop_0.10",10,0.00025,"Medium","Beta",2000,TRUE
"BL211","MIMOSA2","BFDR",0.05,98,0.0502466041509042,98,0.497416003373807,0.428571428571429,0.00113378684807256,0.998866213151927,0.00113378684807256,0.00113378684807256,0.00510204081632653,0.0505076272276105,0.00510204081632653,0.0102040816326531,0.0102040816326531,0.438775510204082,0.0239759903678984,98,0.23735019524726,0.876984126984127,100,0.02,0.014,"Prop_0.10",10,0.00025,"Medium","Beta",2000,TRUE
"BL212","DiD","BH",0.01,100,0.0284484687809738,100,0.284484687809738,0.556666666666667,0.00142857142857143,0.998571428571429,0.00142857142857143,0.00142857142857143,0.00333333333333333,0.0333333333333333,0.00333333333333333,0.01,0.01,1.68,0.0103606322871879,100,0.103606322871879,0.909761904761905,100,0,0,"Prop_0.25",10,0.00025,"Medium","Beta",2000,FALSE
"BL212","DiD","BH",0.05,100,0.0279710448329342,100,0.279710448329342,0.59,0.00674046965338595,0.98,0.00674046965338595,0.02,0.0132390924546802,0.132390924546802,0.0425,0.0301511344577764,0.1,1.91,0.0103606322871879,100,0.103606322871879,0.909761904761905,100,0,0,"Prop_0.25",10,0.00025,"Medium","Beta",2000,FALSE
"BL212","DiD","unadjusted",0.01,100,0.027156692928619,100,0.27156692928619,0.59,0.00312918447939415,0.992857142857143,0.00312918447939415,0.00714285714285715,0.00966759545056242,0.0966759545056242,0.0216666666666667,0.021904291355759,0.05,1.82,0.0103606322871879,100,0.103606322871879,0.909761904761905,100,0,0,"Prop_0.25",10,0.00025,"Medium","Beta",2000,FALSE
"BL212","DiD","unadjusted",0.05,100,0.0257131722631397,100,0.257131722631397,0.676666666666667,0.00839157139148982,0.96,0.00839157139148982,0.04,0.0168069099546056,0.168069099546056,0.0855,0.0416333199893227,0.22,2.31,0.0103606322871879,100,0.103606322871879,0.909761904761905,100,0,0,"Prop_0.25",10,0.00025,"Medium","Beta",2000,FALSE
"BL212","MIMOSA2","BFDR",0.01,100,0.0274301479959494,100,0.274301479959494,0.546666666666667,0.00201007563051842,0.997142857142857,0.00201007563051842,0.00285714285714286,0.00556753758384034,0.0556753758384034,0.0075,0.014070529413629,0.02,1.66,0.0113738267142523,100,0.113738267142523,0.89952380952381,100,0,0,"Prop_0.25",10,0.00025,"Medium","Beta",2000,FALSE
"BL212","MIMOSA2","BFDR",0.05,100,0.0266561427045114,100,0.266561427045114,0.623333333333333,0.00340976080822774,0.991428571428571,0.00340976080822774,0.00857142857142857,0.00793271013029112,0.0793271013029112,0.0191666666666667,0.0238683256575942,0.06,1.93,0.0113738267142523,100,0.113738267142523,0.89952380952381,100,0,0,"Prop_0.25",10,0.00025,"Medium","Beta",2000,FALSE
"BL213","DiD","BH",0.01,100,0.0222601696200894,100,0.222601696200894,0.512,0,1,0,0,0,0,0,0,0,2.56,0.00741766932276023,100,0.0741766932276023,0.9278,100,0,0,"Prop_0.50",10,0.00025,"Medium","Beta",2000,FALSE
"BL213","DiD","BH",0.05,100,0.0226086601803715,100,0.226086601803715,0.586,0.00342893215995531,0.994,0.00342893215995531,0.006,0.00387080934471914,0.0387080934471914,0.00666666666666667,0.0171446607997765,0.03,2.96,0.00741766932276023,100,0.0741766932276023,0.9278,100,0,0,"Prop_0.50",10,0.00025,"Medium","Beta",2000,FALSE
"BL213","DiD","unadjusted",0.01,100,0.0214042382284774,100,0.214042382284774,0.562,0,1,0,0,0,0,0,0,0,2.81,0.00741766932276023,100,0.0741766932276023,0.9278,100,0,0,"Prop_0.50",10,0.00025,"Medium","Beta",2000,FALSE
"BL213","DiD","unadjusted",0.05,100,0.019442741628181,100,0.19442741628181,0.676,0.00477366513151884,0.988,0.00477366513151884,0.012,0.00529857677352285,0.0529857677352285,0.0131666666666667,0.0238683256575942,0.06,3.44,0.00741766932276023,100,0.0741766932276023,0.9278,100,0,0,"Prop_0.50",10,0.00025,"Medium","Beta",2000,FALSE
"BL213","MIMOSA2","BFDR",0.01,100,0.0213437474581095,100,0.213437474581095,0.53,0,1,0,0,0,0,0,0,0,2.65,0.00868762035742513,100,0.0868762035742513,0.924,100,0,0,"Prop_0.50",10,0.00025,"Medium","Beta",2000,FALSE
"BL213","MIMOSA2","BFDR",0.05,100,0.0203911250253138,100,0.203911250253138,0.606,0.00477366513151884,0.988,0.00477366513151884,0.012,0.00654113720004474,0.0654113720004474,0.0161666666666667,0.0238683256575942,0.06,3.09,0.00868762035742513,100,0.0868762035742513,0.924,100,0,0,"Prop_0.50",10,0.00025,"Medium","Beta",2000,FALSE
"BL214","DiD","BH",0.01,100,0.0168081119184347,100,0.168081119184347,0.5625,0,1,0,0,0,0,0,0,0,4.5,0.009560248876774,100,0.09560248876774,0.91,100,0,0,"Prop_0.75",10,0.00025,"Medium","Beta",2000,FALSE
"BL214","DiD","BH",0.05,100,0.0170092629250219,100,0.170092629250219,0.64125,0.00857233039988826,0.985,0.00857233039988826,0.015,0.00273111995017254,0.0273111995017254,0.00467857142857143,0.0171446607997765,0.03,5.16,0.009560248876774,100,0.09560248876774,0.91,100,0,0,"Prop_0.75",10,0.00025,"Medium","Beta",2000,FALSE
"BL214","DiD","unadjusted",0.01,100,0.0167252757371844,100,0.167252757371844,0.5925,0,1,0,0,0,0,0,0,0,4.74,0.009560248876774,100,0.09560248876774,0.91,100,0,0,"Prop_0.75",10,0.00025,"Medium","Beta",2000,FALSE
"BL214","DiD","unadjusted",0.05,100,0.0142599424822108,100,0.142599424822108,0.6825,0.00857233039988826,0.985,0.00857233039988826,0.015,0.00273111995017254,0.0273111995017254,0.00467857142857143,0.0171446607997765,0.03,5.49,0.009560248876774,100,0.09560248876774,0.91,100,0,0,"Prop_0.75",10,0.00025,"Medium","Beta",2000,FALSE
"BL214","MIMOSA2","BFDR",0.01,100,0.0187264161444779,100,0.187264161444779,0.57375,0.005,0.995,0.005,0.005,0.00166666666666667,0.0166666666666667,0.00166666666666667,0.01,0.01,4.6,0.0100061139769239,100,0.100061139769239,0.896875,100,0,0,"Prop_0.75",10,0.00025,"Medium","Beta",2000,FALSE
"BL214","MIMOSA2","BFDR",0.05,100,0.0183849136659667,100,0.183849136659667,0.66,0.00703526470681448,0.99,0.00703526470681448,0.01,0.00234776381893387,0.0234776381893387,0.00325,0.014070529413629,0.02,5.3,0.0100061139769239,100,0.100061139769239,0.896875,100,0,0,"Prop_0.75",10,0.00025,"Medium","Beta",2000,FALSE
"BL215","DiD","BH",0.01,100,0.0151786140007221,100,0.151786140007221,0.572222222222222,0,1,0,0,0,0,0,0,0,5.15,0.0108859051318651,100,0.108859051318651,0.907222222222222,100,0,0,"Prop_0.90",10,0.00025,"Medium","Beta",2000,FALSE
"BL215","DiD","BH",0.05,100,0.0153781774015013,100,0.153781774015013,0.66,0.014070529413629,0.98,0.014070529413629,0.02,0.00175881617670362,0.0175881617670362,0.0025,0.014070529413629,0.02,5.96,0.0108859051318651,100,0.108859051318651,0.907222222222222,100,0,0,"Prop_0.90",10,0.00025,"Medium","Beta",2000,FALSE
"BL215","DiD","unadjusted",0.01,100,0.0144896985995886,100,0.144896985995886,0.602222222222222,0,1,0,0,0,0,0,0,0,5.42,0.0108859051318651,100,0.108859051318651,0.907222222222222,100,0,0,"Prop_0.90",10,0.00025,"Medium","Beta",2000,FALSE
"BL215","DiD","unadjusted",0.05,100,0.0134798348792786,100,0.134798348792786,0.692222222222222,0.0171446607997765,0.97,0.0171446607997765,0.03,0.00214308259997207,0.0214308259997207,0.00375,0.0171446607997765,0.03,6.26,0.0108859051318651,100,0.108859051318651,0.907222222222222,100,0,0,"Prop_0.90",10,0.00025,"Medium","Beta",2000,FALSE
"BL215","MIMOSA2","BFDR",0.01,100,0.0166175857941411,100,0.166175857941411,0.573333333333333,0,1,0,0,0,0,0,0,0,5.16,0.0107436429377568,100,0.107436429377568,0.902222222222222,100,0,0,"Prop_0.90",10,0.00025,"Medium","Beta",2000,FALSE
"BL215","MIMOSA2","BFDR",0.05,100,0.0152605504340789,100,0.152605504340789,0.672222222222222,0.01,0.99,0.01,0.01,0.00142857142857143,0.0142857142857143,0.00142857142857143,0.01,0.01,6.06,0.0107436429377568,100,0.107436429377568,0.902222222222222,100,0,0,"Prop_0.90",10,0.00025,"Medium","Beta",2000,FALSE
"BL216","DiD","BH",0.01,100,0.0354053012066746,100,0.354053012066746,0.47,0.000555555555555556,0.999444444444444,0.000555555555555556,0.000555555555555556,0.005,0.05,0.005,0.01,0.01,0.95,0.0130302112693504,100,0.130302112693504,0.899583333333333,100,0,0,"Prop_0.10",20,0.00025,"Medium","Beta",2000,FALSE
"BL216","DiD","BH",0.05,100,0.0361639085668057,100,0.361639085668057,0.555,0.000952481155543141,0.998333333333333,0.000952481155543141,0.00166666666666667,0.00774161868943827,0.0774161868943827,0.0133333333333333,0.0171446607997765,0.03,1.14,0.0130302112693504,100,0.130302112693504,0.899583333333333,100,0,0,"Prop_0.10",20,0.00025,"Medium","Beta",2000,FALSE
"BL216","DiD","unadjusted",0.01,100,0.0348155311911396,100,0.348155311911396,0.6,0.00159790828480368,0.995,0.00159790828480368,0.005,0.0172937582403038,0.172937582403038,0.0483333333333333,0.0287623491264661,0.09,1.29,0.0130302112693504,100,0.130302112693504,0.899583333333333,100,0,0,"Prop_0.10",20,0.00025,"Medium","Beta",2000,FALSE
"BL216","DiD","unadjusted",0.05,100,0.0313983850836088,100,0.313983850836088,0.68,0.00433794971232916,0.967777777777778,0.00433794971232916,0.0322222222222222,0.0280074610576194,0.280074610576194,0.233809523809524,0.0500908265962033,0.46,1.94,0.0130302112693504,100,0.130302112693504,0.899583333333333,100,0,0,"Prop_0.10",20,0.00025,"Medium","Beta",2000,FALSE
"BL216","MIMOSA2","BFDR",0.01,99,0.0358361498937594,99,0.356565189385604,0.47979797979798,0,1,0,0,0,0,0,0,0,0.95959595959596,0.0152851468350069,99,0.152085290751619,0.888187429854096,100,0.01,0.0099498743710662,"Prop_0.10",20,0.00025,"Medium","Beta",2000,TRUE
"BL216","MIMOSA2","BFDR",0.05,99,0.0375527090322456,99,0.373644737164047,0.575757575757576,0.0018697937774075,0.994388327721661,0.0018697937774075,0.00561167227833895,0.0152447561248105,0.151683408259406,0.0437710437710438,0.0290398438636336,0.0909090909090909,1.25252525252525,0.0152851468350069,99,0.152085290751619,0.888187429854096,100,0.01,0.0099498743710662,"Prop_0.10",20,0.00025,"Medium","Beta",2000,TRUE
"BL217","DiD","BH",0.01,100,0.0211736447576517,100,0.211736447576517,0.496,0,1,0,0,0,0,0,0,0,2.48,0.00890522488784142,100,0.0890522488784142,0.903,100,0,0,"Prop_0.25",20,0.00025,"Medium","Beta",2000,FALSE
"BL217","DiD","BH",0.05,100,0.0215331550794761,100,0.215331550794761,0.564,0.00204988297276215,0.994666666666667,0.00204988297276215,0.00533333333333333,0.00622163321416306,0.0622163321416306,0.0168571428571429,0.0256432399976243,0.07,2.9,0.00890522488784142,100,0.0890522488784142,0.903,100,0,0,"Prop_0.25",20,0.00025,"Medium","Beta",2000,FALSE
"BL217","DiD","unadjusted",0.01,100,0.0201047760545105,100,0.201047760545105,0.572,0.00191748994176441,0.994,0.00191748994176441,0.006,0.00731762934387674,0.0731762934387674,0.0223333333333333,0.0287623491264661,0.09,2.95,0.00890522488784142,100,0.0890522488784142,0.903,100,0,0,"Prop_0.25",20,0.00025,"Medium","Beta",2000,FALSE
"BL217","DiD","unadjusted",0.05,100,0.0192495572558294,100,0.192495572558294,0.654,0.00486126262390142,0.970666666666667,0.00486126262390142,0.0293333333333333,0.0142365282807383,0.142365282807383,0.0931904761904762,0.0472581562625261,0.33,3.71,0.00890522488784142,100,0.0890522488784142,0.903,100,0,0,"Prop_0.25",20,0.00025,"Medium","Beta",2000,FALSE
"BL217","MIMOSA2","BFDR",0.01,100,0.0224508441721109,100,0.224508441721109,0.47,0.000666666666666667,0.999333333333333,0.000666666666666667,0.000666666666666667,0.002,0.02,0.002,0.01,0.01,2.36,0.0100373511201122,100,0.100373511201122,0.8982,100,0,0,"Prop_0.25",20,0.00025,"Medium","Beta",2000,FALSE
"BL217","MIMOSA2","BFDR",0.05,100,0.0222556314516828,100,0.222556314516828,0.558,0.00181773282896194,0.994666666666667,0.00181773282896194,0.00533333333333333,0.00628842843729647,0.0628842843729647,0.018,0.0272659924344291,0.08,2.87,0.0100373511201122,100,0.100373511201122,0.8982,100,0,0,"Prop_0.25",20,0.00025,"Medium","Beta",2000,FALSE
"BL218","DiD","BH",0.01,100,0.0166071665192464,100,0.166071665192464,0.536,0.0014070529413629,0.998,0.0014070529413629,0.002,0.00234508823560483,0.0234508823560483,0.00333333333333333,0.014070529413629,0.02,5.38,0.00626135130798617,100,0.0626135130798618,0.90005,100,0,0,"Prop_0.50",20,0.00025,"Medium","Beta",2000,FALSE
"BL218","DiD","BH",0.05,100,0.0171729173674449,100,0.171729173674449,0.602,0.00307482445914323,0.992,0.00307482445914323,0.008,0.00397166718288935,0.0397166718288935,0.0102738095238095,0.0256432399976243,0.07,6.1,0.00626135130798617,100,0.0626135130798618,0.90005,100,0,0,"Prop_0.50",20,0.00025,"Medium","Beta",2000,FALSE
"BL218","DiD","unadjusted",0.01,100,0.0152421531393446,100,0.152421531393446,0.58,0.0021904291355759,0.995,0.0021904291355759,0.005,0.00327927088305478,0.0327927088305478,0.00744047619047619,0.021904291355759,0.05,5.85,0.00626135130798617,100,0.0626135130798618,0.90005,100,0,0,"Prop_0.50",20,0.00025,"Medium","Beta",2000,FALSE
"BL218","DiD","unadjusted",0.05,100,0.0146680440124618,100,0.146680440124618,0.67,0.00506423386569624,0.969,0.00506423386569624,0.031,0.00662451794167278,0.0662451794167278,0.0401670274170274,0.0456048021572069,0.29,7.01,0.00626135130798617,100,0.0626135130798618,0.90005,100,0,0,"Prop_0.50",20,0.00025,"Medium","Beta",2000,FALSE
"BL218","MIMOSA2","BFDR",0.01,100,0.0177228950823789,100,0.177228950823789,0.548,0.00196946385566932,0.996,0.00196946385566932,0.004,0.00305033606852409,0.0305033606852409,0.00602777777777778,0.0196946385566932,0.04,5.52,0.00771161232469998,100,0.0771161232469998,0.89885,100,0,0,"Prop_0.50",20,0.00025,"Medium","Beta",2000,FALSE
"BL218","MIMOSA2","BFDR",0.05,100,0.0189096736506942,100,0.189096736506942,0.64,0.0032659863237109,0.988,0.0032659863237109,0.012,0.00409456316865952,0.0409456316865952,0.0148059163059163,0.032659863237109,0.12,6.52,0.00771161232469998,100,0.0771161232469998,0.89885,100,0,0,"Prop_0.50",20,0.00025,"Medium","Beta",2000,FALSE
"BL219","DiD","BH",0.01,100,0.0131425748134554,100,0.131425748134554,0.556666666666667,0.00445403006707227,0.994,0.00445403006707227,0.006,0.00262963011353349,0.0262963011353349,0.00365079365079365,0.014070529413629,0.02,8.38,0.00584085229701587,100,0.0584085229701587,0.9084,100,0,0,"Prop_0.75",20,0.00025,"Medium","Beta",2000,FALSE
"BL219","DiD","BH",0.05,100,0.0122031071828377,100,0.122031071828377,0.648666666666667,0.00614964891828646,0.984,0.00614964891828646,0.016,0.00286961815834286,0.0286961815834286,0.00763406038406038,0.0256432399976243,0.07,9.81,0.00584085229701587,100,0.0584085229701587,0.9084,100,0,0,"Prop_0.75",20,0.00025,"Medium","Beta",2000,FALSE
"BL219","DiD","unadjusted",0.01,100,0.0115840751403581,100,0.115840751403581,0.598,0.00445403006707227,0.994,0.00445403006707227,0.006,0.0024460368494384,0.024460368494384,0.00342857142857143,0.014070529413629,0.02,9,0.00584085229701587,100,0.0584085229701587,0.9084,100,0,0,"Prop_0.75",20,0.00025,"Medium","Beta",2000,FALSE
"BL219","DiD","unadjusted",0.05,100,0.0118492210884952,100,0.118492210884952,0.683333333333333,0.00733333333333333,0.974,0.00733333333333333,0.026,0.00324441574065296,0.0324441574065296,0.0115983460983461,0.032659863237109,0.12,10.38,0.00584085229701587,100,0.0584085229701587,0.9084,100,0,0,"Prop_0.75",20,0.00025,"Medium","Beta",2000,FALSE
"BL219","MIMOSA2","BFDR",0.01,100,0.0132134339693171,100,0.132134339693171,0.598,0.00342893215995531,0.994,0.00342893215995531,0.006,0.00190496231108628,0.0190496231108628,0.00333333333333333,0.0171446607997765,0.03,9,0.00613026932688948,100,0.0613026932688948,0.903266666666667,100,0,0,"Prop_0.75",20,0.00025,"Medium","Beta",2000,FALSE
"BL219","MIMOSA2","BFDR",0.05,100,0.0121893036954177,100,0.121893036954177,0.698666666666667,0.00675995337979262,0.974,0.00675995337979262,0.026,0.00299015479802176,0.0299015479802176,0.0112640415140415,0.0337997668989631,0.13,10.61,0.00613026932688948,100,0.0613026932688948,0.903266666666667,100,0,0,"Prop_0.75",20,0.00025,"Medium","Beta",2000,FALSE
"BL220","DiD","BH",0.01,100,0.0122832879144907,100,0.122832879144907,0.556666666666667,0,1,0,0,0,0,0,0,0,10.02,0.00885342735299443,100,0.0885342735299443,0.899305555555556,100,0,0,"Prop_0.90",20,0.00025,"Medium","Beta",2000,FALSE
"BL220","DiD","BH",0.05,100,0.0116173936788663,100,0.116173936788663,0.637222222222222,0.00984731927834662,0.98,0.00984731927834662,0.02,0.00190876798793857,0.0190876798793857,0.00385353535353535,0.0196946385566932,0.04,11.51,0.00885342735299443,100,0.0885342735299443,0.899305555555556,100,0,0,"Prop_0.90",20,0.00025,"Medium","Beta",2000,FALSE
"BL220","DiD","unadjusted",0.01,100,0.0113997306803051,100,0.113997306803051,0.581111111111111,0,1,0,0,0,0,0,0,0,10.46,0.00885342735299443,100,0.0885342735299443,0.899305555555556,100,0,0,"Prop_0.90",20,0.00025,"Medium","Beta",2000,FALSE
"BL220","DiD","unadjusted",0.05,100,0.00972418610916726,100,0.0972418610916726,0.673888888888889,0.0128216199988121,0.965,0.0128216199988121,0.035,0.00218346751630156,0.0218346751630156,0.00594155844155844,0.0256432399976243,0.07,12.2,0.00885342735299443,100,0.0885342735299443,0.899305555555556,100,0,0,"Prop_0.90",20,0.00025,"Medium","Beta",2000,FALSE
"BL220","MIMOSA2","BFDR",0.01,100,0.0123943345371798,100,0.123943345371798,0.591666666666667,0,1,0,0,0,0,0,0,0,10.65,0.00750486966238972,100,0.0750486966238972,0.906805555555556,100,0,0,"Prop_0.90",20,0.00025,"Medium","Beta",2000,FALSE
"BL220","MIMOSA2","BFDR",0.05,100,0.0112914655454401,100,0.112914655454401,0.695555555555556,0.00857233039988826,0.985,0.00857233039988826,0.015,0.00143006513119553,0.0143006513119553,0.00245833333333333,0.0171446607997765,0.03,12.55,0.00750486966238972,100,0.0750486966238972,0.906805555555556,100,0,0,"Prop_0.90",20,0.00025,"Medium","Beta",2000,FALSE
"BL221","DiD","BH",0.01,100,0.0310244102148727,100,0.310244102148727,0.44,0,1,0,0,0,0,0,0,0,1.32,0.00974229712248729,100,0.0974229712248729,0.909074074074074,100,0,0,"Prop_0.10",30,0.00025,"Medium","Beta",2000,FALSE
"BL221","DiD","BH",0.05,100,0.0305192621922401,100,0.305192621922401,0.503333333333333,0.000949749629541641,0.997407407407407,0.000949749629541641,0.0025925925925926,0.00879049072991532,0.0879049072991532,0.0233333333333333,0.0256432399976243,0.07,1.58,0.00974229712248729,100,0.0974229712248729,0.909074074074074,100,0,0,"Prop_0.10",30,0.00025,"Medium","Beta",2000,FALSE
"BL221","DiD","unadjusted",0.01,100,0.0294048714441411,100,0.294048714441411,0.546666666666667,0.00136464055250915,0.994074074074074,0.00136464055250915,0.00592592592592593,0.013989534327742,0.13989534327742,0.0583333333333333,0.0368452949177471,0.16,1.8,0.00974229712248729,100,0.0974229712248729,0.909074074074074,100,0,0,"Prop_0.10",30,0.00025,"Medium","Beta",2000,FALSE
"BL221","DiD","unadjusted",0.05,100,0.0256257271118543,100,0.256257271118543,0.69,0.00269941852503092,0.973703703703704,0.00269941852503092,0.0262962962962963,0.0204245827435205,0.204245827435205,0.212833333333333,0.0497569851956243,0.57,2.78,0.00974229712248729,100,0.0974229712248729,0.909074074074074,100,0,0,"Prop_0.10",30,0.00025,"Medium","Beta",2000,FALSE
"BL221","MIMOSA2","BFDR",0.01,100,0.0279067711996189,100,0.279067711996189,0.436666666666667,0,1,0,0,0,0,0,0,0,1.31,0.0135157280535348,100,0.135157280535348,0.88820987654321,100,0,0,"Prop_0.10",30,0.00025,"Medium","Beta",2000,FALSE
"BL221","MIMOSA2","BFDR",0.05,100,0.0293666783231459,100,0.293666783231459,0.513333333333333,0.00113882387375675,0.997037037037037,0.00113882387375675,0.00296296296296297,0.0117777182197846,0.117777182197846,0.0315,0.0256432399976243,0.07,1.62,0.0135157280535348,100,0.135157280535348,0.88820987654321,100,0,0,"Prop_0.10",30,0.00025,"Medium","Beta",2000,FALSE
"BL222","DiD","BH",0.01,100,0.0170278107337332,100,0.170278107337332,0.47125,0.000454545454545454,0.999545454545455,0.000454545454545454,0.000454545454545454,0.0025,0.025,0.0025,0.01,0.01,3.78,0.00671911597085774,100,0.0671911597085774,0.907613636363636,100,0,0,"Prop_0.25",30,0.00025,"Medium","Beta",2000,FALSE
"BL222","DiD","BH",0.05,100,0.0172639198704387,100,0.172639198704387,0.5575,0.00142939108061464,0.995,0.00142939108061464,0.005,0.00587022122093465,0.0587022122093465,0.0201785714285714,0.031446603773522,0.11,4.57,0.00671911597085774,100,0.0671911597085774,0.907613636363636,100,0,0,"Prop_0.25",30,0.00025,"Medium","Beta",2000,FALSE
"BL222","DiD","unadjusted",0.01,100,0.0155390311763311,100,0.155390311763311,0.56375,0.00142939108061464,0.995,0.00142939108061464,0.005,0.00587022122093465,0.0587022122093465,0.0201785714285714,0.031446603773522,0.11,4.62,0.00671911597085774,100,0.0671911597085774,0.907613636363636,100,0,0,"Prop_0.25",30,0.00025,"Medium","Beta",2000,FALSE
"BL222","DiD","unadjusted",0.05,100,0.0148413325383926,100,0.148413325383926,0.6725,0.00343417462989242,0.974090909090909,0.00343417462989242,0.0259090909090909,0.010209929237754,0.10209929237754,0.0825912698412698,0.0498887651569859,0.44,5.95,0.00671911597085774,100,0.0671911597085774,0.907613636363636,100,0,0,"Prop_0.25",30,0.00025,"Medium","Beta",2000,FALSE
"BL222","MIMOSA2","BFDR",0.01,100,0.0182275702764197,100,0.182275702764197,0.49125,0.000779302763626205,0.998636363636364,0.000779302763626205,0.00136363636363636,0.00313760547715649,0.0313760547715649,0.00542857142857143,0.0171446607997765,0.03,3.96,0.00716596270672771,100,0.0716596270672771,0.905596590909091,100,0,0,"Prop_0.25",30,0.00025,"Medium","Beta",2000,FALSE
"BL222","MIMOSA2","BFDR",0.05,100,0.0177240349283512,100,0.177240349283512,0.58,0.00171176158489322,0.993636363636364,0.00171176158489322,0.00636363636363636,0.00625385151259695,0.0625385151259695,0.0228809523809524,0.0337997668989631,0.13,4.78,0.00716596270672771,100,0.0716596270672771,0.905596590909091,100,0,0,"Prop_0.25",30,0.00025,"Medium","Beta",2000,FALSE
"BL223","DiD","BH",0.01,100,0.0132011971024703,100,0.132011971024703,0.527333333333333,0.000666666666666667,0.999333333333333,0.000666666666666667,0.000666666666666667,0.000833333333333333,0.00833333333333333,0.000833333333333333,0.01,0.01,7.92,0.00541113104576236,100,0.0541113104576236,0.900711111111111,100,0,0,"Prop_0.50",30,0.00025,"Medium","Beta",2000,FALSE
"BL223","DiD","BH",0.05,100,0.0127128345232746,100,0.127128345232746,0.613333333333333,0.00324045693803016,0.987333333333333,0.00324045693803016,0.0126666666666667,0.00417300761404855,0.0417300761404855,0.0175574009324009,0.0368452949177471,0.16,9.39,0.00541113104576236,100,0.0541113104576236,0.900711111111111,100,0,0,"Prop_0.50",30,0.00025,"Medium","Beta",2000,FALSE
"BL223","DiD","unadjusted",0.01,100,0.0116661375541393,100,0.116661375541393,0.585333333333333,0.00213883969509216,0.994,0.00213883969509216,0.006,0.00297804386125598,0.0297804386125598,0.0085510878010878,0.0272659924344291,0.08,8.87,0.00541113104576236,100,0.0541113104576236,0.900711111111111,100,0,0,"Prop_0.50",30,0.00025,"Medium","Beta",2000,FALSE
"BL223","DiD","unadjusted",0.05,100,0.0110795511381608,100,0.110795511381608,0.677333333333333,0.00439364912544072,0.966666666666667,0.00439364912544072,0.0333333333333333,0.00574682695142145,0.0574682695142145,0.0444396298146298,0.0496044963748858,0.42,10.66,0.00541113104576236,100,0.0541113104576236,0.900711111111111,100,0,0,"Prop_0.50",30,0.00025,"Medium","Beta",2000,FALSE
"BL223","MIMOSA2","BFDR",0.01,100,0.0139485989223558,100,0.139485989223558,0.554,0.00131297590377955,0.997333333333333,0.00131297590377955,0.00266666666666667,0.00200985072521521,0.0200985072521521,0.00405555555555556,0.0196946385566932,0.04,8.35,0.00599425047715648,100,0.0599425047715648,0.901444444444444,100,0,0,"Prop_0.50",30,0.00025,"Medium","Beta",2000,FALSE
"BL223","MIMOSA2","BFDR",0.05,100,0.0133609142344637,100,0.133609142344637,0.662666666666667,0.00323004970548253,0.982666666666667,0.00323004970548253,0.0173333333333333,0.00442396081608444,0.0442396081608444,0.0236002608502608,0.0429234695990928,0.24,10.2,0.00599425047715648,100,0.0599425047715648,0.901444444444444,100,0,0,"Prop_0.50",30,0.00025,"Medium","Beta",2000,FALSE
"BL224","DiD","BH",0.01,100,0.0111410111147503,100,0.111410111147503,0.559130434782609,0.00142857142857143,0.998571428571429,0.00142857142857143,0.00142857142857143,0.000714285714285714,0.00714285714285714,0.000714285714285714,0.01,0.01,12.87,0.00455377341768416,100,0.0455377341768416,0.907173913043478,100,0,0,"Prop_0.75",30,0.00025,"Medium","Beta",2000,FALSE
"BL224","DiD","BH",0.05,100,0.0112942084861455,100,0.112942084861455,0.646086956521739,0.00410890701806659,0.987142857142857,0.00410890701806659,0.0128571428571429,0.00181364134311827,0.0181364134311827,0.00555358427262452,0.0287623491264661,0.09,14.95,0.00455377341768416,100,0.0455377341768416,0.907173913043478,100,0,0,"Prop_0.75",30,0.00025,"Medium","Beta",2000,FALSE
"BL224","DiD","unadjusted",0.01,100,0.0104439280666456,100,0.104439280666456,0.597391304347826,0.00244923725711093,0.995714285714286,0.00244923725711093,0.00428571428571429,0.00132140567348001,0.0132140567348001,0.00229004329004329,0.0171446607997765,0.03,13.77,0.00455377341768416,100,0.0455377341768416,0.907173913043478,100,0,0,"Prop_0.75",30,0.00025,"Medium","Beta",2000,FALSE
"BL224","DiD","unadjusted",0.05,100,0.0094090335099995,100,0.094090335099995,0.69304347826087,0.00776377689689774,0.962857142857143,0.00776377689689774,0.0371428571428572,0.00306960582902743,0.0306960582902743,0.0147792788566782,0.0409360180740332,0.21,16.2,0.00455377341768416,100,0.0455377341768416,0.907173913043478,100,0,0,"Prop_0.75",30,0.00025,"Medium","Beta",2000,FALSE
"BL224","MIMOSA2","BFDR",0.01,100,0.00990792230706907,100,0.0990792230706907,0.579565217391304,0.00142857142857143,0.998571428571429,0.00142857142857143,0.00142857142857143,0.000666666666666667,0.00666666666666667,0.000666666666666667,0.01,0.01,13.34,0.00474708103587198,100,0.0474708103587198,0.904130434782609,100,0,0,"Prop_0.75",30,0.00025,"Medium","Beta",2000,FALSE
"BL224","MIMOSA2","BFDR",0.05,100,0.00996489992374017,100,0.0996489992374017,0.689565217391304,0.0048285381284233,0.981428571428571,0.0048285381284233,0.0185714285714286,0.00189853271709291,0.0189853271709291,0.00720928310595493,0.0337997668989631,0.13,15.99,0.00474708103587198,100,0.0474708103587198,0.904130434782609,100,0,0,"Prop_0.75",30,0.00025,"Medium","Beta",2000,FALSE
"BL225","DiD","BH",0.01,100,0.0104047183833473,100,0.104047183833473,0.550740740740741,0,1,0,0,0,0,0,0,0,14.87,0.0070552568546516,100,0.070552568546516,0.900925925925926,100,0,0,"Prop_0.90",30,0.00025,"Medium","Beta",2000,FALSE
"BL225","DiD","BH",0.05,100,0.00897575710141709,100,0.089757571014171,0.635555555555556,0.00730143045191968,0.983333333333333,0.00730143045191968,0.0166666666666667,0.00137525875773826,0.0137525875773826,0.00310746606334842,0.021904291355759,0.05,17.21,0.0070552568546516,100,0.070552568546516,0.900925925925926,100,0,0,"Prop_0.90",30,0.00025,"Medium","Beta",2000,FALSE
"BL225","DiD","unadjusted",0.01,100,0.00886164611933978,100,0.0886164611933978,0.57962962962963,0.00333333333333333,0.996666666666667,0.00333333333333333,0.00333333333333333,0.000625,0.00625,0.000625,0.01,0.01,15.66,0.0070552568546516,100,0.070552568546516,0.900925925925926,100,0,0,"Prop_0.90",30,0.00025,"Medium","Beta",2000,FALSE
"BL225","DiD","unadjusted",0.05,100,0.0079775877324375,100,0.079775877324375,0.671481481481481,0.00854774666587476,0.976666666666667,0.00854774666587476,0.0233333333333333,0.00153709824876576,0.0153709824876576,0.00415580618212197,0.0256432399976243,0.07,18.2,0.0070552568546516,100,0.070552568546516,0.900925925925926,100,0,0,"Prop_0.90",30,0.00025,"Medium","Beta",2000,FALSE
"BL225","MIMOSA2","BFDR",0.01,100,0.00995312620672236,100,0.0995312620672236,0.573333333333333,0.00333333333333333,0.996666666666667,0.00333333333333333,0.00333333333333333,0.000555555555555555,0.00555555555555555,0.000555555555555556,0.01,0.01,15.49,0.00641645478212657,100,0.0641645478212657,0.904567901234568,100,0,0,"Prop_0.90",30,0.00025,"Medium","Beta",2000,FALSE
"BL225","MIMOSA2","BFDR",0.05,100,0.00986503257416001,100,0.0986503257416001,0.688148148148148,0.00958744970882205,0.97,0.00958744970882205,0.03,0.00146487866207256,0.0146487866207256,0.00457160280380095,0.0287623491264661,0.09,18.67,0.00641645478212657,100,0.0641645478212657,0.904567901234568,100,0,0,"Prop_0.90",30,0.00025,"Medium","Beta",2000,FALSE
"BL226","DiD","BH",0.01,100,0.0201519480472983,100,0.201519480472983,0.486,0.000222222222222223,0.999777777777778,0.000222222222222223,0.000222222222222223,0.002,0.02,0.002,0.01,0.01,2.44,0.0094681121547031,100,0.094681121547031,0.8974,100,0,0,"Prop_0.10",50,0.00025,"Medium","Beta",2000,FALSE
"BL226","DiD","BH",0.05,100,0.0210088966243765,100,0.210088966243765,0.548,0.000569849777724985,0.998444444444444,0.000569849777724985,0.00155555555555556,0.00663637901079043,0.0663637901079043,0.0176666666666667,0.0256432399976243,0.07,2.81,0.0094681121547031,100,0.094681121547031,0.8974,100,0,0,"Prop_0.10",50,0.00025,"Medium","Beta",2000,FALSE
"BL226","DiD","unadjusted",0.01,100,0.0200967357518277,100,0.200967357518277,0.604,0.000893366946897079,0.995555555555556,0.000893366946897079,0.00444444444444445,0.0150946880452343,0.150946880452343,0.0646666666666667,0.0402015126103685,0.2,3.22,0.0094681121547031,100,0.094681121547031,0.8974,100,0,0,"Prop_0.10",50,0.00025,"Medium","Beta",2000,FALSE
"BL226","DiD","unadjusted",0.05,100,0.0188336685408624,100,0.188336685408624,0.678,0.00234413086131075,0.971555555555556,0.00234413086131075,0.0284444444444444,0.0179812839000895,0.179812839000895,0.254071428571429,0.0416333199893227,0.78,4.67,0.0094681121547031,100,0.094681121547031,0.8974,100,0,0,"Prop_0.10",50,0.00025,"Medium","Beta",2000,FALSE
"BL226","MIMOSA2","BFDR",0.01,100,0.0201850029337214,100,0.201850029337214,0.508,0.000222222222222223,0.999777777777778,0.000222222222222223,0.000222222222222223,0.0025,0.025,0.0025,0.01,0.01,2.55,0.010093586520113,100,0.10093586520113,0.896733333333333,100,0,0,"Prop_0.10",50,0.00025,"Medium","Beta",2000,FALSE
"BL226","MIMOSA2","BFDR",0.05,100,0.0227094071194554,100,0.227094071194554,0.588,0.000725774738602424,0.997333333333333,0.000725774738602424,0.00266666666666667,0.00832868557258607,0.0832868557258607,0.0293333333333333,0.032659863237109,0.12,3.06,0.010093586520113,100,0.10093586520113,0.896733333333333,100,0,0,"Prop_0.10",50,0.00025,"Medium","Beta",2000,FALSE
"BL227","DiD","BH",0.01,100,0.0141245854766974,100,0.141245854766974,0.53,0.00027027027027027,0.99972972972973,0.00027027027027027,0.00027027027027027,0.00125,0.0125,0.00125,0.01,0.01,6.9,0.00536227404782357,100,0.0536227404782357,0.911133056133056,100,0,0,"Prop_0.25",50,0.00025,"Medium","Beta",2000,FALSE
"BL227","DiD","BH",0.05,100,0.0144574958392615,100,0.144574958392615,0.594615384615385,0.00109025590822279,0.995405405405405,0.00109025590822279,0.00459459459459459,0.00524966382215804,0.0524966382215804,0.0212705627705628,0.0368452949177471,0.16,7.9,0.00536227404782357,100,0.0536227404782357,0.911133056133056,100,0,0,"Prop_0.25",50,0.00025,"Medium","Beta",2000,FALSE
"BL227","DiD","unadjusted",0.01,100,0.0140175441017815,100,0.140175441017815,0.603846153846154,0.00134697626467147,0.994324324324324,0.00134697626467147,0.00567567567567567,0.00726159889921293,0.0726159889921293,0.0281789321789322,0.0386122919665369,0.18,8.06,0.00536227404782357,100,0.0536227404782357,0.911133056133056,100,0,0,"Prop_0.25",50,0.00025,"Medium","Beta",2000,FALSE
"BL227","DiD","unadjusted",0.05,100,0.0137430330750431,100,0.137430330750431,0.692307692307692,0.00264405380136903,0.968918918918919,0.00264405380136903,0.0310810810810811,0.00894119430933572,0.0894119430933572,0.110377289377289,0.0440844002276808,0.74,10.15,0.00536227404782357,100,0.0536227404782357,0.911133056133056,100,0,0,"Prop_0.25",50,0.00025,"Medium","Beta",2000,FALSE
"BL227","MIMOSA2","BFDR",0.01,100,0.0167491236210019,100,0.167491236210019,0.532307692307692,0.000592007874479973,0.998648648648649,0.000592007874479973,0.00135135135135135,0.0025057803069291,0.025057803069291,0.00562301587301587,0.021904291355759,0.05,6.97,0.0061632109970292,100,0.061632109970292,0.90985446985447,100,0,0,"Prop_0.25",50,0.00025,"Medium","Beta",2000,FALSE
"BL227","MIMOSA2","BFDR",0.05,100,0.0161316308560439,100,0.161316308560439,0.639230769230769,0.00150627142979111,0.990540540540541,0.00150627142979111,0.00945945945945944,0.00559879685281723,0.0559879685281723,0.0358783716283716,0.0464823198711732,0.31,8.66,0.0061632109970292,100,0.061632109970292,0.90985446985447,100,0,0,"Prop_0.25",50,0.00025,"Medium","Beta",2000,FALSE
"BL228","DiD","BH",0.01,100,0.0101080226163242,100,0.101080226163242,0.5236,0.00115049396505865,0.9964,0.00115049396505865,0.0036,0.0021456681735295,0.021456681735295,0.00666941391941392,0.0287623491264661,0.09,13.18,0.00382729514425163,100,0.0382729514425163,0.901776,100,0,0,"Prop_0.50",50,0.00025,"Medium","Beta",2000,FALSE
"BL228","DiD","BH",0.05,100,0.0102079390771115,100,0.102079390771115,0.59,0.00205618063114085,0.9888,0.00205618063114085,0.0112,0.00332735038566941,0.0332735038566941,0.018413126476207,0.0435194139889245,0.25,15.03,0.00382729514425163,100,0.0382729514425163,0.901776,100,0,0,"Prop_0.50",50,0.00025,"Medium","Beta",2000,FALSE
"BL228","DiD","unadjusted",0.01,100,0.00954529870002648,100,0.0954529870002648,0.5728,0.00154449167866148,0.9928,0.00154449167866148,0.00720000000000001,0.00280279656555157,0.0280279656555157,0.0128978325595973,0.0386122919665369,0.18,14.5,0.00382729514425163,100,0.0382729514425163,0.901776,100,0,0,"Prop_0.50",50,0.00025,"Medium","Beta",2000,FALSE
"BL228","DiD","unadjusted",0.05,100,0.00896006854230637,100,0.0896006854230637,0.662,0.00362505311699154,0.9652,0.00362505311699154,0.0348,0.00494717920620781,0.0494717920620781,0.0486259402791911,0.0496044963748858,0.58,17.42,0.00382729514425163,100,0.0382729514425163,0.901776,100,0,0,"Prop_0.50",50,0.00025,"Medium","Beta",2000,FALSE
"BL228","MIMOSA2","BFDR",0.01,100,0.0111406798479602,100,0.111406798479602,0.5608,0.00125786415094088,0.9956,0.00125786415094088,0.0044,0.00234404895810888,0.0234404895810888,0.00790058857551118,0.031446603773522,0.11,14.13,0.00450609600116522,100,0.0450609600116522,0.898272,100,0,0,"Prop_0.50",50,0.00025,"Medium","Beta",2000,FALSE
"BL228","MIMOSA2","BFDR",0.05,100,0.0105056790798736,100,0.105056790798736,0.6612,0.00296811336874065,0.9772,0.00296811336874065,0.0228,0.00392959653320232,0.0392959653320232,0.0312262327885393,0.0498887651569859,0.44,17.1,0.00450609600116522,100,0.0450609600116522,0.898272,100,0,0,"Prop_0.50",50,0.00025,"Medium","Beta",2000,FALSE
"BL229","DiD","BH",0.01,100,0.0084391004766821,100,0.084391004766821,0.548157894736842,0.00117254411780241,0.998333333333333,0.00117254411780241,0.00166666666666667,0.000611762148418651,0.00611762148418651,0.000869565217391304,0.014070529413629,0.02,20.85,0.00367295482488746,100,0.0367295482488746,0.915811403508772,100,0,0,"Prop_0.75",50,0.00025,"Medium","Beta",2000,FALSE
"BL229","DiD","BH",0.05,100,0.00751338378843521,100,0.0751338378843521,0.634210526315789,0.00313822957230424,0.988333333333333,0.00313822957230424,0.0116666666666667,0.00150342085302377,0.0150342085302377,0.00559803145727059,0.0337997668989631,0.13,24.24,0.00367295482488746,100,0.0367295482488746,0.915811403508772,100,0,0,"Prop_0.75",50,0.00025,"Medium","Beta",2000,FALSE
"BL229","DiD","unadjusted",0.01,100,0.00774982184703924,100,0.0774982184703924,0.584473684210526,0.00198902713813285,0.995,0.00198902713813285,0.005,0.0010438367514097,0.010438367514097,0.00261109839816934,0.0238683256575942,0.06,22.27,0.00367295482488746,100,0.0367295482488746,0.915811403508772,100,0,0,"Prop_0.75",50,0.00025,"Medium","Beta",2000,FALSE
"BL229","DiD","unadjusted",0.05,100,0.00687026471311245,100,0.0687026471311245,0.679473684210526,0.0042467059922382,0.980833333333333,0.0042467059922382,0.0191666666666667,0.00199020469778651,0.0199020469778651,0.00881764642431809,0.0402015126103685,0.2,26.05,0.00367295482488746,100,0.0367295482488746,0.915811403508772,100,0,0,"Prop_0.75",50,0.00025,"Medium","Beta",2000,FALSE
"BL229","MIMOSA2","BFDR",0.01,100,0.00872651721736115,100,0.0872651721736115,0.593684210526316,0.00182535761297992,0.995833333333333,0.00182535761297992,0.00416666666666667,0.000942164539293743,0.00942164539293743,0.00213333333333333,0.021904291355759,0.05,22.61,0.00375094228502558,100,0.0375094228502558,0.914605263157895,100,0,0,"Prop_0.75",50,0.00025,"Medium","Beta",2000,FALSE
"BL229","MIMOSA2","BFDR",0.05,100,0.00772907891321431,100,0.0772907891321431,0.705263157894737,0.00390239357898999,0.9775,0.00390239357898999,0.0225,0.00169813717558681,0.0169813717558681,0.00973217018598492,0.0440844002276808,0.26,27.07,0.00375094228502558,100,0.0375094228502558,0.914605263157895,100,0,0,"Prop_0.75",50,0.00025,"Medium","Beta",2000,FALSE
"BL230","DiD","BH",0.01,100,0.00797486386545424,100,0.0797486386545424,0.544222222222222,0.00281410588272579,0.996,0.00281410588272579,0.004,0.000477174081476349,0.00477174081476349,0.00067816091954023,0.014070529413629,0.02,24.51,0.00484383432972703,100,0.0484383432972703,0.8966,100,0,0,"Prop_0.90",50,0.00025,"Medium","Beta",2000,FALSE
"BL230","DiD","BH",0.05,100,0.00736133822151398,100,0.0736133822151398,0.631555555555556,0.00717740562565273,0.97,0.00717740562565273,0.03,0.00123802826725677,0.0123802826725677,0.00513392764567109,0.0358870281282637,0.15,28.57,0.00484383432972703,100,0.0484383432972703,0.8966,100,0,0,"Prop_0.90",50,0.00025,"Medium","Beta",2000,FALSE
"BL230","DiD","unadjusted",0.01,100,0.00650760488289542,100,0.0650760488289542,0.577555555555556,0.00393892771133865,0.992,0.00393892771133865,0.008,0.000726284020069966,0.00726284020069966,0.00146794871794872,0.0196946385566932,0.04,26.03,0.00484383432972703,100,0.0484383432972703,0.8966,100,0,0,"Prop_0.90",50,0.00025,"Medium","Beta",2000,FALSE
"BL230","DiD","unadjusted",0.05,100,0.00655799950639492,100,0.0655799950639492,0.668666666666667,0.01,0.95,0.01,0.05,0.00159159513552833,0.0159159513552833,0.0080626984338821,0.0416333199893227,0.22,30.34,0.00484383432972703,100,0.0484383432972703,0.8966,100,0,0,"Prop_0.90",50,0.00025,"Medium","Beta",2000,FALSE
"BL230","MIMOSA2","BFDR",0.01,100,0.0076039907873925,100,0.076039907873925,0.582666666666667,0.00477366513151884,0.988,0.00477366513151884,0.012,0.000921932409551789,0.00921932409551789,0.00230905316572483,0.0238683256575942,0.06,26.28,0.00452643287676442,100,0.0452643287676442,0.900155555555556,100,0,0,"Prop_0.90",50,0.00025,"Medium","Beta",2000,FALSE
"BL230","MIMOSA2","BFDR",0.05,100,0.00762413584038431,100,0.0762413584038431,0.697111111111111,0.00818720361480665,0.958,0.00818720361480665,0.042,0.0012993273045206,0.012993273045206,0.00660561654601441,0.0409360180740332,0.21,31.58,0.00452643287676442,100,0.0452643287676442,0.900155555555556,100,0,0,"Prop_0.90",50,0.00025,"Medium","Beta",2000,FALSE
"BL231","DiD","BH",0.01,100,0.0164238947324262,100,0.164238947324262,0.50375,0.000149253731343284,0.999850746268657,0.000149253731343284,0.000149253731343284,0.00166666666666667,0.0166666666666667,0.00166666666666667,0.01,0.01,4.04,0.00721304838921601,100,0.0721304838921601,0.889682835820896,100,0,0,"Prop_0.10",75,0.00025,"Medium","Beta",2000,FALSE
"BL231","DiD","BH",0.05,100,0.0152312767990505,100,0.152312767990505,0.56375,0.000712960903957648,0.996865671641791,0.000712960903957648,0.00313432835820896,0.0083429354423397,0.083429354423397,0.037047619047619,0.0386122919665369,0.18,4.72,0.00721304838921601,100,0.0721304838921601,0.889682835820896,100,0,0,"Prop_0.10",75,0.00025,"Medium","Beta",2000,FALSE
"BL231","DiD","unadjusted",0.01,100,0.0147640320175127,100,0.147640320175127,0.60375,0.000992647544460445,0.994179104477612,0.000992647544460445,0.00582089552238807,0.0110073785921947,0.110073785921947,0.0649365079365079,0.0460566186471838,0.3,5.22,0.00721304838921601,100,0.0721304838921601,0.889682835820896,100,0,0,"Prop_0.10",75,0.00025,"Medium","Beta",2000,FALSE
"BL231","DiD","unadjusted",0.05,100,0.0152933231288439,100,0.152933231288439,0.67625,0.0023395110315444,0.966268656716418,0.0023395110315444,0.0337313432835821,0.0153348733443375,0.153348733443375,0.275363275613276,0.031446603773522,0.89,7.67,0.00721304838921601,100,0.0721304838921601,0.889682835820896,100,0,0,"Prop_0.10",75,0.00025,"Medium","Beta",2000,FALSE
"BL231","MIMOSA2","BFDR",0.01,100,0.0160938496000645,100,0.160938496000645,0.52125,0.000356243666531258,0.99910447761194,0.000356243666531258,0.000895522388059704,0.00452502705065982,0.0452502705065982,0.0113333333333333,0.0238683256575942,0.06,4.23,0.00788908047258482,100,0.0788908047258482,0.883945895522388,100,0,0,"Prop_0.10",75,0.00025,"Medium","Beta",2000,FALSE
"BL231","MIMOSA2","BFDR",0.05,100,0.016762979292103,100,0.16762979292103,0.6075,0.000839361671589302,0.994477611940298,0.000839361671589302,0.00552238805970151,0.0098285187125148,0.098285187125148,0.0634007936507937,0.0476095228569523,0.34,5.23,0.00788908047258482,100,0.0788908047258482,0.883945895522388,100,0,0,"Prop_0.10",75,0.00025,"Medium","Beta",2000,FALSE
"BL232","DiD","BH",0.01,100,0.0113775929291904,100,0.113775929291904,0.503157894736842,0,1,0,0,0,0,0,0,0,9.56,0.00354620074034447,100,0.0354620074034447,0.907960526315789,100,0,0,"Prop_0.25",75,0.00025,"Medium","Beta",2000,FALSE
"BL232","DiD","BH",0.05,100,0.0114768833119195,100,0.114768833119195,0.576315789473684,0.000674152085836853,0.996964285714286,0.000674152085836853,0.00303571428571429,0.00307872776574494,0.0307872776574494,0.0136506549006549,0.0377525168068637,0.17,11.12,0.00354620074034447,100,0.0354620074034447,0.907960526315789,100,0,0,"Prop_0.25",75,0.00025,"Medium","Beta",2000,FALSE
"BL232","DiD","unadjusted",0.01,100,0.010438764021011,100,0.10438764021011,0.587368421052632,0.000731000322750595,0.99625,0.000731000322750595,0.00375000000000001,0.00344791144120985,0.0344791144120985,0.0174242562992563,0.0409360180740332,0.21,11.37,0.00354620074034447,100,0.0354620074034447,0.907960526315789,100,0,0,"Prop_0.25",75,0.00025,"Medium","Beta",2000,FALSE
"BL232","DiD","unadjusted",0.05,100,0.00897858643718644,100,0.0897858643718644,0.675263157894737,0.00215544642448065,0.968571428571429,0.00215544642448065,0.0314285714285715,0.00711639444305105,0.0711639444305105,0.116251142734115,0.0301511344577764,0.9,14.59,0.00354620074034447,100,0.0354620074034447,0.907960526315789,100,0,0,"Prop_0.25",75,0.00025,"Medium","Beta",2000,FALSE
"BL232","MIMOSA2","BFDR",0.01,100,0.00957576873258751,100,0.0957576873258751,0.514210526315789,0.000351689974226666,0.999285714285714,0.000351689974226666,0.000714285714285716,0.00183395439028636,0.0183395439028636,0.00363095238095238,0.0196946385566932,0.04,9.81,0.00419518491252046,100,0.0419518491252046,0.907687969924812,100,0,0,"Prop_0.25",75,0.00025,"Medium","Beta",2000,FALSE
"BL232","MIMOSA2","BFDR",0.05,100,0.0102810337922876,100,0.102810337922876,0.614736842105263,0.0012557843899879,0.991428571428571,0.0012557843899879,0.00857142857142859,0.00557719119552034,0.0557719119552034,0.0384220917970918,0.0487831731214563,0.38,12.16,0.00419518491252046,100,0.0419518491252046,0.907687969924812,100,0,0,"Prop_0.25",75,0.00025,"Medium","Beta",2000,FALSE
"BL233","DiD","BH",0.01,100,0.0092020162706016,100,0.092020162706016,0.515,0.00046336921080477,0.999189189189189,0.00046336921080477,0.000810810810810809,0.000823973866657049,0.00823973866657049,0.00143728887435981,0.0171446607997765,0.03,19.6,0.00373961083955039,100,0.0373961083955039,0.90447012802276,100,0,0,"Prop_0.50",75,0.00025,"Medium","Beta",2000,FALSE
"BL233","DiD","BH",0.05,100,0.00908592717237891,100,0.0908592717237891,0.597894736842105,0.00176037553318629,0.989189189189189,0.00176037553318629,0.0108108108108108,0.00267454127872125,0.0267454127872125,0.0166877218857374,0.0468826172262151,0.32,23.12,0.00373961083955039,100,0.0373961083955039,0.90447012802276,100,0,0,"Prop_0.50",75,0.00025,"Medium","Beta",2000,FALSE
"BL233","DiD","unadjusted",0.01,100,0.0082117803265429,100,0.082117803265429,0.573684210526316,0.0014434874913591,0.993513513513513,0.0014434874913591,0.00648648648648648,0.00227718596015985,0.0227718596015985,0.0104358556097687,0.0394277244403663,0.19,22.04,0.00373961083955039,100,0.0373961083955039,0.90447012802276,100,0,0,"Prop_0.50",75,0.00025,"Medium","Beta",2000,FALSE
"BL233","DiD","unadjusted",0.05,100,0.00779302726534565,100,0.0779302726534565,0.673421052631579,0.00268956676733104,0.969189189189189,0.00268956676733104,0.0308108108108108,0.0034166862837566,0.034166862837566,0.0414494633556828,0.0446196043338474,0.73,26.73,0.00373961083955039,100,0.0373961083955039,0.90447012802276,100,0,0,"Prop_0.50",75,0.00025,"Medium","Beta",2000,FALSE
"BL233","MIMOSA2","BFDR",0.01,100,0.00958131897194308,100,0.0958131897194308,0.563684210526316,0.00069306054047633,0.998108108108108,0.00069306054047633,0.00189189189189189,0.0012387572403668,0.012387572403668,0.00333055555555556,0.0256432399976243,0.07,21.49,0.00405140794892489,100,0.0405140794892489,0.905796586059744,100,0,0,"Prop_0.50",75,0.00025,"Medium","Beta",2000,FALSE
"BL233","MIMOSA2","BFDR",0.05,100,0.00894075966957168,100,0.0894075966957168,0.677631578947368,0.00196553371434878,0.984324324324324,0.00196553371434878,0.0156756756756757,0.00263226011825743,0.0263226011825743,0.0210667792988014,0.05,0.45,26.33,0.00405140794892489,100,0.0405140794892489,0.905796586059744,100,0,0,"Prop_0.50",75,0.00025,"Medium","Beta",2000,FALSE
"BL234","DiD","BH",0.01,100,0.00780969208455597,100,0.0780969208455597,0.546785714285714,0.00125622766618917,0.996842105263158,0.00125622766618917,0.00315789473684211,0.000760800884040141,0.00760800884040141,0.00190262368444417,0.0238683256575942,0.06,30.68,0.00328782585613352,100,0.0328782585613352,0.901160714285714,100,0,0,"Prop_0.75",75,0.00025,"Medium","Beta",2000,FALSE
"BL234","DiD","BH",0.05,100,0.00725835553036317,100,0.0725835553036317,0.626071428571429,0.00262305904172865,0.984736842105263,0.00262305904172865,0.0152631578947369,0.00141355062086811,0.0141355062086811,0.00814034115992148,0.0446196043338474,0.27,35.35,0.00328782585613352,100,0.0328782585613352,0.901160714285714,100,0,0,"Prop_0.75",75,0.00025,"Medium","Beta",2000,FALSE
"BL234","DiD","unadjusted",0.01,100,0.00707525731904464,100,0.0707525731904464,0.584285714285714,0.00198203972987636,0.992631578947368,0.00198203972987636,0.00736842105263158,0.00111832109809117,0.0111832109809117,0.0041245036881834,0.0337997668989631,0.13,32.86,0.00328782585613352,100,0.0328782585613352,0.901160714285714,100,0,0,"Prop_0.75",75,0.00025,"Medium","Beta",2000,FALSE
"BL234","DiD","unadjusted",0.05,100,0.00594293081005235,100,0.0594293081005235,0.670892857142857,0.00369331297509072,0.971052631578947,0.00369331297509072,0.0289473684210526,0.00181166914071409,0.0181166914071409,0.0143874619581074,0.0498887651569859,0.44,38.12,0.00328782585613352,100,0.0328782585613352,0.901160714285714,100,0,0,"Prop_0.75",75,0.00025,"Medium","Beta",2000,FALSE
"BL234","MIMOSA2","BFDR",0.01,100,0.00744705337003193,100,0.0744705337003193,0.59125,0.00151380784876138,0.995263157894737,0.00151380784876138,0.00473684210526316,0.000885040369242441,0.00885040369242441,0.00274395953440071,0.0287623491264661,0.09,33.2,0.00337727448583231,100,0.0337727448583231,0.899877819548872,100,0,0,"Prop_0.75",75,0.00025,"Medium","Beta",2000,FALSE
"BL234","MIMOSA2","BFDR",0.05,100,0.00652867685050074,100,0.0652867685050074,0.69875,0.00370428192507405,0.966315789473684,0.00370428192507405,0.0336842105263158,0.00174172995922464,0.0174172995922464,0.0156918450788747,0.0502418393795691,0.51,39.77,0.00337727448583231,100,0.0337727448583231,0.899877819548872,100,0,0,"Prop_0.75",75,0.00025,"Medium","Beta",2000,FALSE
"BL235","DiD","BH",0.01,100,0.00563773926462886,100,0.0563773926462886,0.560294117647059,0.00318145004790877,0.995714285714286,0.00318145004790877,0.00428571428571429,0.00056596467757446,0.0056596467757446,0.00077027027027027,0.014070529413629,0.02,38.13,0.00438826585522426,100,0.0438826585522426,0.909359243697479,100,0,0,"Prop_0.90",75,0.00025,"Medium","Beta",2000,FALSE
"BL235","DiD","BH",0.05,100,0.00567002025616823,100,0.0567002025616823,0.650441176470588,0.00458322791805462,0.987142857142857,0.00458322791805462,0.0128571428571429,0.000707748203198103,0.00707748203198103,0.00198991911548975,0.0272659924344291,0.08,44.32,0.00438826585522426,100,0.0438826585522426,0.909359243697479,100,0,0,"Prop_0.90",75,0.00025,"Medium","Beta",2000,FALSE
"BL235","DiD","unadjusted",0.01,100,0.00529040273701814,100,0.0529040273701814,0.592058823529412,0.00373023548476495,0.992857142857143,0.00373023548476495,0.00714285714285714,0.000606140088054265,0.00606140088054265,0.00115896816197687,0.0196946385566932,0.04,40.31,0.00438826585522426,100,0.0438826585522426,0.909359243697479,100,0,0,"Prop_0.90",75,0.00025,"Medium","Beta",2000,FALSE
"BL235","DiD","unadjusted",0.05,100,0.00498818988981455,100,0.0498818988981455,0.685882352941176,0.00551417281508961,0.978571428571429,0.00551417281508961,0.0214285714285714,0.000840725508445483,0.00840725508445483,0.00329140149138585,0.0348735088019777,0.14,46.79,0.00438826585522426,100,0.0438826585522426,0.909359243697479,100,0,0,"Prop_0.90",75,0.00025,"Medium","Beta",2000,FALSE
"BL235","MIMOSA2","BFDR",0.01,100,0.00565165177029603,100,0.0565165177029603,0.596911764705882,0.00373023548476495,0.992857142857143,0.00373023548476495,0.00714285714285714,0.000620944387980063,0.00620944387980063,0.00118714618714619,0.0196946385566932,0.04,40.64,0.0037466436206579,100,0.037466436206579,0.908665966386555,100,0,0,"Prop_0.90",75,0.00025,"Medium","Beta",2000,FALSE
"BL235","MIMOSA2","BFDR",0.05,100,0.00588329983466182,100,0.0588329983466182,0.712205882352941,0.00661700737810753,0.962857142857143,0.00661700737810753,0.0371428571428572,0.000923880898486575,0.00923880898486575,0.00518980709232447,0.0435194139889245,0.25,48.69,0.0037466436206579,100,0.037466436206579,0.908665966386555,100,0,0,"Prop_0.90",75,0.00025,"Medium","Beta",2000,FALSE
"BL236","DiD","BH",0.01,100,0.0160037874305182,100,0.160037874305182,0.462,0.000218829317296591,0.999555555555556,0.000218829317296591,0.000444444444444443,0.00448756699958425,0.0448756699958425,0.00858333333333333,0.0196946385566932,0.04,4.66,0.00534686764752081,100,0.0534686764752081,0.907711111111111,100,0,0,"Prop_0.10",100,0.00025,"Medium","Beta",2000,FALSE
"BL236","DiD","BH",0.05,100,0.0161216962788998,100,0.161216962788998,0.537,0.000409392165752744,0.998222222222222,0.000409392165752744,0.00177777777777777,0.00636962480595843,0.0636962480595843,0.0256746031746032,0.0368452949177471,0.16,5.53,0.00534686764752081,100,0.0534686764752081,0.907711111111111,100,0,0,"Prop_0.10",100,0.00025,"Medium","Beta",2000,FALSE
"BL236","DiD","unadjusted",0.01,100,0.0146831862889483,100,0.146831862889483,0.584,0.000696579210380059,0.994777777777778,0.000696579210380059,0.00522222222222221,0.00953147775973135,0.0953147775973135,0.0707698412698413,0.0492365963917331,0.4,6.31,0.00534686764752081,100,0.0534686764752081,0.907711111111111,100,0,0,"Prop_0.10",100,0.00025,"Medium","Beta",2000,FALSE
"BL236","DiD","unadjusted",0.05,100,0.0126630776414557,100,0.126630776414557,0.675,0.00163528251270877,0.970444444444444,0.00163528251270877,0.0295555555555555,0.0122307033068039,0.122307033068039,0.270060106560107,0.0171446607997765,0.97,9.41,0.00534686764752081,100,0.0534686764752081,0.907711111111111,100,0,0,"Prop_0.10",100,0.00025,"Medium","Beta",2000,FALSE
"BL236","MIMOSA2","BFDR",0.01,100,0.0152086498514178,100,0.152086498514178,0.501,0.00037037037037037,0.998888888888889,0.00037037037037037,0.00111111111111111,0.00662521081250136,0.0662521081250136,0.0196904761904762,0.0287623491264661,0.09,5.11,0.00666825645092281,100,0.0666825645092281,0.903666666666667,100,0,0,"Prop_0.10",100,0.00025,"Medium","Beta",2000,FALSE
"BL236","MIMOSA2","BFDR",0.05,100,0.0152749216797741,100,0.152749216797741,0.599,0.000748361472403694,0.994777777777778,0.000748361472403694,0.00522222222222221,0.0090144915420699,0.090144915420699,0.066234126984127,0.0492365963917331,0.4,6.46,0.00666825645092281,100,0.0666825645092281,0.903666666666667,100,0,0,"Prop_0.10",100,0.00025,"Medium","Beta",2000,FALSE
"BL237","DiD","BH",0.01,100,0.010165419695013,100,0.10165419695013,0.5124,0.000292057218076787,0.999333333333333,0.000292057218076787,0.000666666666666665,0.00161092315291877,0.0161092315291877,0.00359352635668425,0.021904291355759,0.05,12.86,0.00358649979960548,100,0.0358649979960548,0.902845333333333,100,0,0,"Prop_0.25",100,0.00025,"Medium","Beta",2000,FALSE
"BL237","DiD","BH",0.05,100,0.00938436266489433,100,0.0938436266489433,0.5788,0.000765003319315289,0.996133333333333,0.000765003319315289,0.00386666666666666,0.00355923722995682,0.0355923722995682,0.0178530323007036,0.0422952584681651,0.23,14.76,0.00358649979960548,100,0.0358649979960548,0.902845333333333,100,0,0,"Prop_0.25",100,0.00025,"Medium","Beta",2000,FALSE
"BL237","DiD","unadjusted",0.01,100,0.00884652531229127,100,0.0884652531229127,0.5904,0.00075078709166753,0.995866666666667,0.00075078709166753,0.00413333333333333,0.00355920526428941,0.0355920526428941,0.0194272912330188,0.0440844002276808,0.26,15.07,0.00358649979960548,100,0.0358649979960548,0.902845333333333,100,0,0,"Prop_0.25",100,0.00025,"Medium","Beta",2000,FALSE
"BL237","DiD","unadjusted",0.05,100,0.0080860023709763,100,0.080860023709763,0.6848,0.00206780678880424,0.971066666666667,0.00206780678880424,0.0289333333333333,0.00717559679252257,0.0717559679252257,0.108272256835236,0.0337997668989631,0.87,19.29,0.00358649979960548,100,0.0358649979960548,0.902845333333333,100,0,0,"Prop_0.25",100,0.00025,"Medium","Beta",2000,FALSE
"BL237","MIMOSA2","BFDR",0.01,100,0.00924416277737175,100,0.0924416277737175,0.534,0.000488888888888888,0.998266666666667,0.000488888888888888,0.00173333333333333,0.00254664927097505,0.0254664927097505,0.00917528713116948,0.032659863237109,0.12,13.48,0.00419667956181511,100,0.0419667956181511,0.902736,100,0,0,"Prop_0.25",100,0.00025,"Medium","Beta",2000,FALSE
"BL237","MIMOSA2","BFDR",0.05,100,0.00919648593405946,100,0.0919648593405946,0.6348,0.00110267504546546,0.989733333333333,0.00110267504546546,0.0102666666666667,0.00458567711685695,0.0458567711685695,0.0439285554038549,0.05,0.55,16.64,0.00419667956181511,100,0.0419667956181511,0.902736,100,0,0,"Prop_0.25",100,0.00025,"Medium","Beta",2000,FALSE
"BL238","DiD","BH",0.01,100,0.00668712013931077,100,0.0668712013931077,0.5236,0.000545319848688582,0.9984,0.000545319848688582,0.0016,0.000913354973027606,0.00913354973027606,0.00264819827465823,0.0272659924344291,0.08,26.26,0.00266924780385483,100,0.0266924780385483,0.90243,100,0,0,"Prop_0.50",100,0.00025,"Medium","Beta",2000,FALSE
"BL238","DiD","BH",0.05,100,0.00756824839962219,100,0.0756824839962219,0.6012,0.00118764685429005,0.9906,0.00118764685429005,0.00940000000000001,0.00186977339043435,0.0186977339043435,0.01480283786456,0.0496044963748858,0.42,30.53,0.00266924780385483,100,0.0266924780385483,0.90243,100,0,0,"Prop_0.50",100,0.00025,"Medium","Beta",2000,FALSE
"BL238","DiD","unadjusted",0.01,100,0.00652736276351059,100,0.0652736276351059,0.5786,0.000879853063949553,0.9956,0.000879853063949553,0.0044,0.00150141965598999,0.0150141965598999,0.00735233518087424,0.0409360180740332,0.21,29.15,0.00266924780385483,100,0.0266924780385483,0.90243,100,0,0,"Prop_0.50",100,0.00025,"Medium","Beta",2000,FALSE
"BL238","DiD","unadjusted",0.05,100,0.00664052450161624,100,0.0664052450161624,0.6662,0.00232995426321782,0.9684,0.00232995426321782,0.0316,0.00315174502198335,0.0315174502198335,0.0448695552308037,0.0386122919665369,0.82,34.89,0.00266924780385483,100,0.0266924780385483,0.90243,100,0,0,"Prop_0.50",100,0.00025,"Medium","Beta",2000,FALSE
"BL238","MIMOSA2","BFDR",0.01,100,0.00756130500200417,100,0.0756130500200417,0.5528,0.000789834402794905,0.9968,0.000789834402794905,0.0032,0.00135816812515687,0.0135816812515687,0.00549101459537241,0.0358870281282637,0.15,27.8,0.00315152123600811,100,0.0315152123600811,0.901226,100,0,0,"Prop_0.50",100,0.00025,"Medium","Beta",2000,FALSE
"BL238","MIMOSA2","BFDR",0.05,100,0.00725509225553774,100,0.0725509225553774,0.667,0.00173787284350784,0.981,0.00173787284350784,0.019,0.00244407203662846,0.0244407203662846,0.0269002117390487,0.0476095228569523,0.66,34.3,0.00315152123600811,100,0.0315152123600811,0.901226,100,0,0,"Prop_0.50",100,0.00025,"Medium","Beta",2000,FALSE
"BL239","DiD","BH",0.01,100,0.00583628496753048,100,0.0583628496753048,0.5528,0.000562821176545159,0.9992,0.000562821176545159,0.000800000000000001,0.000310656218339754,0.00310656218339754,0.000440891472868217,0.014070529413629,0.02,41.48,0.00252515709104516,100,0.0252515709104516,0.905202666666667,100,0,0,"Prop_0.75",100,0.00025,"Medium","Beta",2000,FALSE
"BL239","DiD","BH",0.05,100,0.00576469381017137,100,0.0576469381017137,0.630533333333333,0.00188561808316413,0.992,0.00188561808316413,0.008,0.00094594334249418,0.0094594334249418,0.00408284474033223,0.0377525168068637,0.17,47.49,0.00252515709104516,100,0.0252515709104516,0.905202666666667,100,0,0,"Prop_0.75",100,0.00025,"Medium","Beta",2000,FALSE
"BL239","DiD","unadjusted",0.01,100,0.00529948857198307,100,0.0529948857198307,0.586933333333333,0.00130329806973917,0.9972,0.00130329806973917,0.0028,0.000675303075018984,0.00675303075018984,0.00146563384195207,0.021904291355759,0.05,44.09,0.00252515709104516,100,0.0252515709104516,0.905202666666667,100,0,0,"Prop_0.75",100,0.00025,"Medium","Beta",2000,FALSE
"BL239","DiD","unadjusted",0.05,100,0.00532160326212517,100,0.0532160326212517,0.6752,0.00292422829326151,0.9788,0.00292422829326151,0.0212,0.00138856757001803,0.0138856757001803,0.010094954638982,0.049431107042371,0.41,51.17,0.00252515709104516,100,0.0252515709104516,0.905202666666667,100,0,0,"Prop_0.75",100,0.00025,"Medium","Beta",2000,FALSE
"BL239","MIMOSA2","BFDR",0.01,100,0.00554610914058916,100,0.0554610914058916,0.592933333333333,0.00102572959990497,0.9972,0.00102572959990497,0.0028,0.000556465854378278,0.00556465854378278,0.00151151074621858,0.0256432399976243,0.07,44.54,0.00270591608242344,100,0.0270591608242345,0.904058666666667,100,0,0,"Prop_0.75",100,0.00025,"Medium","Beta",2000,FALSE
"BL239","MIMOSA2","BFDR",0.05,100,0.00545425214325482,100,0.0545425214325482,0.7008,0.00327685486065187,0.9736,0.00327685486065187,0.0264,0.00151586313086439,0.0151586313086439,0.0122348428069023,0.0501613558046592,0.47,53.22,0.00270591608242344,100,0.0270591608242345,0.904058666666667,100,0,0,"Prop_0.75",100,0.00025,"Medium","Beta",2000,FALSE
"BL240","DiD","BH",0.01,100,0.00499781720654414,100,0.0499781720654414,0.563333333333333,0.0014070529413629,0.998,0.0014070529413629,0.002,0.000256339304640222,0.00256339304640222,0.000364117841774247,0.014070529413629,0.02,50.72,0.00355314044484953,100,0.0355314044484953,0.904372222222222,100,0,0,"Prop_0.90",100,0.00025,"Medium","Beta",2000,FALSE
"BL240","DiD","BH",0.05,100,0.00525326874648142,100,0.0525326874648142,0.644555555555556,0.00403394686042432,0.983,0.00403394686042432,0.017,0.00068121425132778,0.0068121425132778,0.00289601675762722,0.0368452949177471,0.16,58.18,0.00355314044484953,100,0.0355314044484953,0.904372222222222,100,0,0,"Prop_0.90",100,0.00025,"Medium","Beta",2000,FALSE
"BL240","DiD","unadjusted",0.01,100,0.00472908658017364,100,0.0472908658017364,0.592333333333333,0.00171446607997765,0.997,0.00171446607997765,0.003,0.000298133326836329,0.00298133326836329,0.000521191204538918,0.0171446607997765,0.03,53.34,0.00355314044484953,100,0.0355314044484953,0.904372222222222,100,0,0,"Prop_0.90",100,0.00025,"Medium","Beta",2000,FALSE
"BL240","DiD","unadjusted",0.05,100,0.00478931345622395,100,0.0478931345622395,0.678666666666667,0.00555868598672293,0.971,0.00555868598672293,0.029,0.000899140522080796,0.00899140522080796,0.00470348986227751,0.0429234695990928,0.24,61.37,0.00355314044484953,100,0.0355314044484953,0.904372222222222,100,0,0,"Prop_0.90",100,0.00025,"Medium","Beta",2000,FALSE
"BL240","MIMOSA2","BFDR",0.01,100,0.00537014976906718,100,0.0537014976906718,0.601333333333333,0.0021904291355759,0.995,0.0021904291355759,0.005,0.000419035943984349,0.00419035943984349,0.000953134202678271,0.021904291355759,0.05,54.17,0.00304300841880815,100,0.0304300841880815,0.902711111111111,100,0,0,"Prop_0.90",100,0.00025,"Medium","Beta",2000,FALSE
"BL240","MIMOSA2","BFDR",0.05,100,0.00527809970073786,100,0.0527809970073786,0.711333333333333,0.00566666666666667,0.961,0.00566666666666667,0.039,0.000901301330051077,0.00901301330051077,0.00609252215120116,0.0479372485441102,0.35,64.41,0.00304300841880815,100,0.0304300841880815,0.902711111111111,100,0,0,"Prop_0.90",100,0.00025,"Medium","Beta",2000,FALSE
"BL241","DiD","BH",0.01,100,0.0497569851956243,100,0.497569851956243,0.43,0,1,0,0,0,0,0,0,0,0.43,0.0251828950236226,100,0.251828950236226,0.866111111111111,100,0,0,"Prop_0.10",10,0.000125,"Medium","Beta",2000,FALSE
"BL241","DiD","BH",0.05,100,0.0501613558046592,100,0.501613558046592,0.53,0.00265203618417713,0.993333333333333,0.00265203618417713,0.00666666666666667,0.0146594334781051,0.146594334781051,0.035,0.0238683256575942,0.06,0.59,0.0251828950236226,100,0.251828950236226,0.866111111111111,100,0,0,"Prop_0.10",10,0.000125,"Medium","Beta",2000,FALSE
"BL241","DiD","unadjusted",0.01,100,0.0496044963748858,100,0.496044963748858,0.58,0.00284924888862492,0.992222222222222,0.00284924888862492,0.00777777777777778,0.0175450358457395,0.175450358457395,0.045,0.0256432399976243,0.07,0.65,0.0251828950236226,100,0.251828950236226,0.866111111111111,100,0,0,"Prop_0.10",10,0.000125,"Medium","Beta",2000,FALSE
"BL241","DiD","unadjusted",0.05,100,0.0468826172262151,100,0.468826172262151,0.68,0.00561028041100096,0.971111111111111,0.00561028041100096,0.0288888888888889,0.0272906787160222,0.272906787160222,0.14,0.0422952584681651,0.23,0.94,0.0251828950236226,100,0.251828950236226,0.866111111111111,100,0,0,"Prop_0.10",10,0.000125,"Medium","Beta",2000,FALSE
"BL241","MIMOSA2","BFDR",0.01,99,0.0500702787096608,99,0.498192982885396,0.434343434343434,0.00112233445566779,0.998877665544332,0.00112233445566779,0.00112233445566779,0.00505050505050505,0.0502518907629606,0.00505050505050505,0.0101010101010101,0.0101010101010101,0.444444444444444,0.0287711518727581,99,0.286269346644809,0.823793490460157,100,0.01,0.0099498743710662,"Prop_0.10",10,0.000125,"Medium","Beta",2000,TRUE
"BL241","MIMOSA2","BFDR",0.05,99,0.0505050505050505,99,0.502518907629606,0.494949494949495,0.00287708168108488,0.992143658810326,0.00287708168108488,0.00785634118967453,0.0129468675648819,0.128819705769407,0.0353535353535354,0.0258937351297639,0.0707070707070707,0.565656565656566,0.0287711518727581,99,0.286269346644809,0.823793490460157,100,0.01,0.0099498743710662,"Prop_0.10",10,0.000125,"Medium","Beta",2000,TRUE
"BL242","DiD","BH",0.01,100,0.0311020910444952,100,0.311020910444952,0.47,0.00142857142857143,0.998571428571429,0.00142857142857143,0.00142857142857143,0.005,0.05,0.005,0.01,0.01,1.42,0.0115978721872826,100,0.115978721872826,0.889523809523809,100,0,0,"Prop_0.25",10,0.000125,"Medium","Beta",2000,FALSE
"BL242","DiD","BH",0.05,100,0.0280611805542198,100,0.280611805542198,0.573333333333333,0.00340976080822774,0.991428571428571,0.00340976080822774,0.00857142857142857,0.00848969468384557,0.0848969468384558,0.0208333333333333,0.0238683256575942,0.06,1.78,0.0115978721872826,100,0.115978721872826,0.889523809523809,100,0,0,"Prop_0.25",10,0.000125,"Medium","Beta",2000,FALSE
"BL242","DiD","unadjusted",0.01,100,0.0277454357172948,100,0.277454357172948,0.57,0.00340976080822774,0.991428571428571,0.00340976080822774,0.00857142857142857,0.00848969468384557,0.0848969468384558,0.0208333333333333,0.0238683256575942,0.06,1.77,0.0115978721872826,100,0.115978721872826,0.889523809523809,100,0,0,"Prop_0.25",10,0.000125,"Medium","Beta",2000,FALSE
"BL242","DiD","unadjusted",0.05,100,0.0257306256316948,100,0.257306256316948,0.663333333333333,0.00594761714133181,0.968571428571429,0.00594761714133181,0.0314285714285714,0.0165184911521568,0.165184911521568,0.0841666666666667,0.0416333199893227,0.22,2.21,0.0115978721872826,100,0.115978721872826,0.889523809523809,100,0,0,"Prop_0.25",10,0.000125,"Medium","Beta",2000,FALSE
"BL242","MIMOSA2","BFDR",0.01,99,0.0288159034165467,99,0.286714618883417,0.430976430976431,0.00203027371712969,0.997113997113997,0.00203027371712969,0.00288600288600289,0.0071059580099539,0.0707033894851129,0.0101010101010101,0.0142119160199078,0.0202020202020202,1.31313131313131,0.0145319894146334,99,0.144591469037266,0.859307359307359,100,0.01,0.0099498743710662,"Prop_0.25",10,0.000125,"Medium","Beta",2000,TRUE
"BL242","MIMOSA2","BFDR",0.05,99,0.0300307672511553,99,0.298802361415724,0.501683501683502,0.00480804114190501,0.985569985569986,0.00480804114190501,0.0144300144300144,0.0122731728710996,0.122116528201818,0.037037037037037,0.0290398438636336,0.0909090909090909,1.60606060606061,0.0145319894146334,99,0.144591469037266,0.859307359307359,100,0.01,0.0099498743710662,"Prop_0.25",10,0.000125,"Medium","Beta",2000,TRUE
"BL243","DiD","BH",0.01,100,0.0217571537057065,100,0.217571537057065,0.444,0.002,0.998,0.002,0.002,0.0025,0.025,0.0025,0.01,0.01,2.23,0.00944391204678838,100,0.0944391204678838,0.8862,100,0,0,"Prop_0.50",10,0.000125,"Medium","Beta",2000,FALSE
"BL243","DiD","BH",0.05,100,0.0218756818075564,100,0.218756818075564,0.532,0.00393892771133865,0.992,0.00393892771133865,0.008,0.00538305421923955,0.0538305421923955,0.0108333333333333,0.0196946385566932,0.04,2.7,0.00944391204678838,100,0.0944391204678838,0.8862,100,0,0,"Prop_0.50",10,0.000125,"Medium","Beta",2000,FALSE
"BL243","DiD","unadjusted",0.01,100,0.0203841887627433,100,0.203841887627433,0.508,0.00281410588272579,0.996,0.00281410588272579,0.004,0.00414641543296869,0.0414641543296869,0.00583333333333333,0.014070529413629,0.02,2.56,0.00944391204678838,100,0.0944391204678838,0.8862,100,0,0,"Prop_0.50",10,0.000125,"Medium","Beta",2000,FALSE
"BL243","DiD","unadjusted",0.05,100,0.0203514573969978,100,0.203514573969978,0.614,0.00675995337979262,0.974,0.00675995337979262,0.026,0.00858788003535701,0.0858788003535701,0.0321666666666667,0.0337997668989631,0.13,3.2,0.00944391204678838,100,0.0944391204678838,0.8862,100,0,0,"Prop_0.50",10,0.000125,"Medium","Beta",2000,FALSE
"BL243","MIMOSA2","BFDR",0.01,100,0.0234921005420713,100,0.234921005420713,0.442,0.002,0.998,0.002,0.002,0.0025,0.025,0.0025,0.01,0.01,2.22,0.0114211216700471,100,0.114211216700471,0.8732,100,0,0,"Prop_0.50",10,0.000125,"Medium","Beta",2000,FALSE
"BL243","MIMOSA2","BFDR",0.05,100,0.0238717109956238,100,0.238717109956238,0.528,0.00342893215995531,0.994,0.00342893215995531,0.006,0.00402140736207079,0.0402140736207079,0.007,0.0171446607997765,0.03,2.67,0.0114211216700471,100,0.114211216700471,0.8732,100,0,0,"Prop_0.50",10,0.000125,"Medium","Beta",2000,FALSE
"BL244","DiD","BH",0.01,100,0.0182794490501152,100,0.182794490501152,0.47125,0.005,0.995,0.005,0.005,0.002,0.02,0.002,0.01,0.01,3.78,0.0114906139644626,100,0.114906139644626,0.8928125,100,0,0,"Prop_0.75",10,0.000125,"Medium","Beta",2000,FALSE
"BL244","DiD","BH",0.05,100,0.0186757790258458,100,0.186757790258458,0.56125,0.00857233039988826,0.985,0.00857233039988826,0.015,0.00357424852594955,0.0357424852594955,0.00616666666666667,0.0171446607997765,0.03,4.52,0.0114906139644626,100,0.114906139644626,0.8928125,100,0,0,"Prop_0.75",10,0.000125,"Medium","Beta",2000,FALSE
"BL244","DiD","unadjusted",0.01,100,0.0169483767584826,100,0.169483767584826,0.5,0.005,0.995,0.005,0.005,0.002,0.02,0.002,0.01,0.01,4.01,0.0114906139644626,100,0.114906139644626,0.8928125,100,0,0,"Prop_0.75",10,0.000125,"Medium","Beta",2000,FALSE
"BL244","DiD","unadjusted",0.05,100,0.0163531110931297,100,0.163531110931297,0.605,0.0128216199988121,0.965,0.0128216199988121,0.035,0.00457302959052464,0.0457302959052464,0.0121785714285714,0.0256432399976243,0.07,4.91,0.0114906139644626,100,0.114906139644626,0.8928125,100,0,0,"Prop_0.75",10,0.000125,"Medium","Beta",2000,FALSE
"BL244","MIMOSA2","BFDR",0.01,100,0.0197342668442176,100,0.197342668442176,0.46875,0.00703526470681448,0.99,0.00703526470681448,0.01,0.00318574793400073,0.0318574793400073,0.0045,0.014070529413629,0.02,3.77,0.0128156176916363,100,0.128156176916363,0.859375,100,0,0,"Prop_0.75",10,0.000125,"Medium","Beta",2000,FALSE
"BL244","MIMOSA2","BFDR",0.05,100,0.0199684093942751,100,0.199684093942751,0.555,0.0119341628287971,0.97,0.0119341628287971,0.03,0.00486103174538386,0.0486103174538386,0.012,0.0238683256575942,0.06,4.5,0.0128156176916363,100,0.128156176916363,0.859375,100,0,0,"Prop_0.75",10,0.000125,"Medium","Beta",2000,FALSE
"BL245","DiD","BH",0.01,100,0.0160650877144268,100,0.160650877144268,0.502222222222222,0,1,0,0,0,0,0,0,0,4.52,0.0135737536767255,100,0.135737536767255,0.889444444444444,100,0,0,"Prop_0.90",10,0.000125,"Medium","Beta",2000,FALSE
"BL245","DiD","BH",0.05,100,0.0156638048504129,100,0.156638048504129,0.605555555555556,0.01,0.99,0.01,0.01,0.001,0.01,0.001,0.01,0.01,5.46,0.0135737536767255,100,0.135737536767255,0.889444444444444,100,0,0,"Prop_0.90",10,0.000125,"Medium","Beta",2000,FALSE
"BL245","DiD","unadjusted",0.01,100,0.0141694447222228,100,0.141694447222228,0.544444444444444,0,1,0,0,0,0,0,0,0,4.9,0.0135737536767255,100,0.135737536767255,0.889444444444444,100,0,0,"Prop_0.90",10,0.000125,"Medium","Beta",2000,FALSE
"BL245","DiD","unadjusted",0.05,100,0.0151543581320791,100,0.151543581320791,0.635555555555556,0.0171446607997765,0.97,0.0171446607997765,0.03,0.00253896403752365,0.0253896403752365,0.00425,0.0171446607997765,0.03,5.75,0.0135737536767255,100,0.135737536767255,0.889444444444444,100,0,0,"Prop_0.90",10,0.000125,"Medium","Beta",2000,FALSE
"BL245","MIMOSA2","BFDR",0.01,100,0.0165950575369655,100,0.165950575369655,0.495555555555556,0.0171446607997765,0.97,0.0171446607997765,0.03,0.00386770150853384,0.0386770150853384,0.00619047619047619,0.0171446607997765,0.03,4.49,0.0138404317424281,100,0.138404317424281,0.87,100,0,0,"Prop_0.90",10,0.000125,"Medium","Beta",2000,FALSE
"BL245","MIMOSA2","BFDR",0.05,100,0.0168338046701652,100,0.168338046701652,0.584444444444444,0.0196946385566932,0.96,0.0196946385566932,0.04,0.00404540354016627,0.0404540354016627,0.00744047619047619,0.0196946385566932,0.04,5.3,0.0138404317424281,100,0.138404317424281,0.87,100,0,0,"Prop_0.90",10,0.000125,"Medium","Beta",2000,FALSE
"BL246","DiD","BH",0.01,100,0.0378560537837848,100,0.378560537837848,0.475,0,1,0,0,0,0,0,0,0,0.95,0.0152393149138101,100,0.152393149138101,0.886388888888889,100,0,0,"Prop_0.10",20,0.000125,"Medium","Beta",2000,FALSE
"BL246","DiD","BH",0.05,100,0.038873012632302,100,0.38873012632302,0.52,0.000781696078534943,0.998888888888889,0.000781696078534943,0.00111111111111111,0.00703526470681448,0.0703526470681448,0.01,0.014070529413629,0.02,1.06,0.0152393149138101,100,0.152393149138101,0.886388888888889,100,0,0,"Prop_0.10",20,0.000125,"Medium","Beta",2000,FALSE
"BL246","DiD","unadjusted",0.01,100,0.0372677996249965,100,0.372677996249965,0.55,0.00132601809208857,0.996666666666667,0.00132601809208857,0.00333333333333333,0.0146594334781051,0.146594334781051,0.035,0.0238683256575942,0.06,1.16,0.0152393149138101,100,0.152393149138101,0.886388888888889,100,0,0,"Prop_0.10",20,0.000125,"Medium","Beta",2000,FALSE
"BL246","DiD","unadjusted",0.05,100,0.0378026507541522,100,0.378026507541522,0.645,0.00428843760528246,0.971666666666667,0.00428843760528246,0.0283333333333333,0.0308051513758768,0.308051513758768,0.207666666666667,0.048523658709391,0.37,1.8,0.0152393149138101,100,0.152393149138101,0.886388888888889,100,0,0,"Prop_0.10",20,0.000125,"Medium","Beta",2000,FALSE
"BL246","MIMOSA2","BFDR",0.01,100,0.035995931307678,100,0.35995931307678,0.435,0.000555555555555556,0.999444444444444,0.000555555555555556,0.000555555555555556,0.005,0.05,0.005,0.01,0.01,0.88,0.0194715769892986,100,0.194715769892986,0.862361111111111,100,0,0,"Prop_0.10",20,0.000125,"Medium","Beta",2000,FALSE
"BL246","MIMOSA2","BFDR",0.05,100,0.0364975438498361,100,0.364975438498361,0.525,0.00142462444431246,0.996111111111111,0.00142462444431246,0.00388888888888889,0.0168133277795124,0.168133277795124,0.0416666666666667,0.0256432399976243,0.07,1.12,0.0194715769892986,100,0.194715769892986,0.862361111111111,100,0,0,"Prop_0.10",20,0.000125,"Medium","Beta",2000,FALSE
"BL247","DiD","BH",0.01,100,0.0223326548969771,100,0.223326548969771,0.432,0.000938035294241931,0.998666666666667,0.000938035294241931,0.00133333333333333,0.00414641543296869,0.0414641543296869,0.00583333333333333,0.014070529413629,0.02,2.18,0.00987567156647531,100,0.0987567156647531,0.8792,100,0,0,"Prop_0.25",20,0.000125,"Medium","Beta",2000,FALSE
"BL247","DiD","BH",0.05,100,0.0225952529205905,100,0.225952529205905,0.516,0.00191748994176441,0.994,0.00191748994176441,0.006,0.00736134457415179,0.0736134457415179,0.0228333333333333,0.0287623491264661,0.09,2.67,0.00987567156647531,100,0.0987567156647531,0.8792,100,0,0,"Prop_0.25",20,0.000125,"Medium","Beta",2000,FALSE
"BL247","DiD","unadjusted",0.01,100,0.0208999540862673,100,0.208999540862673,0.534,0.00201007563051842,0.993333333333333,0.00201007563051842,0.00666666666666667,0.00876829496726682,0.0876829496726682,0.0278333333333333,0.0301511344577764,0.1,2.77,0.00987567156647531,100,0.0987567156647531,0.8792,100,0,0,"Prop_0.25",20,0.000125,"Medium","Beta",2000,FALSE
"BL247","DiD","unadjusted",0.05,100,0.0182861652181051,100,0.182861652181051,0.636,0.00496723269773026,0.968,0.00496723269773026,0.032,0.0169416622985051,0.169416622985051,0.1115,0.0482418151324422,0.36,3.66,0.00987567156647531,100,0.0987567156647531,0.8792,100,0,0,"Prop_0.25",20,0.000125,"Medium","Beta",2000,FALSE
"BL247","MIMOSA2","BFDR",0.01,100,0.0231813230289761,100,0.231813230289761,0.42,0.000938035294241931,0.998666666666667,0.000938035294241931,0.00133333333333333,0.00318574793400073,0.0318574793400073,0.0045,0.014070529413629,0.02,2.12,0.0103022253597227,100,0.103022253597227,0.8688,100,0,0,"Prop_0.25",20,0.000125,"Medium","Beta",2000,FALSE
"BL247","MIMOSA2","BFDR",0.05,100,0.0240294432189791,100,0.240294432189791,0.506,0.00222222222222222,0.993333333333333,0.00222222222222222,0.00666666666666667,0.00745602521515175,0.0745602521515175,0.0228333333333333,0.0287623491264661,0.09,2.63,0.0103022253597227,100,0.103022253597227,0.8688,100,0,0,"Prop_0.25",20,0.000125,"Medium","Beta",2000,FALSE
"BL248","DiD","BH",0.01,100,0.0152590426907583,100,0.152590426907583,0.443,0.001,0.999,0.001,0.001,0.002,0.02,0.002,0.01,0.01,4.44,0.00654344262709939,100,0.0654344262709939,0.88655,100,0,0,"Prop_0.50",20,0.000125,"Medium","Beta",2000,FALSE
"BL248","DiD","BH",0.05,100,0.0132096536478043,100,0.132096536478043,0.515,0.00293188669562103,0.993,0.00293188669562103,0.007,0.0043512828013122,0.043512828013122,0.0106904761904762,0.0238683256575942,0.06,5.22,0.00654344262709939,100,0.0654344262709939,0.88655,100,0,0,"Prop_0.50",20,0.000125,"Medium","Beta",2000,FALSE
"BL248","DiD","unadjusted",0.01,100,0.0122643443124425,100,0.122643443124425,0.497,0.0014070529413629,0.998,0.0014070529413629,0.002,0.0024460368494384,0.024460368494384,0.00342857142857143,0.014070529413629,0.02,4.99,0.00654344262709939,100,0.0654344262709939,0.88655,100,0,0,"Prop_0.50",20,0.000125,"Medium","Beta",2000,FALSE
"BL248","DiD","unadjusted",0.05,100,0.0117426099692057,100,0.117426099692057,0.607,0.00577350269189626,0.97,0.00577350269189626,0.03,0.00805836666689144,0.0805836666689144,0.0422777777777778,0.0435194139889245,0.25,6.37,0.00654344262709939,100,0.0654344262709939,0.88655,100,0,0,"Prop_0.50",20,0.000125,"Medium","Beta",2000,FALSE
"BL248","MIMOSA2","BFDR",0.01,100,0.0177009387412994,100,0.177009387412994,0.441,0.00196946385566932,0.996,0.00196946385566932,0.004,0.00427259546157675,0.0427259546157675,0.00801190476190476,0.0196946385566932,0.04,4.45,0.00740920803030686,100,0.0740920803030686,0.8776,100,0,0,"Prop_0.50",20,0.000125,"Medium","Beta",2000,FALSE
"BL248","MIMOSA2","BFDR",0.05,100,0.0180951469580753,100,0.180951469580753,0.528,0.00394917201397452,0.984,0.00394917201397452,0.016,0.00634530132838734,0.0634530132838734,0.0246666666666667,0.0358870281282637,0.15,5.44,0.00740920803030686,100,0.0740920803030686,0.8776,100,0,0,"Prop_0.50",20,0.000125,"Medium","Beta",2000,FALSE
"BL249","DiD","BH",0.01,100,0.0151269969974008,100,0.151269969974008,0.484666666666667,0.002,0.998,0.002,0.002,0.000833333333333333,0.00833333333333333,0.000833333333333333,0.01,0.01,7.28,0.00614399234824626,100,0.0614399234824626,0.892866666666667,100,0,0,"Prop_0.75",20,0.000125,"Medium","Beta",2000,FALSE
"BL249","DiD","BH",0.05,100,0.0144481735668003,100,0.144481735668003,0.566,0.00477366513151884,0.988,0.00477366513151884,0.012,0.00266660062106574,0.0266660062106574,0.00642832167832168,0.0238683256575942,0.06,8.55,0.00614399234824626,100,0.0614399234824626,0.892866666666667,100,0,0,"Prop_0.75",20,0.000125,"Medium","Beta",2000,FALSE
"BL249","DiD","unadjusted",0.01,100,0.0135886332640294,100,0.135886332640294,0.524666666666667,0.00281410588272579,0.996,0.00281410588272579,0.004,0.00185584586128011,0.0185584586128011,0.0025,0.014070529413629,0.02,7.89,0.00614399234824626,100,0.0614399234824626,0.892866666666667,100,0,0,"Prop_0.75",20,0.000125,"Medium","Beta",2000,FALSE
"BL249","DiD","unadjusted",0.05,100,0.0129431113025732,100,0.129431113025732,0.614666666666667,0.00736905898354941,0.968,0.00736905898354941,0.032,0.00394791557783175,0.0394791557783175,0.0166030358530359,0.0368452949177471,0.16,9.38,0.00614399234824626,100,0.0614399234824626,0.892866666666667,100,0,0,"Prop_0.75",20,0.000125,"Medium","Beta",2000,FALSE
"BL249","MIMOSA2","BFDR",0.01,100,0.0133297975109715,100,0.133297975109715,0.459333333333333,0.00342893215995531,0.994,0.00342893215995531,0.006,0.00185032554945945,0.0185032554945945,0.00319444444444444,0.0171446607997765,0.03,6.92,0.00689081432850928,100,0.0689081432850928,0.876466666666667,100,0,0,"Prop_0.75",20,0.000125,"Medium","Beta",2000,FALSE
"BL249","MIMOSA2","BFDR",0.05,100,0.0143471470511491,100,0.143471470511491,0.571333333333333,0.00575246982529323,0.982,0.00575246982529323,0.018,0.00293612763019667,0.0293612763019667,0.00902392052392052,0.0287623491264661,0.09,8.66,0.00689081432850928,100,0.0689081432850928,0.876466666666667,100,0,0,"Prop_0.75",20,0.000125,"Medium","Beta",2000,FALSE
"BL250","DiD","BH",0.01,100,0.0126863218051081,100,0.126863218051081,0.486666666666667,0,1,0,0,0,0,0,0,0,8.76,0.008353184362185,100,0.08353184362185,0.8875,100,0,0,"Prop_0.90",20,0.000125,"Medium","Beta",2000,FALSE
"BL250","DiD","BH",0.05,100,0.0121165465207078,100,0.121165465207078,0.581666666666667,0.00703526470681448,0.99,0.00703526470681448,0.01,0.00107780509503251,0.0107780509503251,0.00149732620320856,0.014070529413629,0.02,10.49,0.008353184362185,100,0.08353184362185,0.8875,100,0,0,"Prop_0.90",20,0.000125,"Medium","Beta",2000,FALSE
"BL250","DiD","unadjusted",0.01,100,0.0116986894172619,100,0.116986894172619,0.528333333333333,0.005,0.995,0.005,0.005,0.00111111111111111,0.0111111111111111,0.00111111111111111,0.01,0.01,9.52,0.008353184362185,100,0.08353184362185,0.8875,100,0,0,"Prop_0.90",20,0.000125,"Medium","Beta",2000,FALSE
"BL250","DiD","unadjusted",0.05,100,0.0111391341344601,100,0.111391341344601,0.622222222222222,0.00703526470681448,0.99,0.00703526470681448,0.01,0.00107780509503251,0.0107780509503251,0.00149732620320856,0.014070529413629,0.02,11.22,0.008353184362185,100,0.08353184362185,0.8875,100,0,0,"Prop_0.90",20,0.000125,"Medium","Beta",2000,FALSE
"BL250","MIMOSA2","BFDR",0.01,100,0.0129384086832296,100,0.129384086832296,0.471111111111111,0,1,0,0,0,0,0,0,0,8.48,0.00835197130122798,100,0.0835197130122798,0.875277777777778,100,0,0,"Prop_0.90",20,0.000125,"Medium","Beta",2000,FALSE
"BL250","MIMOSA2","BFDR",0.05,100,0.0120847281081562,100,0.120847281081562,0.574444444444444,0.00857233039988826,0.985,0.00857233039988826,0.015,0.00128203003576024,0.0128203003576024,0.0022275641025641,0.0171446607997765,0.03,10.37,0.00835197130122798,100,0.0835197130122798,0.875277777777778,100,0,0,"Prop_0.90",20,0.000125,"Medium","Beta",2000,FALSE
"BL251","DiD","BH",0.01,100,0.0295476559656426,100,0.295476559656426,0.463333333333333,0.000521130719023296,0.999259259259259,0.000521130719023296,0.000740740740740742,0.00598117135471061,0.0598117135471061,0.00833333333333333,0.014070529413629,0.02,1.41,0.0104864230094209,100,0.104864230094209,0.910123456790123,100,0,0,"Prop_0.10",30,0.000125,"Medium","Beta",2000,FALSE
"BL251","DiD","BH",0.05,100,0.0304032014381379,100,0.304032014381379,0.526666666666667,0.00106527218986912,0.996666666666667,0.00106527218986912,0.00333333333333334,0.0116160518220547,0.116160518220547,0.035,0.0287623491264661,0.09,1.67,0.0104864230094209,100,0.104864230094209,0.910123456790123,100,0,0,"Prop_0.10",30,0.000125,"Medium","Beta",2000,FALSE
"BL251","DiD","unadjusted",0.01,100,0.0296329964417114,100,0.296329964417114,0.586666666666667,0.00163910789856422,0.992962962962963,0.00163910789856422,0.00703703703703704,0.0188331024091203,0.188331024091203,0.0783333333333333,0.0377525168068637,0.17,1.95,0.0104864230094209,100,0.104864230094209,0.910123456790123,100,0,0,"Prop_0.10",30,0.000125,"Medium","Beta",2000,FALSE
"BL251","DiD","unadjusted",0.05,100,0.0272083040073885,100,0.272083040073885,0.673333333333333,0.00354231228634413,0.967407407407407,0.00354231228634413,0.0325925925925926,0.0245457668226384,0.245457668226384,0.2495,0.0498887651569859,0.56,2.9,0.0104864230094209,100,0.104864230094209,0.910123456790123,100,0,0,"Prop_0.10",30,0.000125,"Medium","Beta",2000,FALSE
"BL251","MIMOSA2","BFDR",0.01,100,0.0277777777777778,100,0.277777777777778,0.45,0.000370370370370371,0.99962962962963,0.000370370370370371,0.000370370370370371,0.005,0.05,0.005,0.01,0.01,1.36,0.0137314236737495,100,0.137314236737495,0.885493827160494,100,0,0,"Prop_0.10",30,0.000125,"Medium","Beta",2000,FALSE
"BL251","MIMOSA2","BFDR",0.05,100,0.0286156463993952,100,0.286156463993952,0.506666666666667,0.000884012061392379,0.997777777777778,0.000884012061392379,0.00222222222222223,0.0111775162127759,0.111775162127759,0.0275,0.0238683256575942,0.06,1.58,0.0137314236737495,100,0.137314236737495,0.885493827160494,100,0,0,"Prop_0.10",30,0.000125,"Medium","Beta",2000,FALSE
"BL252","DiD","BH",0.01,100,0.0204895883883311,100,0.204895883883311,0.425,0.000639569518801316,0.999090909090909,0.000639569518801316,0.000909090909090908,0.00371169172256023,0.0371169172256023,0.005,0.014070529413629,0.02,3.42,0.00768496103002858,100,0.0768496103002858,0.881363636363636,100,0,0,"Prop_0.25",30,0.000125,"Medium","Beta",2000,FALSE
"BL252","DiD","BH",0.05,100,0.0205092212569287,100,0.205092212569287,0.49125,0.00182962423331353,0.993636363636364,0.00182962423331353,0.00636363636363636,0.00708841041404511,0.0708841041404511,0.0250952380952381,0.032659863237109,0.12,4.07,0.00768496103002858,100,0.0768496103002858,0.881363636363636,100,0,0,"Prop_0.25",30,0.000125,"Medium","Beta",2000,FALSE
"BL252","DiD","unadjusted",0.01,100,0.0187095523325613,100,0.187095523325613,0.51375,0.00186967933340196,0.993181818181818,0.00186967933340196,0.00681818181818181,0.00779000276106988,0.0779000276106988,0.0271904761904762,0.0337997668989631,0.13,4.26,0.00768496103002858,100,0.0768496103002858,0.881363636363636,100,0,0,"Prop_0.25",30,0.000125,"Medium","Beta",2000,FALSE
"BL252","DiD","unadjusted",0.05,100,0.0178778649607708,100,0.178778649607708,0.61625,0.0041003360418057,0.96,0.0041003360418057,0.04,0.013637031112115,0.13637031112115,0.1407113997114,0.049431107042371,0.59,5.81,0.00768496103002858,100,0.0768496103002858,0.881363636363636,100,0,0,"Prop_0.25",30,0.000125,"Medium","Beta",2000,FALSE
"BL252","MIMOSA2","BFDR",0.01,100,0.0189176010982664,100,0.189176010982664,0.40625,0.000779302763626205,0.998636363636364,0.000779302763626205,0.00136363636363636,0.00444681123849404,0.0444681123849404,0.0075,0.0171446607997765,0.03,3.28,0.00780518221016231,100,0.0780518221016231,0.8775,100,0,0,"Prop_0.25",30,0.000125,"Medium","Beta",2000,FALSE
"BL252","MIMOSA2","BFDR",0.05,100,0.0195510694894632,100,0.195510694894632,0.48875,0.00201163242096518,0.991363636363636,0.00201163242096518,0.00863636363636363,0.00855256160686184,0.0855256160686184,0.035452380952381,0.0377525168068637,0.17,4.1,0.00780518221016231,100,0.0780518221016231,0.8775,100,0,0,"Prop_0.25",30,0.000125,"Medium","Beta",2000,FALSE
"BL253","DiD","BH",0.01,100,0.0136336548001582,100,0.136336548001582,0.476,0.000666666666666667,0.999333333333333,0.000666666666666667,0.000666666666666667,0.002,0.02,0.002,0.01,0.01,7.15,0.00499184470214823,100,0.0499184470214823,0.899577777777778,100,0,0,"Prop_0.50",30,0.000125,"Medium","Beta",2000,FALSE
"BL253","DiD","BH",0.05,100,0.0126852601437978,100,0.126852601437978,0.556,0.00222222222222222,0.993333333333333,0.00222222222222222,0.00666666666666667,0.00351606178227234,0.0351606178227234,0.0107348484848485,0.0287623491264661,0.09,8.44,0.00499184470214823,100,0.0499184470214823,0.899577777777778,100,0,0,"Prop_0.50",30,0.000125,"Medium","Beta",2000,FALSE
"BL253","DiD","unadjusted",0.01,100,0.0118319698555303,100,0.118319698555303,0.536,0.00170954933317495,0.995333333333333,0.00170954933317495,0.00466666666666667,0.00294372496999572,0.0294372496999572,0.00799242424242424,0.0256432399976243,0.07,8.11,0.00499184470214823,100,0.0499184470214823,0.899577777777778,100,0,0,"Prop_0.50",30,0.000125,"Medium","Beta",2000,FALSE
"BL253","DiD","unadjusted",0.05,100,0.0105974183163609,100,0.105974183163609,0.648,0.00468586718662454,0.968666666666667,0.00468586718662454,0.0313333333333333,0.00618468788826086,0.0618468788826086,0.0420490065490065,0.048523658709391,0.37,10.19,0.00499184470214823,100,0.0499184470214823,0.899577777777778,100,0,0,"Prop_0.50",30,0.000125,"Medium","Beta",2000,FALSE
"BL253","MIMOSA2","BFDR",0.01,100,0.0136369472377923,100,0.136369472377923,0.482666666666667,0.00114297738665177,0.998,0.00114297738665177,0.002,0.00228272612114811,0.0228272612114811,0.00396825396825397,0.0171446607997765,0.03,7.27,0.00517791698391407,100,0.0517791698391407,0.884222222222222,100,0,0,"Prop_0.50",30,0.000125,"Medium","Beta",2000,FALSE
"BL253","MIMOSA2","BFDR",0.05,100,0.0138330595080602,100,0.138330595080602,0.584,0.00314269680527354,0.986666666666667,0.00314269680527354,0.0133333333333333,0.00512764914883354,0.0512764914883354,0.0212895437895438,0.0377525168068637,0.17,8.96,0.00517791698391407,100,0.0517791698391407,0.884222222222222,100,0,0,"Prop_0.50",30,0.000125,"Medium","Beta",2000,FALSE
"BL254","DiD","BH",0.01,100,0.010626262481057,100,0.10626262481057,0.474782608695652,0.00244923725711093,0.995714285714286,0.00244923725711093,0.00428571428571429,0.0014355660963167,0.014355660963167,0.00248351648351648,0.0171446607997765,0.03,10.95,0.00543189225213008,100,0.0543189225213008,0.893074534161491,100,0,0,"Prop_0.75",30,0.000125,"Medium","Beta",2000,FALSE
"BL254","DiD","BH",0.05,100,0.0104028019661815,100,0.104028019661815,0.576086956521739,0.00430730492253948,0.985714285714286,0.00430730492253948,0.0142857142857143,0.00200951623189835,0.0200951623189835,0.00663431013431013,0.0301511344577764,0.1,13.35,0.00543189225213008,100,0.0543189225213008,0.893074534161491,100,0,0,"Prop_0.75",30,0.000125,"Medium","Beta",2000,FALSE
"BL254","DiD","unadjusted",0.01,100,0.00928441587133158,100,0.0928441587133157,0.528695652173913,0.00340976080822774,0.991428571428571,0.00340976080822774,0.00857142857142857,0.00174989269890231,0.0174989269890231,0.00437774725274725,0.0238683256575942,0.06,12.22,0.00543189225213008,100,0.0543189225213008,0.893074534161491,100,0,0,"Prop_0.75",30,0.000125,"Medium","Beta",2000,FALSE
"BL254","DiD","unadjusted",0.05,100,0.00938057911617459,100,0.0938057911617459,0.628695652173913,0.00563253206290947,0.972857142857143,0.00563253206290947,0.0271428571428572,0.00259956824678814,0.0259956824678814,0.0124166142165368,0.0394277244403663,0.19,14.65,0.00543189225213008,100,0.0543189225213008,0.893074534161491,100,0,0,"Prop_0.75",30,0.000125,"Medium","Beta",2000,FALSE
"BL254","MIMOSA2","BFDR",0.01,100,0.011183434968596,100,0.11183434968596,0.482608695652174,0.00201007563051842,0.997142857142857,0.00201007563051842,0.00285714285714286,0.000884614517644031,0.00884614517644031,0.00125490196078431,0.014070529413629,0.02,11.12,0.00490302278856965,100,0.0490302278856965,0.881987577639752,100,0,0,"Prop_0.75",30,0.000125,"Medium","Beta",2000,FALSE
"BL254","MIMOSA2","BFDR",0.05,100,0.0102214318438718,100,0.102214318438718,0.599130434782609,0.00512671830403767,0.978571428571429,0.00512671830403767,0.0214285714285714,0.00228808633738249,0.0228808633738249,0.00944076490245221,0.0358870281282637,0.15,13.93,0.00490302278856965,100,0.0490302278856965,0.881987577639752,100,0,0,"Prop_0.75",30,0.000125,"Medium","Beta",2000,FALSE
"BL255","DiD","BH",0.01,100,0.00957298659251691,100,0.0957298659251691,0.507037037037037,0.00333333333333333,0.996666666666667,0.00333333333333333,0.00333333333333333,0.000909090909090909,0.00909090909090909,0.000909090909090909,0.01,0.01,13.7,0.00676222032659809,100,0.0676222032659809,0.893518518518518,100,0,0,"Prop_0.90",30,0.000125,"Medium","Beta",2000,FALSE
"BL255","DiD","BH",0.05,100,0.0104541403098613,100,0.104541403098613,0.609259259259259,0.00854774666587476,0.976666666666667,0.00854774666587476,0.0233333333333333,0.00141325813169638,0.0141325813169638,0.00382711147006476,0.0256432399976243,0.07,16.52,0.00676222032659809,100,0.0676222032659809,0.893518518518518,100,0,0,"Prop_0.90",30,0.000125,"Medium","Beta",2000,FALSE
"BL255","DiD","unadjusted",0.01,100,0.00897359564483623,100,0.0897359564483623,0.547407407407407,0.00333333333333333,0.996666666666667,0.00333333333333333,0.00333333333333333,0.000666666666666667,0.00666666666666667,0.000666666666666667,0.01,0.01,14.79,0.00676222032659809,100,0.0676222032659809,0.893518518518518,100,0,0,"Prop_0.90",30,0.000125,"Medium","Beta",2000,FALSE
"BL255","DiD","unadjusted",0.05,100,0.00891278431769171,100,0.0891278431769171,0.652962962962963,0.0102494148638108,0.973333333333333,0.0102494148638108,0.0266666666666667,0.00160788700994719,0.0160788700994719,0.00416002709245407,0.0256432399976243,0.07,17.71,0.00676222032659809,100,0.0676222032659809,0.893518518518518,100,0,0,"Prop_0.90",30,0.000125,"Medium","Beta",2000,FALSE
"BL255","MIMOSA2","BFDR",0.01,100,0.00973694838971463,100,0.0973694838971463,0.50962962962963,0.00571488693325884,0.99,0.00571488693325884,0.01,0.00114108756409979,0.0114108756409979,0.00198246606334842,0.0171446607997765,0.03,13.79,0.00763235315538867,100,0.0763235315538867,0.876604938271605,100,0,0,"Prop_0.90",30,0.000125,"Medium","Beta",2000,FALSE
"BL255","MIMOSA2","BFDR",0.05,100,0.00955386175344015,100,0.0955386175344015,0.627777777777778,0.0102494148638108,0.973333333333333,0.0102494148638108,0.0266666666666667,0.00169927616306508,0.0169927616306508,0.00431542313895255,0.0256432399976243,0.07,17.03,0.00763235315538867,100,0.0763235315538867,0.876604938271605,100,0,0,"Prop_0.90",30,0.000125,"Medium","Beta",2000,FALSE
"BL256","DiD","BH",0.01,100,0.0235058557071478,100,0.235058557071478,0.45,0,1,0,0,0,0,0,0,0,2.25,0.00943899651413827,100,0.0943899651413827,0.893177777777778,100,0,0,"Prop_0.10",50,0.000125,"Medium","Beta",2000,FALSE
"BL256","DiD","BH",0.05,100,0.0241635839204119,100,0.241635839204119,0.514,0.000605910942987314,0.998222222222222,0.000605910942987314,0.00177777777777778,0.00844597274846355,0.0844597274846355,0.0236666666666667,0.0272659924344291,0.08,2.65,0.00943899651413827,100,0.0943899651413827,0.893177777777778,100,0,0,"Prop_0.10",50,0.000125,"Medium","Beta",2000,FALSE
"BL256","DiD","unadjusted",0.01,100,0.0232152858037435,100,0.232152858037435,0.562,0.000977614515499503,0.995111111111111,0.000977614515499503,0.00488888888888889,0.013984519258813,0.13984519258813,0.0666666666666667,0.0409360180740332,0.21,3.03,0.00943899651413827,100,0.0943899651413827,0.893177777777778,100,0,0,"Prop_0.10",50,0.000125,"Medium","Beta",2000,FALSE
"BL256","DiD","unadjusted",0.05,100,0.0226300952742407,100,0.226300952742407,0.65,0.0025915341754868,0.968,0.0025915341754868,0.032,0.0210858134565265,0.210858134565265,0.284785714285714,0.0422952584681651,0.77,4.69,0.00943899651413827,100,0.0943899651413827,0.893177777777778,100,0,0,"Prop_0.10",50,0.000125,"Medium","Beta",2000,FALSE
"BL256","MIMOSA2","BFDR",0.01,100,0.0230204125492875,100,0.230204125492875,0.444,0.000312678431413978,0.999555555555556,0.000312678431413978,0.000444444444444445,0.00414641543296869,0.0414641543296869,0.00583333333333333,0.014070529413629,0.02,2.24,0.0104606867998821,100,0.104606867998821,0.877266666666667,100,0,0,"Prop_0.10",50,0.000125,"Medium","Beta",2000,FALSE
"BL256","MIMOSA2","BFDR",0.05,100,0.0236130421076099,100,0.236130421076099,0.52,0.000914338266531647,0.996,0.000914338266531647,0.004,0.0149680167816201,0.149680167816201,0.0576666666666667,0.0377525168068637,0.17,2.78,0.0104606867998821,100,0.104606867998821,0.877266666666667,100,0,0,"Prop_0.10",50,0.000125,"Medium","Beta",2000,FALSE
"BL257","DiD","BH",0.01,100,0.0157144137908149,100,0.157144137908149,0.444615384615385,0,1,0,0,0,0,0,0,0,5.78,0.00493625490795407,100,0.0493625490795407,0.889209979209979,100,0,0,"Prop_0.25",50,0.000125,"Medium","Beta",2000,FALSE
"BL257","DiD","BH",0.05,100,0.0153682897061456,100,0.153682897061456,0.521538461538462,0.000942527264918314,0.996216216216216,0.000942527264918314,0.00378378378378378,0.00456616058404013,0.0456616058404013,0.0179606782106782,0.0348735088019777,0.14,6.92,0.00493625490795407,100,0.0493625490795407,0.889209979209979,100,0,0,"Prop_0.25",50,0.000125,"Medium","Beta",2000,FALSE
"BL257","DiD","unadjusted",0.01,100,0.0140015453777913,100,0.140015453777913,0.538461538461538,0.00110637886686576,0.994324324324324,0.00110637886686576,0.00567567567567566,0.00551226538634915,0.0551226538634915,0.0276392496392496,0.0409360180740332,0.21,7.21,0.00493625490795407,100,0.0493625490795407,0.889209979209979,100,0,0,"Prop_0.25",50,0.000125,"Medium","Beta",2000,FALSE
"BL257","DiD","unadjusted",0.05,100,0.012070361329169,100,0.12070361329169,0.64,0.00285859444930831,0.966216216216216,0.00285859444930831,0.0337837837837838,0.00995180350825939,0.0995180350825939,0.124093378843379,0.0460566186471838,0.7,9.57,0.00493625490795407,100,0.0493625490795407,0.889209979209979,100,0,0,"Prop_0.25",50,0.000125,"Medium","Beta",2000,FALSE
"BL257","MIMOSA2","BFDR",0.01,100,0.0162013214377399,100,0.162013214377399,0.444615384615385,0.000380284578746728,0.999459459459459,0.000380284578746728,0.000540540540540539,0.00234776381893387,0.0234776381893387,0.00325,0.014070529413629,0.02,5.8,0.00571009127111617,100,0.0571009127111617,0.882047817047817,100,0,0,"Prop_0.25",50,0.000125,"Medium","Beta",2000,FALSE
"BL257","MIMOSA2","BFDR",0.05,100,0.0158987517313926,100,0.158987517313926,0.536153846153846,0.00167687292658174,0.991081081081081,0.00167687292658174,0.00891891891891891,0.00732348911762762,0.0732348911762762,0.0399343434343434,0.0446196043338474,0.27,7.3,0.00571009127111617,100,0.0571009127111617,0.882047817047817,100,0,0,"Prop_0.25",50,0.000125,"Medium","Beta",2000,FALSE
"BL258","DiD","BH",0.01,100,0.0100695761398563,100,0.100695761398563,0.4924,0.000685786431991062,0.9988,0.000685786431991062,0.0012,0.00137882993698641,0.0137882993698641,0.00235746606334842,0.0171446607997765,0.03,12.34,0.00484986482785704,100,0.0484986482785704,0.889352,100,0,0,"Prop_0.50",50,0.000125,"Medium","Beta",2000,FALSE
"BL258","DiD","BH",0.05,100,0.0114231025876192,100,0.114231025876192,0.5724,0.00183170726786556,0.9928,0.00183170726786556,0.00720000000000001,0.00278001500456556,0.0278001500456556,0.0112026318624616,0.0368452949177471,0.16,14.49,0.00484986482785704,100,0.0484986482785704,0.889352,100,0,0,"Prop_0.50",50,0.000125,"Medium","Beta",2000,FALSE
"BL258","DiD","unadjusted",0.01,100,0.0101870188738096,100,0.101870188738096,0.5532,0.00133333333333333,0.996,0.00133333333333333,0.004,0.00207916174465151,0.0207916174465151,0.00628614806246385,0.0287623491264661,0.09,13.93,0.00484986482785704,100,0.0484986482785704,0.889352,100,0,0,"Prop_0.50",50,0.000125,"Medium","Beta",2000,FALSE
"BL258","DiD","unadjusted",0.05,100,0.010347966178936,100,0.10347966178936,0.6448,0.00320075748610364,0.9724,0.00320075748610364,0.0276,0.00492003281696908,0.0492003281696908,0.0406442839925812,0.0502418393795691,0.51,16.81,0.00484986482785704,100,0.0484986482785704,0.889352,100,0,0,"Prop_0.50",50,0.000125,"Medium","Beta",2000,FALSE
"BL258","MIMOSA2","BFDR",0.01,100,0.0108155518405748,100,0.108155518405748,0.4844,0.00115049396505865,0.9964,0.00115049396505865,0.0036,0.0023500084571061,0.023500084571061,0.00699894957983193,0.0287623491264661,0.09,12.2,0.00495849543814462,100,0.0495849543814462,0.876976,100,0,0,"Prop_0.50",50,0.000125,"Medium","Beta",2000,FALSE
"BL258","MIMOSA2","BFDR",0.05,100,0.0110407143671673,100,0.110407143671673,0.5904,0.00269560060585069,0.9808,0.00269560060585069,0.0192,0.00404286707241222,0.0404286707241222,0.0291284549064701,0.0490207130000197,0.39,15.24,0.00495849543814462,100,0.0495849543814462,0.876976,100,0,0,"Prop_0.50",50,0.000125,"Medium","Beta",2000,FALSE
"BL259","DiD","BH",0.01,100,0.00831690649904579,100,0.0831690649904579,0.485789473684211,0.00182535761297992,0.995833333333333,0.00182535761297992,0.00416666666666667,0.00106654267216953,0.0106654267216953,0.00240158812062837,0.021904291355759,0.05,18.51,0.0038879456771289,100,0.038879456771289,0.894429824561404,100,0,0,"Prop_0.75",50,0.000125,"Medium","Beta",2000,FALSE
"BL259","DiD","BH",0.05,100,0.00856208327366479,100,0.0856208327366478,0.578947368421053,0.00321769099721141,0.985,0.00321769099721141,0.015,0.0015359504878513,0.015359504878513,0.00711718120917896,0.0386122919665369,0.18,22.18,0.0038879456771289,100,0.038879456771289,0.894429824561404,100,0,0,"Prop_0.75",50,0.000125,"Medium","Beta",2000,FALSE
"BL259","DiD","unadjusted",0.01,100,0.00759229287537796,100,0.0759229287537796,0.53,0.00239686242720551,0.9925,0.00239686242720551,0.0075,0.0012834927058662,0.012834927058662,0.00399444034226643,0.0287623491264661,0.09,20.23,0.0038879456771289,100,0.038879456771289,0.894429824561404,100,0,0,"Prop_0.75",50,0.000125,"Medium","Beta",2000,FALSE
"BL259","DiD","unadjusted",0.05,100,0.00710053596661399,100,0.0710053596661399,0.635526315789474,0.00493717545353969,0.970833333333333,0.00493717545353969,0.0291666666666667,0.00228060818925268,0.0228060818925268,0.0134763439028451,0.0460566186471838,0.3,24.5,0.0038879456771289,100,0.038879456771289,0.894429824561404,100,0,0,"Prop_0.75",50,0.000125,"Medium","Beta",2000,FALSE
"BL259","MIMOSA2","BFDR",0.01,100,0.00853143203394808,100,0.0853143203394808,0.488684210526316,0.00251259453814803,0.991666666666667,0.00251259453814803,0.00833333333333334,0.00159438492628065,0.0159438492628065,0.00515995027093425,0.0301511344577764,0.1,18.67,0.004365081306917,100,0.04365081306917,0.881337719298246,100,0,0,"Prop_0.75",50,0.000125,"Medium","Beta",2000,FALSE
"BL259","MIMOSA2","BFDR",0.05,100,0.00806614385117037,100,0.0806614385117037,0.600789473684211,0.00463223832226911,0.975833333333333,0.00463223832226911,0.0241666666666667,0.00225163132136143,0.0225163132136143,0.0120013390474844,0.0429234695990928,0.24,23.12,0.004365081306917,100,0.04365081306917,0.881337719298246,100,0,0,"Prop_0.75",50,0.000125,"Medium","Beta",2000,FALSE
"BL260","DiD","BH",0.01,100,0.00822746822059271,100,0.0822746822059271,0.496888888888889,0,1,0,0,0,0,0,0,0,22.36,0.00501341460242492,100,0.0501341460242492,0.891422222222222,100,0,0,"Prop_0.90",50,0.000125,"Medium","Beta",2000,FALSE
"BL260","DiD","BH",0.05,100,0.00728231068301132,100,0.0728231068301132,0.595111111111111,0.00393892771133865,0.992,0.00393892771133865,0.008,0.000682818815588135,0.00682818815588135,0.00137990823136819,0.0196946385566932,0.04,26.82,0.00501341460242492,100,0.0501341460242492,0.891422222222222,100,0,0,"Prop_0.90",50,0.000125,"Medium","Beta",2000,FALSE
"BL260","DiD","unadjusted",0.01,100,0.00725949975551599,100,0.0725949975551599,0.531777777777778,0.002,0.998,0.002,0.002,0.000333333333333333,0.00333333333333333,0.000333333333333333,0.01,0.01,23.94,0.00501341460242492,100,0.0501341460242492,0.891422222222222,100,0,0,"Prop_0.90",50,0.000125,"Medium","Beta",2000,FALSE
"BL260","DiD","unadjusted",0.05,100,0.00571178752866954,100,0.0571178752866954,0.641333333333333,0.00675995337979262,0.974,0.00675995337979262,0.026,0.00114301983457054,0.0114301983457054,0.00438526609292738,0.0337997668989631,0.13,28.99,0.00501341460242492,100,0.0501341460242492,0.891422222222222,100,0,0,"Prop_0.90",50,0.000125,"Medium","Beta",2000,FALSE
"BL260","MIMOSA2","BFDR",0.01,100,0.00867290920246308,100,0.0867290920246308,0.488444444444444,0.002,0.998,0.002,0.002,0.00037037037037037,0.0037037037037037,0.00037037037037037,0.01,0.01,21.99,0.00547344209799006,100,0.0547344209799006,0.877422222222222,100,0,0,"Prop_0.90",50,0.000125,"Medium","Beta",2000,FALSE
"BL260","MIMOSA2","BFDR",0.05,100,0.00788529185631763,100,0.0788529185631763,0.609555555555556,0.00641651908527647,0.982,0.00641651908527647,0.018,0.00107449450537199,0.0107449450537199,0.00301748127566439,0.0272659924344291,0.08,27.52,0.00547344209799006,100,0.0547344209799006,0.877422222222222,100,0,0,"Prop_0.90",50,0.000125,"Medium","Beta",2000,FALSE
"BL261","DiD","BH",0.01,100,0.0197566476473775,100,0.197566476473775,0.42125,0.000210007901695955,0.999701492537313,0.000210007901695955,0.000298507462686568,0.00259045125614008,0.0259045125614008,0.00366666666666667,0.014070529413629,0.02,3.39,0.00598642012812929,100,0.0598642012812929,0.897042910447761,100,0,0,"Prop_0.10",75,0.000125,"Medium","Beta",2000,FALSE
"BL261","DiD","BH",0.05,100,0.0199030954142994,100,0.199030954142994,0.49875,0.000614107790954092,0.997313432835821,0.000614107790954092,0.00268656716417911,0.009710908127455,0.09710908127455,0.0384246031746032,0.0377525168068637,0.17,4.17,0.00598642012812929,100,0.0598642012812929,0.897042910447761,100,0,0,"Prop_0.10",75,0.000125,"Medium","Beta",2000,FALSE
"BL261","DiD","unadjusted",0.01,100,0.0165120670597554,100,0.165120670597554,0.55625,0.000876089468513321,0.995074626865672,0.000876089468513321,0.00492537313432837,0.0102701076860718,0.102701076860718,0.0584166666666667,0.0446196043338474,0.27,4.78,0.00598642012812929,100,0.0598642012812929,0.897042910447761,100,0,0,"Prop_0.10",75,0.000125,"Medium","Beta",2000,FALSE
"BL261","DiD","unadjusted",0.05,100,0.0151798976587226,100,0.151798976587226,0.65,0.00187662996111003,0.971194029850746,0.00187662996111003,0.0288059701492537,0.0137772960423666,0.137772960423666,0.256298340548341,0.0287623491264661,0.91,7.13,0.00598642012812929,100,0.0598642012812929,0.897042910447761,100,0,0,"Prop_0.10",75,0.000125,"Medium","Beta",2000,FALSE
"BL261","MIMOSA2","BFDR",0.01,100,0.0166552991536925,100,0.166552991536925,0.415,0.000356243666531258,0.99910447761194,0.000356243666531258,0.000895522388059704,0.00611751271683423,0.0611751271683423,0.0148333333333333,0.0238683256575942,0.06,3.38,0.00728661053109748,100,0.0728661053109748,0.887798507462687,100,0,0,"Prop_0.10",75,0.000125,"Medium","Beta",2000,FALSE
"BL261","MIMOSA2","BFDR",0.05,100,0.0159623926714631,100,0.159623926714631,0.52,0.000827617993160844,0.994925373134328,0.000827617993160844,0.00507462686567165,0.0104715583877103,0.104715583877103,0.0635833333333333,0.0460566186471838,0.3,4.5,0.00728661053109748,100,0.0728661053109748,0.887798507462687,100,0,0,"Prop_0.10",75,0.000125,"Medium","Beta",2000,FALSE
"BL262","DiD","BH",0.01,100,0.0114696889580652,100,0.114696889580652,0.435789473684211,0,1,0,0,0,0,0,0,0,8.28,0.00450551704788283,100,0.0450551704788283,0.89437030075188,100,0,0,"Prop_0.25",75,0.000125,"Medium","Beta",2000,FALSE
"BL262","DiD","BH",0.05,100,0.0118427254843784,100,0.118427254843784,0.512631578947368,0.000561546495955752,0.998035714285714,0.000561546495955752,0.00196428571428572,0.00322872163941214,0.0322872163941214,0.010956820956821,0.031446603773522,0.11,9.85,0.00450551704788283,100,0.0450551704788283,0.89437030075188,100,0,0,"Prop_0.25",75,0.000125,"Medium","Beta",2000,FALSE
"BL262","DiD","unadjusted",0.01,100,0.0103190655432229,100,0.103190655432229,0.532631578947368,0.000622741228606746,0.9975,0.000622741228606746,0.00250000000000001,0.00343170943989623,0.0343170943989623,0.0135441225441225,0.0348735088019777,0.14,10.26,0.00450551704788283,100,0.0450551704788283,0.89437030075188,100,0,0,"Prop_0.25",75,0.000125,"Medium","Beta",2000,FALSE
"BL262","DiD","unadjusted",0.05,100,0.0103925579315119,100,0.103925579315119,0.642105263157895,0.00222855050032723,0.974821428571429,0.00222855050032723,0.0251785714285714,0.00816218622303709,0.0816218622303709,0.0991710876412889,0.0435194139889245,0.75,13.61,0.00450551704788283,100,0.0450551704788283,0.89437030075188,100,0,0,"Prop_0.25",75,0.000125,"Medium","Beta",2000,FALSE
"BL262","MIMOSA2","BFDR",0.01,100,0.0118841182790752,100,0.118841182790752,0.439473684210526,0.00043371136167779,0.999285714285714,0.00043371136167779,0.000714285714285715,0.00285110292321899,0.0285110292321899,0.0045,0.0171446607997765,0.03,8.39,0.00486673146029218,100,0.0486673146029218,0.891889097744361,100,0,0,"Prop_0.25",75,0.000125,"Medium","Beta",2000,FALSE
"BL262","MIMOSA2","BFDR",0.05,100,0.0126731550400759,100,0.126731550400759,0.547368421052632,0.0010432501878468,0.993035714285714,0.0010432501878468,0.00696428571428573,0.00513646923030596,0.0513646923030596,0.0343132463941287,0.0476095228569523,0.34,10.79,0.00486673146029218,100,0.0486673146029218,0.891889097744361,100,0,0,"Prop_0.25",75,0.000125,"Medium","Beta",2000,FALSE
"BL263","DiD","BH",0.01,100,0.0083751991247622,100,0.083751991247622,0.464473684210526,0.00027027027027027,0.99972972972973,0.00027027027027027,0.00027027027027027,0.000555555555555555,0.00555555555555555,0.000555555555555556,0.01,0.01,17.66,0.00305448043956659,100,0.0305448043956659,0.897233285917496,100,0,0,"Prop_0.50",75,0.000125,"Medium","Beta",2000,FALSE
"BL263","DiD","BH",0.05,100,0.00844924838430049,100,0.0844924838430049,0.549473684210526,0.00138931123725733,0.992432432432432,0.00138931123725733,0.00756756756756755,0.00222192804703503,0.0222192804703503,0.0125733325829234,0.0440844002276808,0.26,21.16,0.00305448043956659,100,0.0305448043956659,0.897233285917496,100,0,0,"Prop_0.50",75,0.000125,"Medium","Beta",2000,FALSE
"BL263","DiD","unadjusted",0.01,100,0.00764147189171504,100,0.0764147189171504,0.530263157894737,0.00111203302686281,0.995135135135135,0.00111203302686281,0.00486486486486486,0.00194899764441724,0.0194899764441724,0.00861486538281867,0.0377525168068637,0.17,20.33,0.00305448043956659,100,0.0305448043956659,0.897233285917496,100,0,0,"Prop_0.50",75,0.000125,"Medium","Beta",2000,FALSE
"BL263","DiD","unadjusted",0.05,100,0.00771204530945872,100,0.0771204530945872,0.625263157894737,0.00273944449719369,0.966756756756757,0.00273944449719369,0.0332432432432432,0.00376200531084008,0.0376200531084008,0.0487234193688131,0.0416333199893227,0.78,24.99,0.00305448043956659,100,0.0305448043956659,0.897233285917496,100,0,0,"Prop_0.50",75,0.000125,"Medium","Beta",2000,FALSE
"BL263","MIMOSA2","BFDR",0.01,100,0.0083417233010595,100,0.083417233010595,0.472368421052632,0.000532287528559276,0.998918918918919,0.000532287528559276,0.00108108108108108,0.000996509399948811,0.00996509399948811,0.00200740822644847,0.0196946385566932,0.04,17.99,0.0034961167045854,100,0.034961167045854,0.888186344238976,100,0,0,"Prop_0.50",75,0.000125,"Medium","Beta",2000,FALSE
"BL263","MIMOSA2","BFDR",0.05,100,0.00845520718576668,100,0.0845520718576668,0.58421052631579,0.00169285706068976,0.987567567567568,0.00169285706068976,0.0124324324324324,0.0027065504140278,0.027065504140278,0.0197565004819187,0.0490207130000197,0.39,22.66,0.0034961167045854,100,0.034961167045854,0.888186344238976,100,0,0,"Prop_0.50",75,0.000125,"Medium","Beta",2000,FALSE
"BL264","DiD","BH",0.01,100,0.00759525166577246,100,0.0759525166577246,0.476785714285714,0.000902350568409292,0.998421052631579,0.000902350568409292,0.00157894736842105,0.000634992849250596,0.00634992849250596,0.00110632183908046,0.0171446607997765,0.03,26.73,0.00307801476568201,100,0.0307801476568201,0.895606203007519,100,0,0,"Prop_0.75",75,0.000125,"Medium","Beta",2000,FALSE
"BL264","DiD","BH",0.05,100,0.0074024787337644,100,0.074024787337644,0.576071428571429,0.0028110019568572,0.987368421052632,0.0028110019568572,0.0126315789473684,0.00154454000423684,0.0154454000423684,0.00710460997617066,0.0402015126103685,0.2,32.5,0.00307801476568201,100,0.0307801476568201,0.895606203007519,100,0,0,"Prop_0.75",75,0.000125,"Medium","Beta",2000,FALSE
"BL264","DiD","unadjusted",0.01,100,0.00643157697898509,100,0.0643157697898509,0.531428571428571,0.00125622766618917,0.996842105263158,0.00125622766618917,0.00315789473684211,0.000775545946211106,0.00775545946211106,0.00193642688747053,0.0238683256575942,0.06,29.82,0.00307801476568201,100,0.0307801476568201,0.895606203007519,100,0,0,"Prop_0.75",75,0.000125,"Medium","Beta",2000,FALSE
"BL264","DiD","unadjusted",0.05,100,0.00608877815651801,100,0.0608877815651801,0.634107142857143,0.00384948640294624,0.974736842105263,0.00384948640294624,0.0252631578947369,0.00192042690505057,0.0192042690505057,0.0129422676125932,0.048523658709391,0.37,35.99,0.00307801476568201,100,0.0307801476568201,0.895606203007519,100,0,0,"Prop_0.75",75,0.000125,"Medium","Beta",2000,FALSE
"BL264","MIMOSA2","BFDR",0.01,100,0.00779201989912957,100,0.0779201989912957,0.4875,0.00134964421040128,0.996315789473684,0.00134964421040128,0.00368421052631579,0.00108908240826931,0.0108908240826931,0.00294138843276774,0.0256432399976243,0.07,27.37,0.00332790276501102,100,0.0332790276501102,0.883256578947368,100,0,0,"Prop_0.75",75,0.000125,"Medium","Beta",2000,FALSE
"BL264","MIMOSA2","BFDR",0.05,100,0.00702564360821613,100,0.0702564360821613,0.601071428571429,0.00337670101431262,0.976315789473684,0.00337670101431262,0.0236842105263158,0.00177003004095584,0.0177003004095584,0.0127905144379535,0.0487831731214563,0.38,34.11,0.00332790276501102,100,0.0332790276501102,0.883256578947368,100,0,0,"Prop_0.75",75,0.000125,"Medium","Beta",2000,FALSE
"BL265","DiD","BH",0.01,100,0.00676301032769143,100,0.0676301032769143,0.486911764705882,0.00142857142857143,0.998571428571429,0.00142857142857143,0.00142857142857143,0.000263157894736842,0.00263157894736842,0.000263157894736842,0.01,0.01,33.12,0.00467131966117378,100,0.0467131966117378,0.889170168067227,100,0,0,"Prop_0.90",75,0.000125,"Medium","Beta",2000,FALSE
"BL265","DiD","BH",0.05,100,0.00639101602299341,100,0.0639101602299341,0.579264705882353,0.00609821355945986,0.98,0.00609821355945986,0.02,0.00101222478299606,0.0101222478299606,0.00333327626459546,0.031446603773522,0.11,39.53,0.00467131966117378,100,0.0467131966117378,0.889170168067227,100,0,0,"Prop_0.90",75,0.000125,"Medium","Beta",2000,FALSE
"BL265","DiD","unadjusted",0.01,100,0.00614704531949038,100,0.0614704531949038,0.524705882352941,0.00201007563051842,0.997142857142857,0.00201007563051842,0.00285714285714286,0.000398218491750091,0.00398218491750091,0.0005625,0.014070529413629,0.02,35.7,0.00467131966117378,100,0.0467131966117378,0.889170168067227,100,0,0,"Prop_0.90",75,0.000125,"Medium","Beta",2000,FALSE
"BL265","DiD","unadjusted",0.05,100,0.00554378843639752,100,0.0554378843639752,0.624558823529412,0.00714429999857186,0.974285714285714,0.00714429999857186,0.0257142857142857,0.00111378137701291,0.0111378137701291,0.00405518722221826,0.0348735088019777,0.14,42.65,0.00467131966117378,100,0.0467131966117378,0.889170168067227,100,0,0,"Prop_0.90",75,0.000125,"Medium","Beta",2000,FALSE
"BL265","MIMOSA2","BFDR",0.01,100,0.00619024861686145,100,0.0619024861686145,0.495882352941176,0.00281351979381332,0.994285714285714,0.00281351979381332,0.00571428571428572,0.00053829737275659,0.0053829737275659,0.00108404140662205,0.0196946385566932,0.04,33.76,0.00443510927496955,100,0.0443510927496955,0.874327731092437,100,0,0,"Prop_0.90",75,0.000125,"Medium","Beta",2000,FALSE
"BL265","MIMOSA2","BFDR",0.05,100,0.00576371373348277,100,0.0576371373348277,0.613970588235294,0.00651497173674384,0.97,0.00651497173674384,0.03,0.00108050137836521,0.0108050137836521,0.00494105711175758,0.0394277244403663,0.19,41.96,0.00443510927496955,100,0.0443510927496955,0.874327731092437,100,0,0,"Prop_0.90",75,0.000125,"Medium","Beta",2000,FALSE
"BL266","DiD","BH",0.01,100,0.0156334270204597,100,0.156334270204597,0.402,0.000218829317296591,0.999555555555556,0.000218829317296591,0.000444444444444443,0.00391732031224557,0.0391732031224557,0.00783333333333333,0.0196946385566932,0.04,4.06,0.00566326001779723,100,0.0566326001779723,0.890544444444444,100,0,0,"Prop_0.10",100,0.000125,"Medium","Beta",2000,FALSE
"BL266","DiD","BH",0.05,100,0.0145796315648118,100,0.145796315648118,0.466,0.000475224823895007,0.998111111111111,0.000475224823895007,0.00188888888888888,0.00681834096322306,0.0681834096322306,0.0280674603174603,0.0358870281282637,0.15,4.83,0.00566326001779723,100,0.0566326001779723,0.890544444444444,100,0,0,"Prop_0.10",100,0.000125,"Medium","Beta",2000,FALSE
"BL266","DiD","unadjusted",0.01,100,0.0133620902012168,100,0.133620902012168,0.518,0.000827872116288377,0.994666666666667,0.000827872116288377,0.00533333333333332,0.0103952979168537,0.103952979168537,0.0725674603174603,0.048523658709391,0.37,5.66,0.00566326001779723,100,0.0566326001779723,0.890544444444444,100,0,0,"Prop_0.10",100,0.000125,"Medium","Beta",2000,FALSE
"BL266","DiD","unadjusted",0.05,100,0.0133979494888229,100,0.133979494888229,0.627,0.00184885279037539,0.968555555555556,0.00184885279037539,0.0314444444444444,0.0138456243029026,0.138456243029026,0.292692418692419,0.0256432399976243,0.93,9.1,0.00566326001779723,100,0.0566326001779723,0.890544444444444,100,0,0,"Prop_0.10",100,0.000125,"Medium","Beta",2000,FALSE
"BL266","MIMOSA2","BFDR",0.01,100,0.0152963982028384,100,0.152963982028384,0.406,0.000265203618417712,0.999333333333333,0.000265203618417712,0.000666666666666664,0.00429985558423834,0.0429985558423834,0.0105119047619048,0.0238683256575942,0.06,4.12,0.00628074061267628,100,0.0628074061267628,0.892183333333333,100,0,0,"Prop_0.10",100,0.000125,"Medium","Beta",2000,FALSE
"BL266","MIMOSA2","BFDR",0.05,100,0.0157925311588751,100,0.157925311588751,0.503,0.000695145549564396,0.995,0.000695145549564396,0.00499999999999999,0.0101440658056683,0.101440658056683,0.0729801587301587,0.0490207130000197,0.39,5.48,0.00628074061267628,100,0.0628074061267628,0.892183333333333,100,0,0,"Prop_0.10",100,0.000125,"Medium","Beta",2000,FALSE
"BL267","DiD","BH",0.01,100,0.0108725583582028,100,0.108725583582028,0.4464,0.000228595477330353,0.9996,0.000228595477330353,0.000399999999999999,0.0013014763014763,0.013014763014763,0.00223387723387723,0.0171446607997765,0.03,11.19,0.00419846647007413,100,0.0419846647007413,0.886605333333333,100,0,0,"Prop_0.25",100,0.000125,"Medium","Beta",2000,FALSE
"BL267","DiD","BH",0.05,100,0.011696913173046,100,0.11696913173046,0.5152,0.000741158131563056,0.996133333333333,0.000741158131563056,0.00386666666666666,0.0038263443975264,0.038263443975264,0.0201776485038869,0.0429234695990928,0.24,13.17,0.00419846647007413,100,0.0419846647007413,0.886605333333333,100,0,0,"Prop_0.25",100,0.000125,"Medium","Beta",2000,FALSE
"BL267","DiD","unadjusted",0.01,100,0.0108227220758603,100,0.108227220758603,0.534,0.000863890918832262,0.994933333333333,0.000863890918832262,0.00506666666666666,0.00462255247002494,0.0462255247002494,0.0267477034489418,0.0456048021572069,0.29,13.73,0.00419846647007413,100,0.0419846647007413,0.886605333333333,100,0,0,"Prop_0.25",100,0.000125,"Medium","Beta",2000,FALSE
"BL267","DiD","unadjusted",0.05,100,0.00960967525912601,100,0.0960967525912601,0.6324,0.0019430269003165,0.970133333333333,0.0019430269003165,0.0298666666666667,0.00720989605045889,0.0720989605045889,0.120723874636578,0.0301511344577764,0.9,18.05,0.00419846647007413,100,0.0419846647007413,0.886605333333333,100,0,0,"Prop_0.25",100,0.000125,"Medium","Beta",2000,FALSE
"BL267","MIMOSA2","BFDR",0.01,100,0.0103407793309652,100,0.103407793309652,0.4376,0.00034190986663499,0.999066666666667,0.00034190986663499,0.000933333333333332,0.00222127988420309,0.0222127988420309,0.00589285714285714,0.0256432399976243,0.07,11.01,0.00514518409936769,100,0.0514518409936769,0.877746666666667,100,0,0,"Prop_0.25",100,0.000125,"Medium","Beta",2000,FALSE
"BL267","MIMOSA2","BFDR",0.05,100,0.011404411692876,100,0.11404411692876,0.534,0.000986462805402311,0.992133333333333,0.000986462805402311,0.00786666666666666,0.005137591840932,0.05137591840932,0.041422928765421,0.0501613558046592,0.47,13.94,0.00514518409936769,100,0.0514518409936769,0.877746666666667,100,0,0,"Prop_0.25",100,0.000125,"Medium","Beta",2000,FALSE
"BL268","DiD","BH",0.01,100,0.0078644064549646,100,0.078644064549646,0.4764,0.000477366513151884,0.9988,0.000477366513151884,0.0012,0.000925459454936411,0.00925459454936411,0.00231970324361629,0.0238683256575942,0.06,23.88,0.00298370992036573,100,0.0298370992036573,0.896694,100,0,0,"Prop_0.50",100,0.000125,"Medium","Beta",2000,FALSE
"BL268","DiD","BH",0.05,100,0.00700184679822821,100,0.0700184679822821,0.5638,0.00140576015598736,0.9906,0.00140576015598736,0.00940000000000001,0.00235892156635886,0.0235892156635886,0.0158539746721526,0.0482418151324422,0.36,28.66,0.00298370992036573,100,0.0298370992036573,0.896694,100,0,0,"Prop_0.50",100,0.000125,"Medium","Beta",2000,FALSE
"BL268","DiD","unadjusted",0.01,100,0.00654433211476028,100,0.0654433211476028,0.544,0.00114486115782966,0.9932,0.00114486115782966,0.00680000000000001,0.00206369949958576,0.0206369949958576,0.0123415032996349,0.0456048021572069,0.29,27.54,0.00298370992036573,100,0.0298370992036573,0.896694,100,0,0,"Prop_0.50",100,0.000125,"Medium","Beta",2000,FALSE
"BL268","DiD","unadjusted",0.05,100,0.00659341575460939,100,0.0659341575460939,0.6404,0.00237656912545813,0.9678,0.00237656912545813,0.0322,0.00334726654657893,0.0334726654657893,0.0469787991851371,0.0409360180740332,0.79,33.63,0.00298370992036573,100,0.0298370992036573,0.896694,100,0,0,"Prop_0.50",100,0.000125,"Medium","Beta",2000,FALSE
"BL268","MIMOSA2","BFDR",0.01,100,0.00758318181666815,100,0.0758318181666815,0.4852,0.000545319848688582,0.9984,0.000545319848688582,0.0016,0.00105969790597922,0.0105969790597922,0.00306363142824928,0.0272659924344291,0.08,24.34,0.00315501775115466,100,0.0315501775115466,0.889194,100,0,0,"Prop_0.50",100,0.000125,"Medium","Beta",2000,FALSE
"BL268","MIMOSA2","BFDR",0.05,100,0.00745897872609673,100,0.0745897872609673,0.602,0.00176383420737639,0.986,0.00176383420737639,0.014,0.00265458550976034,0.0265458550976034,0.0215847810782758,0.0502418393795691,0.49,30.8,0.00315501775115466,100,0.0315501775115466,0.889194,100,0,0,"Prop_0.50",100,0.000125,"Medium","Beta",2000,FALSE
"BL269","DiD","BH",0.01,100,0.00552222730321088,100,0.0552222730321088,0.485466666666667,0.00078778554226773,0.9984,0.00078778554226773,0.0016,0.00051902775870394,0.0051902775870394,0.00105117798082006,0.0196946385566932,0.04,36.45,0.002887279688565,100,0.02887279688565,0.895328,100,0,0,"Prop_0.75",100,0.000125,"Medium","Beta",2000,FALSE
"BL269","DiD","BH",0.05,100,0.00591706239488487,100,0.0591706239488487,0.583066666666667,0.00245558526422908,0.9852,0.00245558526422908,0.0148,0.00140997394681037,0.0140997394681037,0.008497018355346,0.0464823198711732,0.31,44.1,0.002887279688565,100,0.02887279688565,0.895328,100,0,0,"Prop_0.75",100,0.000125,"Medium","Beta",2000,FALSE
"BL269","DiD","unadjusted",0.01,100,0.00498259146758837,100,0.0498259146758837,0.534266666666667,0.00157710897761465,0.9924,0.00157710897761465,0.00760000000000001,0.000998265724037035,0.00998265724037035,0.00478171230687413,0.0394277244403663,0.19,40.26,0.002887279688565,100,0.02887279688565,0.895328,100,0,0,"Prop_0.75",100,0.000125,"Medium","Beta",2000,FALSE
"BL269","DiD","unadjusted",0.05,100,0.00533595894966012,100,0.0533595894966012,0.634933333333333,0.00347202383271623,0.9684,0.00347202383271623,0.0316,0.00177808622909656,0.0177808622909656,0.0162380417413095,0.0500908265962033,0.54,48.41,0.002887279688565,100,0.02887279688565,0.895328,100,0,0,"Prop_0.75",100,0.000125,"Medium","Beta",2000,FALSE
"BL269","MIMOSA2","BFDR",0.01,100,0.00569877613025078,100,0.0569877613025078,0.500933333333333,0.00111119191625366,0.9976,0.00111119191625366,0.0024,0.000692228259495639,0.00692228259495639,0.00150937964439929,0.021904291355759,0.05,37.63,0.00313848272048078,100,0.0313848272048078,0.883861333333333,100,0,0,"Prop_0.75",100,0.000125,"Medium","Beta",2000,FALSE
"BL269","MIMOSA2","BFDR",0.05,100,0.00535349723638041,100,0.0535349723638041,0.618666666666667,0.00312720225431518,0.9772,0.00312720225431518,0.0228,0.00162119564803624,0.0162119564803624,0.0119025347951505,0.0496044963748858,0.42,46.97,0.00313848272048078,100,0.0313848272048078,0.883861333333333,100,0,0,"Prop_0.75",100,0.000125,"Medium","Beta",2000,FALSE
"BL270","DiD","BH",0.01,100,0.00481869825258674,100,0.0481869825258674,0.506666666666667,0.0014070529413629,0.998,0.0014070529413629,0.002,0.000285699709570322,0.00285699709570322,0.000404040404040404,0.014070529413629,0.02,45.62,0.00378050489142245,100,0.0378050489142245,0.887344444444444,100,0,0,"Prop_0.90",100,0.000125,"Medium","Beta",2000,FALSE
"BL270","DiD","BH",0.05,100,0.00478362078440105,100,0.0478362078440105,0.599888888888889,0.00394917201397452,0.984,0.00394917201397452,0.016,0.000721918491008033,0.00721918491008033,0.00292746553235685,0.0358870281282637,0.15,54.15,0.00378050489142245,100,0.0378050489142245,0.887344444444444,100,0,0,"Prop_0.90",100,0.000125,"Medium","Beta",2000,FALSE
"BL270","DiD","unadjusted",0.01,100,0.00413783892104632,100,0.0413783892104632,0.544333333333333,0.00196946385566932,0.996,0.00196946385566932,0.004,0.000376065347004891,0.00376065347004891,0.000761834813119438,0.0196946385566932,0.04,49.03,0.00378050489142245,100,0.0378050489142245,0.887344444444444,100,0,0,"Prop_0.90",100,0.000125,"Medium","Beta",2000,FALSE
"BL270","DiD","unadjusted",0.05,100,0.00445425404525139,100,0.0445425404525139,0.636666666666667,0.00577700072474787,0.964,0.00577700072474787,0.036,0.00101622209039338,0.0101622209039338,0.00628974837964263,0.0464823198711732,0.31,57.66,0.00378050489142245,100,0.0378050489142245,0.887344444444444,100,0,0,"Prop_0.90",100,0.000125,"Medium","Beta",2000,FALSE
"BL270","MIMOSA2","BFDR",0.01,100,0.00511740207190931,100,0.0511740207190931,0.513333333333333,0.00287623491264661,0.991,0.00287623491264661,0.009,0.000622933425147397,0.00622933425147397,0.00194348102877515,0.0287623491264661,0.09,46.29,0.00404758760955702,100,0.0404758760955702,0.875888888888889,100,0,0,"Prop_0.90",100,0.000125,"Medium","Beta",2000,FALSE
"BL270","MIMOSA2","BFDR",0.05,100,0.00487356029754554,100,0.0487356029754554,0.628444444444444,0.00637149586800145,0.959,0.00637149586800145,0.041,0.00110415359732986,0.0110415359732986,0.0071009854150915,0.0472581562625261,0.33,56.97,0.00404758760955702,100,0.0404758760955702,0.875888888888889,100,0,0,"Prop_0.90",100,0.000125,"Medium","Beta",2000,FALSE
"BL271","DiD","BH",0.01,100,0.0500908265962033,100,0.500908265962033,0.46,0.00156339215706989,0.997777777777778,0.00156339215706989,0.00222222222222222,0.0111350751676807,0.111350751676807,0.015,0.014070529413629,0.02,0.48,0.0208740903236227,100,0.208740903236227,0.892222222222222,100,0,0,"Prop_0.10",10,6.25e-05,"Medium","Beta",2000,FALSE
"BL271","DiD","BH",0.05,100,0.0500908265962033,100,0.500908265962033,0.54,0.00190496231108628,0.996666666666667,0.00190496231108628,0.00333333333333333,0.0121439181269781,0.121439181269781,0.02,0.0171446607997765,0.03,0.57,0.0208740903236227,100,0.208740903236227,0.892222222222222,100,0,0,"Prop_0.10",10,6.25e-05,"Medium","Beta",2000,FALSE
"BL271","DiD","unadjusted",0.01,100,0.0498887651569859,100,0.498887651569859,0.56,0.00190496231108628,0.996666666666667,0.00190496231108628,0.00333333333333333,0.0121439181269781,0.121439181269781,0.02,0.0171446607997765,0.03,0.59,0.0208740903236227,100,0.208740903236227,0.892222222222222,100,0,0,"Prop_0.10",10,6.25e-05,"Medium","Beta",2000,FALSE
"BL271","DiD","unadjusted",0.05,100,0.0468826172262151,100,0.468826172262151,0.68,0.0053075978405736,0.967777777777778,0.0053075978405736,0.0322222222222222,0.0325048558920918,0.325048558920918,0.186666666666667,0.0451260859854213,0.28,0.97,0.0208740903236227,100,0.208740903236227,0.892222222222222,100,0,0,"Prop_0.10",10,6.25e-05,"Medium","Beta",2000,FALSE
"BL271","MIMOSA2","BFDR",0.01,96,0.0510198440638943,96,0.499890338851626,0.447916666666667,0,1,0,0,0,0,0,0,0,0.447916666666667,0.0264371902222653,96,0.259030505109787,0.840856481481482,100,0.04,0.0195959179422654,"Prop_0.10",10,6.25e-05,"Medium","Beta",2000,TRUE
"BL271","MIMOSA2","BFDR",0.05,96,0.0512877838184284,96,0.502515601573286,0.489583333333333,0.00321277266009835,0.993055555555556,0.00321277266009835,0.00694444444444445,0.0169571047876039,0.166145016978141,0.0364583333333333,0.022796735620934,0.0520833333333333,0.552083333333333,0.0264371902222653,96,0.259030505109787,0.840856481481482,100,0.04,0.0195959179422654,"Prop_0.10",10,6.25e-05,"Medium","Beta",2000,TRUE
"BL272","DiD","BH",0.01,100,0.0294715903072994,100,0.294715903072994,0.396666666666667,0,1,0,0,0,0,0,0,0,1.19,0.0118638064150872,100,0.118638064150872,0.885714285714286,100,0,0,"Prop_0.25",10,6.25e-05,"Medium","Beta",2000,FALSE
"BL272","DiD","BH",0.05,100,0.0280291655060841,100,0.280291655060841,0.466666666666667,0.00312918447939415,0.992857142857143,0.00312918447939415,0.00714285714285715,0.0158910431540932,0.158910431540932,0.0333333333333333,0.021904291355759,0.05,1.45,0.0118638064150872,100,0.118638064150872,0.885714285714286,100,0,0,"Prop_0.25",10,6.25e-05,"Medium","Beta",2000,FALSE
"BL272","DiD","unadjusted",0.01,100,0.0276644151450896,100,0.276644151450896,0.47,0.00340976080822774,0.991428571428571,0.00340976080822774,0.00857142857142857,0.0185954630432062,0.185954630432062,0.0433333333333333,0.0238683256575942,0.06,1.47,0.0118638064150872,100,0.118638064150872,0.885714285714286,100,0,0,"Prop_0.25",10,6.25e-05,"Medium","Beta",2000,FALSE
"BL272","DiD","unadjusted",0.05,100,0.0257328064704182,100,0.257328064704182,0.566666666666667,0.0059873432092558,0.972857142857143,0.0059873432092558,0.0271428571428571,0.0203261495837839,0.203261495837839,0.0841666666666667,0.0386122919665369,0.18,1.89,0.0118638064150872,100,0.118638064150872,0.885714285714286,100,0,0,"Prop_0.25",10,6.25e-05,"Medium","Beta",2000,FALSE
"BL272","MIMOSA2","BFDR",0.01,100,0.0302978109983326,100,0.302978109983326,0.37,0.00244923725711093,0.995714285714286,0.00244923725711093,0.00428571428571429,0.0107709939079135,0.107709939079135,0.0158333333333333,0.0171446607997765,0.03,1.14,0.0153068397336836,100,0.153068397336836,0.850714285714286,100,0,0,"Prop_0.25",10,6.25e-05,"Medium","Beta",2000,FALSE
"BL272","MIMOSA2","BFDR",0.05,100,0.0301511344577764,100,0.301511344577764,0.433333333333333,0.00533170970957051,0.984285714285714,0.00533170970957051,0.0157142857142857,0.0140854773934245,0.140854773934245,0.0383333333333333,0.0287623491264661,0.09,1.41,0.0153068397336836,100,0.153068397336836,0.850714285714286,100,0,0,"Prop_0.25",10,6.25e-05,"Medium","Beta",2000,FALSE
"BL273","DiD","BH",0.01,100,0.0233333333333333,100,0.233333333333333,0.45,0.002,0.998,0.002,0.002,0.00333333333333333,0.0333333333333333,0.00333333333333333,0.01,0.01,2.26,0.0104796291090203,100,0.104796291090203,0.8866,100,0,0,"Prop_0.50",10,6.25e-05,"Medium","Beta",2000,FALSE
"BL273","DiD","BH",0.05,100,0.0238717109956238,100,0.238717109956238,0.528,0.00342893215995531,0.994,0.00342893215995531,0.006,0.00387080934471914,0.0387080934471914,0.00666666666666667,0.0171446607997765,0.03,2.67,0.0104796291090203,100,0.104796291090203,0.8866,100,0,0,"Prop_0.50",10,6.25e-05,"Medium","Beta",2000,FALSE
"BL273","DiD","unadjusted",0.01,100,0.0219264150459594,100,0.219264150459594,0.502,0.00281410588272579,0.996,0.00281410588272579,0.004,0.00414641543296869,0.0414641543296869,0.00583333333333333,0.014070529413629,0.02,2.53,0.0104796291090203,100,0.104796291090203,0.8866,100,0,0,"Prop_0.50",10,6.25e-05,"Medium","Beta",2000,FALSE
"BL273","DiD","unadjusted",0.05,100,0.0225594612730289,100,0.225594612730289,0.604,0.0062893207547044,0.978,0.0062893207547044,0.022,0.00853092348127224,0.0853092348127224,0.028,0.031446603773522,0.11,3.13,0.0104796291090203,100,0.104796291090203,0.8866,100,0,0,"Prop_0.50",10,6.25e-05,"Medium","Beta",2000,FALSE
"BL273","MIMOSA2","BFDR",0.01,100,0.0202798601393779,100,0.202798601393779,0.378,0.00342893215995531,0.994,0.00342893215995531,0.006,0.00645008025946463,0.0645008025946463,0.0108333333333333,0.0171446607997765,0.03,1.92,0.0129291933392629,100,0.129291933392629,0.8374,100,0,0,"Prop_0.50",10,6.25e-05,"Medium","Beta",2000,FALSE
"BL273","MIMOSA2","BFDR",0.05,100,0.0221391376106075,100,0.221391376106075,0.474,0.00545319848688581,0.984,0.00545319848688581,0.016,0.00844597274846355,0.0844597274846355,0.0236666666666667,0.0272659924344291,0.08,2.45,0.0129291933392629,100,0.129291933392629,0.8374,100,0,0,"Prop_0.50",10,6.25e-05,"Medium","Beta",2000,FALSE
"BL274","DiD","BH",0.01,100,0.0201853782463816,100,0.201853782463816,0.465,0,1,0,0,0,0,0,0,0,3.72,0.0108008691896775,100,0.108008691896775,0.8925,100,0,0,"Prop_0.75",10,6.25e-05,"Medium","Beta",2000,FALSE
"BL274","DiD","BH",0.05,100,0.0202181911289129,100,0.202181911289129,0.5625,0.005,0.995,0.005,0.005,0.00166666666666667,0.0166666666666667,0.00166666666666667,0.01,0.01,4.51,0.0108008691896775,100,0.108008691896775,0.8925,100,0,0,"Prop_0.75",10,6.25e-05,"Medium","Beta",2000,FALSE
"BL274","DiD","unadjusted",0.01,100,0.0181512131937246,100,0.181512131937246,0.51875,0,1,0,0,0,0,0,0,0,4.15,0.0108008691896775,100,0.108008691896775,0.8925,100,0,0,"Prop_0.75",10,6.25e-05,"Medium","Beta",2000,FALSE
"BL274","DiD","unadjusted",0.05,100,0.0173255190719098,100,0.173255190719098,0.63625,0.00857233039988826,0.985,0.00857233039988826,0.015,0.00340309986107108,0.0340309986107108,0.00583333333333333,0.0171446607997765,0.03,5.12,0.0108008691896775,100,0.108008691896775,0.8925,100,0,0,"Prop_0.75",10,6.25e-05,"Medium","Beta",2000,FALSE
"BL274","MIMOSA2","BFDR",0.01,100,0.019314319281117,100,0.19314319281117,0.4475,0.005,0.995,0.005,0.005,0.002,0.02,0.002,0.01,0.01,3.59,0.0106449882544261,100,0.106449882544261,0.8890625,100,0,0,"Prop_0.75",10,6.25e-05,"Medium","Beta",2000,FALSE
"BL274","MIMOSA2","BFDR",0.05,100,0.0216181712520469,100,0.216181712520469,0.54125,0.00857233039988826,0.985,0.00857233039988826,0.015,0.00313760547715649,0.0313760547715649,0.00542857142857143,0.0171446607997765,0.03,4.36,0.0106449882544261,100,0.106449882544261,0.8890625,100,0,0,"Prop_0.75",10,6.25e-05,"Medium","Beta",2000,FALSE
"BL275","DiD","BH",0.01,100,0.0179022020714592,100,0.179022020714592,0.433333333333333,0,1,0,0,0,0,0,0,0,3.9,0.0141750541839298,100,0.141750541839298,0.892777777777778,100,0,0,"Prop_0.90",10,6.25e-05,"Medium","Beta",2000,FALSE
"BL275","DiD","BH",0.05,100,0.0184371951732386,100,0.184371951732386,0.523333333333333,0,1,0,0,0,0,0,0,0,4.71,0.0141750541839298,100,0.141750541839298,0.892777777777778,100,0,0,"Prop_0.90",10,6.25e-05,"Medium","Beta",2000,FALSE
"BL275","DiD","unadjusted",0.01,100,0.0163249671267582,100,0.163249671267582,0.474444444444444,0,1,0,0,0,0,0,0,0,4.27,0.0141750541839298,100,0.141750541839298,0.892777777777778,100,0,0,"Prop_0.90",10,6.25e-05,"Medium","Beta",2000,FALSE
"BL275","DiD","unadjusted",0.05,100,0.0162610577071521,100,0.162610577071521,0.571111111111111,0.01,0.99,0.01,0.01,0.00166666666666667,0.0166666666666667,0.00166666666666667,0.01,0.01,5.15,0.0141750541839298,100,0.141750541839298,0.892777777777778,100,0,0,"Prop_0.90",10,6.25e-05,"Medium","Beta",2000,FALSE
"BL275","MIMOSA2","BFDR",0.01,100,0.0175045644555969,100,0.175045644555969,0.418888888888889,0,1,0,0,0,0,0,0,0,3.77,0.0149763916139298,100,0.149763916139298,0.88,100,0,0,"Prop_0.90",10,6.25e-05,"Medium","Beta",2000,FALSE
"BL275","MIMOSA2","BFDR",0.05,100,0.0191801015065672,100,0.191801015065672,0.5,0.014070529413629,0.98,0.014070529413629,0.02,0.00259045125614008,0.0259045125614008,0.00366666666666667,0.014070529413629,0.02,4.52,0.0149763916139298,100,0.149763916139298,0.88,100,0,0,"Prop_0.90",10,6.25e-05,"Medium","Beta",2000,FALSE
"BL276","DiD","BH",0.01,100,0.0373996975086347,100,0.373996975086347,0.405,0.000555555555555556,0.999444444444444,0.000555555555555556,0.000555555555555556,0.005,0.05,0.005,0.01,0.01,0.82,0.0158971482618176,100,0.158971482618176,0.888611111111111,100,0,0,"Prop_0.10",20,6.25e-05,"Medium","Beta",2000,FALSE
"BL276","DiD","BH",0.05,100,0.0357989616688202,100,0.357989616688202,0.475,0.000952481155543141,0.998333333333333,0.000952481155543141,0.00166666666666667,0.00774161868943827,0.0774161868943827,0.0133333333333333,0.0171446607997765,0.03,0.98,0.0158971482618176,100,0.158971482618176,0.888611111111111,100,0,0,"Prop_0.10",20,6.25e-05,"Medium","Beta",2000,FALSE
"BL276","DiD","unadjusted",0.01,100,0.0364975438498361,100,0.364975438498361,0.525,0.00151477735746828,0.995555555555556,0.00151477735746828,0.00444444444444445,0.017420655464493,0.17420655464493,0.0466666666666667,0.0272659924344291,0.08,1.13,0.0158971482618176,100,0.158971482618176,0.888611111111111,100,0,0,"Prop_0.10",20,6.25e-05,"Medium","Beta",2000,FALSE
"BL276","DiD","unadjusted",0.05,100,0.033044200579212,100,0.33044200579212,0.63,0.00390209398253805,0.97,0.00390209398253805,0.03,0.0296367836481223,0.296367836481223,0.226666666666667,0.0496044963748858,0.42,1.8,0.0158971482618176,100,0.158971482618176,0.888611111111111,100,0,0,"Prop_0.10",20,6.25e-05,"Medium","Beta",2000,FALSE
"BL276","MIMOSA2","BFDR",0.01,99,0.0380484758252098,99,0.378577554471387,0.378787878787879,0.000561167227833895,0.999438832772166,0.000561167227833895,0.000561167227833895,0.00505050505050505,0.0502518907629606,0.00505050505050505,0.0101010101010101,0.0101010101010101,0.767676767676768,0.0158106553336707,99,0.157314034294251,0.870089786756453,100,0.01,0.0099498743710662,"Prop_0.10",20,6.25e-05,"Medium","Beta",2000,TRUE
"BL276","MIMOSA2","BFDR",0.05,99,0.0386659769321047,99,0.384721612908985,0.429292929292929,0.00143854084054244,0.996071829405163,0.00143854084054244,0.00392817059483726,0.0142119160199078,0.141406778970226,0.0353535353535354,0.0258937351297639,0.0707070707070707,0.929292929292929,0.0158106553336707,99,0.157314034294251,0.870089786756453,100,0.01,0.0099498743710662,"Prop_0.10",20,6.25e-05,"Medium","Beta",2000,TRUE
"BL277","DiD","BH",0.01,100,0.0225370626284614,100,0.225370626284614,0.446,0.000938035294241931,0.998666666666667,0.000938035294241931,0.00133333333333333,0.00351763235340724,0.0351763235340724,0.005,0.014070529413629,0.02,2.25,0.00958956597209222,100,0.0958956597209221,0.880933333333333,100,0,0,"Prop_0.25",20,6.25e-05,"Medium","Beta",2000,FALSE
"BL277","DiD","BH",0.05,100,0.0218682926224756,100,0.218682926224756,0.516,0.00217732421580727,0.992,0.00217732421580727,0.008,0.00879334701576245,0.0879334701576245,0.0315,0.032659863237109,0.12,2.7,0.00958956597209222,100,0.0958956597209221,0.880933333333333,100,0,0,"Prop_0.25",20,6.25e-05,"Medium","Beta",2000,FALSE
"BL277","DiD","unadjusted",0.01,100,0.0206275289236241,100,0.206275289236241,0.526,0.00232490058679851,0.990666666666667,0.00232490058679851,0.00933333333333333,0.00975080934221785,0.0975080934221785,0.0381666666666667,0.0348735088019777,0.14,2.77,0.00958956597209222,100,0.0958956597209221,0.880933333333333,100,0,0,"Prop_0.25",20,6.25e-05,"Medium","Beta",2000,FALSE
"BL277","DiD","unadjusted",0.05,100,0.020031288656812,100,0.20031288656812,0.626,0.00494004457510662,0.961333333333333,0.00494004457510662,0.0386666666666667,0.0167494027983692,0.167494027983692,0.136690476190476,0.05,0.45,3.71,0.00958956597209222,100,0.0958956597209221,0.880933333333333,100,0,0,"Prop_0.25",20,6.25e-05,"Medium","Beta",2000,FALSE
"BL277","MIMOSA2","BFDR",0.01,100,0.0231595258233764,100,0.231595258233764,0.39,0.000666666666666667,0.999333333333333,0.000666666666666667,0.000666666666666667,0.005,0.05,0.005,0.01,0.01,1.96,0.011045257373086,100,0.11045257373086,0.843266666666667,100,0,0,"Prop_0.25",20,6.25e-05,"Medium","Beta",2000,FALSE
"BL277","MIMOSA2","BFDR",0.05,100,0.026006215263341,100,0.26006215263341,0.462,0.00209644025156813,0.992666666666667,0.00209644025156813,0.00733333333333333,0.00905047263928179,0.0905047263928179,0.0311666666666667,0.031446603773522,0.11,2.42,0.011045257373086,100,0.11045257373086,0.843266666666667,100,0,0,"Prop_0.25",20,6.25e-05,"Medium","Beta",2000,FALSE
"BL278","DiD","BH",0.01,100,0.0172617987756113,100,0.172617987756113,0.451,0,1,0,0,0,0,0,0,0,4.51,0.006843302041287,100,0.06843302041287,0.89005,100,0,0,"Prop_0.50",20,6.25e-05,"Medium","Beta",2000,FALSE
"BL278","DiD","BH",0.05,100,0.0178874144570867,100,0.178874144570867,0.518,0.00277797979063414,0.994,0.00277797979063414,0.006,0.00502097462998847,0.0502097462998847,0.0105515873015873,0.021904291355759,0.05,5.24,0.006843302041287,100,0.06843302041287,0.89005,100,0,0,"Prop_0.50",20,6.25e-05,"Medium","Beta",2000,FALSE
"BL278","DiD","unadjusted",0.01,100,0.0162045011828769,100,0.162045011828769,0.502,0.0014070529413629,0.998,0.0014070529413629,0.002,0.00386993940216523,0.0386993940216523,0.00533333333333333,0.014070529413629,0.02,5.04,0.006843302041287,100,0.06843302041287,0.89005,100,0,0,"Prop_0.50",20,6.25e-05,"Medium","Beta",2000,FALSE
"BL278","DiD","unadjusted",0.05,100,0.0141192611475791,100,0.141192611475791,0.608,0.00439926531974776,0.978,0.00439926531974776,0.022,0.00629365856517016,0.0629365856517016,0.0309166666666667,0.0409360180740332,0.21,6.3,0.006843302041287,100,0.06843302041287,0.89005,100,0,0,"Prop_0.50",20,6.25e-05,"Medium","Beta",2000,FALSE
"BL278","MIMOSA2","BFDR",0.01,100,0.0163085774048412,100,0.163085774048412,0.413,0.00171446607997765,0.997,0.00171446607997765,0.003,0.00306278987496397,0.0306278987496397,0.00525,0.0171446607997765,0.03,4.16,0.00805763801017583,100,0.0805763801017583,0.87035,100,0,0,"Prop_0.50",20,6.25e-05,"Medium","Beta",2000,FALSE
"BL278","MIMOSA2","BFDR",0.05,100,0.0172281188992902,100,0.172281188992902,0.496,0.00356186309210063,0.988,0.00356186309210063,0.012,0.00538102939900698,0.0538102939900698,0.0182738095238095,0.031446603773522,0.11,5.08,0.00805763801017583,100,0.0805763801017583,0.87035,100,0,0,"Prop_0.50",20,6.25e-05,"Medium","Beta",2000,FALSE
"BL279","DiD","BH",0.01,100,0.0139163768392571,100,0.139163768392571,0.454,0.00281410588272579,0.996,0.00281410588272579,0.004,0.00164657546044056,0.0164657546044056,0.00226190476190476,0.014070529413629,0.02,6.83,0.00757317019789204,100,0.0757317019789204,0.880533333333333,100,0,0,"Prop_0.75",20,6.25e-05,"Medium","Beta",2000,FALSE
"BL279","DiD","BH",0.05,100,0.0128482466149059,100,0.128482466149059,0.548666666666667,0.00712372618420127,0.976,0.00712372618420127,0.024,0.00357943024085667,0.0357943024085667,0.0122263014763015,0.031446603773522,0.11,8.35,0.00757317019789204,100,0.0757317019789204,0.880533333333333,100,0,0,"Prop_0.75",20,6.25e-05,"Medium","Beta",2000,FALSE
"BL279","DiD","unadjusted",0.01,100,0.0122222222222222,100,0.122222222222222,0.503333333333333,0.00477366513151884,0.988,0.00477366513151884,0.012,0.00302421766809656,0.0302421766809656,0.00748015873015873,0.0238683256575942,0.06,7.61,0.00757317019789204,100,0.0757317019789204,0.880533333333333,100,0,0,"Prop_0.75",20,6.25e-05,"Medium","Beta",2000,FALSE
"BL279","DiD","unadjusted",0.05,100,0.0114423357869091,100,0.114423357869091,0.604,0.00852802865422442,0.96,0.00852802865422442,0.04,0.00421532158421498,0.0421532158421498,0.01998001998002,0.0394277244403663,0.19,9.26,0.00757317019789204,100,0.0757317019789204,0.880533333333333,100,0,0,"Prop_0.75",20,6.25e-05,"Medium","Beta",2000,FALSE
"BL279","MIMOSA2","BFDR",0.01,100,0.0155091660382142,100,0.155091660382142,0.407333333333333,0.00393892771133865,0.992,0.00393892771133865,0.008,0.00220917586178368,0.0220917586178368,0.00435689310689311,0.0196946385566932,0.04,6.15,0.00866128815234272,100,0.0866128815234272,0.8616,100,0,0,"Prop_0.75",20,6.25e-05,"Medium","Beta",2000,FALSE
"BL279","MIMOSA2","BFDR",0.05,100,0.0147442088538188,100,0.147442088538188,0.517333333333333,0.00736905898354941,0.968,0.00736905898354941,0.032,0.00493838631710671,0.0493838631710671,0.0188300865800866,0.0368452949177471,0.16,7.92,0.00866128815234272,100,0.0866128815234272,0.8616,100,0,0,"Prop_0.75",20,6.25e-05,"Medium","Beta",2000,FALSE
"BL280","DiD","BH",0.01,100,0.0116582461194371,100,0.116582461194371,0.443333333333333,0.005,0.995,0.005,0.005,0.000769230769230769,0.00769230769230769,0.000769230769230769,0.01,0.01,7.99,0.00955441806387073,100,0.0955441806387073,0.88875,100,0,0,"Prop_0.90",20,6.25e-05,"Medium","Beta",2000,FALSE
"BL280","DiD","BH",0.05,100,0.0116773506741866,100,0.116773506741866,0.545,0.00857233039988826,0.985,0.00857233039988826,0.015,0.00144822736958987,0.0144822736958987,0.0025,0.0171446607997765,0.03,9.84,0.00955441806387073,100,0.0955441806387073,0.88875,100,0,0,"Prop_0.90",20,6.25e-05,"Medium","Beta",2000,FALSE
"BL280","DiD","unadjusted",0.01,100,0.0104844316558185,100,0.104844316558185,0.488333333333333,0.005,0.995,0.005,0.005,0.000714285714285714,0.00714285714285714,0.000714285714285714,0.01,0.01,8.8,0.00955441806387073,100,0.0955441806387073,0.88875,100,0,0,"Prop_0.90",20,6.25e-05,"Medium","Beta",2000,FALSE
"BL280","DiD","unadjusted",0.05,100,0.0104183593836033,100,0.104183593836033,0.595555555555556,0.0109521456778795,0.975,0.0109521456778795,0.025,0.00176685585931822,0.0176685585931822,0.00401165501165501,0.021904291355759,0.05,10.77,0.00955441806387073,100,0.0955441806387073,0.88875,100,0,0,"Prop_0.90",20,6.25e-05,"Medium","Beta",2000,FALSE
"BL280","MIMOSA2","BFDR",0.01,100,0.0119883761302222,100,0.119883761302222,0.416666666666667,0.005,0.995,0.005,0.005,0.001,0.01,0.001,0.01,0.01,7.51,0.0109865616851022,100,0.109865616851022,0.867361111111111,100,0,0,"Prop_0.90",20,6.25e-05,"Medium","Beta",2000,FALSE
"BL280","MIMOSA2","BFDR",0.05,100,0.0118571116274855,100,0.118571116274855,0.526666666666667,0.0146594334781051,0.965,0.0146594334781051,0.035,0.00233589084440936,0.0233589084440936,0.00578185703185703,0.0238683256575942,0.06,9.55,0.0109865616851022,100,0.109865616851022,0.867361111111111,100,0,0,"Prop_0.90",20,6.25e-05,"Medium","Beta",2000,FALSE
"BL281","DiD","BH",0.01,100,0.0300467275445958,100,0.300467275445958,0.446666666666667,0.000370370370370371,0.99962962962963,0.000370370370370371,0.000370370370370371,0.0025,0.025,0.0025,0.01,0.01,1.35,0.0118499600347169,100,0.118499600347169,0.896481481481481,100,0,0,"Prop_0.10",30,6.25e-05,"Medium","Beta",2000,FALSE
"BL281","DiD","BH",0.05,100,0.030857552595573,100,0.30857552595573,0.513333333333333,0.00102888140393857,0.997777777777778,0.00102888140393857,0.00222222222222222,0.00948446659658693,0.0948446659658693,0.02,0.021904291355759,0.05,1.6,0.0118499600347169,100,0.118499600347169,0.896481481481481,100,0,0,"Prop_0.10",30,6.25e-05,"Medium","Beta",2000,FALSE
"BL281","DiD","unadjusted",0.01,100,0.028458329944146,100,0.28458329944146,0.573333333333333,0.00164121987972444,0.994074074074074,0.00164121987972444,0.00592592592592593,0.0154832373788765,0.154832373788765,0.0566666666666667,0.0337997668989631,0.13,1.88,0.0118499600347169,100,0.118499600347169,0.896481481481481,100,0,0,"Prop_0.10",30,6.25e-05,"Medium","Beta",2000,FALSE
"BL281","DiD","unadjusted",0.05,100,0.0280211560287078,100,0.280211560287078,0.673333333333333,0.00306298623740406,0.972962962962963,0.00306298623740406,0.0270370370370371,0.0248165604441538,0.248165604441538,0.222833333333333,0.0502116731568678,0.52,2.75,0.0118499600347169,100,0.118499600347169,0.896481481481481,100,0,0,"Prop_0.10",30,6.25e-05,"Medium","Beta",2000,FALSE
"BL281","MIMOSA2","BFDR",0.01,100,0.0303366816518812,100,0.303366816518812,0.4,0.000370370370370371,0.99962962962963,0.000370370370370371,0.000370370370370371,0.005,0.05,0.005,0.01,0.01,1.21,0.0134522116271994,100,0.134522116271994,0.873148148148148,100,0,0,"Prop_0.10",30,6.25e-05,"Medium","Beta",2000,FALSE
"BL281","MIMOSA2","BFDR",0.05,100,0.0289645473917973,100,0.289645473917973,0.483333333333333,0.00129963228486959,0.996666666666667,0.00129963228486959,0.00333333333333334,0.0112656425729458,0.112656425729458,0.029,0.0256432399976243,0.07,1.54,0.0134522116271994,100,0.134522116271994,0.873148148148148,100,0,0,"Prop_0.10",30,6.25e-05,"Medium","Beta",2000,FALSE
"BL282","DiD","BH",0.01,100,0.0177240349283512,100,0.177240349283512,0.455,0.000639569518801316,0.999090909090909,0.000639569518801316,0.000909090909090908,0.00259045125614008,0.0259045125614008,0.00366666666666667,0.014070529413629,0.02,3.66,0.00653129806165266,100,0.0653129806165266,0.895568181818182,100,0,0,"Prop_0.25",30,6.25e-05,"Medium","Beta",2000,FALSE
"BL282","DiD","BH",0.05,100,0.0180185615576289,100,0.180185615576289,0.53375,0.00166666666666667,0.994090909090909,0.00166666666666667,0.0059090909090909,0.00614685252873261,0.0614685252873261,0.0218333333333333,0.032659863237109,0.12,4.4,0.00653129806165266,100,0.0653129806165266,0.895568181818182,100,0,0,"Prop_0.25",30,6.25e-05,"Medium","Beta",2000,FALSE
"BL282","DiD","unadjusted",0.01,100,0.0167963703089553,100,0.167963703089553,0.54375,0.00166666666666667,0.994090909090909,0.00166666666666667,0.0059090909090909,0.00619859745896802,0.0619859745896802,0.0220714285714286,0.032659863237109,0.12,4.48,0.00653129806165266,100,0.0653129806165266,0.895568181818182,100,0,0,"Prop_0.25",30,6.25e-05,"Medium","Beta",2000,FALSE
"BL282","DiD","unadjusted",0.05,100,0.016292678996681,100,0.16292678996681,0.63625,0.00347044574306585,0.966818181818182,0.00347044574306585,0.0331818181818182,0.0123842091057064,0.123842091057063,0.116980158730159,0.05,0.55,5.82,0.00653129806165266,100,0.0653129806165266,0.895568181818182,100,0,0,"Prop_0.25",30,6.25e-05,"Medium","Beta",2000,FALSE
"BL282","MIMOSA2","BFDR",0.01,100,0.0172144818056886,100,0.172144818056886,0.415,0.000779302763626205,0.998636363636364,0.000779302763626205,0.00136363636363636,0.00357424852594955,0.0357424852594955,0.00616666666666667,0.0171446607997765,0.03,3.35,0.00860062493467459,100,0.0860062493467459,0.8690625,100,0,0,"Prop_0.25",30,6.25e-05,"Medium","Beta",2000,FALSE
"BL282","MIMOSA2","BFDR",0.05,100,0.0171796067734069,100,0.171796067734069,0.4875,0.00190506374839957,0.991363636363636,0.00190506374839957,0.00863636363636363,0.00833828536526296,0.0833828536526296,0.0371349206349206,0.0386122919665369,0.18,4.09,0.00860062493467459,100,0.0860062493467459,0.8690625,100,0,0,"Prop_0.25",30,6.25e-05,"Medium","Beta",2000,FALSE
"BL283","DiD","BH",0.01,100,0.013570946718533,100,0.13570946718533,0.450666666666667,0.000666666666666667,0.999333333333333,0.000666666666666667,0.000666666666666667,0.00125,0.0125,0.00125,0.01,0.01,6.77,0.00612314904552347,100,0.0612314904552347,0.891555555555556,100,0,0,"Prop_0.50",30,6.25e-05,"Medium","Beta",2000,FALSE
"BL283","DiD","BH",0.05,100,0.0142424099147431,100,0.142424099147431,0.530666666666667,0.00237457539473376,0.992,0.00237457539473376,0.008,0.00351177160898564,0.0351177160898564,0.0119402264402264,0.031446603773522,0.11,8.08,0.00612314904552347,100,0.0612314904552347,0.891555555555556,100,0,0,"Prop_0.50",30,6.25e-05,"Medium","Beta",2000,FALSE
"BL283","DiD","unadjusted",0.01,100,0.0133964834489915,100,0.133964834489915,0.512,0.00146028609038394,0.996666666666667,0.00146028609038394,0.00333333333333333,0.00269327288745709,0.0269327288745709,0.00607936507936508,0.021904291355759,0.05,7.73,0.00612314904552347,100,0.0612314904552347,0.891555555555556,100,0,0,"Prop_0.50",30,6.25e-05,"Medium","Beta",2000,FALSE
"BL283","DiD","unadjusted",0.05,100,0.013126168378331,100,0.13126168378331,0.607333333333333,0.00444444444444444,0.973333333333333,0.00444444444444444,0.0266666666666667,0.00698821978753736,0.0698821978753736,0.0425908813408813,0.0468826172262151,0.32,9.51,0.00612314904552347,100,0.0612314904552347,0.891555555555556,100,0,0,"Prop_0.50",30,6.25e-05,"Medium","Beta",2000,FALSE
"BL283","MIMOSA2","BFDR",0.01,100,0.0139609845966927,100,0.139609845966927,0.418666666666667,0.000938035294241931,0.998666666666667,0.000938035294241931,0.00133333333333333,0.00189040073456696,0.0189040073456696,0.00257575757575758,0.014070529413629,0.02,6.3,0.00649734700815702,100,0.0649734700815702,0.869733333333333,100,0,0,"Prop_0.50",30,6.25e-05,"Medium","Beta",2000,FALSE
"BL283","MIMOSA2","BFDR",0.05,100,0.0138192598079133,100,0.138192598079133,0.512666666666667,0.00312191486319199,0.984666666666667,0.00312191486319199,0.0153333333333333,0.00501528859145515,0.0501528859145515,0.0244243534243534,0.0409360180740332,0.21,7.92,0.00649734700815702,100,0.0649734700815702,0.869733333333333,100,0,0,"Prop_0.50",30,6.25e-05,"Medium","Beta",2000,FALSE
"BL284","DiD","BH",0.01,100,0.0108942188570962,100,0.108942188570962,0.461739130434783,0.00142857142857143,0.998571428571429,0.00142857142857143,0.00142857142857143,0.000769230769230769,0.00769230769230769,0.000769230769230769,0.01,0.01,10.63,0.00600941181039602,100,0.0600941181039602,0.887888198757764,100,0,0,"Prop_0.75",30,6.25e-05,"Medium","Beta",2000,FALSE
"BL284","DiD","BH",0.05,100,0.0116762577291723,100,0.116762577291723,0.556521739130435,0.00430730492253948,0.985714285714286,0.00430730492253948,0.0142857142857143,0.00212516092965553,0.0212516092965553,0.00697246625923096,0.0301511344577764,0.1,12.9,0.00600941181039602,100,0.0600941181039602,0.887888198757764,100,0,0,"Prop_0.75",30,6.25e-05,"Medium","Beta",2000,FALSE
"BL284","DiD","unadjusted",0.01,100,0.0102799224639995,100,0.102799224639995,0.514782608695652,0.00244923725711093,0.995714285714286,0.00244923725711093,0.00428571428571429,0.00137478029010631,0.0137478029010631,0.00239260739260739,0.0171446607997765,0.03,11.87,0.00600941181039602,100,0.0600941181039602,0.887888198757764,100,0,0,"Prop_0.75",30,6.25e-05,"Medium","Beta",2000,FALSE
"BL284","DiD","unadjusted",0.05,100,0.00924598030712583,100,0.0924598030712583,0.620434782608696,0.00574307323005264,0.971428571428571,0.00574307323005264,0.0285714285714286,0.00263599126912346,0.0263599126912346,0.0129965897965124,0.0402015126103685,0.2,14.47,0.00600941181039602,100,0.0600941181039602,0.887888198757764,100,0,0,"Prop_0.75",30,6.25e-05,"Medium","Beta",2000,FALSE
"BL284","MIMOSA2","BFDR",0.01,100,0.0104999974995246,100,0.104999974995246,0.426521739130435,0.00201007563051842,0.997142857142857,0.00201007563051842,0.00285714285714286,0.00142849854785161,0.0142849854785161,0.00202020202020202,0.014070529413629,0.02,9.83,0.0070147292993554,100,0.070147292993554,0.859316770186335,100,0,0,"Prop_0.75",30,6.25e-05,"Medium","Beta",2000,FALSE
"BL284","MIMOSA2","BFDR",0.05,100,0.0103753246739418,100,0.103753246739418,0.535652173913043,0.0048285381284233,0.981428571428571,0.0048285381284233,0.0185714285714286,0.00267032242743515,0.0267032242743515,0.0100722651531475,0.0337997668989631,0.13,12.45,0.0070147292993554,100,0.070147292993554,0.859316770186335,100,0,0,"Prop_0.75",30,6.25e-05,"Medium","Beta",2000,FALSE
"BL285","DiD","BH",0.01,100,0.0108740772341434,100,0.108740772341434,0.47,0.00333333333333333,0.996666666666667,0.00333333333333333,0.00333333333333333,0.000833333333333333,0.00833333333333333,0.000833333333333333,0.01,0.01,12.7,0.00746758972722587,100,0.0746758972722587,0.887098765432099,100,0,0,"Prop_0.90",30,6.25e-05,"Medium","Beta",2000,FALSE
"BL285","DiD","BH",0.05,100,0.0107552438945301,100,0.107552438945301,0.575555555555555,0.0079561085525314,0.98,0.0079561085525314,0.02,0.00140624263884104,0.0140624263884104,0.00350980392156863,0.0238683256575942,0.06,15.6,0.00746758972722587,100,0.0746758972722587,0.887098765432099,100,0,0,"Prop_0.90",30,6.25e-05,"Medium","Beta",2000,FALSE
"BL285","DiD","unadjusted",0.01,100,0.00994720792227664,100,0.0994720792227664,0.512222222222222,0.00571488693325884,0.99,0.00571488693325884,0.01,0.00135647429503822,0.0135647429503822,0.00237179487179487,0.0171446607997765,0.03,13.86,0.00746758972722587,100,0.0746758972722587,0.887098765432099,100,0,0,"Prop_0.90",30,6.25e-05,"Medium","Beta",2000,FALSE
"BL285","DiD","unadjusted",0.05,100,0.00940299951818746,100,0.0940299951818746,0.623333333333333,0.0102494148638108,0.973333333333333,0.0102494148638108,0.0266666666666667,0.00165648395288693,0.0165648395288693,0.00431003980539584,0.0256432399976243,0.07,16.91,0.00746758972722587,100,0.0746758972722587,0.887098765432099,100,0,0,"Prop_0.90",30,6.25e-05,"Medium","Beta",2000,FALSE
"BL285","MIMOSA2","BFDR",0.01,100,0.00937296439313694,100,0.0937296439313694,0.439259259259259,0.00469017647120966,0.993333333333333,0.00469017647120966,0.00666666666666667,0.00101281805395431,0.0101281805395431,0.00143589743589744,0.014070529413629,0.02,11.88,0.00692142267593848,100,0.0692142267593848,0.859567901234568,100,0,0,"Prop_0.90",30,6.25e-05,"Medium","Beta",2000,FALSE
"BL285","MIMOSA2","BFDR",0.05,100,0.00964831707128913,100,0.0964831707128913,0.554074074074074,0.00958744970882205,0.97,0.00958744970882205,0.03,0.00181030077455914,0.0181030077455914,0.00559126369846184,0.0287623491264661,0.09,15.05,0.00692142267593848,100,0.0692142267593848,0.859567901234568,100,0,0,"Prop_0.90",30,6.25e-05,"Medium","Beta",2000,FALSE
"BL286","DiD","BH",0.01,100,0.0212574407650307,100,0.212574407650307,0.408,0,1,0,0,0,0,0,0,0,2.04,0.00869047321661883,100,0.0869047321661883,0.894866666666667,100,0,0,"Prop_0.10",50,6.25e-05,"Medium","Beta",2000,FALSE
"BL286","DiD","BH",0.05,100,0.0214720866487285,100,0.214720866487285,0.466,0.000569849777724985,0.998444444444444,0.000569849777724985,0.00155555555555556,0.00750233783241861,0.0750233783241861,0.02,0.0256432399976243,0.07,2.4,0.00869047321661883,100,0.0869047321661883,0.894866666666667,100,0,0,"Prop_0.10",50,6.25e-05,"Medium","Beta",2000,FALSE
"BL286","DiD","unadjusted",0.01,100,0.0210818510677892,100,0.210818510677892,0.52,0.00113882387375675,0.995555555555556,0.00113882387375675,0.00444444444444445,0.0122244717856319,0.122244717856319,0.0496666666666667,0.0368452949177471,0.16,2.8,0.00869047321661883,100,0.0869047321661883,0.894866666666667,100,0,0,"Prop_0.10",50,6.25e-05,"Medium","Beta",2000,FALSE
"BL286","DiD","unadjusted",0.05,100,0.0206353624106334,100,0.206353624106334,0.638,0.00270271187010373,0.970222222222222,0.00270271187010373,0.0297777777777778,0.0198911054870849,0.198911054870849,0.263559523809524,0.0451260859854213,0.72,4.53,0.00869047321661883,100,0.0869047321661883,0.894866666666667,100,0,0,"Prop_0.10",50,6.25e-05,"Medium","Beta",2000,FALSE
"BL286","MIMOSA2","BFDR",0.01,100,0.0214466686447941,100,0.214466686447941,0.392,0.000222222222222223,0.999777777777778,0.000222222222222223,0.000222222222222223,0.0025,0.025,0.0025,0.01,0.01,1.97,0.0112052886432145,100,0.112052886432145,0.876244444444444,100,0,0,"Prop_0.10",50,6.25e-05,"Medium","Beta",2000,FALSE
"BL286","MIMOSA2","BFDR",0.05,100,0.0220522794808843,100,0.220522794808843,0.484,0.000725774738602424,0.997333333333333,0.000725774738602424,0.00266666666666667,0.0107501337657744,0.107501337657744,0.0375,0.032659863237109,0.12,2.54,0.0112052886432145,100,0.112052886432145,0.876244444444444,100,0,0,"Prop_0.10",50,6.25e-05,"Medium","Beta",2000,FALSE
"BL287","DiD","BH",0.01,100,0.0172899416875092,100,0.172899416875092,0.406153846153846,0.000380284578746728,0.999459459459459,0.000380284578746728,0.000540540540540539,0.00234508823560483,0.0234508823560483,0.00333333333333333,0.014070529413629,0.02,5.3,0.00611180350501158,100,0.0611180350501158,0.891424116424116,100,0,0,"Prop_0.25",50,6.25e-05,"Medium","Beta",2000,FALSE
"BL287","DiD","BH",0.05,100,0.0161937568907824,100,0.161937568907824,0.488461538461538,0.00109025590822279,0.995405405405405,0.00109025590822279,0.00459459459459459,0.00544032914302828,0.0544032914302828,0.0231746031746032,0.0368452949177471,0.16,6.52,0.00611180350501158,100,0.0611180350501158,0.891424116424116,100,0,0,"Prop_0.25",50,6.25e-05,"Medium","Beta",2000,FALSE
"BL287","DiD","unadjusted",0.01,100,0.0143897439220319,100,0.143897439220319,0.512307692307692,0.00117117117117117,0.994324324324324,0.00117117117117117,0.00567567567567567,0.00603797662217782,0.0603797662217782,0.0293809523809524,0.0402015126103685,0.2,6.87,0.00611180350501158,100,0.0611180350501158,0.891424116424116,100,0,0,"Prop_0.25",50,6.25e-05,"Medium","Beta",2000,FALSE
"BL287","DiD","unadjusted",0.05,100,0.0135238318921774,100,0.135238318921774,0.630769230769231,0.00291178692096411,0.972162162162162,0.00291178692096411,0.0278378378378378,0.0103763522438502,0.103763522438502,0.106098457098457,0.048523658709391,0.63,9.23,0.00611180350501158,100,0.0611180350501158,0.891424116424116,100,0,0,"Prop_0.25",50,6.25e-05,"Medium","Beta",2000,FALSE
"BL287","MIMOSA2","BFDR",0.01,100,0.0146204955689596,100,0.146204955689596,0.38,0.000532287528559276,0.998918918918919,0.000532287528559276,0.00108108108108108,0.00292775237487042,0.0292775237487042,0.00587301587301587,0.0196946385566932,0.04,4.98,0.00696557957238118,100,0.0696557957238118,0.872089397089397,100,0,0,"Prop_0.25",50,6.25e-05,"Medium","Beta",2000,FALSE
"BL287","MIMOSA2","BFDR",0.05,100,0.0151613559578983,100,0.151613559578983,0.477692307692308,0.00132265462722843,0.993783783783784,0.00132265462722843,0.00621621621621621,0.00684547674399785,0.0684547674399785,0.0322539682539683,0.0402015126103685,0.2,6.44,0.00696557957238118,100,0.0696557957238118,0.872089397089397,100,0,0,"Prop_0.25",50,6.25e-05,"Medium","Beta",2000,FALSE
"BL288","DiD","BH",0.01,100,0.0111014422577438,100,0.111014422577438,0.4352,0.000876171654230362,0.998,0.000876171654230362,0.002,0.00183521126483122,0.0183521126483122,0.00410790598290598,0.021904291355759,0.05,10.93,0.00453559579906822,100,0.0453559579906822,0.881448,100,0,0,"Prop_0.50",50,6.25e-05,"Medium","Beta",2000,FALSE
"BL288","DiD","BH",0.05,100,0.0105486654812039,100,0.105486654812039,0.5228,0.00215556596894288,0.99,0.00215556596894288,0.01,0.00359978387772748,0.0359978387772748,0.0163918010094481,0.0402015126103685,0.2,13.32,0.00453559579906822,100,0.0453559579906822,0.881448,100,0,0,"Prop_0.50",50,6.25e-05,"Medium","Beta",2000,FALSE
"BL288","DiD","unadjusted",0.01,100,0.00954555266904833,100,0.0954555266904833,0.5044,0.00185929279484693,0.9924,0.00185929279484693,0.0076,0.00332933478235046,0.0332933478235046,0.0132396337322808,0.0368452949177471,0.16,12.8,0.00453559579906822,100,0.0453559579906822,0.881448,100,0,0,"Prop_0.50",50,6.25e-05,"Medium","Beta",2000,FALSE
"BL288","DiD","unadjusted",0.05,100,0.00946393473170967,100,0.0946393473170967,0.6036,0.00353133162281639,0.9688,0.00353133162281639,0.0312,0.00494958430785263,0.0494958430785263,0.0457211211392965,0.0500908265962033,0.54,15.87,0.00453559579906822,100,0.0453559579906822,0.881448,100,0,0,"Prop_0.50",50,6.25e-05,"Medium","Beta",2000,FALSE
"BL288","MIMOSA2","BFDR",0.01,100,0.0106563586556562,100,0.106563586556562,0.4176,0.00078778554226773,0.9984,0.00078778554226773,0.0016,0.00208479654451788,0.0208479654451788,0.00389423076923077,0.0196946385566932,0.04,10.48,0.00459649377133256,100,0.0459649377133256,0.861616,100,0,0,"Prop_0.50",50,6.25e-05,"Medium","Beta",2000,FALSE
"BL288","MIMOSA2","BFDR",0.05,100,0.0108185400161393,100,0.108185400161393,0.5164,0.00241577308453414,0.9868,0.00241577308453414,0.0132,0.00392538168577873,0.0392538168577873,0.0222326094528107,0.0446196043338474,0.27,13.24,0.00459649377133256,100,0.0459649377133256,0.861616,100,0,0,"Prop_0.50",50,6.25e-05,"Medium","Beta",2000,FALSE
"BL289","DiD","BH",0.01,100,0.00908881379922025,100,0.0908881379922025,0.472894736842105,0.000833333333333334,0.999166666666667,0.000833333333333334,0.000833333333333334,0.000454545454545455,0.00454545454545455,0.000454545454545455,0.01,0.01,17.98,0.00550296491876673,100,0.0550296491876673,0.889495614035088,100,0,0,"Prop_0.75",50,6.25e-05,"Medium","Beta",2000,FALSE
"BL289","DiD","BH",0.05,100,0.00911989279916653,100,0.0911989279916653,0.565789473684211,0.00410646748390981,0.988333333333333,0.00410646748390981,0.0116666666666667,0.00196273678604704,0.0196273678604704,0.00571522921522922,0.031446603773522,0.11,21.64,0.00550296491876673,100,0.0550296491876673,0.889495614035088,100,0,0,"Prop_0.75",50,6.25e-05,"Medium","Beta",2000,FALSE
"BL289","DiD","unadjusted",0.01,100,0.00808628168799084,100,0.0808628168799084,0.521578947368421,0.00213693666646869,0.994166666666667,0.00213693666646869,0.00583333333333334,0.001231198084355,0.01231198084355,0.00334343434343434,0.0256432399976243,0.07,19.89,0.00550296491876673,100,0.0550296491876673,0.889495614035088,100,0,0,"Prop_0.75",50,6.25e-05,"Medium","Beta",2000,FALSE
"BL289","DiD","unadjusted",0.05,100,0.00754385964912281,100,0.0754385964912281,0.621578947368421,0.00471627670872543,0.9775,0.00471627670872543,0.0225,0.00233165417233619,0.0233165417233619,0.0114330220556027,0.0429234695990928,0.24,23.89,0.00550296491876673,100,0.0550296491876673,0.889495614035088,100,0,0,"Prop_0.75",50,6.25e-05,"Medium","Beta",2000,FALSE
"BL289","MIMOSA2","BFDR",0.01,100,0.00979603971119635,100,0.0979603971119635,0.446315789473684,0.000833333333333334,0.999166666666667,0.000833333333333334,0.000833333333333334,0.001,0.01,0.001,0.01,0.01,16.97,0.00608929686198652,100,0.0608929686198652,0.868366228070175,100,0,0,"Prop_0.75",50,6.25e-05,"Medium","Beta",2000,FALSE
"BL289","MIMOSA2","BFDR",0.05,100,0.00985566249495262,100,0.0985566249495262,0.560263157894737,0.00349261687206589,0.984166666666667,0.00349261687206589,0.0158333333333333,0.0020479584241946,0.020479584241946,0.00903483123157036,0.0386122919665369,0.18,21.48,0.00608929686198652,100,0.0608929686198652,0.868366228070175,100,0,0,"Prop_0.75",50,6.25e-05,"Medium","Beta",2000,FALSE
"BL290","DiD","BH",0.01,100,0.00786467411213814,100,0.0786467411213815,0.462222222222222,0.00281410588272579,0.996,0.00281410588272579,0.004,0.000717412292072749,0.00717412292072749,0.00100490196078431,0.014070529413629,0.02,20.82,0.00560187158078725,100,0.0560187158078725,0.884466666666667,100,0,0,"Prop_0.90",50,6.25e-05,"Medium","Beta",2000,FALSE
"BL290","DiD","BH",0.05,100,0.00839773839945696,100,0.0839773839945696,0.564222222222222,0.00786502294075395,0.974,0.00786502294075395,0.026,0.00138645754202453,0.0138645754202453,0.00467344774407936,0.031446603773522,0.11,25.52,0.00560187158078725,100,0.0560187158078725,0.884466666666667,100,0,0,"Prop_0.90",50,6.25e-05,"Medium","Beta",2000,FALSE
"BL290","DiD","unadjusted",0.01,100,0.00715823332096274,100,0.0715823332096274,0.505333333333333,0.00438085827115181,0.99,0.00438085827115181,0.01,0.000959210327958425,0.00959210327958425,0.00217747252747253,0.021904291355759,0.05,22.79,0.00560187158078725,100,0.0560187158078725,0.884466666666667,100,0,0,"Prop_0.90",50,6.25e-05,"Medium","Beta",2000,FALSE
"BL290","DiD","unadjusted",0.05,100,0.00713589955623102,100,0.0713589955623102,0.612,0.00885118265224678,0.962,0.00885118265224678,0.038,0.00153314948696097,0.0153314948696097,0.00670215332241194,0.0377525168068637,0.17,27.73,0.00560187158078725,100,0.0560187158078725,0.884466666666667,100,0,0,"Prop_0.90",50,6.25e-05,"Medium","Beta",2000,FALSE
"BL290","MIMOSA2","BFDR",0.01,100,0.00681375339413779,100,0.0681375339413779,0.434444444444444,0.00281410588272579,0.996,0.00281410588272579,0.004,0.000768165991565639,0.00768165991565639,0.00108823529411765,0.014070529413629,0.02,19.57,0.00659646199766543,100,0.0659646199766543,0.850288888888889,100,0,0,"Prop_0.90",50,6.25e-05,"Medium","Beta",2000,FALSE
"BL290","MIMOSA2","BFDR",0.05,100,0.00681335074303931,100,0.0681335074303931,0.545777777777778,0.00736905898354941,0.968,0.00736905898354941,0.032,0.00149709607006475,0.0149709607006475,0.00645528569235663,0.0368452949177471,0.16,24.72,0.00659646199766543,100,0.0659646199766543,0.850288888888889,100,0,0,"Prop_0.90",50,6.25e-05,"Medium","Beta",2000,FALSE
"BL291","DiD","BH",0.01,100,0.0187167213091838,100,0.187167213091838,0.3725,0,1,0,0,0,0,0,0,0,2.98,0.00699484482219906,100,0.0699484482219906,0.878190298507463,100,0,0,"Prop_0.10",75,6.25e-05,"Medium","Beta",2000,FALSE
"BL291","DiD","BH",0.05,100,0.0185490068889323,100,0.185490068889323,0.425,0.000406955110961629,0.998805970149254,0.000406955110961629,0.00119402985074627,0.00619918172797997,0.0619918172797997,0.0176666666666667,0.0272659924344291,0.08,3.48,0.00699484482219906,100,0.0699484482219906,0.878190298507463,100,0,0,"Prop_0.10",75,6.25e-05,"Medium","Beta",2000,FALSE
"BL291","DiD","unadjusted",0.01,100,0.0161784555580075,100,0.161784555580075,0.495,0.000905517367099099,0.994925373134328,0.000905517367099099,0.00507462686567165,0.0116743010330697,0.116743010330697,0.0652619047619048,0.0446196043338474,0.27,4.3,0.00699484482219906,100,0.0699484482219906,0.878190298507463,100,0,0,"Prop_0.10",75,6.25e-05,"Medium","Beta",2000,FALSE
"BL291","DiD","unadjusted",0.05,100,0.0155008960314486,100,0.155008960314486,0.595,0.00205562471669112,0.968507462686567,0.00205562471669112,0.0314925373134328,0.0157657286682752,0.157657286682752,0.289122294372294,0.032659863237109,0.88,6.87,0.00699484482219906,100,0.0699484482219906,0.878190298507463,100,0,0,"Prop_0.10",75,6.25e-05,"Medium","Beta",2000,FALSE
"BL291","MIMOSA2","BFDR",0.01,100,0.0169017511494872,100,0.169017511494872,0.3625,0.000210007901695955,0.999701492537313,0.000210007901695955,0.000298507462686568,0.00351763235340724,0.0351763235340724,0.005,0.014070529413629,0.02,2.92,0.00783520189704003,100,0.0783520189704003,0.864794776119403,100,0,0,"Prop_0.10",75,6.25e-05,"Medium","Beta",2000,FALSE
"BL291","MIMOSA2","BFDR",0.05,100,0.0174127514810674,100,0.174127514810674,0.45875,0.000831821535854796,0.996268656716418,0.000831821535854796,0.0037313432835821,0.0110567615302895,0.110567615302895,0.0499523809523809,0.0402015126103685,0.2,3.92,0.00783520189704003,100,0.0783520189704003,0.864794776119403,100,0,0,"Prop_0.10",75,6.25e-05,"Medium","Beta",2000,FALSE
"BL292","DiD","BH",0.01,100,0.0120478029742728,100,0.120478029742728,0.392105263157895,0.000178571428571429,0.999821428571429,0.000178571428571429,0.000178571428571429,0.00142857142857143,0.0142857142857143,0.00142857142857143,0.01,0.01,7.46,0.00441341485276376,100,0.0441341485276376,0.884299812030075,100,0,0,"Prop_0.25",75,6.25e-05,"Medium","Beta",2000,FALSE
"BL292","DiD","BH",0.05,100,0.0118517002890968,100,0.118517002890968,0.463157894736842,0.000657951694959771,0.997142857142857,0.000657951694959771,0.00285714285714286,0.0040221369728964,0.040221369728964,0.0169329004329004,0.0368452949177471,0.16,8.96,0.00441341485276376,100,0.0441341485276376,0.884299812030075,100,0,0,"Prop_0.25",75,6.25e-05,"Medium","Beta",2000,FALSE
"BL292","DiD","unadjusted",0.01,100,0.0111866260643203,100,0.111866260643203,0.487368421052632,0.000814371467092981,0.99625,0.000814371467092981,0.00375000000000001,0.0046514671340194,0.046514671340194,0.0205834443334443,0.0394277244403663,0.19,9.47,0.00441341485276376,100,0.0441341485276376,0.884299812030075,100,0,0,"Prop_0.25",75,6.25e-05,"Medium","Beta",2000,FALSE
"BL292","DiD","unadjusted",0.05,100,0.00969887131945924,100,0.0969887131945924,0.61,0.0020471502282186,0.970178571428571,0.0020471502282186,0.0298214285714286,0.00786061715201913,0.0786061715201913,0.121740305403231,0.0358870281282637,0.85,13.26,0.00441341485276376,100,0.0441341485276376,0.884299812030075,100,0,0,"Prop_0.25",75,6.25e-05,"Medium","Beta",2000,FALSE
"BL292","MIMOSA2","BFDR",0.01,100,0.011900705620188,100,0.11900705620188,0.383157894736842,0.000306154657138867,0.999464285714286,0.000306154657138867,0.000535714285714287,0.00175897652517417,0.0175897652517417,0.00301923076923077,0.0171446607997765,0.03,7.31,0.00488549669255108,100,0.0488549669255108,0.877368421052632,100,0,0,"Prop_0.25",75,6.25e-05,"Medium","Beta",2000,FALSE
"BL292","MIMOSA2","BFDR",0.05,100,0.0117658065397641,100,0.117658065397641,0.486842105263158,0.000925451245742165,0.994821428571429,0.000925451245742165,0.00517857142857144,0.00497292859316591,0.0497292859316591,0.0275695276945277,0.0440844002276808,0.26,9.54,0.00488549669255108,100,0.0488549669255108,0.877368421052632,100,0,0,"Prop_0.25",75,6.25e-05,"Medium","Beta",2000,FALSE
"BL293","DiD","BH",0.01,100,0.00859775240561576,100,0.0859775240561576,0.432894736842105,0.000814895525885846,0.997297297297297,0.000814895525885846,0.0027027027027027,0.00162693241933802,0.0162693241933802,0.00534395033930638,0.0301511344577764,0.1,16.55,0.00368811655572808,100,0.0368811655572808,0.877798719772404,100,0,0,"Prop_0.50",75,6.25e-05,"Medium","Beta",2000,FALSE
"BL293","DiD","BH",0.05,100,0.00887893269889219,100,0.0887893269889219,0.518421052631579,0.0018604302616594,0.987297297297297,0.0018604302616594,0.0127027027027027,0.00315443277904522,0.0315443277904522,0.0218001167581807,0.048523658709391,0.37,20.17,0.00368811655572808,100,0.0368811655572808,0.877798719772404,100,0,0,"Prop_0.50",75,6.25e-05,"Medium","Beta",2000,FALSE
"BL293","DiD","unadjusted",0.01,100,0.0078466995023633,100,0.078466995023633,0.497631578947368,0.00134697626467147,0.992162162162162,0.00134697626467147,0.00783783783783782,0.00253256778422391,0.0253256778422391,0.0146123785399327,0.0446196043338474,0.27,19.2,0.00368811655572808,100,0.0368811655572808,0.877798719772404,100,0,0,"Prop_0.50",75,6.25e-05,"Medium","Beta",2000,FALSE
"BL293","DiD","unadjusted",0.05,100,0.00784567423577375,100,0.0784567423577375,0.605789473684211,0.00291089989574838,0.960540540540541,0.00291089989574838,0.0394594594594594,0.00402739761753653,0.0402739761753653,0.058315528546492,0.0386122919665369,0.82,24.48,0.00368811655572808,100,0.0368811655572808,0.877798719772404,100,0,0,"Prop_0.50",75,6.25e-05,"Medium","Beta",2000,FALSE
"BL293","MIMOSA2","BFDR",0.01,100,0.00902858191624457,100,0.0902858191624457,0.417631578947368,0.000777360787201786,0.997567567567568,0.000777360787201786,0.00243243243243243,0.00195279109056097,0.0195279109056097,0.00596205183705184,0.0287623491264661,0.09,15.96,0.00394796898567577,100,0.0394796898567577,0.860807254623044,100,0,0,"Prop_0.50",75,6.25e-05,"Medium","Beta",2000,FALSE
"BL293","MIMOSA2","BFDR",0.05,100,0.00921739699687935,100,0.0921739699687935,0.529473684210526,0.00204428904331829,0.984864864864865,0.00204428904331829,0.0151351351351351,0.00343941551310727,0.0343941551310727,0.0250409017423295,0.0496044963748858,0.42,20.68,0.00394796898567577,100,0.0394796898567577,0.860807254623044,100,0,0,"Prop_0.50",75,6.25e-05,"Medium","Beta",2000,FALSE
"BL294","DiD","BH",0.01,100,0.00684053103736998,100,0.0684053103736998,0.449107142857143,0.00115285743977679,0.997368421052632,0.00115285743977679,0.00263157894736842,0.000837314643223194,0.00837314643223194,0.00189502164502165,0.021904291355759,0.05,25.2,0.00351698422356485,100,0.0351698422356485,0.888364661654135,100,0,0,"Prop_0.75",75,6.25e-05,"Medium","Beta",2000,FALSE
"BL294","DiD","BH",0.05,100,0.0073548974564243,100,0.073548974564243,0.550714285714286,0.00308936812581013,0.982631578947368,0.00308936812581013,0.0173684210526316,0.00176308984912111,0.0176308984912111,0.0100187092174308,0.0446196043338474,0.27,31.17,0.00351698422356485,100,0.0351698422356485,0.888364661654135,100,0,0,"Prop_0.75",75,6.25e-05,"Medium","Beta",2000,FALSE
"BL294","DiD","unadjusted",0.01,100,0.00618514068270834,100,0.0618514068270834,0.504107142857143,0.00232925859269652,0.99,0.00232925859269652,0.01,0.00150892500380987,0.0150892500380987,0.00648107423103092,0.0377525168068637,0.17,28.42,0.00351698422356485,100,0.0351698422356485,0.888364661654135,100,0,0,"Prop_0.75",75,6.25e-05,"Medium","Beta",2000,FALSE
"BL294","DiD","unadjusted",0.05,100,0.00636046980732256,100,0.0636046980732256,0.621428571428571,0.00431165113243667,0.965263157894737,0.00431165113243667,0.0347368421052632,0.00229583701954673,0.0229583701954673,0.0183864971061366,0.0501613558046592,0.47,35.46,0.00351698422356485,100,0.0351698422356485,0.888364661654135,100,0,0,"Prop_0.75",75,6.25e-05,"Medium","Beta",2000,FALSE
"BL294","MIMOSA2","BFDR",0.01,100,0.00612530210782971,100,0.0612530210782971,0.436785714285714,0.000902350568409292,0.998421052631579,0.000902350568409292,0.00157894736842105,0.000675881508134794,0.00675881508134794,0.00117816091954023,0.0171446607997765,0.03,24.49,0.00389876215172286,100,0.0389876215172286,0.870606203007519,100,0,0,"Prop_0.75",75,6.25e-05,"Medium","Beta",2000,FALSE
"BL294","MIMOSA2","BFDR",0.05,100,0.00581895923158583,100,0.0581895923158583,0.558214285714286,0.00310427632793668,0.982105263157895,0.00310427632793668,0.0178947368421053,0.00189198721122268,0.0189198721122268,0.0108275856819481,0.0451260859854213,0.28,31.6,0.00389876215172286,100,0.0389876215172286,0.870606203007519,100,0,0,"Prop_0.75",75,6.25e-05,"Medium","Beta",2000,FALSE
"BL295","DiD","BH",0.01,100,0.00631946904974122,100,0.0631946904974122,0.466470588235294,0.00142857142857143,0.998571428571429,0.00142857142857143,0.00142857142857143,0.000256410256410256,0.00256410256410256,0.000256410256410256,0.01,0.01,31.73,0.0038223322128965,100,0.038223322128965,0.885535714285714,100,0,0,"Prop_0.90",75,6.25e-05,"Medium","Beta",2000,FALSE
"BL295","DiD","BH",0.05,100,0.00591353884157712,100,0.0591353884157712,0.566764705882353,0.00281351979381332,0.994285714285714,0.00281351979381332,0.00571428571428572,0.000480469163474992,0.00480469163474992,0.000964866051822574,0.0196946385566932,0.04,38.58,0.0038223322128965,100,0.038223322128965,0.885535714285714,100,0,0,"Prop_0.90",75,6.25e-05,"Medium","Beta",2000,FALSE
"BL295","DiD","unadjusted",0.01,100,0.00541915135662633,100,0.0541915135662633,0.506176470588235,0.00201007563051842,0.997142857142857,0.00201007563051842,0.00285714285714286,0.000394467820787567,0.00394467820787567,0.00055640243902439,0.014070529413629,0.02,34.44,0.0038223322128965,100,0.038223322128965,0.885535714285714,100,0,0,"Prop_0.90",75,6.25e-05,"Medium","Beta",2000,FALSE
"BL295","DiD","unadjusted",0.05,100,0.00505906879423134,100,0.0505906879423134,0.616764705882353,0.00587788885627487,0.974285714285714,0.00587788885627487,0.0257142857142857,0.000946821232294149,0.00946821232294149,0.0041365130211591,0.0377525168068637,0.17,42.12,0.0038223322128965,100,0.038223322128965,0.885535714285714,100,0,0,"Prop_0.90",75,6.25e-05,"Medium","Beta",2000,FALSE
"BL295","MIMOSA2","BFDR",0.01,100,0.00579548153007676,100,0.0579548153007676,0.446764705882353,0.00312918447939415,0.992857142857143,0.00312918447939415,0.00714285714285715,0.000730692492161036,0.00730692492161036,0.00165124458874459,0.021904291355759,0.05,30.43,0.00491281629325186,100,0.0491281629325186,0.858172268907563,100,0,0,"Prop_0.90",75,6.25e-05,"Medium","Beta",2000,FALSE
"BL295","MIMOSA2","BFDR",0.05,100,0.00595122706351953,100,0.0595122706351953,0.560735294117647,0.00677098347914014,0.965714285714286,0.00677098347914014,0.0342857142857143,0.00118676114901534,0.0118676114901534,0.00602715161155195,0.0416333199893227,0.22,38.37,0.00491281629325186,100,0.0491281629325186,0.858172268907563,100,0,0,"Prop_0.90",75,6.25e-05,"Medium","Beta",2000,FALSE
"BL296","DiD","BH",0.01,100,0.015871644240881,100,0.15871644240881,0.381,0.000243381015063988,0.999444444444444,0.000243381015063988,0.000555555555555554,0.00330440272897658,0.0330440272897658,0.0073968253968254,0.021904291355759,0.05,3.86,0.006829435417055,100,0.06829435417055,0.888305555555556,100,0,0,"Prop_0.10",100,6.25e-05,"Medium","Beta",2000,FALSE
"BL296","DiD","BH",0.05,100,0.0176071037087336,100,0.176071037087336,0.453,0.000395762565788959,0.998666666666667,0.000395762565788959,0.00133333333333333,0.0073074036530185,0.073074036530185,0.0221666666666667,0.031446603773522,0.11,4.65,0.006829435417055,100,0.06829435417055,0.888305555555556,100,0,0,"Prop_0.10",100,6.25e-05,"Medium","Beta",2000,FALSE
"BL296","DiD","unadjusted",0.01,100,0.0156537664490181,100,0.156537664490181,0.521,0.000732189701050199,0.994555555555556,0.000732189701050199,0.00544444444444443,0.0106365987619578,0.106365987619578,0.0788055555555556,0.049431107042371,0.41,5.7,0.006829435417055,100,0.06829435417055,0.888305555555556,100,0,0,"Prop_0.10",100,6.25e-05,"Medium","Beta",2000,FALSE
"BL296","DiD","unadjusted",0.05,100,0.0160362594192541,100,0.160362594192541,0.629,0.00181701234368108,0.966111111111111,0.00181701234368108,0.0338888888888889,0.0138029915046324,0.138029915046324,0.317279859029859,0.01,0.99,9.34,0.006829435417055,100,0.06829435417055,0.888305555555556,100,0,0,"Prop_0.10",100,6.25e-05,"Medium","Beta",2000,FALSE
"BL296","MIMOSA2","BFDR",0.01,100,0.0146401275039985,100,0.146401275039985,0.391,0.000407407407407407,0.998555555555556,0.000407407407407407,0.00144444444444444,0.00718872717468705,0.0718872717468705,0.0249365079365079,0.032659863237109,0.12,4.04,0.00705806922533879,100,0.0705806922533879,0.8786,100,0,0,"Prop_0.10",100,6.25e-05,"Medium","Beta",2000,FALSE
"BL296","MIMOSA2","BFDR",0.05,100,0.0140974243653716,100,0.140974243653716,0.475,0.000841245639639663,0.993888888888889,0.000841245639639663,0.00611111111111111,0.0119464775770966,0.119464775770966,0.0877698412698413,0.0492365963917331,0.4,5.3,0.00705806922533879,100,0.0705806922533879,0.8786,100,0,0,"Prop_0.10",100,6.25e-05,"Medium","Beta",2000,FALSE
"BL297","DiD","BH",0.01,100,0.00887088074841079,100,0.0887088074841079,0.4012,0.000133333333333333,0.999866666666667,0.000133333333333333,0.000133333333333333,0.000909090909090909,0.00909090909090909,0.000909090909090909,0.01,0.01,10.04,0.00460546023661277,100,0.0460546023661277,0.881424,100,0,0,"Prop_0.25",100,6.25e-05,"Medium","Beta",2000,FALSE
"BL297","DiD","BH",0.05,100,0.00981904971846754,100,0.0981904971846753,0.4752,0.0005865687092997,0.997066666666667,0.0005865687092997,0.00293333333333333,0.00357928490580407,0.0357928490580407,0.0172459289076936,0.0409360180740332,0.21,12.1,0.00460546023661277,100,0.0460546023661277,0.881424,100,0,0,"Prop_0.25",100,6.25e-05,"Medium","Beta",2000,FALSE
"BL297","DiD","unadjusted",0.01,100,0.00901625916291947,100,0.0901625916291947,0.5,0.000731402416559785,0.9948,0.000731402416559785,0.00519999999999999,0.00421952115608859,0.0421952115608859,0.0294940598617069,0.0482418151324422,0.36,12.89,0.00460546023661277,100,0.0460546023661277,0.881424,100,0,0,"Prop_0.25",100,6.25e-05,"Medium","Beta",2000,FALSE
"BL297","DiD","unadjusted",0.05,100,0.00970273313572162,100,0.0970273313572162,0.6028,0.00172632616275199,0.973066666666667,0.00172632616275199,0.0269333333333333,0.00728607146526142,0.0728607146526142,0.11717053740706,0.032659863237109,0.88,17.09,0.00460546023661277,100,0.0460546023661277,0.881424,100,0,0,"Prop_0.25",100,6.25e-05,"Medium","Beta",2000,FALSE
"BL297","MIMOSA2","BFDR",0.01,100,0.00883290450645777,100,0.0883290450645777,0.39,0.00034190986663499,0.999066666666667,0.00034190986663499,0.000933333333333332,0.00255059082666995,0.0255059082666995,0.00676562326562327,0.0256432399976243,0.07,9.82,0.00489917129161215,100,0.0489917129161215,0.868016,100,0,0,"Prop_0.25",100,6.25e-05,"Medium","Beta",2000,FALSE
"BL297","MIMOSA2","BFDR",0.05,100,0.00984231228477897,100,0.0984231228477897,0.4876,0.000956893589858353,0.993466666666667,0.000956893589858353,0.00653333333333332,0.00511841906371954,0.0511841906371954,0.0363623041475209,0.0490207130000197,0.39,12.68,0.00489917129161215,100,0.0489917129161215,0.868016,100,0,0,"Prop_0.25",100,6.25e-05,"Medium","Beta",2000,FALSE
"BL298","DiD","BH",0.01,100,0.0075554248354705,100,0.075554248354705,0.4308,0.000393892771133865,0.9992,0.000393892771133865,0.000800000000000001,0.000849317451278196,0.00849317451278195,0.00167655438243674,0.0196946385566932,0.04,21.58,0.00296201145824723,100,0.0296201145824723,0.882582,100,0,0,"Prop_0.50",100,6.25e-05,"Medium","Beta",2000,FALSE
"BL298","DiD","BH",0.05,100,0.00766732539989525,100,0.0766732539989525,0.518,0.00124738109491831,0.9914,0.00124738109491831,0.00860000000000001,0.00216972725509455,0.0216972725509455,0.0152431769307179,0.0482418151324422,0.36,26.33,0.00296201145824723,100,0.0296201145824723,0.882582,100,0,0,"Prop_0.50",100,6.25e-05,"Medium","Beta",2000,FALSE
"BL298","DiD","unadjusted",0.01,100,0.00669098594597933,100,0.0669098594597933,0.5028,0.00108245885451465,0.994,0.00108245885451465,0.00600000000000001,0.00201218558382326,0.0201218558382326,0.0112623177255637,0.0440844002276808,0.26,25.44,0.00296201145824723,100,0.0296201145824723,0.882582,100,0,0,"Prop_0.50",100,6.25e-05,"Medium","Beta",2000,FALSE
"BL298","DiD","unadjusted",0.05,100,0.00698914020520985,100,0.0698914020520985,0.5998,0.00211535989248815,0.969,0.00211535989248815,0.031,0.00327498291418643,0.0327498291418643,0.0483750307597904,0.0377525168068637,0.83,31.54,0.00296201145824723,100,0.0296201145824723,0.882582,100,0,0,"Prop_0.50",100,6.25e-05,"Medium","Beta",2000,FALSE
"BL298","MIMOSA2","BFDR",0.01,100,0.00768519500222488,100,0.0768519500222488,0.4278,0.000555595958126829,0.9988,0.000555595958126829,0.0012,0.001161357867761,0.01161357867761,0.00253385668276973,0.021904291355759,0.05,21.45,0.0033148469196948,100,0.033148469196948,0.86572,100,0,0,"Prop_0.50",100,6.25e-05,"Medium","Beta",2000,FALSE
"BL298","MIMOSA2","BFDR",0.05,100,0.00845417833459475,100,0.0845417833459475,0.5296,0.00187659696302007,0.9844,0.00187659696302007,0.0156,0.00327760664189743,0.0327760664189743,0.0279037115635379,0.0502418393795691,0.51,27.26,0.0033148469196948,100,0.033148469196948,0.86572,100,0,0,"Prop_0.50",100,6.25e-05,"Medium","Beta",2000,FALSE
"BL299","DiD","BH",0.01,100,0.00646036348019957,100,0.0646036348019957,0.4588,0.000685786431991062,0.9988,0.000685786431991062,0.0012,0.000482267452086819,0.00482267452086819,0.000840277777777778,0.0171446607997765,0.03,34.44,0.00301150060174301,100,0.0301150060174301,0.886581333333333,100,0,0,"Prop_0.75",100,6.25e-05,"Medium","Beta",2000,FALSE
"BL299","DiD","BH",0.05,100,0.00663251860384146,100,0.0663251860384146,0.550266666666667,0.00217942629834069,0.9876,0.00217942629834069,0.0124,0.00122614198923225,0.0122614198923225,0.00696130445162661,0.0446196043338474,0.27,41.58,0.00301150060174301,100,0.0301150060174301,0.886581333333333,100,0,0,"Prop_0.75",100,6.25e-05,"Medium","Beta",2000,FALSE
"BL299","DiD","unadjusted",0.01,100,0.00593221719914802,100,0.0593221719914802,0.509733333333333,0.00150635019470604,0.9944,0.00150635019470604,0.0056,0.000936408554630014,0.00936408554630014,0.003483350273324,0.0337997668989631,0.13,38.37,0.00301150060174301,100,0.0301150060174301,0.886581333333333,100,0,0,"Prop_0.75",100,6.25e-05,"Medium","Beta",2000,FALSE
"BL299","DiD","unadjusted",0.05,100,0.00561262005913197,100,0.0561262005913197,0.610133333333333,0.00330019895329253,0.9724,0.00330019895329253,0.0276,0.00167259029256547,0.0167259029256547,0.0142210655858672,0.0502418393795691,0.49,46.45,0.00301150060174301,100,0.0301150060174301,0.886581333333333,100,0,0,"Prop_0.75",100,6.25e-05,"Medium","Beta",2000,FALSE
"BL299","MIMOSA2","BFDR",0.01,100,0.00647779596996597,100,0.0647779596996597,0.451333333333333,0.000954733026303769,0.9976,0.000954733026303769,0.0024,0.000667478674521972,0.00667478674521972,0.0016689565515785,0.0238683256575942,0.06,33.91,0.0032426811979118,100,0.032426811979118,0.868501333333333,100,0,0,"Prop_0.75",100,6.25e-05,"Medium","Beta",2000,FALSE
"BL299","MIMOSA2","BFDR",0.05,100,0.00634311136023916,100,0.0634311136023916,0.563866666666667,0.00328670416107447,0.9784,0.00328670416107447,0.0216,0.0018193142565329,0.018193142565329,0.0120248668075402,0.048523658709391,0.37,42.83,0.0032426811979118,100,0.032426811979118,0.868501333333333,100,0,0,"Prop_0.75",100,6.25e-05,"Medium","Beta",2000,FALSE
"BL300","DiD","BH",0.01,100,0.00545017907289973,100,0.0545017907289973,0.466666666666667,0.00171446607997765,0.997,0.00171446607997765,0.003,0.000396596643920556,0.00396596643920556,0.00069339738851934,0.0171446607997765,0.03,42.03,0.004265803930967,100,0.04265803930967,0.890033333333333,100,0,0,"Prop_0.90",100,6.25e-05,"Medium","Beta",2000,FALSE
"BL300","DiD","BH",0.05,100,0.00584945396892994,100,0.0584945396892994,0.559888888888889,0.00435310176190437,0.982,0.00435310176190437,0.018,0.000853962728746969,0.00853962728746969,0.0035285517986693,0.0368452949177471,0.16,50.57,0.004265803930967,100,0.04265803930967,0.890033333333333,100,0,0,"Prop_0.90",100,6.25e-05,"Medium","Beta",2000,FALSE
"BL300","DiD","unadjusted",0.01,100,0.00488004250133283,100,0.0488004250133283,0.503,0.00238683256575942,0.994,0.00238683256575942,0.006,0.000527740041417056,0.00527740041417056,0.00132016272565472,0.0238683256575942,0.06,45.33,0.004265803930967,100,0.04265803930967,0.890033333333333,100,0,0,"Prop_0.90",100,6.25e-05,"Medium","Beta",2000,FALSE
"BL300","DiD","unadjusted",0.05,100,0.00518204570661525,100,0.0518204570661525,0.607666666666667,0.00551490175924661,0.967,0.00551490175924661,0.033,0.000998380557855862,0.00998380557855862,0.00593600855822013,0.0456048021572069,0.29,55.02,0.004265803930967,100,0.04265803930967,0.890033333333333,100,0,0,"Prop_0.90",100,6.25e-05,"Medium","Beta",2000,FALSE
"BL300","MIMOSA2","BFDR",0.01,100,0.00475317970377946,100,0.0475317970377946,0.452555555555556,0.00301511344577764,0.99,0.00301511344577764,0.01,0.000774311450436118,0.00774311450436118,0.00255190128813935,0.0301511344577764,0.1,40.83,0.00500355267225777,100,0.0500355267225777,0.862211111111111,100,0,0,"Prop_0.90",100,6.25e-05,"Medium","Beta",2000,FALSE
"BL300","MIMOSA2","BFDR",0.05,100,0.00504489138074564,100,0.0504489138074564,0.567,0.00544114515576093,0.963,0.00544114515576093,0.037,0.00105656206631156,0.0105656206631156,0.00721774847449274,0.0476095228569523,0.34,51.4,0.00500355267225777,100,0.0500355267225777,0.862211111111111,100,0,0,"Prop_0.90",100,6.25e-05,"Medium","Beta",2000,FALSE
"BL301","DiD","BH",0.01,100,0.0440844002276808,100,0.440844002276808,0.26,0,1,0,0,0,0,0,0,0,0.26,0.0238604873842038,100,0.238604873842038,0.873333333333333,100,0,0,"Prop_0.10",10,0.001,"Low","Beta",2000,FALSE
"BL301","DiD","BH",0.05,100,0.049431107042371,100,0.49431107042371,0.41,0.00156339215706989,0.997777777777778,0.00156339215706989,0.00222222222222222,0.00703526470681448,0.0703526470681448,0.01,0.014070529413629,0.02,0.43,0.0238604873842038,100,0.238604873842038,0.873333333333333,100,0,0,"Prop_0.10",10,0.001,"Low","Beta",2000,FALSE
"BL301","DiD","unadjusted",0.01,100,0.0500908265962033,100,0.500908265962033,0.46,0.00156339215706989,0.997777777777778,0.00156339215706989,0.00222222222222222,0.00703526470681448,0.0703526470681448,0.01,0.014070529413629,0.02,0.48,0.0238604873842038,100,0.238604873842038,0.873333333333333,100,0,0,"Prop_0.10",10,0.001,"Low","Beta",2000,FALSE
"BL301","DiD","unadjusted",0.05,100,0.0498887651569859,100,0.498887651569859,0.56,0.00538341617580422,0.971111111111111,0.00538341617580422,0.0288888888888889,0.031335768943234,0.31335768943234,0.163333333333333,0.0429234695990928,0.24,0.82,0.0238604873842038,100,0.238604873842038,0.873333333333333,100,0,0,"Prop_0.10",10,0.001,"Low","Beta",2000,FALSE
"BL301","MIMOSA2","BFDR",0.01,99,0.0485929530749863,99,0.483493778415228,0.363636363636364,0.00112233445566779,0.998877665544332,0.00112233445566779,0.00112233445566779,0.00505050505050505,0.0502518907629606,0.00505050505050505,0.0101010101010101,0.0101010101010101,0.373737373737374,0.0261072953248906,99,0.259764308650986,0.821548821548822,100,0.01,0.0099498743710662,"Prop_0.10",10,0.001,"Low","Beta",2000,TRUE
"BL301","MIMOSA2","BFDR",0.05,99,0.0501948834947362,99,0.499432784842929,0.444444444444444,0.00359947800555454,0.98989898989899,0.00359947800555454,0.0101010101010101,0.0206073764663895,0.205040806957842,0.0572390572390572,0.0275307128836059,0.0808080808080808,0.535353535353535,0.0261072953248906,99,0.259764308650986,0.821548821548822,100,0.01,0.0099498743710662,"Prop_0.10",10,0.001,"Low","Beta",2000,TRUE
"BL302","DiD","BH",0.01,100,0.0280511797767703,100,0.280511797767703,0.39,0.00142857142857143,0.998571428571429,0.00142857142857143,0.00142857142857143,0.00333333333333333,0.0333333333333333,0.00333333333333333,0.01,0.01,1.18,0.0135207021408215,100,0.135207021408215,0.858809523809524,100,0,0,"Prop_0.25",10,0.001,"Low","Beta",2000,FALSE
"BL302","DiD","BH",0.05,100,0.0274853292159652,100,0.274853292159652,0.456666666666667,0.00281351979381332,0.994285714285714,0.00281351979381332,0.00571428571428572,0.0118074122128849,0.118074122128849,0.0208333333333333,0.0196946385566932,0.04,1.41,0.0135207021408215,100,0.135207021408215,0.858809523809524,100,0,0,"Prop_0.25",10,0.001,"Low","Beta",2000,FALSE
"BL302","DiD","unadjusted",0.01,100,0.0258003210378585,100,0.258003210378585,0.456666666666667,0.00244923725711093,0.995714285714286,0.00244923725711093,0.00428571428571429,0.0115797629116882,0.115797629116882,0.0183333333333333,0.0171446607997765,0.03,1.4,0.0135207021408215,100,0.135207021408215,0.858809523809524,100,0,0,"Prop_0.25",10,0.001,"Low","Beta",2000,FALSE
"BL302","DiD","unadjusted",0.05,100,0.0244444444444444,100,0.244444444444444,0.58,0.00633041953607997,0.977142857142857,0.00633041953607997,0.0228571428571429,0.0165336781760497,0.165336781760497,0.0573333333333333,0.0337997668989631,0.13,1.9,0.0135207021408215,100,0.135207021408215,0.858809523809524,100,0,0,"Prop_0.25",10,0.001,"Low","Beta",2000,FALSE
"BL302","MIMOSA2","BFDR",0.01,100,0.0280771743888351,100,0.280771743888351,0.413333333333333,0.00244923725711093,0.995714285714286,0.00244923725711093,0.00428571428571429,0.00571488693325884,0.0571488693325884,0.01,0.0171446607997765,0.03,1.27,0.0159176141140789,100,0.159176141140789,0.837619047619048,100,0,0,"Prop_0.25",10,0.001,"Low","Beta",2000,FALSE
"BL302","MIMOSA2","BFDR",0.05,100,0.0299250841632455,100,0.299250841632455,0.536666666666667,0.00597355541154452,0.981428571428571,0.00597355541154452,0.0185714285714286,0.011448648340374,0.11448648340374,0.0365,0.0301511344577764,0.1,1.74,0.0159176141140789,100,0.159176141140789,0.837619047619048,100,0,0,"Prop_0.25",10,0.001,"Low","Beta",2000,FALSE
"BL303","DiD","BH",0.01,100,0.022505667075318,100,0.22505667075318,0.416,0,1,0,0,0,0,0,0,0,2.08,0.00982423307722061,100,0.0982423307722061,0.8836,100,0,0,"Prop_0.50",10,0.001,"Low","Beta",2000,FALSE
"BL303","DiD","BH",0.05,100,0.021476790385263,100,0.21476790385263,0.544,0.00485756725079124,0.992,0.00485756725079124,0.008,0.00607195906348905,0.0607195906348905,0.01,0.0171446607997765,0.03,2.76,0.00982423307722061,100,0.0982423307722061,0.8836,100,0,0,"Prop_0.50",10,0.001,"Low","Beta",2000,FALSE
"BL303","DiD","unadjusted",0.01,100,0.0191706846908281,100,0.191706846908281,0.504,0.00281410588272579,0.996,0.00281410588272579,0.004,0.00556753758384034,0.0556753758384034,0.0075,0.014070529413629,0.02,2.54,0.00982423307722061,100,0.0982423307722061,0.8836,100,0,0,"Prop_0.50",10,0.001,"Low","Beta",2000,FALSE
"BL303","DiD","unadjusted",0.05,100,0.0189960123407121,100,0.189960123407121,0.626,0.00805034662657955,0.972,0.00805034662657955,0.028,0.0100995466111525,0.100995466111525,0.0355,0.032659863237109,0.12,3.27,0.00982423307722061,100,0.0982423307722061,0.8836,100,0,0,"Prop_0.50",10,0.001,"Low","Beta",2000,FALSE
"BL303","MIMOSA2","BFDR",0.01,100,0.0231778368536005,100,0.231778368536005,0.504,0.00438085827115181,0.99,0.00438085827115181,0.01,0.00712514398224182,0.0712514398224182,0.0153333333333333,0.021904291355759,0.05,2.57,0.0104487397142508,100,0.104487397142508,0.8866,100,0,0,"Prop_0.50",10,0.001,"Low","Beta",2000,FALSE
"BL303","MIMOSA2","BFDR",0.05,100,0.0233341991181366,100,0.233341991181366,0.636,0.00839432227548159,0.968,0.00839432227548159,0.032,0.00875184764843995,0.0875184764843995,0.034,0.0348735088019777,0.14,3.34,0.0104487397142508,100,0.104487397142508,0.8866,100,0,0,"Prop_0.50",10,0.001,"Low","Beta",2000,FALSE
"BL304","DiD","BH",0.01,100,0.0180749701370305,100,0.180749701370305,0.4125,0,1,0,0,0,0,0,0,0,3.3,0.0109555226692783,100,0.109555226692783,0.8640625,100,0,0,"Prop_0.75",10,0.001,"Low","Beta",2000,FALSE
"BL304","DiD","BH",0.05,100,0.0162951005836203,100,0.162951005836203,0.53,0.005,0.995,0.005,0.005,0.002,0.02,0.002,0.01,0.01,4.25,0.0109555226692783,100,0.109555226692783,0.8640625,100,0,0,"Prop_0.75",10,0.001,"Low","Beta",2000,FALSE
"BL304","DiD","unadjusted",0.01,100,0.0155958060601774,100,0.155958060601774,0.47875,0,1,0,0,0,0,0,0,0,3.83,0.0109555226692783,100,0.109555226692783,0.8640625,100,0,0,"Prop_0.75",10,0.001,"Low","Beta",2000,FALSE
"BL304","DiD","unadjusted",0.05,100,0.0127599238463894,100,0.127599238463894,0.5975,0.00984731927834662,0.98,0.00984731927834662,0.02,0.00328243975944887,0.0328243975944887,0.00666666666666667,0.0196946385566932,0.04,4.82,0.0109555226692783,100,0.109555226692783,0.8640625,100,0,0,"Prop_0.75",10,0.001,"Low","Beta",2000,FALSE
"BL304","MIMOSA2","BFDR",0.01,100,0.0187924603406942,100,0.187924603406942,0.54,0,1,0,0,0,0,0,0,0,4.32,0.00958086265912049,100,0.0958086265912049,0.9025,100,0,0,"Prop_0.75",10,0.001,"Low","Beta",2000,FALSE
"BL304","MIMOSA2","BFDR",0.05,100,0.0174367544009889,100,0.174367544009889,0.68,0.0109521456778795,0.975,0.0109521456778795,0.025,0.0034495319222474,0.034495319222474,0.00761111111111111,0.021904291355759,0.05,5.49,0.00958086265912049,100,0.0958086265912049,0.9025,100,0,0,"Prop_0.75",10,0.001,"Low","Beta",2000,FALSE
"BL305","DiD","BH",0.01,100,0.017704675740752,100,0.17704675740752,0.453333333333333,0,1,0,0,0,0,0,0,0,4.08,0.0129049930353545,100,0.129049930353545,0.883888888888889,100,0,0,"Prop_0.90",10,0.001,"Low","Beta",2000,FALSE
"BL305","DiD","BH",0.05,100,0.0157969880365313,100,0.157969880365313,0.592222222222222,0.01,0.99,0.01,0.01,0.00166666666666667,0.0166666666666667,0.00166666666666667,0.01,0.01,5.34,0.0129049930353545,100,0.129049930353545,0.883888888888889,100,0,0,"Prop_0.90",10,0.001,"Low","Beta",2000,FALSE
"BL305","DiD","unadjusted",0.01,100,0.0156721619577988,100,0.156721619577988,0.502222222222222,0,1,0,0,0,0,0,0,0,4.52,0.0129049930353545,100,0.129049930353545,0.883888888888889,100,0,0,"Prop_0.90",10,0.001,"Low","Beta",2000,FALSE
"BL305","DiD","unadjusted",0.05,100,0.0147891191300892,100,0.147891191300892,0.632222222222222,0.014070529413629,0.98,0.014070529413629,0.02,0.0024460368494384,0.024460368494384,0.00342857142857143,0.014070529413629,0.02,5.71,0.0129049930353545,100,0.129049930353545,0.883888888888889,100,0,0,"Prop_0.90",10,0.001,"Low","Beta",2000,FALSE
"BL305","MIMOSA2","BFDR",0.01,100,0.0175859459356237,100,0.175859459356237,0.555555555555556,0.01,0.99,0.01,0.01,0.00125,0.0125,0.00125,0.01,0.01,5.01,0.0132267532249198,100,0.132267532249198,0.901111111111111,100,0,0,"Prop_0.90",10,0.001,"Low","Beta",2000,FALSE
"BL305","MIMOSA2","BFDR",0.05,100,0.0162882594201168,100,0.162882594201168,0.716666666666667,0.0196946385566932,0.96,0.0196946385566932,0.04,0.00296077360190472,0.0296077360190472,0.00577777777777778,0.0196946385566932,0.04,6.49,0.0132267532249198,100,0.132267532249198,0.901111111111111,100,0,0,"Prop_0.90",10,0.001,"Low","Beta",2000,FALSE
"BL306","DiD","BH",0.01,100,0.0326095666696729,100,0.326095666696729,0.335,0,1,0,0,0,0,0,0,0,0.67,0.0172615043842558,100,0.172615043842558,0.870555555555556,100,0,0,"Prop_0.10",20,0.001,"Low","Beta",2000,FALSE
"BL306","DiD","BH",0.05,100,0.0332536927394249,100,0.332536927394249,0.445,0.00109414658648296,0.997777777777778,0.00109414658648296,0.00222222222222222,0.00752660824341427,0.0752660824341427,0.015,0.0196946385566932,0.04,0.93,0.0172615043842558,100,0.172615043842558,0.870555555555556,100,0,0,"Prop_0.10",20,0.001,"Low","Beta",2000,FALSE
"BL306","DiD","unadjusted",0.01,100,0.0321729857194046,100,0.321729857194046,0.495,0.00132601809208857,0.996666666666667,0.00132601809208857,0.00333333333333333,0.0157660719130995,0.157660719130995,0.035,0.0238683256575942,0.06,1.05,0.0172615043842558,100,0.172615043842558,0.870555555555556,100,0,0,"Prop_0.10",20,0.001,"Low","Beta",2000,FALSE
"BL306","DiD","unadjusted",0.05,100,0.0298311747991759,100,0.298311747991759,0.63,0.00337053686642442,0.981111111111111,0.00337053686642442,0.0188888888888889,0.025,0.25,0.141666666666667,0.0451260859854213,0.28,1.6,0.0172615043842558,100,0.172615043842558,0.870555555555556,100,0,0,"Prop_0.10",20,0.001,"Low","Beta",2000,FALSE
"BL306","MIMOSA2","BFDR",0.01,100,0.0357989616688202,100,0.357989616688202,0.375,0.000781696078534943,0.998888888888889,0.000781696078534943,0.00111111111111111,0.0105089347908202,0.105089347908202,0.0133333333333333,0.014070529413629,0.02,0.77,0.0194357193427429,100,0.194357193427429,0.843194444444444,100,0,0,"Prop_0.10",20,0.001,"Low","Beta",2000,FALSE
"BL306","MIMOSA2","BFDR",0.05,100,0.0348843688766071,100,0.348843688766071,0.455,0.00121690507531995,0.997222222222222,0.00121690507531995,0.00277777777777778,0.0154787062742234,0.154787062742233,0.0316666666666667,0.021904291355759,0.05,0.96,0.0194357193427429,100,0.194357193427429,0.843194444444444,100,0,0,"Prop_0.10",20,0.001,"Low","Beta",2000,FALSE
"BL307","DiD","BH",0.01,100,0.0235058557071478,100,0.235058557071478,0.39,0,1,0,0,0,0,0,0,0,1.95,0.0097554267035507,100,0.0975542670355071,0.857666666666667,100,0,0,"Prop_0.25",20,0.001,"Low","Beta",2000,FALSE
"BL307","DiD","BH",0.05,100,0.0227981923791685,100,0.227981923791685,0.488,0.000666666666666667,0.999333333333333,0.000666666666666667,0.000666666666666667,0.00333333333333333,0.0333333333333333,0.00333333333333333,0.01,0.01,2.45,0.0097554267035507,100,0.0975542670355071,0.857666666666667,100,0,0,"Prop_0.25",20,0.001,"Low","Beta",2000,FALSE
"BL307","DiD","unadjusted",0.01,100,0.0215556596894288,100,0.215556596894288,0.5,0.00114297738665177,0.998,0.00114297738665177,0.002,0.00774161868943827,0.0774161868943827,0.0133333333333333,0.0171446607997765,0.03,2.53,0.0097554267035507,100,0.0975542670355071,0.857666666666667,100,0,0,"Prop_0.25",20,0.001,"Low","Beta",2000,FALSE
"BL307","DiD","unadjusted",0.05,100,0.0205961651819464,100,0.205961651819464,0.602,0.00376408689702432,0.974666666666667,0.00376408689702432,0.0253333333333333,0.0156236683163249,0.156236683163249,0.10202380952381,0.0476095228569523,0.34,3.39,0.0097554267035507,100,0.0975542670355071,0.857666666666667,100,0,0,"Prop_0.25",20,0.001,"Low","Beta",2000,FALSE
"BL307","MIMOSA2","BFDR",0.01,100,0.0228079376577984,100,0.228079376577984,0.47,0.00131297590377955,0.997333333333333,0.00131297590377955,0.00266666666666667,0.00561610938497622,0.0561610938497622,0.0111666666666667,0.0196946385566932,0.04,2.39,0.0101126849701945,100,0.101126849701945,0.873066666666667,100,0,0,"Prop_0.25",20,0.001,"Low","Beta",2000,FALSE
"BL307","MIMOSA2","BFDR",0.05,100,0.0249896948457729,100,0.249896948457729,0.576,0.00268010084069123,0.986666666666667,0.00268010084069123,0.0133333333333333,0.00919150293207769,0.0919150293207769,0.045,0.0402015126103685,0.2,3.08,0.0101126849701945,100,0.101126849701945,0.873066666666667,100,0,0,"Prop_0.25",20,0.001,"Low","Beta",2000,FALSE
"BL308","DiD","BH",0.01,100,0.0160740081303245,100,0.160740081303245,0.411,0,1,0,0,0,0,0,0,0,4.11,0.00688978712781946,100,0.0688978712781946,0.87805,100,0,0,"Prop_0.50",20,0.001,"Low","Beta",2000,FALSE
"BL308","DiD","BH",0.05,100,0.0161967074843418,100,0.161967074843418,0.523,0.00238683256575942,0.994,0.00238683256575942,0.006,0.0035111385423831,0.035111385423831,0.0085952380952381,0.0238683256575942,0.06,5.29,0.00688978712781946,100,0.0688978712781946,0.87805,100,0,0,"Prop_0.50",20,0.001,"Low","Beta",2000,FALSE
"BL308","DiD","unadjusted",0.01,100,0.0133677585891192,100,0.133677585891192,0.497,0.001,0.999,0.001,0.001,0.002,0.02,0.002,0.01,0.01,4.98,0.00688978712781946,100,0.0688978712781946,0.87805,100,0,0,"Prop_0.50",20,0.001,"Low","Beta",2000,FALSE
"BL308","DiD","unadjusted",0.05,100,0.0146097380005408,100,0.146097380005408,0.613,0.00426401432711221,0.98,0.00426401432711221,0.02,0.00564854801492632,0.0564854801492631,0.0265833333333333,0.0394277244403663,0.19,6.33,0.00688978712781946,100,0.0688978712781946,0.87805,100,0,0,"Prop_0.50",20,0.001,"Low","Beta",2000,FALSE
"BL308","MIMOSA2","BFDR",0.01,100,0.0167606441379558,100,0.167606441379558,0.517,0.0014070529413629,0.998,0.0014070529413629,0.002,0.00159287396700036,0.0159287396700036,0.00225,0.014070529413629,0.02,5.19,0.00660554557347327,100,0.0660554557347327,0.9009,100,0,0,"Prop_0.50",20,0.001,"Low","Beta",2000,FALSE
"BL308","MIMOSA2","BFDR",0.05,100,0.0164666789350954,100,0.164666789350954,0.666,0.00394277244403662,0.981,0.00394277244403662,0.019,0.00557859652895264,0.0557859652895264,0.0256230158730159,0.0394277244403663,0.19,6.85,0.00660554557347327,100,0.0660554557347327,0.9009,100,0,0,"Prop_0.50",20,0.001,"Low","Beta",2000,FALSE
"BL309","DiD","BH",0.01,100,0.0131256553467942,100,0.131256553467942,0.421333333333333,0,1,0,0,0,0,0,0,0,6.32,0.00803108439118383,100,0.0803108439118383,0.867333333333333,100,0,0,"Prop_0.75",20,0.001,"Low","Beta",2000,FALSE
"BL309","DiD","BH",0.05,100,0.012901421980284,100,0.12901421980284,0.545333333333333,0.00512864799952485,0.986,0.00512864799952485,0.014,0.00368460564280432,0.0368460564280432,0.00966666666666667,0.0256432399976243,0.07,8.25,0.00803108439118383,100,0.0803108439118383,0.867333333333333,100,0,0,"Prop_0.75",20,0.001,"Low","Beta",2000,FALSE
"BL309","DiD","unadjusted",0.01,100,0.0109818746700296,100,0.109818746700296,0.496,0.00342893215995531,0.994,0.00342893215995531,0.006,0.00306278987496397,0.0306278987496397,0.00525,0.0171446607997765,0.03,7.47,0.00803108439118383,100,0.0803108439118383,0.867333333333333,100,0,0,"Prop_0.75",20,0.001,"Low","Beta",2000,FALSE
"BL309","DiD","unadjusted",0.05,100,0.0101779894998048,100,0.101779894998048,0.61,0.00697470176039554,0.972,0.00697470176039554,0.028,0.00379789277293342,0.0379789277293342,0.0149723332223332,0.0348735088019777,0.14,9.29,0.00803108439118383,100,0.0803108439118383,0.867333333333333,100,0,0,"Prop_0.75",20,0.001,"Low","Beta",2000,FALSE
"BL309","MIMOSA2","BFDR",0.01,100,0.0141086055200157,100,0.141086055200157,0.546,0.00477366513151884,0.988,0.00477366513151884,0.012,0.00288947550120205,0.0288947550120205,0.00678246753246753,0.0238683256575942,0.06,8.25,0.006957852913918,100,0.06957852913918,0.898466666666667,100,0,0,"Prop_0.75",20,0.001,"Low","Beta",2000,FALSE
"BL309","MIMOSA2","BFDR",0.05,100,0.0131943939392973,100,0.131943939392973,0.707333333333333,0.00675995337979262,0.974,0.00675995337979262,0.026,0.00299589114802998,0.0299589114802998,0.0113450993450993,0.0337997668989631,0.13,10.74,0.006957852913918,100,0.06957852913918,0.898466666666667,100,0,0,"Prop_0.75",20,0.001,"Low","Beta",2000,FALSE
"BL310","DiD","BH",0.01,100,0.0111920453018944,100,0.111920453018944,0.450555555555556,0,1,0,0,0,0,0,0,0,8.11,0.00865281482104077,100,0.0865281482104077,0.882916666666667,100,0,0,"Prop_0.90",20,0.001,"Low","Beta",2000,FALSE
"BL310","DiD","BH",0.05,100,0.0106496485548088,100,0.106496485548088,0.589444444444444,0.00857233039988826,0.985,0.00857233039988826,0.015,0.00157219784087941,0.0157219784087941,0.00271367521367521,0.0171446607997765,0.03,10.64,0.00865281482104077,100,0.0865281482104077,0.882916666666667,100,0,0,"Prop_0.90",20,0.001,"Low","Beta",2000,FALSE
"BL310","DiD","unadjusted",0.01,100,0.00995860618444168,100,0.0995860618444168,0.509444444444444,0.005,0.995,0.005,0.005,0.00111111111111111,0.0111111111111111,0.00111111111111111,0.01,0.01,9.18,0.00865281482104077,100,0.0865281482104077,0.882916666666667,100,0,0,"Prop_0.90",20,0.001,"Low","Beta",2000,FALSE
"BL310","DiD","unadjusted",0.05,100,0.00881139055805209,100,0.0881139055805209,0.631111111111111,0.0109521456778795,0.975,0.0109521456778795,0.025,0.00189136649259255,0.0189136649259255,0.00429004329004329,0.021904291355759,0.05,11.41,0.00865281482104077,100,0.0865281482104077,0.882916666666667,100,0,0,"Prop_0.90",20,0.001,"Low","Beta",2000,FALSE
"BL310","MIMOSA2","BFDR",0.01,100,0.0114258181485675,100,0.114258181485675,0.552777777777778,0.005,0.995,0.005,0.005,0.00125,0.0125,0.00125,0.01,0.01,9.96,0.00800195751319001,100,0.0800195751319001,0.908472222222222,100,0,0,"Prop_0.90",20,0.001,"Low","Beta",2000,FALSE
"BL310","MIMOSA2","BFDR",0.05,100,0.0103455390544173,100,0.103455390544173,0.715,0.0119341628287971,0.97,0.0119341628287971,0.03,0.00178404308548518,0.0178404308548518,0.00443322363910599,0.0238683256575942,0.06,12.93,0.00800195751319001,100,0.0800195751319001,0.908472222222222,100,0,0,"Prop_0.90",20,0.001,"Low","Beta",2000,FALSE
"BL311","DiD","BH",0.01,100,0.0235559367226641,100,0.235559367226641,0.28,0,1,0,0,0,0,0,0,0,0.84,0.0123797012190893,100,0.123797012190893,0.858765432098765,100,0,0,"Prop_0.10",30,0.001,"Low","Beta",2000,FALSE
"BL311","DiD","BH",0.05,100,0.0250229972788445,100,0.250229972788445,0.37,0.000370370370370371,0.99962962962963,0.000370370370370371,0.000370370370370371,0.00333333333333333,0.0333333333333333,0.00333333333333333,0.01,0.01,1.12,0.0123797012190893,100,0.123797012190893,0.858765432098765,100,0,0,"Prop_0.10",30,0.001,"Low","Beta",2000,FALSE
"BL311","DiD","unadjusted",0.01,100,0.0257850912648685,100,0.257850912648685,0.42,0.00113882387375675,0.997037037037037,0.00113882387375675,0.00296296296296297,0.0141190524858307,0.141190524858307,0.0341666666666667,0.0256432399976243,0.07,1.34,0.0123797012190893,100,0.123797012190893,0.858765432098765,100,0,0,"Prop_0.10",30,0.001,"Low","Beta",2000,FALSE
"BL311","DiD","unadjusted",0.05,100,0.0247183914862101,100,0.247183914862101,0.553333333333333,0.0028919664748861,0.978518518518518,0.0028919664748861,0.0214814814814815,0.0282518882894435,0.282518882894434,0.209166666666667,0.0497569851956243,0.43,2.24,0.0123797012190893,100,0.123797012190893,0.858765432098765,100,0,0,"Prop_0.10",30,0.001,"Low","Beta",2000,FALSE
"BL311","MIMOSA2","BFDR",0.01,100,0.0257131722631397,100,0.257131722631397,0.323333333333333,0,1,0,0,0,0,0,0,0,0.97,0.0127302174698555,100,0.127302174698555,0.860308641975309,100,0,0,"Prop_0.10",30,0.001,"Low","Beta",2000,FALSE
"BL311","MIMOSA2","BFDR",0.05,100,0.0275016579441044,100,0.275016579441044,0.436666666666667,0.00102888140393857,0.997777777777778,0.00102888140393857,0.00222222222222222,0.0123943345371798,0.123943345371798,0.025,0.021904291355759,0.05,1.37,0.0127302174698555,100,0.127302174698555,0.860308641975309,100,0,0,"Prop_0.10",30,0.001,"Low","Beta",2000,FALSE
"BL312","DiD","BH",0.01,100,0.0168568692349452,100,0.168568692349452,0.3575,0.000639569518801316,0.999090909090909,0.000639569518801316,0.000909090909090908,0.0024460368494384,0.024460368494384,0.00342857142857143,0.014070529413629,0.02,2.88,0.00738640502478339,100,0.0738640502478339,0.859801136363636,100,0,0,"Prop_0.25",30,0.001,"Low","Beta",2000,FALSE
"BL312","DiD","BH",0.05,100,0.0188762584034318,100,0.188762584034318,0.46,0.00116560181807383,0.996818181818182,0.00116560181807383,0.00318181818181818,0.0069395402184102,0.069395402184102,0.0167619047619048,0.0256432399976243,0.07,3.75,0.00738640502478339,100,0.0738640502478339,0.859801136363636,100,0,0,"Prop_0.25",30,0.001,"Low","Beta",2000,FALSE
"BL312","DiD","unadjusted",0.01,100,0.017285390427243,100,0.172853904272429,0.48375,0.00139764748142874,0.996363636363636,0.00139764748142874,0.00363636363636363,0.00784818239337499,0.0784818239337499,0.0184285714285714,0.0256432399976243,0.07,3.95,0.00738640502478339,100,0.0738640502478339,0.859801136363636,100,0,0,"Prop_0.25",30,0.001,"Low","Beta",2000,FALSE
"BL312","DiD","unadjusted",0.05,100,0.0131545782635906,100,0.131545782635906,0.6175,0.00433777152365917,0.967272727272727,0.00433777152365917,0.0327272727272727,0.013956771391742,0.13956771391742,0.113297619047619,0.0502116731568678,0.48,5.66,0.00738640502478339,100,0.0738640502478339,0.859801136363636,100,0,0,"Prop_0.25",30,0.001,"Low","Beta",2000,FALSE
"BL312","MIMOSA2","BFDR",0.01,100,0.0189280268918924,100,0.189280268918924,0.4375,0.000895210843486055,0.998181818181818,0.000895210843486055,0.00181818181818182,0.0045376336207139,0.045376336207139,0.00876190476190476,0.0196946385566932,0.04,3.54,0.00767487405839561,100,0.0767487405839561,0.881846590909091,100,0,0,"Prop_0.25",30,0.001,"Low","Beta",2000,FALSE
"BL312","MIMOSA2","BFDR",0.05,100,0.0206808815971748,100,0.206808815971748,0.56375,0.0027146171010862,0.983181818181818,0.0027146171010862,0.0168181818181818,0.0104638168711972,0.104638168711972,0.0629603174603175,0.0464823198711732,0.31,4.88,0.00767487405839561,100,0.0767487405839561,0.881846590909091,100,0,0,"Prop_0.25",30,0.001,"Low","Beta",2000,FALSE
"BL313","DiD","BH",0.01,100,0.0140665406029425,100,0.140665406029425,0.41,0.000666666666666667,0.999333333333333,0.000666666666666667,0.000666666666666667,0.0025,0.025,0.0025,0.01,0.01,6.16,0.00525796873244986,100,0.0525796873244986,0.8842,100,0,0,"Prop_0.50",30,0.001,"Low","Beta",2000,FALSE
"BL313","DiD","BH",0.05,100,0.0146272810628184,100,0.146272810628184,0.519333333333333,0.00170954933317495,0.995333333333333,0.00170954933317495,0.00466666666666667,0.00345493359391695,0.0345493359391695,0.0090479797979798,0.0256432399976243,0.07,7.86,0.00525796873244986,100,0.0525796873244986,0.8842,100,0,0,"Prop_0.50",30,0.001,"Low","Beta",2000,FALSE
"BL313","DiD","unadjusted",0.01,100,0.012226629141228,100,0.12226629141228,0.499333333333333,0.00146028609038394,0.996666666666667,0.00146028609038394,0.00333333333333333,0.00323946102679253,0.0323946102679253,0.00716666666666667,0.021904291355759,0.05,7.54,0.00525796873244986,100,0.0525796873244986,0.8842,100,0,0,"Prop_0.50",30,0.001,"Low","Beta",2000,FALSE
"BL313","DiD","unadjusted",0.05,100,0.0121413301060975,100,0.121413301060975,0.628,0.00420090311491711,0.975333333333333,0.00420090311491711,0.0246666666666667,0.00599689317063865,0.0599689317063865,0.0348621101121101,0.0456048021572069,0.29,9.79,0.00525796873244986,100,0.0525796873244986,0.8842,100,0,0,"Prop_0.50",30,0.001,"Low","Beta",2000,FALSE
"BL313","MIMOSA2","BFDR",0.01,100,0.0148534177197489,100,0.148534177197489,0.522666666666667,0.000938035294241931,0.998666666666667,0.000938035294241931,0.00133333333333333,0.0024460368494384,0.024460368494384,0.00342857142857143,0.014070529413629,0.02,7.86,0.00498842856054678,100,0.0498842856054678,0.911911111111111,100,0,0,"Prop_0.50",30,0.001,"Low","Beta",2000,FALSE
"BL313","MIMOSA2","BFDR",0.05,100,0.0146083935714539,100,0.146083935714539,0.672,0.00367660117283108,0.978,0.00367660117283108,0.022,0.00521362019553227,0.0521362019553227,0.0294508824508825,0.0456048021572069,0.29,10.41,0.00498842856054678,100,0.0498842856054678,0.911911111111111,100,0,0,"Prop_0.50",30,0.001,"Low","Beta",2000,FALSE
"BL314","DiD","BH",0.01,100,0.0119235181503379,100,0.119235181503379,0.429565217391304,0,1,0,0,0,0,0,0,0,9.88,0.0055228010073847,100,0.055228010073847,0.884316770186335,100,0,0,"Prop_0.75",30,0.001,"Low","Beta",2000,FALSE
"BL314","DiD","BH",0.05,100,0.010700396347066,100,0.10700396347066,0.562608695652174,0.00281351979381332,0.994285714285714,0.00281351979381332,0.00571428571428572,0.00121696507417554,0.0121696507417554,0.00246813725490196,0.0196946385566932,0.04,12.98,0.0055228010073847,100,0.055228010073847,0.884316770186335,100,0,0,"Prop_0.75",30,0.001,"Low","Beta",2000,FALSE
"BL314","DiD","unadjusted",0.01,100,0.00960257407586095,100,0.0960257407586095,0.501304347826087,0.00201007563051842,0.997142857142857,0.00201007563051842,0.00285714285714286,0.00104442330827304,0.0104442330827304,0.00148351648351648,0.014070529413629,0.02,11.55,0.0055228010073847,100,0.055228010073847,0.884316770186335,100,0,0,"Prop_0.75",30,0.001,"Low","Beta",2000,FALSE
"BL314","DiD","unadjusted",0.05,100,0.00858515655211853,100,0.0858515655211853,0.626086956521739,0.00523809523809524,0.981428571428571,0.00523809523809524,0.0185714285714286,0.00239605352554565,0.0239605352554565,0.00851575630252101,0.032659863237109,0.12,14.53,0.0055228010073847,100,0.055228010073847,0.884316770186335,100,0,0,"Prop_0.75",30,0.001,"Low","Beta",2000,FALSE
"BL314","MIMOSA2","BFDR",0.01,100,0.0110266211569256,100,0.110266211569256,0.557391304347826,0.00201007563051842,0.997142857142857,0.00201007563051842,0.00285714285714286,0.000829283086593738,0.00829283086593738,0.00116666666666667,0.014070529413629,0.02,12.84,0.00498742856357523,100,0.0498742856357523,0.91139751552795,100,0,0,"Prop_0.75",30,0.001,"Low","Beta",2000,FALSE
"BL314","MIMOSA2","BFDR",0.05,100,0.0100088750214294,100,0.100088750214294,0.714782608695652,0.00551417281508961,0.978571428571429,0.00551417281508961,0.0214285714285714,0.00232169099351117,0.0232169099351117,0.00907276770357266,0.0348735088019777,0.14,16.59,0.00498742856357523,100,0.0498742856357523,0.91139751552795,100,0,0,"Prop_0.75",30,0.001,"Low","Beta",2000,FALSE
"BL315","DiD","BH",0.01,100,0.00843917898860043,100,0.0843917898860043,0.42962962962963,0,1,0,0,0,0,0,0,0,11.6,0.00705331721410312,100,0.0705331721410312,0.889259259259259,100,0,0,"Prop_0.90",30,0.001,"Low","Beta",2000,FALSE
"BL315","DiD","BH",0.05,100,0.0094236069211948,100,0.094236069211948,0.556666666666667,0.00656487951889775,0.986666666666667,0.00656487951889775,0.0133333333333333,0.00146425057669672,0.0146425057669672,0.00293322363910599,0.0196946385566932,0.04,15.07,0.00705331721410312,100,0.0705331721410312,0.889259259259259,100,0,0,"Prop_0.90",30,0.001,"Low","Beta",2000,FALSE
"BL315","DiD","unadjusted",0.01,100,0.00790298802092384,100,0.0790298802092384,0.488148148148148,0,1,0,0,0,0,0,0,0,13.18,0.00705331721410312,100,0.0705331721410312,0.889259259259259,100,0,0,"Prop_0.90",30,0.001,"Low","Beta",2000,FALSE
"BL315","DiD","unadjusted",0.05,100,0.00752764369696006,100,0.0752764369696007,0.61037037037037,0.00908866414480969,0.973333333333333,0.00908866414480969,0.0266666666666667,0.00178070776844562,0.0178070776844562,0.00513824389404885,0.0272659924344291,0.08,16.56,0.00705331721410312,100,0.0705331721410312,0.889259259259259,100,0,0,"Prop_0.90",30,0.001,"Low","Beta",2000,FALSE
"BL315","MIMOSA2","BFDR",0.01,100,0.0090669135035317,100,0.090669135035317,0.550740740740741,0.00333333333333333,0.996666666666667,0.00333333333333333,0.00333333333333333,0.000526315789473684,0.00526315789473684,0.000526315789473684,0.01,0.01,14.88,0.00669442188531714,100,0.0669442188531714,0.909074074074074,100,0,0,"Prop_0.90",30,0.001,"Low","Beta",2000,FALSE
"BL315","MIMOSA2","BFDR",0.05,100,0.00820365071144294,100,0.0820365071144294,0.713703703703704,0.0104822012578407,0.963333333333333,0.0104822012578407,0.0366666666666667,0.00164237274503179,0.0164237274503179,0.00571090326082586,0.031446603773522,0.11,19.38,0.00669442188531714,100,0.0669442188531714,0.909074074074074,100,0,0,"Prop_0.90",30,0.001,"Low","Beta",2000,FALSE
"BL316","DiD","BH",0.01,100,0.0191369334592098,100,0.191369334592098,0.312,0,1,0,0,0,0,0,0,0,1.56,0.00955268403595604,100,0.0955268403595604,0.875777777777778,100,0,0,"Prop_0.10",50,0.001,"Low","Beta",2000,FALSE
"BL316","DiD","BH",0.05,100,0.0190650137024537,100,0.190650137024537,0.396,0.000222222222222223,0.999777777777778,0.000222222222222223,0.000222222222222223,0.00333333333333333,0.0333333333333333,0.00333333333333333,0.01,0.01,1.99,0.00955268403595604,100,0.0955268403595604,0.875777777777778,100,0,0,"Prop_0.10",50,0.001,"Low","Beta",2000,FALSE
"BL316","DiD","unadjusted",0.01,100,0.0161857900017206,100,0.161857900017206,0.492,0.000670025210172809,0.997777777777778,0.000670025210172809,0.00222222222222223,0.00878116543758286,0.0878116543758286,0.0286666666666667,0.0301511344577764,0.1,2.56,0.00955268403595604,100,0.0955268403595604,0.875777777777778,100,0,0,"Prop_0.10",50,0.001,"Low","Beta",2000,FALSE
"BL316","DiD","unadjusted",0.05,100,0.0178648122058844,100,0.178648122058844,0.598,0.0024157070091712,0.978,0.0024157070091712,0.022,0.0197072291967435,0.197072291967435,0.206142857142857,0.049431107042371,0.59,3.98,0.00955268403595604,100,0.0955268403595604,0.875777777777778,100,0,0,"Prop_0.10",50,0.001,"Low","Beta",2000,FALSE
"BL316","MIMOSA2","BFDR",0.01,100,0.0194842593812637,100,0.194842593812637,0.396,0.000494892229674697,0.999333333333333,0.000494892229674697,0.000666666666666667,0.00518090251228016,0.0518090251228016,0.00733333333333333,0.014070529413629,0.02,2.01,0.0106804855772622,100,0.106804855772622,0.880688888888889,100,0,0,"Prop_0.10",50,0.001,"Low","Beta",2000,FALSE
"BL316","MIMOSA2","BFDR",0.05,100,0.0195546372603492,100,0.195546372603492,0.488,0.000914065451885403,0.996666666666667,0.000914065451885403,0.00333333333333334,0.0099645274327724,0.099645274327724,0.0363333333333333,0.0337997668989631,0.13,2.59,0.0106804855772622,100,0.106804855772622,0.880688888888889,100,0,0,"Prop_0.10",50,0.001,"Low","Beta",2000,FALSE
"BL317","DiD","BH",0.01,100,0.0150038347059772,100,0.150038347059772,0.350769230769231,0.00027027027027027,0.99972972972973,0.00027027027027027,0.00027027027027027,0.002,0.02,0.002,0.01,0.01,4.57,0.00517126917409286,100,0.0517126917409286,0.882474012474012,100,0,0,"Prop_0.25",50,0.001,"Low","Beta",2000,FALSE
"BL317","DiD","BH",0.05,100,0.012932841244019,100,0.12932841244019,0.464615384615385,0.00069306054047633,0.998108108108108,0.00069306054047633,0.00189189189189189,0.0038678327787761,0.038678327787761,0.0103015873015873,0.0256432399976243,0.07,6.11,0.00517126917409286,100,0.0517126917409286,0.882474012474012,100,0,0,"Prop_0.25",50,0.001,"Low","Beta",2000,FALSE
"BL317","DiD","unadjusted",0.01,100,0.0117295750089516,100,0.117295750089516,0.493076923076923,0.000736918714444028,0.997837837837838,0.000736918714444028,0.00216216216216216,0.00394627347958219,0.0394627347958219,0.0113134920634921,0.0272659924344291,0.08,6.49,0.00517126917409286,100,0.0517126917409286,0.882474012474012,100,0,0,"Prop_0.25",50,0.001,"Low","Beta",2000,FALSE
"BL317","DiD","unadjusted",0.05,100,0.0114927870928282,100,0.114927870928282,0.616153846153846,0.00248123458694336,0.977297297297297,0.00248123458694336,0.0227027027027027,0.00942248691469249,0.0942248691469249,0.0881905316905317,0.0498887651569859,0.56,8.85,0.00517126917409286,100,0.0517126917409286,0.882474012474012,100,0,0,"Prop_0.25",50,0.001,"Low","Beta",2000,FALSE
"BL317","MIMOSA2","BFDR",0.01,100,0.0149359599626531,100,0.149359599626531,0.441538461538462,0.000592007874479973,0.998648648648649,0.000592007874479973,0.00135135135135135,0.0026683380864101,0.026683380864101,0.00593686868686869,0.021904291355759,0.05,5.79,0.00553793689146593,100,0.0553793689146593,0.903284823284823,100,0,0,"Prop_0.25",50,0.001,"Low","Beta",2000,FALSE
"BL317","MIMOSA2","BFDR",0.05,100,0.0159522328028652,100,0.159522328028652,0.590769230769231,0.00162434933023006,0.991351351351351,0.00162434933023006,0.00864864864864864,0.00583345093430395,0.0583345093430395,0.0326050616050616,0.0440844002276808,0.26,8,0.00553793689146593,100,0.0553793689146593,0.903284823284823,100,0,0,"Prop_0.25",50,0.001,"Low","Beta",2000,FALSE
"BL318","DiD","BH",0.01,100,0.010917061061578,100,0.10917061061578,0.3936,4e-04,0.9996,4e-04,4e-04,0.00125,0.0125,0.00125,0.01,0.01,9.85,0.00433162812136709,100,0.0433162812136709,0.870472,100,0,0,"Prop_0.50",50,0.001,"Low","Beta",2000,FALSE
"BL318","DiD","BH",0.05,100,0.0100837703386394,100,0.100837703386394,0.5112,0.00133333333333333,0.996,0.00133333333333333,0.004,0.00243158481266522,0.0243158481266522,0.00734094092182327,0.0287623491264661,0.09,12.88,0.00433162812136709,100,0.0433162812136709,0.870472,100,0,0,"Prop_0.50",50,0.001,"Low","Beta",2000,FALSE
"BL318","DiD","unadjusted",0.01,100,0.00862376326955309,100,0.0862376326955309,0.4912,0.00117275467824841,0.9972,0.00117275467824841,0.0028,0.0022801832413927,0.022801832413927,0.00560822510822511,0.0238683256575942,0.06,12.35,0.00433162812136709,100,0.0433162812136709,0.870472,100,0,0,"Prop_0.50",50,0.001,"Low","Beta",2000,FALSE
"BL318","DiD","unadjusted",0.05,100,0.00763564210155441,100,0.0763564210155441,0.61,0.00269649978882089,0.9804,0.00269649978882089,0.0196,0.00408274996754779,0.0408274996754779,0.0295948678514468,0.0492365963917331,0.4,15.74,0.00433162812136709,100,0.0433162812136709,0.870472,100,0,0,"Prop_0.50",50,0.001,"Low","Beta",2000,FALSE
"BL318","MIMOSA2","BFDR",0.01,100,0.0102843609819998,100,0.102843609819998,0.5336,0.00125786415094088,0.9956,0.00125786415094088,0.0044,0.00219411786144679,0.0219411786144679,0.00755482834159305,0.031446603773522,0.11,13.45,0.00432243395705837,100,0.0432243395705837,0.898552,100,0,0,"Prop_0.50",50,0.001,"Low","Beta",2000,FALSE
"BL318","MIMOSA2","BFDR",0.05,100,0.0104005438863222,100,0.104005438863222,0.6948,0.00256912515078656,0.9784,0.00256912515078656,0.0216,0.00344232494659023,0.0344232494659023,0.0290838774938586,0.0500908265962033,0.46,17.91,0.00432243395705837,100,0.0432243395705837,0.898552,100,0,0,"Prop_0.50",50,0.001,"Low","Beta",2000,FALSE
"BL319","DiD","BH",0.01,100,0.00927519637240739,100,0.0927519637240739,0.42,0.000833333333333334,0.999166666666667,0.000833333333333334,0.000833333333333334,0.000434782608695652,0.00434782608695652,0.000434782608695652,0.01,0.01,15.97,0.00444682694188748,100,0.0444682694188748,0.87422149122807,100,0,0,"Prop_0.75",50,0.001,"Low","Beta",2000,FALSE
"BL319","DiD","BH",0.05,100,0.00773355758524215,100,0.0773355758524215,0.539736842105263,0.00290612573349814,0.988333333333333,0.00290612573349814,0.0116666666666667,0.00155896525978877,0.0155896525978877,0.00619657558818373,0.0348735088019777,0.14,20.65,0.00444682694188748,100,0.0444682694188748,0.87422149122807,100,0,0,"Prop_0.75",50,0.001,"Low","Beta",2000,FALSE
"BL319","DiD","unadjusted",0.01,100,0.00736937033453766,100,0.0736937033453766,0.484736842105263,0.00182535761297992,0.995833333333333,0.00182535761297992,0.00416666666666667,0.00102478035926794,0.0102478035926794,0.00231636141636142,0.021904291355759,0.05,18.47,0.00444682694188748,100,0.0444682694188748,0.87422149122807,100,0,0,"Prop_0.75",50,0.001,"Low","Beta",2000,FALSE
"BL319","DiD","unadjusted",0.05,100,0.00614513370347484,100,0.0614513370347484,0.606315789473684,0.00401666003045123,0.975,0.00401666003045123,0.025,0.00208577383211687,0.0208577383211687,0.0126968544292926,0.0456048021572069,0.29,23.34,0.00444682694188748,100,0.0444682694188748,0.87422149122807,100,0,0,"Prop_0.75",50,0.001,"Low","Beta",2000,FALSE
"BL319","MIMOSA2","BFDR",0.01,100,0.0085592641848267,100,0.085592641848267,0.549210526315789,0.00164121987972444,0.996666666666667,0.00164121987972444,0.00333333333333333,0.000783090131356822,0.00783090131356822,0.00158831908831909,0.0196946385566932,0.04,20.91,0.00371522960402578,100,0.0371522960402578,0.904934210526316,100,0,0,"Prop_0.75",50,0.001,"Low","Beta",2000,FALSE
"BL319","MIMOSA2","BFDR",0.05,100,0.00810352135775493,100,0.0810352135775493,0.714473684210526,0.00472222222222222,0.9675,0.00472222222222222,0.0325,0.0020123129770561,0.020123129770561,0.0137773891750786,0.0479372485441102,0.35,27.54,0.00371522960402578,100,0.0371522960402578,0.904934210526316,100,0,0,"Prop_0.75",50,0.001,"Low","Beta",2000,FALSE
"BL320","DiD","BH",0.01,100,0.00766878904893022,100,0.0766878904893022,0.446666666666667,0.00281410588272579,0.996,0.00281410588272579,0.004,0.000785349970444005,0.00785349970444005,0.00111455108359133,0.014070529413629,0.02,20.12,0.00509256920717006,100,0.0509256920717006,0.881711111111111,100,0,0,"Prop_0.90",50,0.001,"Low","Beta",2000,FALSE
"BL320","DiD","BH",0.05,100,0.00706533385704703,100,0.0706533385704703,0.576666666666667,0.00545319848688581,0.984,0.00545319848688581,0.016,0.00100929350465774,0.0100929350465774,0.00295232886628882,0.0272659924344291,0.08,26.03,0.00509256920717006,100,0.0509256920717006,0.881711111111111,100,0,0,"Prop_0.90",50,0.001,"Low","Beta",2000,FALSE
"BL320","DiD","unadjusted",0.01,100,0.0064188896941643,100,0.064188896941643,0.506666666666667,0.00393892771133865,0.992,0.00393892771133865,0.008,0.000839649289108155,0.00839649289108155,0.00169192546583851,0.0196946385566932,0.04,22.84,0.00509256920717006,100,0.0509256920717006,0.881711111111111,100,0,0,"Prop_0.90",50,0.001,"Low","Beta",2000,FALSE
"BL320","DiD","unadjusted",0.05,100,0.00581971313555678,100,0.0581971313555678,0.622444444444444,0.00805034662657955,0.972,0.00805034662657955,0.028,0.00134266333823999,0.0134266333823999,0.00471484970882995,0.032659863237109,0.12,28.15,0.00509256920717006,100,0.0509256920717006,0.881711111111111,100,0,0,"Prop_0.90",50,0.001,"Low","Beta",2000,FALSE
"BL320","MIMOSA2","BFDR",0.01,100,0.0076478159244986,100,0.076478159244986,0.575111111111111,0.00342893215995531,0.994,0.00342893215995531,0.006,0.00066643432666854,0.0066643432666854,0.00115651589789521,0.0171446607997765,0.03,25.91,0.00388227495937717,100,0.0388227495937717,0.908377777777778,100,0,0,"Prop_0.90",50,0.001,"Low","Beta",2000,FALSE
"BL320","MIMOSA2","BFDR",0.05,100,0.0067661488802464,100,0.067661488802464,0.742,0.00736905898354941,0.968,0.00736905898354941,0.032,0.00108900316283145,0.0108900316283145,0.00471101311275335,0.0368452949177471,0.16,33.55,0.00388227495937717,100,0.0388227495937717,0.908377777777778,100,0,0,"Prop_0.90",50,0.001,"Low","Beta",2000,FALSE
"BL321","DiD","BH",0.01,100,0.015326826682703,100,0.15326826682703,0.3175,0,1,0,0,0,0,0,0,0,2.54,0.00678125661391973,100,0.0678125661391973,0.863041044776119,100,0,0,"Prop_0.10",75,0.001,"Low","Beta",2000,FALSE
"BL321","DiD","BH",0.05,100,0.0155268381204997,100,0.155268381204997,0.39375,0.000362505018715765,0.999402985074627,0.000362505018715765,0.000597014925373135,0.00571488693325884,0.0571488693325884,0.01,0.0171446607997765,0.03,3.19,0.00678125661391973,100,0.0678125661391973,0.863041044776119,100,0,0,"Prop_0.10",75,0.001,"Low","Beta",2000,FALSE
"BL321","DiD","unadjusted",0.01,100,0.0137298980699094,100,0.137298980699094,0.48,0.000649543492372007,0.997761194029851,0.000649543492372007,0.00223880597014926,0.00971644850203534,0.0971644850203534,0.0325,0.032659863237109,0.12,3.99,0.00678125661391973,100,0.0678125661391973,0.863041044776119,100,0,0,"Prop_0.10",75,0.001,"Low","Beta",2000,FALSE
"BL321","DiD","unadjusted",0.05,100,0.0134276963885482,100,0.134276963885482,0.595,0.00187950547317558,0.977462686567164,0.00187950547317558,0.0225373134328358,0.0148692192617843,0.148692192617843,0.220739232989233,0.0409360180740332,0.79,6.27,0.00678125661391973,100,0.0678125661391973,0.863041044776119,100,0,0,"Prop_0.10",75,0.001,"Low","Beta",2000,FALSE
"BL321","MIMOSA2","BFDR",0.01,100,0.0157493786954575,100,0.157493786954575,0.4025,0.000255890459698158,0.99955223880597,0.000255890459698158,0.000447761194029852,0.00457788932883602,0.0457788932883602,0.00783333333333333,0.0171446607997765,0.03,3.25,0.00744970385059368,100,0.0744970385059368,0.880419776119403,100,0,0,"Prop_0.10",75,0.001,"Low","Beta",2000,FALSE
"BL321","MIMOSA2","BFDR",0.05,100,0.0150813241588343,100,0.150813241588343,0.52125,0.00082965462488402,0.995671641791045,0.00082965462488402,0.00432835820895523,0.0105970011666039,0.105970011666039,0.0552380952380952,0.0429234695990928,0.24,4.46,0.00744970385059368,100,0.0744970385059368,0.880419776119403,100,0,0,"Prop_0.10",75,0.001,"Low","Beta",2000,FALSE
"BL322","DiD","BH",0.01,100,0.0110262716981783,100,0.110262716981783,0.372105263157895,0,1,0,0,0,0,0,0,0,7.07,0.00471735886939383,100,0.0471735886939383,0.88140037593985,100,0,0,"Prop_0.25",75,0.001,"Low","Beta",2000,FALSE
"BL322","DiD","BH",0.05,100,0.0112583075705617,100,0.112583075705617,0.474210526315789,0.000513613377258325,0.998392857142857,0.000513613377258325,0.00160714285714286,0.00267073829120207,0.0267073829120207,0.00826634476634477,0.0287623491264661,0.09,9.1,0.00471735886939383,100,0.0471735886939383,0.88140037593985,100,0,0,"Prop_0.25",75,0.001,"Low","Beta",2000,FALSE
"BL322","DiD","unadjusted",0.01,100,0.0099378296304187,100,0.099378296304187,0.501052631578947,0.00064083978800471,0.997321428571429,0.00064083978800471,0.00267857142857144,0.00332869564506763,0.0332869564506763,0.0138117993117993,0.0358870281282637,0.15,9.67,0.00471735886939383,100,0.0471735886939383,0.88140037593985,100,0,0,"Prop_0.25",75,0.001,"Low","Beta",2000,FALSE
"BL322","DiD","unadjusted",0.05,100,0.00970420698613776,100,0.0970420698613776,0.625263157894737,0.00212193671915904,0.975178571428571,0.00212193671915904,0.0248214285714286,0.00784211584615005,0.0784211584615005,0.100483299380358,0.0416333199893227,0.78,13.27,0.00471735886939383,100,0.0471735886939383,0.88140037593985,100,0,0,"Prop_0.25",75,0.001,"Low","Beta",2000,FALSE
"BL322","MIMOSA2","BFDR",0.01,100,0.0119813130378694,100,0.119813130378694,0.454736842105263,0.000391148059924269,0.999107142857143,0.000391148059924269,0.000892857142857145,0.00212721831036069,0.0212721831036069,0.00483838383838384,0.021904291355759,0.05,8.69,0.00490835555563255,100,0.0490835555563255,0.902095864661654,100,0,0,"Prop_0.25",75,0.001,"Low","Beta",2000,FALSE
"BL322","MIMOSA2","BFDR",0.05,100,0.0129849344589086,100,0.129849344589086,0.594210526315789,0.00127550762729074,0.989821428571429,0.00127550762729074,0.0101785714285714,0.00536489854839117,0.0536489854839117,0.0436712021638492,0.05,0.45,11.86,0.00490835555563255,100,0.0490835555563255,0.902095864661654,100,0,0,"Prop_0.25",75,0.001,"Low","Beta",2000,FALSE
"BL323","DiD","BH",0.01,100,0.00733316353977254,100,0.0733316353977254,0.409210526315789,0.00027027027027027,0.99972972972973,0.00027027027027027,0.00027027027027027,0.000434782608695652,0.00434782608695652,0.000434782608695652,0.01,0.01,15.56,0.00316497167541788,100,0.0316497167541788,0.883413940256045,100,0,0,"Prop_0.50",75,0.001,"Low","Beta",2000,FALSE
"BL323","DiD","BH",0.05,100,0.00686965377854069,100,0.0686965377854069,0.514736842105263,0.00124950647302496,0.994054054054054,0.00124950647302496,0.00594594594594594,0.00221951111059744,0.0221951111059744,0.0104811501173629,0.0402015126103685,0.2,19.78,0.00316497167541788,100,0.0316497167541788,0.883413940256045,100,0,0,"Prop_0.50",75,0.001,"Low","Beta",2000,FALSE
"BL323","DiD","unadjusted",0.01,100,0.00618100010552381,100,0.0618100010552381,0.492631578947368,0.000942527264918314,0.996216216216216,0.000942527264918314,0.00378378378378378,0.0018167250214921,0.018167250214921,0.00722365718217111,0.0348735088019777,0.14,18.86,0.00316497167541788,100,0.0316497167541788,0.883413940256045,100,0,0,"Prop_0.50",75,0.001,"Low","Beta",2000,FALSE
"BL323","DiD","unadjusted",0.05,100,0.00650543726938216,100,0.0650543726938216,0.613157894736842,0.00225225225225225,0.974324324324324,0.00225225225225225,0.0256756756756757,0.00339468901755578,0.0339468901755578,0.0385592047050068,0.0479372485441102,0.65,24.25,0.00316497167541788,100,0.0316497167541788,0.883413940256045,100,0,0,"Prop_0.50",75,0.001,"Low","Beta",2000,FALSE
"BL323","MIMOSA2","BFDR",0.01,100,0.00794732617203088,100,0.0794732617203088,0.553421052631579,0.00099099099099099,0.996486486486487,0.00099099099099099,0.00351351351351351,0.00170074666128993,0.0170074666128993,0.00599253454489784,0.032659863237109,0.12,21.16,0.00305676102004489,100,0.0305676102004489,0.914046941678521,100,0,0,"Prop_0.50",75,0.001,"Low","Beta",2000,FALSE
"BL323","MIMOSA2","BFDR",0.05,100,0.00784032284422569,100,0.0784032284422569,0.715263157894737,0.00270761224844342,0.975135135135135,0.00270761224844342,0.0248648648648648,0.0034399022382565,0.034399022382565,0.032008635901647,0.05,0.55,28.1,0.00305676102004489,100,0.0305676102004489,0.914046941678521,100,0,0,"Prop_0.50",75,0.001,"Low","Beta",2000,FALSE
"BL324","DiD","BH",0.01,100,0.00649266092979518,100,0.0649266092979518,0.415178571428571,0.000526315789473685,0.999473684210526,0.000526315789473685,0.000526315789473685,0.000384615384615385,0.00384615384615385,0.000384615384615385,0.01,0.01,23.26,0.00343935429589377,100,0.0343935429589377,0.877396616541353,100,0,0,"Prop_0.75",75,0.001,"Low","Beta",2000,FALSE
"BL324","DiD","BH",0.05,100,0.00639105918431548,100,0.0639105918431548,0.53875,0.00165508440913274,0.994210526315789,0.00165508440913274,0.00578947368421053,0.00101739544894906,0.0101739544894906,0.0035251404001404,0.031446603773522,0.11,30.28,0.00343935429589377,100,0.0343935429589377,0.877396616541353,100,0,0,"Prop_0.75",75,0.001,"Low","Beta",2000,FALSE
"BL324","DiD","unadjusted",0.01,100,0.00525390544924382,100,0.0525390544924382,0.49125,0.00143505223339101,0.995789473684211,0.00143505223339101,0.00421052631578948,0.000947767028299011,0.00947767028299011,0.00276074202082267,0.0272659924344291,0.08,27.59,0.00343935429589377,100,0.0343935429589377,0.877396616541353,100,0,0,"Prop_0.75",75,0.001,"Low","Beta",2000,FALSE
"BL324","DiD","unadjusted",0.05,100,0.00558668292254872,100,0.0558668292254872,0.607321428571429,0.00248727138223822,0.982631578947368,0.00248727138223822,0.0173684210526316,0.00137942981897918,0.0137942981897918,0.0095766646778893,0.0472581562625261,0.33,34.34,0.00343935429589377,100,0.0343935429589377,0.877396616541353,100,0,0,"Prop_0.75",75,0.001,"Low","Beta",2000,FALSE
"BL324","MIMOSA2","BFDR",0.01,100,0.00719522201544726,100,0.0719522201544726,0.555892857142857,0.00115285743977679,0.997368421052632,0.00115285743977679,0.00263157894736842,0.000687208834968835,0.00687208834968835,0.00155947338205403,0.021904291355759,0.05,31.18,0.00314256189437082,100,0.0314256189437082,0.906658834586466,100,0,0,"Prop_0.75",75,0.001,"Low","Beta",2000,FALSE
"BL324","MIMOSA2","BFDR",0.05,100,0.00735776538785948,100,0.0735776538785948,0.720535714285714,0.00358763058347751,0.968421052631579,0.00358763058347751,0.0315789473684211,0.00162141568017191,0.0162141568017191,0.0141512202276804,0.0502518907629606,0.5,40.95,0.00314256189437082,100,0.0314256189437082,0.906658834586466,100,0,0,"Prop_0.75",75,0.001,"Low","Beta",2000,FALSE
"BL325","DiD","BH",0.01,100,0.00586172482313913,100,0.0586172482313913,0.440735294117647,0.00244923725711093,0.995714285714286,0.00244923725711093,0.00428571428571429,0.000521471454838241,0.00521471454838241,0.000911325233905879,0.0171446607997765,0.03,30,0.00419844474216579,100,0.0419844474216579,0.875871848739496,100,0,0,"Prop_0.90",75,0.001,"Low","Beta",2000,FALSE
"BL325","DiD","BH",0.05,100,0.00546681023270821,100,0.0546681023270821,0.563676470588235,0.00508837584585805,0.982857142857143,0.00508837584585805,0.0171428571428571,0.000871327824001042,0.00871327824001042,0.00292898682298702,0.031446603773522,0.11,38.45,0.00419844474216579,100,0.0419844474216579,0.875871848739496,100,0,0,"Prop_0.90",75,0.001,"Low","Beta",2000,FALSE
"BL325","DiD","unadjusted",0.01,100,0.0049854520803597,100,0.049854520803597,0.498382352941176,0.00281351979381332,0.994285714285714,0.00281351979381332,0.00571428571428572,0.000558165172790805,0.00558165172790805,0.0011312134502924,0.0196946385566932,0.04,33.93,0.00419844474216579,100,0.0419844474216579,0.875871848739496,100,0,0,"Prop_0.90",75,0.001,"Low","Beta",2000,FALSE
"BL325","DiD","unadjusted",0.05,100,0.00482513324205012,100,0.0482513324205012,0.619264705882353,0.0059873432092558,0.972857142857143,0.0059873432092558,0.0271428571428571,0.000977724439264697,0.00977724439264697,0.00443169290362285,0.0386122919665369,0.18,42.3,0.00419844474216579,100,0.0419844474216579,0.875871848739496,100,0,0,"Prop_0.90",75,0.001,"Low","Beta",2000,FALSE
"BL325","MIMOSA2","BFDR",0.01,100,0.00655969208949415,100,0.0655969208949415,0.575147058823529,0.00366331999966061,0.99,0.00366331999966061,0.01,0.00063566507395154,0.0063566507395154,0.00172385878701668,0.0256432399976243,0.07,39.18,0.00345396051490795,100,0.0345396051490795,0.905294117647059,100,0,0,"Prop_0.90",75,0.001,"Low","Beta",2000,FALSE
"BL325","MIMOSA2","BFDR",0.05,100,0.0061895957366289,100,0.061895957366289,0.744264705882353,0.00661700737810753,0.962857142857143,0.00661700737810753,0.0371428571428572,0.00088918576647981,0.0088918576647981,0.00502237868634785,0.0435194139889245,0.25,50.87,0.00345396051490795,100,0.0345396051490795,0.905294117647059,100,0,0,"Prop_0.90",75,0.001,"Low","Beta",2000,FALSE
"BL326","DiD","BH",0.01,100,0.0165373773157913,100,0.165373773157913,0.315,0.000111111111111111,0.999888888888889,0.000111111111111111,0.000111111111111111,0.00166666666666667,0.0166666666666667,0.00166666666666667,0.01,0.01,3.16,0.00606245488307977,100,0.0606245488307977,0.870916666666667,100,0,0,"Prop_0.10",100,0.001,"Low","Beta",2000,FALSE
"BL326","DiD","BH",0.05,100,0.0162365717633453,100,0.162365717633453,0.399,0.000284924888862491,0.999222222222222,0.000284924888862491,0.000777777777777775,0.00507345962019708,0.0507345962019708,0.0134444444444444,0.0256432399976243,0.07,4.06,0.00606245488307977,100,0.0606245488307977,0.870916666666667,100,0,0,"Prop_0.10",100,0.001,"Low","Beta",2000,FALSE
"BL326","DiD","unadjusted",0.01,100,0.013416031417297,100,0.13416031417297,0.491,0.000584434586594795,0.996555555555556,0.000584434586594795,0.00344444444444444,0.00955472438866173,0.0955472438866173,0.0556269841269841,0.0451260859854213,0.28,5.22,0.00606245488307977,100,0.0606245488307977,0.870916666666667,100,0,0,"Prop_0.10",100,0.001,"Low","Beta",2000,FALSE
"BL326","DiD","unadjusted",0.05,100,0.0130558241966773,100,0.130558241966773,0.605,0.0014478936630012,0.975888888888889,0.0014478936630012,0.0241111111111111,0.0129873430671209,0.129873430671209,0.253277417027417,0.0287623491264661,0.91,8.22,0.00606245488307977,100,0.0606245488307977,0.870916666666667,100,0,0,"Prop_0.10",100,0.001,"Low","Beta",2000,FALSE
"BL326","MIMOSA2","BFDR",0.01,100,0.0159782048523303,100,0.159782048523303,0.415,0.000190496231108627,0.999666666666667,0.000190496231108627,0.000333333333333332,0.00340309986107108,0.0340309986107108,0.00583333333333333,0.0171446607997765,0.03,4.18,0.00601583340776437,100,0.0601583340776437,0.889961111111111,100,0,0,"Prop_0.10",100,0.001,"Low","Beta",2000,FALSE
"BL326","MIMOSA2","BFDR",0.05,100,0.0153425532227833,100,0.153425532227833,0.536,0.000649133450215786,0.995666666666667,0.000649133450215786,0.00433333333333332,0.0100531162085517,0.100531162085517,0.0640039682539683,0.0476095228569523,0.34,5.75,0.00601583340776437,100,0.0601583340776437,0.889961111111111,100,0,0,"Prop_0.10",100,0.001,"Low","Beta",2000,FALSE
"BL327","DiD","BH",0.01,100,0.0108320512061813,100,0.108320512061813,0.36,0.000133333333333333,0.999866666666667,0.000133333333333333,0.000133333333333333,0.000714285714285714,0.00714285714285714,0.000714285714285714,0.01,0.01,9.01,0.00396954268371624,100,0.0396954268371624,0.876898666666667,100,0,0,"Prop_0.25",100,0.001,"Low","Beta",2000,FALSE
"BL327","DiD","BH",0.05,100,0.0113618180363404,100,0.113618180363404,0.466,0.000464980117359702,0.998133333333333,0.000464980117359702,0.00186666666666666,0.00273889718967635,0.0273889718967635,0.0107889749139749,0.0348735088019777,0.14,11.79,0.00396954268371624,100,0.0396954268371624,0.876898666666667,100,0,0,"Prop_0.25",100,0.001,"Low","Beta",2000,FALSE
"BL327","DiD","unadjusted",0.01,100,0.00973972392946649,100,0.0973972392946649,0.4992,0.000577777777777777,0.9972,0.000577777777777777,0.00279999999999999,0.00355932001312973,0.0355932001312973,0.01648001998002,0.0402015126103685,0.2,12.69,0.00396954268371624,100,0.0396954268371624,0.876898666666667,100,0,0,"Prop_0.25",100,0.001,"Low","Beta",2000,FALSE
"BL327","DiD","unadjusted",0.05,100,0.008615138191614,100,0.08615138191614,0.6104,0.00171065191267247,0.979733333333333,0.00171065191267247,0.0202666666666667,0.00707342288754628,0.0707342288754628,0.086661728321558,0.0429234695990928,0.76,16.78,0.00396954268371624,100,0.0396954268371624,0.876898666666667,100,0,0,"Prop_0.25",100,0.001,"Low","Beta",2000,FALSE
"BL327","MIMOSA2","BFDR",0.01,100,0.0104644467825417,100,0.104644467825417,0.4552,0.000450663558652841,0.998266666666667,0.000450663558652841,0.00173333333333333,0.00259159976782746,0.0259159976782746,0.00979708200296436,0.0337997668989631,0.13,11.51,0.0036805712629358,100,0.036805712629358,0.897416,100,0,0,"Prop_0.25",100,0.001,"Low","Beta",2000,FALSE
"BL327","MIMOSA2","BFDR",0.05,100,0.0112904715346502,100,0.112904715346502,0.59,0.00112204719107081,0.991066666666667,0.00112204719107081,0.00893333333333332,0.00487964576761647,0.0487964576761647,0.0394464258221998,0.0502116731568678,0.48,15.42,0.0036805712629358,100,0.036805712629358,0.897416,100,0,0,"Prop_0.25",100,0.001,"Low","Beta",2000,FALSE
"BL328","DiD","BH",0.01,100,0.00790189850605537,100,0.0790189850605536,0.4038,0,1,0,0,0,0,0,0,0,20.19,0.00310888073009233,100,0.0310888073009233,0.87576,100,0,0,"Prop_0.50",100,0.001,"Low","Beta",2000,FALSE
"BL328","DiD","BH",0.05,100,0.00693985707069073,100,0.0693985707069073,0.52,0.000885118265224679,0.9962,0.000885118265224679,0.0038,0.00160063280506953,0.0160063280506953,0.00688117385497154,0.0377525168068637,0.17,26.19,0.00310888073009233,100,0.0310888073009233,0.87576,100,0,0,"Prop_0.50",100,0.001,"Low","Beta",2000,FALSE
"BL328","DiD","unadjusted",0.01,100,0.00616313576227576,100,0.0616313576227576,0.5034,0.000653197264742181,0.9976,0.000653197264742181,0.0024,0.00131763191960664,0.0131763191960664,0.00480890985540354,0.032659863237109,0.12,25.29,0.00310888073009233,100,0.0310888073009233,0.87576,100,0,0,"Prop_0.50",100,0.001,"Low","Beta",2000,FALSE
"BL328","DiD","unadjusted",0.05,100,0.00536245835377391,100,0.0536245835377391,0.6154,0.00221254458381149,0.9756,0.00221254458381149,0.0244,0.0033355374706099,0.033355374706099,0.0373899086093845,0.0456048021572069,0.71,31.99,0.00310888073009233,100,0.0310888073009233,0.87576,100,0,0,"Prop_0.50",100,0.001,"Low","Beta",2000,FALSE
"BL328","MIMOSA2","BFDR",0.01,100,0.0080556398463023,100,0.080556398463023,0.5534,0.000786502294075395,0.9974,0.000786502294075395,0.0026,0.00130331276739619,0.0130331276739619,0.00441408580262945,0.031446603773522,0.11,27.8,0.00316493653533957,100,0.0316493653533957,0.906136,100,0,0,"Prop_0.50",100,0.001,"Low","Beta",2000,FALSE
"BL328","MIMOSA2","BFDR",0.05,100,0.00749367409987594,100,0.0749367409987594,0.7192,0.00201599663299382,0.9742,0.00201599663299382,0.0258,0.00253550878418153,0.0253550878418153,0.0336833058640849,0.0429234695990928,0.76,37.25,0.00316493653533957,100,0.0316493653533957,0.906136,100,0,0,"Prop_0.50",100,0.001,"Low","Beta",2000,FALSE
"BL329","DiD","BH",0.01,100,0.00539484727349877,100,0.0539484727349877,0.424666666666667,0,1,0,0,0,0,0,0,0,31.85,0.00311505753739469,100,0.0311505753739469,0.874885333333333,100,0,0,"Prop_0.75",100,0.001,"Low","Beta",2000,FALSE
"BL329","DiD","BH",0.05,100,0.00451260859854213,100,0.0451260859854213,0.541333333333333,0.00202569354627849,0.9924,0.00202569354627849,0.0076,0.00114571042930603,0.0114571042930603,0.00445226724386927,0.0358870281282637,0.15,40.79,0.00311505753739469,100,0.0311505753739469,0.874885333333333,100,0,0,"Prop_0.75",100,0.001,"Low","Beta",2000,FALSE
"BL329","DiD","unadjusted",0.01,100,0.00427244978443209,100,0.0427244978443209,0.4924,0.00102572959990497,0.9972,0.00102572959990497,0.0028,0.000698771680627265,0.00698771680627265,0.00189942613498926,0.0256432399976243,0.07,37,0.00311505753739469,100,0.0311505753739469,0.874885333333333,100,0,0,"Prop_0.75",100,0.001,"Low","Beta",2000,FALSE
"BL329","DiD","unadjusted",0.05,100,0.00403797907027038,100,0.0403797907027038,0.608,0.00317464704154396,0.9768,0.00317464704154396,0.0232,0.0016727853077038,0.016727853077038,0.0123717181955095,0.0496044963748858,0.42,46.18,0.00311505753739469,100,0.0311505753739469,0.874885333333333,100,0,0,"Prop_0.75",100,0.001,"Low","Beta",2000,FALSE
"BL329","MIMOSA2","BFDR",0.01,100,0.00501535241238604,100,0.0501535241238604,0.568666666666667,0.00125786415094088,0.9956,0.00125786415094088,0.0044,0.000706887489448827,0.00706887489448827,0.00246775619357608,0.031446603773522,0.11,42.76,0.00250055424967257,100,0.0250055424967257,0.903637333333333,100,0,0,"Prop_0.75",100,0.001,"Low","Beta",2000,FALSE
"BL329","MIMOSA2","BFDR",0.05,100,0.00551376605974684,100,0.0551376605974684,0.7332,0.00335845082131508,0.9644,0.00335845082131508,0.0356,0.00148553039660262,0.0148553039660262,0.0158430833677034,0.0479372485441102,0.65,55.88,0.00250055424967257,100,0.0250055424967257,0.903637333333333,100,0,0,"Prop_0.75",100,0.001,"Low","Beta",2000,FALSE
"BL330","DiD","BH",0.01,100,0.00574074074074074,100,0.0574074074074074,0.432777777777778,0.00171446607997765,0.997,0.00171446607997765,0.003,0.000454729927878524,0.00454729927878524,0.000793650793650794,0.0171446607997765,0.03,38.98,0.00344995626301773,100,0.0344995626301773,0.879427777777778,100,0,0,"Prop_0.90",100,0.001,"Low","Beta",2000,FALSE
"BL330","DiD","BH",0.05,100,0.00509057505183833,100,0.0509057505183833,0.557111111111111,0.0031446603773522,0.989,0.0031446603773522,0.011,0.000607293174083552,0.00607293174083552,0.0021168963439779,0.031446603773522,0.11,50.25,0.00344995626301773,100,0.0344995626301773,0.879427777777778,100,0,0,"Prop_0.90",100,0.001,"Low","Beta",2000,FALSE
"BL330","DiD","unadjusted",0.01,100,0.00448099449172471,100,0.0448099449172471,0.492,0.0021904291355759,0.995,0.0021904291355759,0.005,0.000504861183283642,0.00504861183283642,0.00114852067643807,0.021904291355759,0.05,44.33,0.00344995626301773,100,0.0344995626301773,0.879427777777778,100,0,0,"Prop_0.90",100,0.001,"Low","Beta",2000,FALSE
"BL330","DiD","unadjusted",0.05,100,0.00442051639603699,100,0.0442051639603699,0.611222222222222,0.00402015126103685,0.98,0.00402015126103685,0.02,0.0007270657378632,0.007270657378632,0.00360832668662285,0.0402015126103685,0.2,55.21,0.00344995626301773,100,0.0344995626301773,0.879427777777778,100,0,0,"Prop_0.90",100,0.001,"Low","Beta",2000,FALSE
"BL330","MIMOSA2","BFDR",0.01,100,0.0054573131773429,100,0.054573131773429,0.569333333333333,0.00196946385566932,0.996,0.00196946385566932,0.004,0.00037111608532122,0.0037111608532122,0.000751626247315902,0.0196946385566932,0.04,51.28,0.00298246423354114,100,0.0298246423354114,0.909166666666667,100,0,0,"Prop_0.90",100,0.001,"Low","Beta",2000,FALSE
"BL330","MIMOSA2","BFDR",0.05,100,0.00492943091930276,100,0.0492943091930276,0.734666666666667,0.00541229427257326,0.97,0.00541229427257326,0.03,0.000791388451732114,0.00791388451732114,0.00440456208601844,0.0440844002276808,0.26,66.42,0.00298246423354114,100,0.0298246423354114,0.909166666666667,100,0,0,"Prop_0.90",100,0.001,"Low","Beta",2000,FALSE
"BL331","DiD","BH",0.01,100,0.0368452949177471,100,0.368452949177471,0.16,0,1,0,0,0,0,0,0,0,0.16,0.0261495883847119,100,0.261495883847119,0.828888888888889,100,0,0,"Prop_0.10",10,5e-04,"Low","Beta",2000,FALSE
"BL331","DiD","BH",0.05,100,0.0446196043338474,100,0.446196043338474,0.27,0,1,0,0,0,0,0,0,0,0.27,0.0261495883847119,100,0.261495883847119,0.828888888888889,100,0,0,"Prop_0.10",10,5e-04,"Low","Beta",2000,FALSE
"BL331","DiD","unadjusted",0.01,100,0.0456048021572069,100,0.456048021572069,0.29,0.00111111111111111,0.998888888888889,0.00111111111111111,0.00111111111111111,0.01,0.1,0.01,0.01,0.01,0.3,0.0261495883847119,100,0.261495883847119,0.828888888888889,100,0,0,"Prop_0.10",10,5e-04,"Low","Beta",2000,FALSE
"BL331","DiD","unadjusted",0.05,100,0.0502116731568678,100,0.502116731568678,0.48,0.00454844645267036,0.976666666666667,0.00454844645267036,0.0233333333333333,0.0349747383583112,0.349747383583112,0.17,0.0409360180740332,0.21,0.69,0.0261495883847119,100,0.261495883847119,0.828888888888889,100,0,0,"Prop_0.10",10,5e-04,"Low","Beta",2000,FALSE
"BL331","MIMOSA2","BFDR",0.01,97,0.0396773307173728,97,0.390776388190242,0.185567010309278,0,1,0,0,0,0,0,0,0,0.185567010309278,0.0315567117515233,97,0.310797566733021,0.7737686139748,100,0.03,0.017058722109232,"Prop_0.10",10,5e-04,"Low","Beta",2000,TRUE
"BL331","MIMOSA2","BFDR",0.05,97,0.0471726938601112,97,0.464597153955895,0.309278350515464,0.00225487052520384,0.995418098510882,0.00225487052520384,0.00458190148911799,0.0160781505775025,0.158351418753688,0.0309278350515464,0.0202938347268346,0.0412371134020619,0.350515463917526,0.0315567117515233,97,0.310797566733021,0.7737686139748,100,0.03,0.017058722109232,"Prop_0.10",10,5e-04,"Low","Beta",2000,TRUE
"BL332","DiD","BH",0.01,100,0.0251505009734273,100,0.251505009734273,0.193333333333333,0.00142857142857143,0.998571428571429,0.00142857142857143,0.00142857142857143,0.00333333333333333,0.0333333333333333,0.00333333333333333,0.01,0.01,0.59,0.0166712011971999,100,0.166712011971999,0.831904761904762,100,0,0,"Prop_0.25",10,5e-04,"Low","Beta",2000,FALSE
"BL332","DiD","BH",0.05,100,0.0281789216859865,100,0.281789216859865,0.316666666666667,0.00201007563051842,0.997142857142857,0.00201007563051842,0.00285714285714286,0.00556753758384034,0.0556753758384034,0.0075,0.014070529413629,0.02,0.97,0.0166712011971999,100,0.166712011971999,0.831904761904762,100,0,0,"Prop_0.25",10,5e-04,"Low","Beta",2000,FALSE
"BL332","DiD","unadjusted",0.01,100,0.0259413133749702,100,0.259413133749702,0.34,0.00201007563051842,0.997142857142857,0.00201007563051842,0.00285714285714286,0.00598117135471061,0.0598117135471061,0.00833333333333333,0.014070529413629,0.02,1.04,0.0166712011971999,100,0.166712011971999,0.831904761904762,100,0,0,"Prop_0.25",10,5e-04,"Low","Beta",2000,FALSE
"BL332","DiD","unadjusted",0.05,100,0.0279409349765271,100,0.279409349765271,0.46,0.004492371967646,0.984285714285714,0.004492371967646,0.0157142857142857,0.0150874275932139,0.150874275932139,0.0475,0.031446603773522,0.11,1.49,0.0166712011971999,100,0.166712011971999,0.831904761904762,100,0,0,"Prop_0.25",10,5e-04,"Low","Beta",2000,FALSE
"BL332","MIMOSA2","BFDR",0.01,100,0.028458329944146,100,0.28458329944146,0.24,0.00346969089342232,0.994285714285714,0.00346969089342232,0.00571428571428572,0.00528863847976934,0.0528863847976934,0.009,0.0171446607997765,0.03,0.76,0.0192278033610024,100,0.192278033610024,0.825238095238095,100,0,0,"Prop_0.25",10,5e-04,"Low","Beta",2000,FALSE
"BL332","MIMOSA2","BFDR",0.05,100,0.0290728409097462,100,0.290728409097462,0.376666666666667,0.00533170970957051,0.984285714285714,0.00533170970957051,0.0157142857142857,0.0157853161675508,0.157853161675508,0.0406666666666667,0.0287623491264661,0.09,1.24,0.0192278033610024,100,0.192278033610024,0.825238095238095,100,0,0,"Prop_0.25",10,5e-04,"Low","Beta",2000,FALSE
"BL333","DiD","BH",0.01,100,0.0199149707658852,100,0.199149707658852,0.256,0,1,0,0,0,0,0,0,0,1.28,0.013091920555762,100,0.13091920555762,0.8366,100,0,0,"Prop_0.50",10,5e-04,"Low","Beta",2000,FALSE
"BL333","DiD","BH",0.05,100,0.0221391376106075,100,0.221391376106075,0.374,0.00393892771133865,0.992,0.00393892771133865,0.008,0.00580500577359104,0.0580500577359104,0.0116666666666667,0.0196946385566932,0.04,1.91,0.013091920555762,100,0.13091920555762,0.8366,100,0,0,"Prop_0.50",10,5e-04,"Low","Beta",2000,FALSE
"BL333","DiD","unadjusted",0.01,100,0.0195659981301308,100,0.195659981301308,0.37,0.00281410588272579,0.996,0.00281410588272579,0.004,0.00469017647120966,0.0469017647120966,0.00666666666666667,0.014070529413629,0.02,1.87,0.013091920555762,100,0.13091920555762,0.8366,100,0,0,"Prop_0.50",10,5e-04,"Low","Beta",2000,FALSE
"BL333","DiD","unadjusted",0.05,100,0.0203990492945434,100,0.203990492945434,0.498,0.00717740562565273,0.97,0.00717740562565273,0.03,0.0145745500245293,0.145745500245293,0.052,0.0358870281282637,0.15,2.64,0.013091920555762,100,0.13091920555762,0.8366,100,0,0,"Prop_0.50",10,5e-04,"Low","Beta",2000,FALSE
"BL333","MIMOSA2","BFDR",0.01,100,0.0219558786219228,100,0.219558786219228,0.326,0.00342893215995531,0.994,0.00342893215995531,0.006,0.00428616519994413,0.0428616519994413,0.0075,0.0171446607997765,0.03,1.66,0.0152862386121992,100,0.152862386121992,0.8226,100,0,0,"Prop_0.50",10,5e-04,"Low","Beta",2000,FALSE
"BL333","MIMOSA2","BFDR",0.05,100,0.0255651277637284,100,0.255651277637284,0.464,0.00822658906696862,0.97,0.00822658906696862,0.03,0.00947937687079619,0.0947937687079619,0.0353333333333333,0.0337997668989631,0.13,2.47,0.0152862386121992,100,0.152862386121992,0.8226,100,0,0,"Prop_0.50",10,5e-04,"Low","Beta",2000,FALSE
"BL334","DiD","BH",0.01,100,0.0166567205170717,100,0.166567205170717,0.26375,0,1,0,0,0,0,0,0,0,2.11,0.0119225854129586,100,0.119225854129586,0.855,100,0,0,"Prop_0.75",10,5e-04,"Low","Beta",2000,FALSE
"BL334","DiD","BH",0.05,100,0.0192418650002246,100,0.192418650002246,0.40125,0.00703526470681448,0.99,0.00703526470681448,0.01,0.00281410588272579,0.0281410588272579,0.004,0.014070529413629,0.02,3.23,0.0119225854129586,100,0.119225854129586,0.855,100,0,0,"Prop_0.75",10,5e-04,"Low","Beta",2000,FALSE
"BL334","DiD","unadjusted",0.01,100,0.0148774454742198,100,0.148774454742198,0.345,0,1,0,0,0,0,0,0,0,2.76,0.0119225854129586,100,0.119225854129586,0.855,100,0,0,"Prop_0.75",10,5e-04,"Low","Beta",2000,FALSE
"BL334","DiD","unadjusted",0.05,100,0.0166363360379525,100,0.166363360379525,0.51,0.00984731927834662,0.98,0.00984731927834662,0.02,0.00393892771133865,0.0393892771133865,0.008,0.0196946385566932,0.04,4.12,0.0119225854129586,100,0.119225854129586,0.855,100,0,0,"Prop_0.75",10,5e-04,"Low","Beta",2000,FALSE
"BL334","MIMOSA2","BFDR",0.01,100,0.0216870533459085,100,0.216870533459085,0.375,0.005,0.995,0.005,0.005,0.00166666666666667,0.0166666666666667,0.00166666666666667,0.01,0.01,3.01,0.01287536162089,100,0.1287536162089,0.8475,100,0,0,"Prop_0.75",10,5e-04,"Low","Beta",2000,FALSE
"BL334","MIMOSA2","BFDR",0.05,100,0.0207479310152637,100,0.207479310152637,0.51875,0.0136329962172145,0.96,0.0136329962172145,0.04,0.00621025118793272,0.0621025118793272,0.0153571428571429,0.0272659924344291,0.08,4.23,0.01287536162089,100,0.1287536162089,0.8475,100,0,0,"Prop_0.75",10,5e-04,"Low","Beta",2000,FALSE
"BL335","DiD","BH",0.01,100,0.0167193331732556,100,0.167193331732556,0.253333333333333,0.01,0.99,0.01,0.01,0.00333333333333333,0.0333333333333333,0.00333333333333333,0.01,0.01,2.29,0.0171820791341441,100,0.171820791341441,0.86,100,0,0,"Prop_0.90",10,5e-04,"Low","Beta",2000,FALSE
"BL335","DiD","BH",0.05,100,0.0190548594009867,100,0.190548594009867,0.42,0.0196946385566932,0.96,0.0196946385566932,0.04,0.00313458178525623,0.0313458178525623,0.00628571428571429,0.0196946385566932,0.04,3.82,0.0171820791341441,100,0.171820791341441,0.86,100,0,0,"Prop_0.90",10,5e-04,"Low","Beta",2000,FALSE
"BL335","DiD","unadjusted",0.01,100,0.0146535839348239,100,0.146535839348239,0.343333333333333,0.014070529413629,0.98,0.014070529413629,0.02,0.00318574793400073,0.0318574793400073,0.0045,0.014070529413629,0.02,3.11,0.0171820791341441,100,0.171820791341441,0.86,100,0,0,"Prop_0.90",10,5e-04,"Low","Beta",2000,FALSE
"BL335","DiD","unadjusted",0.05,100,0.0147490121118026,100,0.147490121118026,0.517777777777778,0.021904291355759,0.95,0.021904291355759,0.05,0.00334807432501015,0.0334807432501015,0.00761904761904762,0.021904291355759,0.05,4.71,0.0171820791341441,100,0.171820791341441,0.86,100,0,0,"Prop_0.90",10,5e-04,"Low","Beta",2000,FALSE
"BL335","MIMOSA2","BFDR",0.01,100,0.0188227534353675,100,0.188227534353675,0.37,0.0171446607997765,0.97,0.0171446607997765,0.03,0.00395893566827659,0.0395893566827659,0.00642857142857143,0.0171446607997765,0.03,3.36,0.0170881972308104,100,0.170881972308104,0.864444444444444,100,0,0,"Prop_0.90",10,5e-04,"Low","Beta",2000,FALSE
"BL335","MIMOSA2","BFDR",0.05,100,0.0197057162082025,100,0.197057162082025,0.534444444444444,0.021904291355759,0.95,0.021904291355759,0.05,0.00337748536746015,0.0337748536746015,0.00752380952380952,0.021904291355759,0.05,4.86,0.0170881972308104,100,0.170881972308104,0.864444444444444,100,0,0,"Prop_0.90",10,5e-04,"Low","Beta",2000,FALSE
"BL336","DiD","BH",0.01,100,0.0293016357663844,100,0.293016357663844,0.2,0,1,0,0,0,0,0,0,0,0.4,0.0161714686578998,100,0.161714686578998,0.835555555555556,100,0,0,"Prop_0.10",20,5e-04,"Low","Beta",2000,FALSE
"BL336","DiD","BH",0.05,100,0.032948536547259,100,0.32948536547259,0.245,0,1,0,0,0,0,0,0,0,0.49,0.0161714686578998,100,0.161714686578998,0.835555555555556,100,0,0,"Prop_0.10",20,5e-04,"Low","Beta",2000,FALSE
"BL336","DiD","unadjusted",0.01,100,0.0342155968924564,100,0.342155968924564,0.29,0.00145064713296415,0.997222222222222,0.00145064713296415,0.00277777777777778,0.0130558241966773,0.130558241966773,0.025,0.0196946385566932,0.04,0.63,0.0161714686578998,100,0.161714686578998,0.835555555555556,100,0,0,"Prop_0.10",20,5e-04,"Low","Beta",2000,FALSE
"BL336","DiD","unadjusted",0.05,100,0.0358870281282637,100,0.358870281282637,0.45,0.00325573730737605,0.977777777777778,0.00325573730737605,0.0222222222222222,0.0352575898651289,0.352575898651289,0.226666666666667,0.0479372485441102,0.35,1.3,0.0161714686578998,100,0.161714686578998,0.835555555555556,100,0,0,"Prop_0.10",20,5e-04,"Low","Beta",2000,FALSE
"BL336","MIMOSA2","BFDR",0.01,100,0.0304179638577687,100,0.304179638577687,0.22,0,1,0,0,0,0,0,0,0,0.44,0.0201020939846177,100,0.201020939846177,0.794166666666667,100,0,0,"Prop_0.10",20,5e-04,"Low","Beta",2000,FALSE
"BL336","MIMOSA2","BFDR",0.05,100,0.0333333333333333,100,0.333333333333333,0.3,0.00162882594201168,0.996111111111111,0.00162882594201168,0.00388888888888889,0.0165577247578962,0.165577247578962,0.0383333333333333,0.0238683256575942,0.06,0.67,0.0201020939846177,100,0.201020939846177,0.794166666666667,100,0,0,"Prop_0.10",20,5e-04,"Low","Beta",2000,FALSE
"BL337","DiD","BH",0.01,100,0.0205961651819464,100,0.205961651819464,0.198,0,1,0,0,0,0,0,0,0,0.99,0.0102149820648819,100,0.102149820648819,0.850933333333333,100,0,0,"Prop_0.25",20,5e-04,"Low","Beta",2000,FALSE
"BL337","DiD","BH",0.05,100,0.0221071769506482,100,0.221071769506482,0.296,0.00114297738665177,0.998,0.00114297738665177,0.002,0.0112864448957073,0.112864448957073,0.017,0.0171446607997765,0.03,1.51,0.0102149820648819,100,0.102149820648819,0.850933333333333,100,0,0,"Prop_0.25",20,5e-04,"Low","Beta",2000,FALSE
"BL337","DiD","unadjusted",0.01,100,0.0212146318860499,100,0.212146318860499,0.338,0.00131297590377955,0.997333333333333,0.00131297590377955,0.00266666666666667,0.014964942196664,0.14964942196664,0.027,0.0196946385566932,0.04,1.73,0.0102149820648819,100,0.102149820648819,0.850933333333333,100,0,0,"Prop_0.25",20,5e-04,"Low","Beta",2000,FALSE
"BL337","DiD","unadjusted",0.05,100,0.0222891920178386,100,0.222891920178386,0.504,0.00456207958566085,0.972,0.00456207958566085,0.028,0.0216152812638013,0.216152812638013,0.12502380952381,0.0464823198711732,0.31,2.94,0.0102149820648819,100,0.102149820648819,0.850933333333333,100,0,0,"Prop_0.25",20,5e-04,"Low","Beta",2000,FALSE
"BL337","MIMOSA2","BFDR",0.01,100,0.0221464364281174,100,0.221464364281174,0.262,0.00159122171050628,0.996,0.00159122171050628,0.004,0.0125939232313407,0.125939232313407,0.0275,0.0238683256575942,0.06,1.37,0.0126782137691831,100,0.126782137691831,0.837266666666667,100,0,0,"Prop_0.25",20,5e-04,"Low","Beta",2000,FALSE
"BL337","MIMOSA2","BFDR",0.05,100,0.0268177538058637,100,0.268177538058637,0.4,0.00350660751956878,0.987333333333333,0.00350660751956878,0.0126666666666667,0.0110752606545472,0.110752606545472,0.0416190476190476,0.0348735088019777,0.14,2.19,0.0126782137691831,100,0.126782137691831,0.837266666666667,100,0,0,"Prop_0.25",20,5e-04,"Low","Beta",2000,FALSE
"BL338","DiD","BH",0.01,100,0.0143548112513055,100,0.143548112513055,0.22,0,1,0,0,0,0,0,0,0,2.2,0.0073657324925302,100,0.073657324925302,0.85105,100,0,0,"Prop_0.50",20,5e-04,"Low","Beta",2000,FALSE
"BL338","DiD","BH",0.05,100,0.0168102902588224,100,0.168102902588224,0.332,0.00171446607997765,0.997,0.00171446607997765,0.003,0.00329608387330832,0.0329608387330832,0.00559523809523809,0.0171446607997765,0.03,3.35,0.0073657324925302,100,0.073657324925302,0.85105,100,0,0,"Prop_0.50",20,5e-04,"Low","Beta",2000,FALSE
"BL338","DiD","unadjusted",0.01,100,0.0140457405743816,100,0.140457405743816,0.337,0.0014070529413629,0.998,0.0014070529413629,0.002,0.00299058567735531,0.0299058567735531,0.00416666666666667,0.014070529413629,0.02,3.39,0.0073657324925302,100,0.073657324925302,0.85105,100,0,0,"Prop_0.50",20,5e-04,"Low","Beta",2000,FALSE
"BL338","DiD","unadjusted",0.05,100,0.0120918204258962,100,0.120918204258962,0.485,0.00498381217928443,0.971,0.00498381217928443,0.029,0.00827702269248803,0.0827702269248803,0.0479047619047619,0.0446196043338474,0.27,5.14,0.0073657324925302,100,0.073657324925302,0.85105,100,0,0,"Prop_0.50",20,5e-04,"Low","Beta",2000,FALSE
"BL338","MIMOSA2","BFDR",0.01,100,0.0165422629844427,100,0.165422629844427,0.303,0.00171446607997765,0.997,0.00171446607997765,0.003,0.00428616519994413,0.0428616519994413,0.0075,0.0171446607997765,0.03,3.06,0.00833213779302888,100,0.0833213779302888,0.86085,100,0,0,"Prop_0.50",20,5e-04,"Low","Beta",2000,FALSE
"BL338","MIMOSA2","BFDR",0.05,100,0.0187174633522664,100,0.187174633522664,0.454,0.00403394686042432,0.983,0.00403394686042432,0.017,0.0087188774823307,0.087188774823307,0.0338650793650794,0.0368452949177471,0.16,4.71,0.00833213779302888,100,0.0833213779302888,0.86085,100,0,0,"Prop_0.50",20,5e-04,"Low","Beta",2000,FALSE
"BL339","DiD","BH",0.01,100,0.0124747106693932,100,0.124747106693932,0.237333333333333,0.002,0.998,0.002,0.002,0.0025,0.025,0.0025,0.01,0.01,3.57,0.00838163510053221,100,0.0838163510053221,0.855266666666667,100,0,0,"Prop_0.75",20,5e-04,"Low","Beta",2000,FALSE
"BL339","DiD","BH",0.05,100,0.0139641998576913,100,0.139641998576913,0.361333333333333,0.00281410588272579,0.996,0.00281410588272579,0.004,0.00188871418972156,0.0188871418972156,0.00267857142857143,0.014070529413629,0.02,5.44,0.00838163510053221,100,0.0838163510053221,0.855266666666667,100,0,0,"Prop_0.75",20,5e-04,"Low","Beta",2000,FALSE
"BL339","DiD","unadjusted",0.01,100,0.0106750808564003,100,0.106750808564003,0.330666666666667,0.00342893215995531,0.994,0.00342893215995531,0.006,0.00386770150853384,0.0386770150853384,0.00619047619047619,0.0171446607997765,0.03,4.99,0.00838163510053221,100,0.0838163510053221,0.855266666666667,100,0,0,"Prop_0.75",20,5e-04,"Low","Beta",2000,FALSE
"BL339","DiD","unadjusted",0.05,100,0.0106941984754608,100,0.106941984754608,0.51,0.00603022689155527,0.98,0.00603022689155527,0.02,0.0036853886014486,0.036853886014486,0.011754329004329,0.0301511344577764,0.1,7.75,0.00838163510053221,100,0.0838163510053221,0.855266666666667,100,0,0,"Prop_0.75",20,5e-04,"Low","Beta",2000,FALSE
"BL339","MIMOSA2","BFDR",0.01,100,0.0135462793231826,100,0.135462793231826,0.35,0.00342893215995531,0.994,0.00342893215995531,0.006,0.00224991124220821,0.0224991124220821,0.00392857142857143,0.0171446607997765,0.03,5.28,0.0090102921572332,100,0.090102921572332,0.860933333333333,100,0,0,"Prop_0.75",20,5e-04,"Low","Beta",2000,FALSE
"BL339","MIMOSA2","BFDR",0.05,100,0.0149816198650969,100,0.149816198650969,0.534666666666667,0.00736905898354941,0.968,0.00736905898354941,0.032,0.0046245676132845,0.046245676132845,0.0194563492063492,0.0368452949177471,0.16,8.18,0.0090102921572332,100,0.090102921572332,0.860933333333333,100,0,0,"Prop_0.75",20,5e-04,"Low","Beta",2000,FALSE
"BL340","DiD","BH",0.01,100,0.0117938395022894,100,0.117938395022894,0.262222222222222,0,1,0,0,0,0,0,0,0,4.72,0.0125194386827361,100,0.125194386827361,0.846944444444444,100,0,0,"Prop_0.90",20,5e-04,"Low","Beta",2000,FALSE
"BL340","DiD","BH",0.05,100,0.0123035757933986,100,0.123035757933986,0.423333333333333,0.005,0.995,0.005,0.005,0.000909090909090909,0.00909090909090909,0.000909090909090909,0.01,0.01,7.63,0.0125194386827361,100,0.125194386827361,0.846944444444444,100,0,0,"Prop_0.90",20,5e-04,"Low","Beta",2000,FALSE
"BL340","DiD","unadjusted",0.01,100,0.0103559303025116,100,0.103559303025116,0.366666666666667,0,1,0,0,0,0,0,0,0,6.6,0.0125194386827361,100,0.125194386827361,0.846944444444444,100,0,0,"Prop_0.90",20,5e-04,"Low","Beta",2000,FALSE
"BL340","DiD","unadjusted",0.05,100,0.0102157484502387,100,0.102157484502387,0.513888888888889,0.00703526470681448,0.99,0.00703526470681448,0.01,0.00149529283867765,0.0149529283867765,0.00208333333333333,0.014070529413629,0.02,9.27,0.0125194386827361,100,0.125194386827361,0.846944444444444,100,0,0,"Prop_0.90",20,5e-04,"Low","Beta",2000,FALSE
"BL340","MIMOSA2","BFDR",0.01,100,0.0139041442593382,100,0.139041442593382,0.379444444444444,0.005,0.995,0.005,0.005,0.002,0.02,0.002,0.01,0.01,6.84,0.0130845294822566,100,0.130845294822566,0.867083333333333,100,0,0,"Prop_0.90",20,5e-04,"Low","Beta",2000,FALSE
"BL340","MIMOSA2","BFDR",0.05,100,0.0154900818667602,100,0.154900818667602,0.558888888888889,0.0119341628287971,0.97,0.0119341628287971,0.03,0.00282903787217936,0.0282903787217936,0.00695634920634921,0.0238683256575942,0.06,10.12,0.0130845294822566,100,0.130845294822566,0.867083333333333,100,0,0,"Prop_0.90",20,5e-04,"Low","Beta",2000,FALSE
"BL341","DiD","BH",0.01,100,0.0229673070725294,100,0.229673070725294,0.166666666666667,0.000370370370370371,0.99962962962963,0.000370370370370371,0.000370370370370371,0.00333333333333333,0.0333333333333333,0.00333333333333333,0.01,0.01,0.51,0.0166662867775266,100,0.166662867775266,0.83783950617284,100,0,0,"Prop_0.10",30,5e-04,"Low","Beta",2000,FALSE
"BL341","DiD","BH",0.05,100,0.0260018129386063,100,0.260018129386063,0.253333333333333,0.000370370370370371,0.99962962962963,0.000370370370370371,0.000370370370370371,0.00333333333333333,0.0333333333333333,0.00333333333333333,0.01,0.01,0.77,0.0166662867775266,100,0.166662867775266,0.83783950617284,100,0,0,"Prop_0.10",30,5e-04,"Low","Beta",2000,FALSE
"BL341","DiD","unadjusted",0.01,100,0.0259499648053841,100,0.259499648053841,0.333333333333333,0.000949749629541641,0.997407407407407,0.000949749629541641,0.0025925925925926,0.0149550392394403,0.149550392394403,0.0383333333333333,0.0256432399976243,0.07,1.07,0.0166662867775266,100,0.166662867775266,0.83783950617284,100,0,0,"Prop_0.10",30,5e-04,"Low","Beta",2000,FALSE
"BL341","DiD","unadjusted",0.05,100,0.0275831565905209,100,0.275831565905209,0.463333333333333,0.00327144611350288,0.972592592592593,0.00327144611350288,0.0274074074074074,0.0326279360517774,0.326279360517774,0.287833333333333,0.0502116731568678,0.52,2.13,0.0166662867775266,100,0.166662867775266,0.83783950617284,100,0,0,"Prop_0.10",30,5e-04,"Low","Beta",2000,FALSE
"BL341","MIMOSA2","BFDR",0.01,100,0.023997287538452,100,0.23997287538452,0.21,0.000370370370370371,0.99962962962963,0.000370370370370371,0.000370370370370371,0.005,0.05,0.005,0.01,0.01,0.64,0.0167276323262749,100,0.167276323262749,0.827283950617284,100,0,0,"Prop_0.10",30,5e-04,"Low","Beta",2000,FALSE
"BL341","MIMOSA2","BFDR",0.05,100,0.0274219635565621,100,0.274219635565621,0.3,0.00108588396134112,0.997407407407407,0.00108588396134112,0.0025925925925926,0.0121670010562415,0.121670010562415,0.03,0.0238683256575942,0.06,0.97,0.0167276323262749,100,0.167276323262749,0.827283950617284,100,0,0,"Prop_0.10",30,5e-04,"Low","Beta",2000,FALSE
"BL342","DiD","BH",0.01,100,0.0153304303905532,100,0.153304303905532,0.19125,0,1,0,0,0,0,0,0,0,1.53,0.00845331534969752,100,0.0845331534969752,0.848607954545455,100,0,0,"Prop_0.25",30,5e-04,"Low","Beta",2000,FALSE
"BL342","DiD","BH",0.05,100,0.0165602664302971,100,0.165602664302971,0.29,0.000895210843486055,0.998181818181818,0.000895210843486055,0.00181818181818182,0.00636118278818071,0.0636118278818071,0.012,0.0196946385566932,0.04,2.36,0.00845331534969752,100,0.0845331534969752,0.848607954545455,100,0,0,"Prop_0.25",30,5e-04,"Low","Beta",2000,FALSE
"BL342","DiD","unadjusted",0.01,100,0.0138055580960508,100,0.138055580960508,0.3525,0.000995649607079955,0.997727272727273,0.000995649607079955,0.00227272727272727,0.00712514398224182,0.0712514398224182,0.0153333333333333,0.021904291355759,0.05,2.87,0.00845331534969752,100,0.0845331534969752,0.848607954545455,100,0,0,"Prop_0.25",30,5e-04,"Low","Beta",2000,FALSE
"BL342","DiD","unadjusted",0.05,100,0.015357688167774,100,0.15357688167774,0.52,0.00380327449744473,0.971363636363636,0.00380327449744473,0.0286363636363636,0.013785033838081,0.13785033838081,0.109369047619048,0.0497569851956243,0.43,4.79,0.00845331534969752,100,0.0845331534969752,0.848607954545455,100,0,0,"Prop_0.25",30,5e-04,"Low","Beta",2000,FALSE
"BL342","MIMOSA2","BFDR",0.01,100,0.0145340074906192,100,0.145340074906192,0.255,0.00126271808665188,0.997272727272727,0.00126271808665188,0.00272727272727273,0.00820609939862218,0.0820609939862218,0.0166666666666667,0.021904291355759,0.05,2.1,0.00888096031055478,100,0.0888096031055478,0.846420454545455,100,0,0,"Prop_0.25",30,5e-04,"Low","Beta",2000,FALSE
"BL342","MIMOSA2","BFDR",0.05,100,0.0176401315874979,100,0.176401315874979,0.4025,0.0021789658429141,0.988636363636364,0.0021789658429141,0.0113636363636364,0.0116520551438767,0.116520551438767,0.0570555555555556,0.0422952584681651,0.23,3.47,0.00888096031055478,100,0.0888096031055478,0.846420454545455,100,0,0,"Prop_0.25",30,5e-04,"Low","Beta",2000,FALSE
"BL343","DiD","BH",0.01,100,0.0118350048613146,100,0.118350048613146,0.213333333333333,0.000666666666666667,0.999333333333333,0.000666666666666667,0.000666666666666667,0.00111111111111111,0.0111111111111111,0.00111111111111111,0.01,0.01,3.21,0.00751403259715156,100,0.0751403259715156,0.839155555555556,100,0,0,"Prop_0.50",30,5e-04,"Low","Beta",2000,FALSE
"BL343","DiD","BH",0.05,100,0.0138970077280503,100,0.138970077280503,0.339333333333333,0.00159122171050628,0.996,0.00159122171050628,0.004,0.00295852767485552,0.0295852767485552,0.00735714285714286,0.0238683256575942,0.06,5.15,0.00751403259715156,100,0.0751403259715156,0.839155555555556,100,0,0,"Prop_0.50",30,5e-04,"Low","Beta",2000,FALSE
"BL343","DiD","unadjusted",0.01,100,0.0109020740620865,100,0.109020740620865,0.343333333333333,0.00159122171050628,0.996,0.00159122171050628,0.004,0.00476843247469502,0.0476843247469502,0.0108015873015873,0.0238683256575942,0.06,5.21,0.00751403259715156,100,0.0751403259715156,0.839155555555556,100,0,0,"Prop_0.50",30,5e-04,"Low","Beta",2000,FALSE
"BL343","DiD","unadjusted",0.05,100,0.0115078658504076,100,0.115078658504076,0.499333333333333,0.00483162050226319,0.973333333333333,0.00483162050226319,0.0266666666666667,0.0082301246538654,0.082301246538654,0.0448864746364746,0.0451260859854213,0.28,7.89,0.00751403259715156,100,0.0751403259715156,0.839155555555556,100,0,0,"Prop_0.50",30,5e-04,"Low","Beta",2000,FALSE
"BL343","MIMOSA2","BFDR",0.01,100,0.0129922708612635,100,0.129922708612635,0.32,0.00114297738665177,0.998,0.00114297738665177,0.002,0.0020107036810354,0.020107036810354,0.0035,0.0171446607997765,0.03,4.83,0.00750826953999539,100,0.0750826953999539,0.851111111111111,100,0,0,"Prop_0.50",30,5e-04,"Low","Beta",2000,FALSE
"BL343","MIMOSA2","BFDR",0.05,100,0.0152812759998654,100,0.152812759998654,0.485333333333333,0.00319581656960735,0.983333333333333,0.00319581656960735,0.0166666666666667,0.00570409462120081,0.0570409462120081,0.0288665223665224,0.0422952584681651,0.23,7.53,0.00750826953999539,100,0.0750826953999539,0.851111111111111,100,0,0,"Prop_0.50",30,5e-04,"Low","Beta",2000,FALSE
"BL344","DiD","BH",0.01,100,0.0101226934973329,100,0.101226934973329,0.241739130434783,0,1,0,0,0,0,0,0,0,5.56,0.0067628428744438,100,0.067628428744438,0.84611801242236,100,0,0,"Prop_0.75",30,5e-04,"Low","Beta",2000,FALSE
"BL344","DiD","BH",0.05,100,0.0108364889803816,100,0.108364889803816,0.390869565217391,0.00281351979381332,0.994285714285714,0.00281351979381332,0.00571428571428572,0.00184919047921895,0.0184919047921895,0.00363095238095238,0.0196946385566932,0.04,9.03,0.0067628428744438,100,0.067628428744438,0.84611801242236,100,0,0,"Prop_0.75",30,5e-04,"Low","Beta",2000,FALSE
"BL344","DiD","unadjusted",0.01,100,0.00912677426256316,100,0.0912677426256316,0.358260869565217,0.00244923725711093,0.995714285714286,0.00244923725711093,0.00428571428571429,0.00173637093499995,0.0173637093499995,0.00296428571428571,0.0171446607997765,0.03,8.27,0.0067628428744438,100,0.067628428744438,0.84611801242236,100,0,0,"Prop_0.75",30,5e-04,"Low","Beta",2000,FALSE
"BL344","DiD","unadjusted",0.05,100,0.00905029978190395,100,0.0905029978190395,0.499130434782609,0.00551417281508961,0.978571428571429,0.00551417281508961,0.0214285714285714,0.00301028850519321,0.0301028850519321,0.0118111414729062,0.0348735088019777,0.14,11.63,0.0067628428744438,100,0.067628428744438,0.84611801242236,100,0,0,"Prop_0.75",30,5e-04,"Low","Beta",2000,FALSE
"BL344","MIMOSA2","BFDR",0.01,100,0.0104160093164874,100,0.104160093164874,0.365652173913043,0.00312918447939415,0.992857142857143,0.00312918447939415,0.00714285714285715,0.00227698871207265,0.0227698871207265,0.00505133755133755,0.021904291355759,0.05,8.46,0.00641326545419168,100,0.0641326545419168,0.863509316770186,100,0,0,"Prop_0.75",30,5e-04,"Low","Beta",2000,FALSE
"BL344","MIMOSA2","BFDR",0.05,100,0.010871760867392,100,0.10871760867392,0.543478260869565,0.0064209510710785,0.971428571428571,0.0064209510710785,0.0285714285714286,0.00303458743672743,0.0303458743672743,0.0132946579564227,0.0386122919665369,0.18,12.7,0.00641326545419168,100,0.0641326545419168,0.863509316770186,100,0,0,"Prop_0.75",30,5e-04,"Low","Beta",2000,FALSE
"BL345","DiD","BH",0.01,100,0.00917424496002389,100,0.0917424496002389,0.253333333333333,0,1,0,0,0,0,0,0,0,6.84,0.00991113470974471,100,0.0991113470974471,0.839259259259259,100,0,0,"Prop_0.90",30,5e-04,"Low","Beta",2000,FALSE
"BL345","DiD","BH",0.05,100,0.011521538080557,100,0.11521538080557,0.402222222222222,0.00656487951889775,0.986666666666667,0.00656487951889775,0.0133333333333333,0.00138322748042115,0.0138322748042115,0.00275631313131313,0.0196946385566932,0.04,10.9,0.00991113470974471,100,0.0991113470974471,0.839259259259259,100,0,0,"Prop_0.90",30,5e-04,"Low","Beta",2000,FALSE
"BL345","DiD","unadjusted",0.01,100,0.00871668842225165,100,0.0871668842225165,0.348888888888889,0.00656487951889775,0.986666666666667,0.00656487951889775,0.0133333333333333,0.00216780548022139,0.021678054802214,0.00410984848484848,0.0196946385566932,0.04,9.46,0.00991113470974471,100,0.0991113470974471,0.839259259259259,100,0,0,"Prop_0.90",30,5e-04,"Low","Beta",2000,FALSE
"BL345","DiD","unadjusted",0.05,100,0.00955502192427318,100,0.0955502192427318,0.498888888888889,0.00908866414480969,0.973333333333333,0.00908866414480969,0.0266666666666667,0.00188493009930087,0.0188493009930087,0.00547744738921209,0.0272659924344291,0.08,13.55,0.00991113470974471,100,0.0991113470974471,0.839259259259259,100,0,0,"Prop_0.90",30,5e-04,"Low","Beta",2000,FALSE
"BL345","MIMOSA2","BFDR",0.01,100,0.0103089275953899,100,0.103089275953899,0.370740740740741,0.00333333333333333,0.996666666666667,0.00333333333333333,0.00333333333333333,0.000833333333333333,0.00833333333333333,0.000833333333333333,0.01,0.01,10.02,0.00795162521040122,100,0.0795162521040122,0.853271604938272,100,0,0,"Prop_0.90",30,5e-04,"Low","Beta",2000,FALSE
"BL345","MIMOSA2","BFDR",0.05,100,0.0114624584452977,100,0.114624584452977,0.546666666666667,0.0108866210790363,0.96,0.0108866210790363,0.04,0.0019141411265216,0.019141411265216,0.00692384370015949,0.032659863237109,0.12,14.88,0.00795162521040122,100,0.0795162521040122,0.853271604938272,100,0,0,"Prop_0.90",30,5e-04,"Low","Beta",2000,FALSE
"BL346","DiD","BH",0.01,100,0.0145560567420846,100,0.145560567420846,0.132,0,1,0,0,0,0,0,0,0,0.66,0.00942324576741562,100,0.0942324576741562,0.8566,100,0,0,"Prop_0.10",50,5e-04,"Low","Beta",2000,FALSE
"BL346","DiD","BH",0.05,100,0.0201569598477308,100,0.201569598477308,0.224,0.000312678431413978,0.999555555555556,0.000312678431413978,0.000444444444444445,0.0111350751676807,0.111350751676807,0.015,0.014070529413629,0.02,1.14,0.00942324576741562,100,0.0942324576741562,0.8566,100,0,0,"Prop_0.10",50,5e-04,"Low","Beta",2000,FALSE
"BL346","DiD","unadjusted",0.01,100,0.0201599663299382,100,0.201599663299382,0.342,0.000639163313921471,0.998,0.000639163313921471,0.002,0.011242593271983,0.11242593271983,0.0341666666666667,0.0287623491264661,0.09,1.8,0.00942324576741562,100,0.0942324576741562,0.8566,100,0,0,"Prop_0.10",50,5e-04,"Low","Beta",2000,FALSE
"BL346","DiD","unadjusted",0.05,100,0.0215322168769582,100,0.215322168769582,0.49,0.00215371390891329,0.977555555555556,0.00215371390891329,0.0224444444444444,0.0243120290286809,0.243120290286809,0.263404761904762,0.048523658709391,0.63,3.46,0.00942324576741562,100,0.0942324576741562,0.8566,100,0,0,"Prop_0.10",50,5e-04,"Low","Beta",2000,FALSE
"BL346","MIMOSA2","BFDR",0.01,100,0.018721780110477,100,0.18721780110477,0.21,0.000222222222222223,0.999777777777778,0.000222222222222223,0.000222222222222223,0.01,0.1,0.01,0.01,0.01,1.06,0.00900583314038396,100,0.0900583314038396,0.860822222222222,100,0,0,"Prop_0.10",50,5e-04,"Low","Beta",2000,FALSE
"BL346","MIMOSA2","BFDR",0.05,100,0.0201369051617906,100,0.201369051617906,0.316,0.000950449647790015,0.996222222222222,0.000950449647790015,0.00377777777777778,0.0189408080280174,0.189408080280174,0.07,0.0358870281282637,0.15,1.75,0.00900583314038396,100,0.0900583314038396,0.860822222222222,100,0,0,"Prop_0.10",50,5e-04,"Low","Beta",2000,FALSE
"BL347","DiD","BH",0.01,100,0.0128016177777487,100,0.128016177777487,0.199230769230769,0.00046336921080477,0.999189189189189,0.00046336921080477,0.000810810810810809,0.00264154571200218,0.0264154571200218,0.00458333333333333,0.0171446607997765,0.03,2.62,0.00711766673617197,100,0.0711766673617197,0.84995841995842,100,0,0,"Prop_0.25",50,5e-04,"Low","Beta",2000,FALSE
"BL347","DiD","BH",0.05,100,0.0153410416342725,100,0.153410416342725,0.283076923076923,0.00064508988263768,0.998378378378378,0.00064508988263768,0.00162162162162162,0.00451705449310303,0.0451705449310303,0.0103452380952381,0.0238683256575942,0.06,3.74,0.00711766673617197,100,0.0711766673617197,0.84995841995842,100,0,0,"Prop_0.25",50,5e-04,"Low","Beta",2000,FALSE
"BL347","DiD","unadjusted",0.01,100,0.0125850166069826,100,0.125850166069826,0.345384615384615,0.000882699006408351,0.996756756756757,0.000882699006408351,0.00324324324324324,0.00731083629160527,0.0731083629160527,0.0246230158730159,0.032659863237109,0.12,4.61,0.00711766673617197,100,0.0711766673617197,0.84995841995842,100,0,0,"Prop_0.25",50,5e-04,"Low","Beta",2000,FALSE
"BL347","DiD","unadjusted",0.05,100,0.0137975058359924,100,0.137975058359924,0.494615384615385,0.00262388485830393,0.976486486486487,0.00262388485830393,0.0235135135135135,0.0108966064289727,0.108966064289727,0.110335941835942,0.049431107042371,0.59,7.3,0.00711766673617197,100,0.0711766673617197,0.84995841995842,100,0,0,"Prop_0.25",50,5e-04,"Low","Beta",2000,FALSE
"BL347","MIMOSA2","BFDR",0.01,100,0.0139810402966725,100,0.139810402966725,0.258461538461538,0.000926738421609541,0.998378378378378,0.000926738421609541,0.00162162162162162,0.00485583407656446,0.0485583407656446,0.00966666666666667,0.0196946385566932,0.04,3.42,0.00679978737897521,100,0.0679978737897521,0.861351351351351,100,0,0,"Prop_0.25",50,5e-04,"Low","Beta",2000,FALSE
"BL347","MIMOSA2","BFDR",0.05,100,0.0161680848927533,100,0.161680848927533,0.390769230769231,0.00161592410691803,0.991621621621622,0.00161592410691803,0.00837837837837837,0.0089350710375809,0.0893507103758091,0.0476816794316794,0.0435194139889245,0.25,5.39,0.00679978737897521,100,0.0679978737897521,0.861351351351351,100,0,0,"Prop_0.25",50,5e-04,"Low","Beta",2000,FALSE
"BL348","DiD","BH",0.01,100,0.00933333333333333,100,0.0933333333333333,0.212,4e-04,0.9996,4e-04,4e-04,0.001,0.01,0.001,0.01,0.01,5.31,0.00553278747216276,100,0.0553278747216276,0.841496,100,0,0,"Prop_0.50",50,5e-04,"Low","Beta",2000,FALSE
"BL348","DiD","BH",0.05,100,0.0113125656424235,100,0.113125656424235,0.3184,0.000685786431991062,0.9988,0.000685786431991062,0.0012,0.00162498381240319,0.0162498381240319,0.00283333333333333,0.0171446607997765,0.03,7.99,0.00553278747216276,100,0.0553278747216276,0.841496,100,0,0,"Prop_0.50",50,5e-04,"Low","Beta",2000,FALSE
"BL348","DiD","unadjusted",0.01,100,0.00908091571941015,100,0.0908091571941015,0.3296,0.000876171654230362,0.998,0.000876171654230362,0.002,0.00246058829910838,0.0246058829910838,0.00551190476190476,0.021904291355759,0.05,8.29,0.00553278747216276,100,0.0553278747216276,0.841496,100,0,0,"Prop_0.50",50,5e-04,"Low","Beta",2000,FALSE
"BL348","DiD","unadjusted",0.05,100,0.00960639517627858,100,0.0960639517627858,0.484,0.00310255678205228,0.9752,0.00310255678205228,0.0248,0.00585813708467964,0.0585813708467964,0.0470089571161553,0.0502116731568678,0.48,12.72,0.00553278747216276,100,0.0553278747216276,0.841496,100,0,0,"Prop_0.50",50,5e-04,"Low","Beta",2000,FALSE
"BL348","MIMOSA2","BFDR",0.01,100,0.0113173505840556,100,0.113173505840556,0.3172,0.000876171654230362,0.998,0.000876171654230362,0.002,0.00290850630115414,0.0290850630115414,0.00644444444444444,0.021904291355759,0.05,7.98,0.00526976485780586,100,0.0526976485780586,0.856216,100,0,0,"Prop_0.50",50,5e-04,"Low","Beta",2000,FALSE
"BL348","MIMOSA2","BFDR",0.05,100,0.0128380117407076,100,0.128380117407076,0.4756,0.00256912515078656,0.9816,0.00256912515078656,0.0184,0.00478459661040717,0.0478459661040717,0.034088730670774,0.0490207130000197,0.39,12.35,0.00526976485780586,100,0.0526976485780586,0.856216,100,0,0,"Prop_0.50",50,5e-04,"Low","Beta",2000,FALSE
"BL349","DiD","BH",0.01,100,0.00864578355588894,100,0.0864578355588894,0.242368421052632,0,1,0,0,0,0,0,0,0,9.21,0.00450403972101615,100,0.0450403972101615,0.851765350877193,100,0,0,"Prop_0.75",50,5e-04,"Low","Beta",2000,FALSE
"BL349","DiD","BH",0.05,100,0.00876630601223792,100,0.0876630601223792,0.389210526315789,0.00164121987972444,0.996666666666667,0.00164121987972444,0.00333333333333333,0.00104000823237851,0.0104000823237851,0.00210144927536232,0.0196946385566932,0.04,14.83,0.00450403972101615,100,0.0450403972101615,0.851765350877193,100,0,0,"Prop_0.75",50,5e-04,"Low","Beta",2000,FALSE
"BL349","DiD","unadjusted",0.01,100,0.00660065530791135,100,0.0660065530791135,0.354210526315789,0.00117254411780241,0.998333333333333,0.00117254411780241,0.00166666666666667,0.000853942941850396,0.00853942941850396,0.00121323529411765,0.014070529413629,0.02,13.48,0.00450403972101615,100,0.0450403972101615,0.851765350877193,100,0,0,"Prop_0.75",50,5e-04,"Low","Beta",2000,FALSE
"BL349","DiD","unadjusted",0.05,100,0.00737577479176155,100,0.0737577479176155,0.492894736842105,0.00394974036283175,0.98,0.00394974036283175,0.02,0.00233059770469265,0.0233059770469265,0.0117716418587868,0.0416333199893227,0.22,18.97,0.00450403972101615,100,0.0450403972101615,0.851765350877193,100,0,0,"Prop_0.75",50,5e-04,"Low","Beta",2000,FALSE
"BL349","MIMOSA2","BFDR",0.01,100,0.00845520718576668,100,0.0845520718576668,0.363157894736842,0.000833333333333334,0.999166666666667,0.000833333333333334,0.000833333333333334,0.000476190476190476,0.00476190476190476,0.000476190476190476,0.01,0.01,13.81,0.00428051055865013,100,0.0428051055865013,0.86609649122807,100,0,0,"Prop_0.75",50,5e-04,"Low","Beta",2000,FALSE
"BL349","MIMOSA2","BFDR",0.05,100,0.00875995993521306,100,0.0875995993521306,0.539473684210526,0.00342876849949367,0.985,0.00342876849949367,0.015,0.00189878444313455,0.0189878444313455,0.00832942417346442,0.0377525168068637,0.17,20.68,0.00428051055865013,100,0.0428051055865013,0.86609649122807,100,0,0,"Prop_0.75",50,5e-04,"Low","Beta",2000,FALSE
"BL350","DiD","BH",0.01,100,0.00747774684264075,100,0.0747774684264075,0.244222222222222,0,1,0,0,0,0,0,0,0,10.99,0.00661679211533001,100,0.0661679211533001,0.848977777777778,100,0,0,"Prop_0.90",50,5e-04,"Low","Beta",2000,FALSE
"BL350","DiD","BH",0.05,100,0.00745760767327598,100,0.0745760767327598,0.388444444444444,0.00342893215995531,0.994,0.00342893215995531,0.006,0.000745420034772892,0.00745420034772892,0.00130434782608696,0.0171446607997765,0.03,17.51,0.00661679211533001,100,0.0661679211533001,0.848977777777778,100,0,0,"Prop_0.90",50,5e-04,"Low","Beta",2000,FALSE
"BL350","DiD","unadjusted",0.01,100,0.00603022689155527,100,0.0603022689155527,0.34,0.002,0.998,0.002,0.002,0.000476190476190476,0.00476190476190476,0.000476190476190476,0.01,0.01,15.31,0.00661679211533001,100,0.0661679211533001,0.848977777777778,100,0,0,"Prop_0.90",50,5e-04,"Low","Beta",2000,FALSE
"BL350","DiD","unadjusted",0.05,100,0.00571667596491103,100,0.0571667596491103,0.484,0.00545319848688581,0.984,0.00545319848688581,0.016,0.00115472183110538,0.0115472183110538,0.00338122022904632,0.0272659924344291,0.08,21.86,0.00661679211533001,100,0.0661679211533001,0.848977777777778,100,0,0,"Prop_0.90",50,5e-04,"Low","Beta",2000,FALSE
"BL350","MIMOSA2","BFDR",0.01,100,0.00829124425302076,100,0.0829124425302076,0.371555555555556,0.00438085827115181,0.99,0.00438085827115181,0.01,0.00120949770770688,0.0120949770770688,0.00272222222222222,0.021904291355759,0.05,16.77,0.00629317054517532,100,0.0629317054517532,0.855177777777778,100,0,0,"Prop_0.90",50,5e-04,"Low","Beta",2000,FALSE
"BL350","MIMOSA2","BFDR",0.05,100,0.0084405449085891,100,0.0844054490858911,0.550222222222222,0.00786502294075395,0.974,0.00786502294075395,0.026,0.00145945390421191,0.0145945390421191,0.0049233640918218,0.031446603773522,0.11,24.89,0.00629317054517532,100,0.0629317054517532,0.855177777777778,100,0,0,"Prop_0.90",50,5e-04,"Low","Beta",2000,FALSE
"BL351","DiD","BH",0.01,100,0.0130896288655708,100,0.130896288655708,0.14,0.000149253731343284,0.999850746268657,0.000149253731343284,0.000149253731343284,0.01,0.1,0.01,0.01,0.01,1.13,0.00786897523549204,100,0.0786897523549204,0.84544776119403,100,0,0,"Prop_0.10",75,5e-04,"Low","Beta",2000,FALSE
"BL351","DiD","BH",0.05,100,0.0168638899079745,100,0.168638899079745,0.23875,0.000326929721727748,0.999253731343284,0.000326929721727748,0.00074626865671642,0.0110554159678513,0.110554159678513,0.02,0.021904291355759,0.05,1.96,0.00786897523549204,100,0.0786897523549204,0.84544776119403,100,0,0,"Prop_0.10",75,5e-04,"Low","Beta",2000,FALSE
"BL351","DiD","unadjusted",0.01,100,0.0156488454410018,100,0.156488454410018,0.3475,0.000723145456451314,0.996119402985075,0.000723145456451314,0.00388059701492538,0.0137188684406071,0.137188684406071,0.0705,0.0429234695990928,0.24,3.04,0.00786897523549204,100,0.0786897523549204,0.84544776119403,100,0,0,"Prop_0.10",75,5e-04,"Low","Beta",2000,FALSE
"BL351","DiD","unadjusted",0.05,100,0.0158607219255619,100,0.158607219255619,0.47625,0.00204712367758526,0.973731343283582,0.00204712367758526,0.0262686567164179,0.0190543585426195,0.190543585426195,0.289126984126984,0.0409360180740332,0.79,5.57,0.00786897523549204,100,0.0786897523549204,0.84544776119403,100,0,0,"Prop_0.10",75,5e-04,"Low","Beta",2000,FALSE
"BL351","MIMOSA2","BFDR",0.01,100,0.0156402703159362,100,0.156402703159362,0.24875,0,1,0,0,0,0,0,0,0,1.99,0.00848150208559289,100,0.0848150208559289,0.853041044776119,100,0,0,"Prop_0.10",75,5e-04,"Low","Beta",2000,FALSE
"BL351","MIMOSA2","BFDR",0.05,100,0.0166363360379525,100,0.166363360379525,0.365,0.00064676616915423,0.996865671641791,0.00064676616915423,0.00313432835820896,0.0118908711648678,0.118908711648678,0.0543333333333333,0.0402015126103685,0.2,3.13,0.00848150208559289,100,0.0848150208559289,0.853041044776119,100,0,0,"Prop_0.10",75,5e-04,"Low","Beta",2000,FALSE
"BL352","DiD","BH",0.01,100,0.00936197354132006,100,0.0936197354132006,0.171578947368421,0,1,0,0,0,0,0,0,0,3.26,0.00475404040080282,100,0.0475404040080282,0.840700187969925,100,0,0,"Prop_0.25",75,5e-04,"Low","Beta",2000,FALSE
"BL352","DiD","BH",0.05,100,0.0118492210884952,100,0.118492210884952,0.257368421052632,0.000391148059924269,0.999107142857143,0.000391148059924269,0.000892857142857145,0.0030089203198326,0.030089203198326,0.00677380952380952,0.021904291355759,0.05,4.94,0.00475404040080282,100,0.0475404040080282,0.840700187969925,100,0,0,"Prop_0.25",75,5e-04,"Low","Beta",2000,FALSE
"BL352","DiD","unadjusted",0.01,100,0.00952141088140306,100,0.0952141088140306,0.326315789473684,0.000705209288209738,0.997142857142857,0.000705209288209738,0.00285714285714286,0.0112731754310296,0.112731754310296,0.0317142857142857,0.0358870281282637,0.15,6.36,0.00475404040080282,100,0.0475404040080282,0.840700187969925,100,0,0,"Prop_0.25",75,5e-04,"Low","Beta",2000,FALSE
"BL352","DiD","unadjusted",0.05,100,0.00964926779650384,100,0.0964926779650384,0.464210526315789,0.00171495823148104,0.975535714285714,0.00171495823148104,0.0244642857142857,0.00955185213933711,0.0955185213933711,0.133413641913642,0.0386122919665369,0.82,10.19,0.00475404040080282,100,0.0475404040080282,0.840700187969925,100,0,0,"Prop_0.25",75,5e-04,"Low","Beta",2000,FALSE
"BL352","MIMOSA2","BFDR",0.01,100,0.0101825856218073,100,0.101825856218073,0.256842105263158,0.00043371136167779,0.999285714285714,0.00043371136167779,0.000714285714285715,0.00346969089342232,0.0346969089342232,0.00571428571428571,0.0171446607997765,0.03,4.92,0.00559188978206594,100,0.0559188978206594,0.84796992481203,100,0,0,"Prop_0.25",75,5e-04,"Low","Beta",2000,FALSE
"BL352","MIMOSA2","BFDR",0.05,100,0.012248648075166,100,0.12248648075166,0.373157894736842,0.00108635585206317,0.992142857142857,0.00108635585206317,0.00785714285714287,0.00895116759899551,0.0895116759899551,0.0571451326451326,0.0487831731214563,0.38,7.53,0.00559188978206594,100,0.0559188978206594,0.84796992481203,100,0,0,"Prop_0.25",75,5e-04,"Low","Beta",2000,FALSE
"BL353","DiD","BH",0.01,100,0.00848592766937477,100,0.0848592766937477,0.206315789473684,0.000532287528559276,0.998918918918919,0.000532287528559276,0.00108108108108108,0.00177408768632764,0.0177408768632764,0.00358741258741259,0.0196946385566932,0.04,7.88,0.0033890319588199,100,0.033890319588199,0.850825035561878,100,0,0,"Prop_0.50",75,5e-04,"Low","Beta",2000,FALSE
"BL353","DiD","BH",0.05,100,0.00906588794854577,100,0.0906588794854577,0.329473684210526,0.000969919679142259,0.995945945945946,0.000969919679142259,0.00405405405405405,0.00252615730675701,0.0252615730675701,0.0103402420592823,0.0358870281282637,0.15,12.67,0.0033890319588199,100,0.033890319588199,0.850825035561878,100,0,0,"Prop_0.50",75,5e-04,"Low","Beta",2000,FALSE
"BL353","DiD","unadjusted",0.01,100,0.00745262136679813,100,0.0745262136679813,0.336842105263158,0.000942527264918314,0.996216216216216,0.000942527264918314,0.00378378378378378,0.00245529367717917,0.0245529367717917,0.00970066921382711,0.0348735088019777,0.14,12.94,0.0033890319588199,100,0.033890319588199,0.850825035561878,100,0,0,"Prop_0.50",75,5e-04,"Low","Beta",2000,FALSE
"BL353","DiD","unadjusted",0.05,100,0.00750178355356329,100,0.0750178355356329,0.498157894736842,0.00219265960858212,0.978918918918919,0.00219265960858212,0.0210810810810811,0.00404561233874505,0.0404561233874505,0.0387701128068573,0.049431107042371,0.59,19.71,0.0033890319588199,100,0.033890319588199,0.850825035561878,100,0,0,"Prop_0.50",75,5e-04,"Low","Beta",2000,FALSE
"BL353","MIMOSA2","BFDR",0.01,100,0.00881246614658844,100,0.0881246614658844,0.331315789473684,0.0009009009009009,0.997297297297297,0.0009009009009009,0.0027027027027027,0.0021273707030862,0.021273707030862,0.00640266106442577,0.0287623491264661,0.09,12.69,0.00379156869340149,100,0.0379156869340149,0.868399715504979,100,0,0,"Prop_0.50",75,5e-04,"Low","Beta",2000,FALSE
"BL353","MIMOSA2","BFDR",0.05,100,0.0101325541346653,100,0.101325541346653,0.506052631578947,0.00206082479643308,0.983243243243243,0.00206082479643308,0.0167567567567567,0.00376416509867309,0.0376416509867309,0.030071447576842,0.0501613558046592,0.47,19.85,0.00379156869340149,100,0.0379156869340149,0.868399715504979,100,0,0,"Prop_0.50",75,5e-04,"Low","Beta",2000,FALSE
"BL354","DiD","BH",0.01,100,0.00689811125443637,100,0.0689811125443637,0.243392857142857,0,1,0,0,0,0,0,0,0,13.63,0.00390012930302019,100,0.0390012930302019,0.854017857142857,100,0,0,"Prop_0.75",75,5e-04,"Low","Beta",2000,FALSE
"BL354","DiD","BH",0.05,100,0.00791894476222597,100,0.0791894476222597,0.384464285714286,0.00143505223339101,0.995789473684211,0.00143505223339101,0.00421052631578948,0.00110069203935553,0.0110069203935553,0.00318762988195037,0.0272659924344291,0.08,21.61,0.00390012930302019,100,0.0390012930302019,0.854017857142857,100,0,0,"Prop_0.75",75,5e-04,"Low","Beta",2000,FALSE
"BL354","DiD","unadjusted",0.01,100,0.00645856399332747,100,0.0645856399332747,0.350714285714286,0.000902350568409292,0.998421052631579,0.000902350568409292,0.00157894736842105,0.000769834443303095,0.00769834443303095,0.00134575569358178,0.0171446607997765,0.03,19.67,0.00390012930302019,100,0.0390012930302019,0.854017857142857,100,0,0,"Prop_0.75",75,5e-04,"Low","Beta",2000,FALSE
"BL354","DiD","unadjusted",0.05,100,0.00655882551417058,100,0.0655882551417058,0.506785714285714,0.00362023901940937,0.975789473684211,0.00362023901940937,0.0242105263157895,0.00239713186972875,0.0239713186972875,0.0159259668820134,0.048523658709391,0.37,28.84,0.00390012930302019,100,0.0390012930302019,0.854017857142857,100,0,0,"Prop_0.75",75,5e-04,"Low","Beta",2000,FALSE
"BL354","MIMOSA2","BFDR",0.01,100,0.0078306979869414,100,0.078306979869414,0.369285714285714,0.00103655992403649,0.997894736842105,0.00103655992403649,0.00210526315789474,0.000958008180996068,0.00958008180996068,0.00188848631239936,0.0196946385566932,0.04,20.72,0.00416398038225566,100,0.0416398038225567,0.868068609022556,100,0,0,"Prop_0.75",75,5e-04,"Low","Beta",2000,FALSE
"BL354","MIMOSA2","BFDR",0.05,100,0.00824354457183394,100,0.0824354457183394,0.546607142857143,0.00295985431560438,0.980526315789474,0.00295985431560438,0.0194736842105263,0.00178042559443367,0.0178042559443367,0.011847650568628,0.0472581562625261,0.33,30.98,0.00416398038225566,100,0.0416398038225567,0.868068609022556,100,0,0,"Prop_0.75",75,5e-04,"Low","Beta",2000,FALSE
"BL355","DiD","BH",0.01,100,0.00556237566764874,100,0.0556237566764874,0.258529411764706,0.00201007563051842,0.997142857142857,0.00201007563051842,0.00285714285714286,0.000854453050672944,0.00854453050672944,0.00119047619047619,0.014070529413629,0.02,17.6,0.00535567760252567,100,0.0535567760252567,0.85218487394958,100,0,0,"Prop_0.90",75,5e-04,"Low","Beta",2000,FALSE
"BL355","DiD","BH",0.05,100,0.00653461810599511,100,0.0653461810599511,0.409117647058824,0.00281351979381332,0.994285714285714,0.00281351979381332,0.00571428571428572,0.000679699527853715,0.00679699527853715,0.0013640873015873,0.0196946385566932,0.04,27.86,0.00535567760252567,100,0.0535567760252567,0.85218487394958,100,0,0,"Prop_0.90",75,5e-04,"Low","Beta",2000,FALSE
"BL355","DiD","unadjusted",0.01,100,0.00485494386016551,100,0.0485494386016551,0.354411764705882,0.00244923725711093,0.995714285714286,0.00244923725711093,0.00428571428571429,0.00069025408222132,0.0069025408222132,0.00120515297906602,0.0171446607997765,0.03,24.13,0.00535567760252567,100,0.0535567760252567,0.85218487394958,100,0,0,"Prop_0.90",75,5e-04,"Low","Beta",2000,FALSE
"BL355","DiD","unadjusted",0.05,100,0.00603404746216383,100,0.0603404746216383,0.508088235294118,0.00526361355967815,0.977142857142857,0.00526361355967815,0.0228571428571429,0.00106802544790145,0.0106802544790145,0.00461279499627768,0.0368452949177471,0.16,34.71,0.00535567760252567,100,0.0535567760252567,0.85218487394958,100,0,0,"Prop_0.90",75,5e-04,"Low","Beta",2000,FALSE
"BL355","MIMOSA2","BFDR",0.01,100,0.00688473685421968,100,0.0688473685421968,0.382941176470588,0.00244923725711093,0.995714285714286,0.00244923725711093,0.00428571428571429,0.000595653292342857,0.00595653292342857,0.00103587588881707,0.0171446607997765,0.03,26.07,0.00485820764421581,100,0.0485820764421581,0.865189075630252,100,0,0,"Prop_0.90",75,5e-04,"Low","Beta",2000,FALSE
"BL355","MIMOSA2","BFDR",0.05,100,0.0069039379966503,100,0.069039379966503,0.558529411764706,0.00668981756398284,0.967142857142857,0.00668981756398284,0.0328571428571429,0.0011742086941094,0.011742086941094,0.00576819118899076,0.0409360180740332,0.21,38.21,0.00485820764421581,100,0.0485820764421581,0.865189075630252,100,0,0,"Prop_0.90",75,5e-04,"Low","Beta",2000,FALSE
"BL356","DiD","BH",0.01,100,0.011814645935696,100,0.11814645935696,0.159,0,1,0,0,0,0,0,0,0,1.59,0.00691528549396374,100,0.0691528549396374,0.842211111111111,100,0,0,"Prop_0.10",100,5e-04,"Low","Beta",2000,FALSE
"BL356","DiD","BH",0.05,100,0.0147312627092894,100,0.147312627092894,0.254,0.000190496231108627,0.999666666666667,0.000190496231108627,0.000333333333333332,0.00528309142400435,0.0528309142400435,0.00916666666666667,0.0171446607997765,0.03,2.57,0.00691528549396374,100,0.0691528549396374,0.842211111111111,100,0,0,"Prop_0.10",100,5e-04,"Low","Beta",2000,FALSE
"BL356","DiD","unadjusted",0.01,100,0.0143811745632331,100,0.143811745632331,0.365,0.000625655909722942,0.996555555555556,0.000625655909722942,0.00344444444444444,0.0127940596524459,0.127940596524459,0.0694523809523809,0.0440844002276808,0.26,3.96,0.00691528549396374,100,0.0691528549396374,0.842211111111111,100,0,0,"Prop_0.10",100,5e-04,"Low","Beta",2000,FALSE
"BL356","DiD","unadjusted",0.05,100,0.0138458322504308,100,0.138458322504308,0.511,0.00148164982208557,0.976222222222222,0.00148164982208557,0.0237777777777778,0.0147171242691536,0.147171242691536,0.280276695526696,0.0287623491264661,0.91,7.25,0.00691528549396374,100,0.0691528549396374,0.842211111111111,100,0,0,"Prop_0.10",100,5e-04,"Low","Beta",2000,FALSE
"BL356","MIMOSA2","BFDR",0.01,100,0.014213381090374,100,0.14213381090374,0.26,0.000190496231108627,0.999666666666667,0.000190496231108627,0.000333333333333332,0.00680619972214216,0.0680619972214216,0.0116666666666667,0.0171446607997765,0.03,2.63,0.00773989771560071,100,0.0773989771560071,0.845172222222222,100,0,0,"Prop_0.10",100,5e-04,"Low","Beta",2000,FALSE
"BL356","MIMOSA2","BFDR",0.05,100,0.0150809264779835,100,0.150809264779835,0.378,0.000633578427381997,0.995444444444444,0.000633578427381997,0.00455555555555554,0.0127023363233919,0.127023363233919,0.0905833333333333,0.048523658709391,0.37,4.19,0.00773989771560071,100,0.0773989771560071,0.845172222222222,100,0,0,"Prop_0.10",100,5e-04,"Low","Beta",2000,FALSE
"BL357","DiD","BH",0.01,100,0.00990255553181127,100,0.0990255553181127,0.178,0,1,0,0,0,0,0,0,0,4.45,0.00445162470498459,100,0.0445162470498459,0.84852,100,0,0,"Prop_0.25",100,5e-04,"Low","Beta",2000,FALSE
"BL357","DiD","BH",0.05,100,0.0106420929057278,100,0.106420929057278,0.2872,0.00047396884353981,0.999066666666667,0.00047396884353981,0.000933333333333333,0.0028752290572607,0.028752290572607,0.00614224664224664,0.021904291355759,0.05,7.25,0.00445162470498459,100,0.0445162470498459,0.84852,100,0,0,"Prop_0.25",100,5e-04,"Low","Beta",2000,FALSE
"BL357","DiD","unadjusted",0.01,100,0.00934579254979685,100,0.0934579254979685,0.3464,0.000664508290571257,0.9972,0.000664508290571257,0.0028,0.00484268361248756,0.0484268361248756,0.0211066433566434,0.0386122919665369,0.18,8.87,0.00445162470498459,100,0.0445162470498459,0.84852,100,0,0,"Prop_0.25",100,5e-04,"Low","Beta",2000,FALSE
"BL357","DiD","unadjusted",0.05,100,0.00808949936646267,100,0.0808949936646267,0.4988,0.0019081019297161,0.975333333333333,0.0019081019297161,0.0246666666666667,0.00863030238565045,0.0863030238565045,0.123359942259323,0.0368452949177471,0.84,14.32,0.00445162470498459,100,0.0445162470498459,0.84852,100,0,0,"Prop_0.25",100,5e-04,"Low","Beta",2000,FALSE
"BL357","MIMOSA2","BFDR",0.01,100,0.0105753668417878,100,0.105753668417878,0.272,0.000262595180755909,0.999466666666667,0.000262595180755909,0.000533333333333332,0.00255674803495246,0.0255674803495246,0.00507575757575758,0.0196946385566932,0.04,6.84,0.00514470677429632,100,0.0514470677429632,0.862005333333333,100,0,0,"Prop_0.25",100,5e-04,"Low","Beta",2000,FALSE
"BL357","MIMOSA2","BFDR",0.05,100,0.0117635973333935,100,0.117635973333935,0.3904,0.0010187027687646,0.991866666666667,0.0010187027687646,0.00813333333333332,0.00697432761004787,0.0697432761004787,0.0533892402317325,0.0502116731568678,0.48,10.37,0.00514470677429632,100,0.0514470677429632,0.862005333333333,100,0,0,"Prop_0.25",100,5e-04,"Low","Beta",2000,FALSE
"BL358","DiD","BH",0.01,100,0.00682464340282755,100,0.0682464340282755,0.207,0,1,0,0,0,0,0,0,0,10.35,0.00345117093875178,100,0.0345117093875178,0.849564,100,0,0,"Prop_0.50",100,5e-04,"Low","Beta",2000,FALSE
"BL358","DiD","BH",0.05,100,0.00750517666465465,100,0.0750517666465465,0.3334,0.000512864799952486,0.9986,0.000512864799952486,0.0014,0.00141608949688223,0.0141608949688223,0.00378368370759675,0.0256432399976243,0.07,16.74,0.00345117093875178,100,0.0345117093875178,0.849564,100,0,0,"Prop_0.50",100,5e-04,"Low","Beta",2000,FALSE
"BL358","DiD","unadjusted",0.01,100,0.00633527880805238,100,0.0633527880805238,0.3416,0.000603022689155528,0.998,0.000603022689155528,0.002,0.00181917343158409,0.0181917343158409,0.00588048396616172,0.0301511344577764,0.1,17.18,0.00345117093875178,100,0.0345117093875178,0.849564,100,0,0,"Prop_0.50",100,5e-04,"Low","Beta",2000,FALSE
"BL358","DiD","unadjusted",0.05,100,0.00669626761711328,100,0.0669626761711328,0.4922,0.0019466625155622,0.9778,0.0019466625155622,0.0222,0.00377570434388448,0.0377570434388448,0.0429114656369067,0.0451260859854213,0.72,25.72,0.00345117093875178,100,0.0345117093875178,0.849564,100,0,0,"Prop_0.50",100,5e-04,"Low","Beta",2000,FALSE
"BL358","MIMOSA2","BFDR",0.01,100,0.00725464671709788,100,0.0725464671709788,0.3342,0.000575246982529323,0.9982,0.000575246982529323,0.0018,0.00172422770368447,0.0172422770368447,0.00526460892049127,0.0287623491264661,0.09,16.8,0.00339692162483218,100,0.0339692162483218,0.866632,100,0,0,"Prop_0.50",100,5e-04,"Low","Beta",2000,FALSE
"BL358","MIMOSA2","BFDR",0.05,100,0.00878610013348104,100,0.0878610013348104,0.5042,0.00160806050441474,0.984,0.00160806050441474,0.016,0.00302838355203657,0.0302838355203657,0.0302369822428073,0.049431107042371,0.59,26.01,0.00339692162483218,100,0.0339692162483218,0.866632,100,0,0,"Prop_0.50",100,5e-04,"Low","Beta",2000,FALSE
"BL359","DiD","BH",0.01,100,0.00671652734814698,100,0.0671652734814698,0.2304,4e-04,0.9996,4e-04,4e-04,0.000714285714285714,0.00714285714285714,0.000714285714285714,0.01,0.01,17.29,0.00358926289072916,100,0.0358926289072916,0.846309333333333,100,0,0,"Prop_0.75",100,5e-04,"Low","Beta",2000,FALSE
"BL359","DiD","BH",0.05,100,0.00749320680003883,100,0.0749320680003883,0.379333333333333,0.00142474523684025,0.9952,0.00142474523684025,0.0048,0.00123715870732348,0.0123715870732348,0.00403721363153412,0.031446603773522,0.11,28.57,0.00358926289072916,100,0.0358926289072916,0.846309333333333,100,0,0,"Prop_0.75",100,5e-04,"Low","Beta",2000,FALSE
"BL359","DiD","unadjusted",0.01,100,0.00583191420929326,100,0.0583191420929326,0.346666666666667,0.000876171654230362,0.998,0.000876171654230362,0.002,0.00090431879791186,0.0090431879791186,0.00204192546583851,0.021904291355759,0.05,26.05,0.00358926289072916,100,0.0358926289072916,0.846309333333333,100,0,0,"Prop_0.75",100,5e-04,"Low","Beta",2000,FALSE
"BL359","DiD","unadjusted",0.05,100,0.00587197494772895,100,0.0587197494772895,0.502266666666667,0.0028138187144121,0.9796,0.0028138187144121,0.0204,0.00182711473036932,0.0182711473036932,0.0131495771487816,0.049431107042371,0.41,38.18,0.00358926289072916,100,0.0358926289072916,0.846309333333333,100,0,0,"Prop_0.75",100,5e-04,"Low","Beta",2000,FALSE
"BL359","MIMOSA2","BFDR",0.01,100,0.00658807547741158,100,0.0658807547741158,0.3732,0.00102572959990497,0.9972,0.00102572959990497,0.0028,0.000947212099092753,0.00947212099092753,0.00255609859142468,0.0256432399976243,0.07,28.06,0.00373649655313403,100,0.0373649655313403,0.863098666666667,100,0,0,"Prop_0.75",100,5e-04,"Low","Beta",2000,FALSE
"BL359","MIMOSA2","BFDR",0.05,100,0.00723572630280254,100,0.0723572630280254,0.551733333333333,0.00317159106742813,0.9696,0.00317159106742813,0.0304,0.00184308768864756,0.0184308768864756,0.0177596859260197,0.0496044963748858,0.58,42.14,0.00373649655313403,100,0.0373649655313403,0.863098666666667,100,0,0,"Prop_0.75",100,5e-04,"Low","Beta",2000,FALSE
"BL360","DiD","BH",0.01,100,0.00584238248460301,100,0.0584238248460301,0.253111111111111,0,1,0,0,0,0,0,0,0,22.78,0.00486115885819103,100,0.0486115885819103,0.852255555555556,100,0,0,"Prop_0.90",100,5e-04,"Low","Beta",2000,FALSE
"BL360","DiD","BH",0.05,100,0.0061759038409693,100,0.061759038409693,0.386555555555556,0.00256432399976243,0.993,0.00256432399976243,0.007,0.00071638518160829,0.0071638518160829,0.0019308569526798,0.0256432399976243,0.07,34.86,0.00486115885819103,100,0.0486115885819103,0.852255555555556,100,0,0,"Prop_0.90",100,5e-04,"Low","Beta",2000,FALSE
"BL360","DiD","unadjusted",0.01,100,0.00473020715277809,100,0.0473020715277809,0.341777777777778,0.00171446607997765,0.997,0.00171446607997765,0.003,0.000448755812525655,0.00448755812525655,0.000781922525107604,0.0171446607997765,0.03,30.79,0.00486115885819103,100,0.0486115885819103,0.852255555555556,100,0,0,"Prop_0.90",100,5e-04,"Low","Beta",2000,FALSE
"BL360","DiD","unadjusted",0.05,100,0.00505703842289879,100,0.0505703842289879,0.496111111111111,0.00439926531974776,0.978,0.00439926531974776,0.022,0.00101903766368964,0.0101903766368964,0.00496503556776577,0.0409360180740332,0.21,44.87,0.00486115885819103,100,0.0486115885819103,0.852255555555556,100,0,0,"Prop_0.90",100,5e-04,"Low","Beta",2000,FALSE
"BL360","MIMOSA2","BFDR",0.01,100,0.00611494625093524,100,0.0611494625093524,0.378555555555556,0.00261116483933547,0.995,0.00261116483933547,0.005,0.000580280214484345,0.00580280214484345,0.0011490463147565,0.0196946385566932,0.04,34.12,0.00444649770192155,100,0.0444649770192155,0.864788888888889,100,0,0,"Prop_0.90",100,5e-04,"Low","Beta",2000,FALSE
"BL360","MIMOSA2","BFDR",0.05,100,0.00612269079420288,100,0.0612269079420288,0.553666666666667,0.00573752489486468,0.971,0.00573752489486468,0.029,0.00108094205181519,0.0108094205181519,0.00554671762733345,0.0422952584681651,0.23,50.12,0.00444649770192155,100,0.0444649770192155,0.864788888888889,100,0,0,"Prop_0.90",100,5e-04,"Low","Beta",2000,FALSE
"BL361","DiD","BH",0.01,100,0.0287623491264661,100,0.287623491264661,0.09,0,1,0,0,0,0,0,0,0,0.09,0.0269663181950583,100,0.269663181950583,0.809444444444444,100,0,0,"Prop_0.10",10,0.00025,"Low","Beta",2000,FALSE
"BL361","DiD","BH",0.05,100,0.0348735088019777,100,0.348735088019777,0.14,0.00111111111111111,0.998888888888889,0.00111111111111111,0.00111111111111111,0.005,0.05,0.005,0.01,0.01,0.15,0.0269663181950583,100,0.269663181950583,0.809444444444444,100,0,0,"Prop_0.10",10,0.00025,"Low","Beta",2000,FALSE
"BL361","DiD","unadjusted",0.01,100,0.0368452949177471,100,0.368452949177471,0.16,0.00111111111111111,0.998888888888889,0.00111111111111111,0.00111111111111111,0.005,0.05,0.005,0.01,0.01,0.17,0.0269663181950583,100,0.269663181950583,0.809444444444444,100,0,0,"Prop_0.10",10,0.00025,"Low","Beta",2000,FALSE
"BL361","DiD","unadjusted",0.05,100,0.0472581562625261,100,0.472581562625261,0.33,0.00428880107840303,0.983333333333333,0.00428880107840303,0.0166666666666667,0.0292110052597104,0.292110052597104,0.111666666666667,0.0348735088019777,0.14,0.48,0.0269663181950583,100,0.269663181950583,0.809444444444444,100,0,0,"Prop_0.10",10,0.00025,"Low","Beta",2000,FALSE
"BL361","MIMOSA2","BFDR",0.01,92,0.0340118557515546,92,0.326230259959341,0.119565217391304,0,1,0,0,0,0,0,0,0,0.119565217391304,0.0322229463901397,92,0.309071644143695,0.726449275362319,100,0.08,0.0271293199325011,"Prop_0.10",10,0.00025,"Low","Beta",2000,TRUE
"BL361","MIMOSA2","BFDR",0.05,92,0.0415856590819035,92,0.398875629485458,0.195652173913043,0.00353360251936458,0.991545893719807,0.00353360251936458,0.00845410628019324,0.0210445386581378,0.201852123780541,0.0507246376811594,0.0258831022088521,0.0652173913043478,0.271739130434783,0.0322229463901397,92,0.309071644143695,0.726449275362319,100,0.08,0.0271293199325011,"Prop_0.10",10,0.00025,"Low","Beta",2000,TRUE
"BL362","DiD","BH",0.01,100,0.0191719726223256,100,0.191719726223256,0.15,0,1,0,0,0,0,0,0,0,0.45,0.0162775999520309,100,0.162775999520309,0.828095238095238,100,0,0,"Prop_0.25",10,0.00025,"Low","Beta",2000,FALSE
"BL362","DiD","BH",0.05,100,0.0254609579865667,100,0.254609579865667,0.226666666666667,0.00201007563051842,0.997142857142857,0.00201007563051842,0.00285714285714286,0.00469017647120966,0.0469017647120966,0.00666666666666667,0.014070529413629,0.02,0.7,0.0162775999520309,100,0.162775999520309,0.828095238095238,100,0,0,"Prop_0.25",10,0.00025,"Low","Beta",2000,FALSE
"BL362","DiD","unadjusted",0.01,100,0.0242947667252783,100,0.242947667252783,0.236666666666667,0.00142857142857143,0.998571428571429,0.00142857142857143,0.00142857142857143,0.00333333333333333,0.0333333333333333,0.00333333333333333,0.01,0.01,0.72,0.0162775999520309,100,0.162775999520309,0.828095238095238,100,0,0,"Prop_0.25",10,0.00025,"Low","Beta",2000,FALSE
"BL362","DiD","unadjusted",0.05,100,0.0299644383316996,100,0.299644383316996,0.4,0.00574307323005264,0.971428571428571,0.00574307323005264,0.0285714285714286,0.025289568789568,0.25289568789568,0.11,0.0402015126103685,0.2,1.4,0.0162775999520309,100,0.162775999520309,0.828095238095238,100,0,0,"Prop_0.25",10,0.00025,"Low","Beta",2000,FALSE
"BL362","MIMOSA2","BFDR",0.01,100,0.0251505009734273,100,0.251505009734273,0.193333333333333,0.00201007563051842,0.997142857142857,0.00201007563051842,0.00285714285714286,0.00598117135471061,0.0598117135471061,0.00833333333333333,0.014070529413629,0.02,0.6,0.0198309352594877,100,0.198309352594877,0.784761904761905,100,0,0,"Prop_0.25",10,0.00025,"Low","Beta",2000,FALSE
"BL362","MIMOSA2","BFDR",0.05,100,0.0314341097340122,100,0.314341097340122,0.286666666666667,0.00458322791805462,0.987142857142857,0.00458322791805462,0.0128571428571429,0.0171849058087125,0.171849058087125,0.0456666666666667,0.0272659924344291,0.08,0.95,0.0198309352594877,100,0.198309352594877,0.784761904761905,100,0,0,"Prop_0.25",10,0.00025,"Low","Beta",2000,FALSE
"BL363","DiD","BH",0.01,100,0.0156269645229654,100,0.156269645229654,0.132,0,1,0,0,0,0,0,0,0,0.66,0.0123791124173918,100,0.123791124173918,0.821,100,0,0,"Prop_0.50",10,0.00025,"Low","Beta",2000,FALSE
"BL363","DiD","BH",0.05,100,0.0210818510677892,100,0.210818510677892,0.24,0,1,0,0,0,0,0,0,0,1.2,0.0123791124173918,100,0.123791124173918,0.821,100,0,0,"Prop_0.50",10,0.00025,"Low","Beta",2000,FALSE
"BL363","DiD","unadjusted",0.01,100,0.0188818762977955,100,0.188818762977955,0.248,0,1,0,0,0,0,0,0,0,1.24,0.0123791124173918,100,0.123791124173918,0.821,100,0,0,"Prop_0.50",10,0.00025,"Low","Beta",2000,FALSE
"BL363","DiD","unadjusted",0.05,100,0.0213673970470354,100,0.213673970470354,0.42,0.00512864799952485,0.986,0.00512864799952485,0.014,0.00940560940160116,0.0940560940160116,0.0245,0.0256432399976243,0.07,2.17,0.0123791124173918,100,0.123791124173918,0.821,100,0,0,"Prop_0.50",10,0.00025,"Low","Beta",2000,FALSE
"BL363","MIMOSA2","BFDR",0.01,100,0.0196905350795039,100,0.196905350795039,0.196,0.002,0.998,0.002,0.002,0.002,0.02,0.002,0.01,0.01,0.99,0.0161242022745282,100,0.161242022745282,0.795,100,0,0,"Prop_0.50",10,0.00025,"Low","Beta",2000,FALSE
"BL363","MIMOSA2","BFDR",0.05,100,0.0232474610322169,100,0.232474610322169,0.336,0.00555595958126829,0.988,0.00555595958126829,0.012,0.00895179759236546,0.0895179759236546,0.02,0.021904291355759,0.05,1.74,0.0161242022745282,100,0.161242022745282,0.795,100,0,0,"Prop_0.50",10,0.00025,"Low","Beta",2000,FALSE
"BL364","DiD","BH",0.01,100,0.0160668584170627,100,0.160668584170627,0.1725,0.005,0.995,0.005,0.005,0.01,0.1,0.01,0.01,0.01,1.39,0.0139645155350548,100,0.139645155350548,0.8290625,100,0,0,"Prop_0.75",10,0.00025,"Low","Beta",2000,FALSE
"BL364","DiD","BH",0.05,100,0.0205664726674216,100,0.205664726674216,0.3,0.0119341628287971,0.97,0.0119341628287971,0.03,0.00680463300281729,0.0680463300281729,0.0151111111111111,0.0238683256575942,0.06,2.46,0.0139645155350548,100,0.139645155350548,0.8290625,100,0,0,"Prop_0.75",10,0.00025,"Low","Beta",2000,FALSE
"BL364","DiD","unadjusted",0.01,100,0.0166685604984626,100,0.166685604984626,0.2675,0.00703526470681448,0.99,0.00703526470681448,0.01,0.00556753758384034,0.0556753758384034,0.0075,0.014070529413629,0.02,2.16,0.0139645155350548,100,0.139645155350548,0.8290625,100,0,0,"Prop_0.75",10,0.00025,"Low","Beta",2000,FALSE
"BL364","DiD","unadjusted",0.05,100,0.0173619191731138,100,0.173619191731138,0.43625,0.015723301886761,0.945,0.015723301886761,0.055,0.00660509890283411,0.0660509890283411,0.0216349206349206,0.031446603773522,0.11,3.6,0.0139645155350548,100,0.139645155350548,0.8290625,100,0,0,"Prop_0.75",10,0.00025,"Low","Beta",2000,FALSE
"BL364","MIMOSA2","BFDR",0.01,100,0.01875,100,0.1875,0.25625,0.0138898989531707,0.97,0.0138898989531707,0.03,0.00502376450105091,0.0502376450105091,0.0107142857142857,0.021904291355759,0.05,2.11,0.0152673719153632,100,0.152673719153632,0.803125,100,0,0,"Prop_0.75",10,0.00025,"Low","Beta",2000,FALSE
"BL364","MIMOSA2","BFDR",0.05,100,0.0218768938574123,100,0.218768938574123,0.4075,0.0160412977131912,0.955,0.0160412977131912,0.045,0.00500440358941883,0.0500440358941883,0.0141785714285714,0.0272659924344291,0.08,3.35,0.0152673719153632,100,0.152673719153632,0.803125,100,0,0,"Prop_0.75",10,0.00025,"Low","Beta",2000,FALSE
"BL365","DiD","BH",0.01,100,0.0134469532307851,100,0.134469532307851,0.144444444444444,0,1,0,0,0,0,0,0,0,1.3,0.020445530152209,100,0.20445530152209,0.803333333333333,100,0,0,"Prop_0.90",10,0.00025,"Low","Beta",2000,FALSE
"BL365","DiD","BH",0.05,100,0.017928652712997,100,0.17928652712997,0.257777777777778,0.014070529413629,0.98,0.014070529413629,0.02,0.00234508823560483,0.0234508823560483,0.00333333333333333,0.014070529413629,0.02,2.34,0.020445530152209,100,0.20445530152209,0.803333333333333,100,0,0,"Prop_0.90",10,0.00025,"Low","Beta",2000,FALSE
"BL365","DiD","unadjusted",0.01,100,0.0141694447222228,100,0.141694447222228,0.233333333333333,0.01,0.99,0.01,0.01,0.0025,0.025,0.0025,0.01,0.01,2.11,0.020445530152209,100,0.20445530152209,0.803333333333333,100,0,0,"Prop_0.90",10,0.00025,"Low","Beta",2000,FALSE
"BL365","DiD","unadjusted",0.05,100,0.0138665364464806,100,0.138665364464806,0.398888888888889,0.0238683256575942,0.94,0.0238683256575942,0.06,0.00512295230119846,0.0512295230119846,0.0125952380952381,0.0238683256575942,0.06,3.65,0.020445530152209,100,0.20445530152209,0.803333333333333,100,0,0,"Prop_0.90",10,0.00025,"Low","Beta",2000,FALSE
"BL365","MIMOSA2","BFDR",0.01,100,0.0197893886396476,100,0.197893886396476,0.237777777777778,0.014070529413629,0.98,0.014070529413629,0.02,0.0028668216293276,0.028668216293276,0.00392857142857143,0.014070529413629,0.02,2.16,0.0191201920324959,100,0.191201920324959,0.802222222222222,100,0,0,"Prop_0.90",10,0.00025,"Low","Beta",2000,FALSE
"BL365","MIMOSA2","BFDR",0.05,100,0.0213460843860948,100,0.213460843860948,0.367777777777778,0.0196946385566932,0.96,0.0196946385566932,0.04,0.0031719866562162,0.031719866562162,0.00642857142857143,0.0196946385566932,0.04,3.35,0.0191201920324959,100,0.191201920324959,0.802222222222222,100,0,0,"Prop_0.90",10,0.00025,"Low","Beta",2000,FALSE
"BL366","DiD","BH",0.01,100,0.0264527404014683,100,0.264527404014683,0.135,0,1,0,0,0,0,0,0,0,0.27,0.0171260802583542,100,0.171260802583542,0.835833333333333,100,0,0,"Prop_0.10",20,0.00025,"Low","Beta",2000,FALSE
"BL366","DiD","BH",0.05,100,0.0317820863081864,100,0.317820863081864,0.2,0,1,0,0,0,0,0,0,0,0.4,0.0171260802583542,100,0.171260802583542,0.835833333333333,100,0,0,"Prop_0.10",20,0.00025,"Low","Beta",2000,FALSE
"BL366","DiD","unadjusted",0.01,100,0.0329178653406605,100,0.329178653406605,0.235,0,1,0,0,0,0,0,0,0,0.47,0.0171260802583542,100,0.171260802583542,0.835833333333333,100,0,0,"Prop_0.10",20,0.00025,"Low","Beta",2000,FALSE
"BL366","DiD","unadjusted",0.05,100,0.0363206817005397,100,0.363206817005397,0.38,0.00405874065845984,0.97,0.00405874065845984,0.03,0.0354008431674967,0.354008431674967,0.2675,0.0496044963748858,0.42,1.3,0.0171260802583542,100,0.171260802583542,0.835833333333333,100,0,0,"Prop_0.10",20,0.00025,"Low","Beta",2000,FALSE
"BL366","MIMOSA2","BFDR",0.01,100,0.0262995563967658,100,0.262995563967658,0.155,0.000781696078534943,0.998888888888889,0.000781696078534943,0.00111111111111111,0.014070529413629,0.14070529413629,0.02,0.014070529413629,0.02,0.33,0.0189048506533829,100,0.189048506533829,0.791666666666667,100,0,0,"Prop_0.10",20,0.00025,"Low","Beta",2000,FALSE
"BL366","MIMOSA2","BFDR",0.05,100,0.0317820863081864,100,0.317820863081864,0.2,0.00159790828480368,0.995,0.00159790828480368,0.005,0.01985073367372,0.1985073367372,0.0566666666666667,0.0287623491264661,0.09,0.49,0.0189048506533829,100,0.189048506533829,0.791666666666667,100,0,0,"Prop_0.10",20,0.00025,"Low","Beta",2000,FALSE
"BL367","DiD","BH",0.01,100,0.0193844673839024,100,0.193844673839024,0.14,0,1,0,0,0,0,0,0,0,0.7,0.0110934708454311,100,0.110934708454311,0.811,100,0,0,"Prop_0.25",20,0.00025,"Low","Beta",2000,FALSE
"BL367","DiD","BH",0.05,100,0.020985805688704,100,0.20985805688704,0.22,0.00114297738665177,0.998,0.00114297738665177,0.002,0.00774161868943827,0.0774161868943827,0.0133333333333333,0.0171446607997765,0.03,1.13,0.0110934708454311,100,0.110934708454311,0.811,100,0,0,"Prop_0.25",20,0.00025,"Low","Beta",2000,FALSE
"BL367","DiD","unadjusted",0.01,100,0.0195959179422654,100,0.195959179422654,0.272,0.00114297738665177,0.998,0.00114297738665177,0.002,0.00774161868943827,0.0774161868943827,0.0133333333333333,0.0171446607997765,0.03,1.39,0.0110934708454311,100,0.110934708454311,0.811,100,0,0,"Prop_0.25",20,0.00025,"Low","Beta",2000,FALSE
"BL367","DiD","unadjusted",0.05,100,0.020985805688704,100,0.20985805688704,0.42,0.00409264210704846,0.975333333333333,0.00409264210704846,0.0246666666666667,0.0184580924922154,0.184580924922154,0.111833333333333,0.0460566186471838,0.3,2.47,0.0110934708454311,100,0.110934708454311,0.811,100,0,0,"Prop_0.25",20,0.00025,"Low","Beta",2000,FALSE
"BL367","MIMOSA2","BFDR",0.01,100,0.0193594390101542,100,0.193594390101542,0.164,0.000666666666666667,0.999333333333333,0.000666666666666667,0.000666666666666667,0.01,0.1,0.01,0.01,0.01,0.83,0.0128437716086749,100,0.128437716086749,0.782066666666667,100,0,0,"Prop_0.25",20,0.00025,"Low","Beta",2000,FALSE
"BL367","MIMOSA2","BFDR",0.05,100,0.0218127939475433,100,0.218127939475433,0.264,0.00294430150215259,0.991333333333333,0.00294430150215259,0.00866666666666666,0.0151591228238015,0.151591228238015,0.0437857142857143,0.0301511344577764,0.1,1.45,0.0128437716086749,100,0.128437716086749,0.782066666666667,100,0,0,"Prop_0.25",20,0.00025,"Low","Beta",2000,FALSE
"BL368","DiD","BH",0.01,100,0.0134581281061376,100,0.134581281061376,0.137,0,1,0,0,0,0,0,0,0,1.37,0.00838093073590279,100,0.0838093073590279,0.8332,100,0,0,"Prop_0.50",20,0.00025,"Low","Beta",2000,FALSE
"BL368","DiD","BH",0.05,100,0.0154981263122972,100,0.154981263122972,0.239,0.00171446607997765,0.997,0.00171446607997765,0.003,0.00444681123849404,0.0444681123849404,0.0075,0.0171446607997765,0.03,2.42,0.00838093073590279,100,0.0838093073590279,0.8332,100,0,0,"Prop_0.50",20,0.00025,"Low","Beta",2000,FALSE
"BL368","DiD","unadjusted",0.01,100,0.0135825199607749,100,0.135825199607749,0.256,0.00171446607997765,0.997,0.00171446607997765,0.003,0.00457788932883602,0.0457788932883602,0.00783333333333333,0.0171446607997765,0.03,2.59,0.00838093073590279,100,0.0838093073590279,0.8332,100,0,0,"Prop_0.50",20,0.00025,"Low","Beta",2000,FALSE
"BL368","DiD","unadjusted",0.05,100,0.0157364660466181,100,0.157364660466181,0.422,0.00426401432711221,0.98,0.00426401432711221,0.02,0.00861000551483728,0.0861000551483728,0.0395238095238095,0.0394277244403663,0.19,4.42,0.00838093073590279,100,0.0838093073590279,0.8332,100,0,0,"Prop_0.50",20,0.00025,"Low","Beta",2000,FALSE
"BL368","MIMOSA2","BFDR",0.01,100,0.0142786129536026,100,0.142786129536026,0.204,0.00196946385566932,0.996,0.00196946385566932,0.004,0.00499484376474165,0.0499484376474165,0.00976190476190476,0.0196946385566932,0.04,2.08,0.00915012143210254,100,0.0915012143210254,0.82255,100,0,0,"Prop_0.50",20,0.00025,"Low","Beta",2000,FALSE
"BL368","MIMOSA2","BFDR",0.05,100,0.0189978733525411,100,0.189978733525411,0.363,0.00561023595535406,0.978,0.00561023595535406,0.022,0.009483357150858,0.09483357150858,0.0391666666666667,0.0368452949177471,0.16,3.85,0.00915012143210254,100,0.0915012143210254,0.82255,100,0,0,"Prop_0.50",20,0.00025,"Low","Beta",2000,FALSE
"BL369","DiD","BH",0.01,100,0.0112218721817595,100,0.112218721817595,0.138,0,1,0,0,0,0,0,0,0,2.07,0.0102896851580092,100,0.102896851580092,0.808266666666667,100,0,0,"Prop_0.75",20,0.00025,"Low","Beta",2000,FALSE
"BL369","DiD","BH",0.05,100,0.0157959775527265,100,0.157959775527265,0.259333333333333,0.002,0.998,0.002,0.002,0.00111111111111111,0.0111111111111111,0.00111111111111111,0.01,0.01,3.9,0.0102896851580092,100,0.102896851580092,0.808266666666667,100,0,0,"Prop_0.75",20,0.00025,"Low","Beta",2000,FALSE
"BL369","DiD","unadjusted",0.01,100,0.012481186740318,100,0.12481186740318,0.246666666666667,0,1,0,0,0,0,0,0,0,3.7,0.0102896851580092,100,0.102896851580092,0.808266666666667,100,0,0,"Prop_0.75",20,0.00025,"Low","Beta",2000,FALSE
"BL369","DiD","unadjusted",0.05,100,0.0142455616574436,100,0.142455616574436,0.409333333333333,0.00855404683011013,0.966,0.00855404683011013,0.034,0.00697390192844224,0.0697390192844224,0.0269531024531025,0.0358870281282637,0.15,6.31,0.0102896851580092,100,0.102896851580092,0.808266666666667,100,0,0,"Prop_0.75",20,0.00025,"Low","Beta",2000,FALSE
"BL369","MIMOSA2","BFDR",0.01,100,0.0149035055646139,100,0.149035055646139,0.212,0.002,0.998,0.002,0.002,0.0025,0.025,0.0025,0.01,0.01,3.19,0.00952396705016429,100,0.0952396705016429,0.808333333333333,100,0,0,"Prop_0.75",20,0.00025,"Low","Beta",2000,FALSE
"BL369","MIMOSA2","BFDR",0.05,100,0.0168303077588991,100,0.168303077588991,0.368,0.0062893207547044,0.978,0.0062893207547044,0.022,0.00467354813712837,0.0467354813712837,0.0155598845598846,0.031446603773522,0.11,5.63,0.00952396705016429,100,0.0952396705016429,0.808333333333333,100,0,0,"Prop_0.75",20,0.00025,"Low","Beta",2000,FALSE
"BL370","DiD","BH",0.01,100,0.0100929400984254,100,0.100929400984254,0.163888888888889,0,1,0,0,0,0,0,0,0,2.95,0.0134137222488446,100,0.134137222488446,0.827638888888889,100,0,0,"Prop_0.90",20,0.00025,"Low","Beta",2000,FALSE
"BL370","DiD","BH",0.05,100,0.0129714979117515,100,0.129714979117515,0.292777777777778,0,1,0,0,0,0,0,0,0,5.27,0.0134137222488446,100,0.134137222488446,0.827638888888889,100,0,0,"Prop_0.90",20,0.00025,"Low","Beta",2000,FALSE
"BL370","DiD","unadjusted",0.01,100,0.00866151390750897,100,0.0866151390750897,0.253333333333333,0,1,0,0,0,0,0,0,0,4.56,0.0134137222488446,100,0.134137222488446,0.827638888888889,100,0,0,"Prop_0.90",20,0.00025,"Low","Beta",2000,FALSE
"BL370","DiD","unadjusted",0.05,100,0.0111361950304213,100,0.111361950304213,0.410555555555556,0.0119341628287971,0.97,0.0119341628287971,0.03,0.00321795483650258,0.0321795483650258,0.00799603174603175,0.0238683256575942,0.06,7.45,0.0134137222488446,100,0.134137222488446,0.827638888888889,100,0,0,"Prop_0.90",20,0.00025,"Low","Beta",2000,FALSE
"BL370","MIMOSA2","BFDR",0.01,100,0.0123020553630432,100,0.123020553630432,0.231111111111111,0.005,0.995,0.005,0.005,0.0025,0.025,0.0025,0.01,0.01,4.17,0.0138678010503942,100,0.138678010503942,0.805277777777778,100,0,0,"Prop_0.90",20,0.00025,"Low","Beta",2000,FALSE
"BL370","MIMOSA2","BFDR",0.05,100,0.0145269808018857,100,0.145269808018857,0.387222222222222,0.0109521456778795,0.975,0.0109521456778795,0.025,0.00293473596982222,0.0293473596982222,0.00646367521367521,0.021904291355759,0.05,7.02,0.0138678010503942,100,0.138678010503942,0.805277777777778,100,0,0,"Prop_0.90",20,0.00025,"Low","Beta",2000,FALSE
"BL371","DiD","BH",0.01,100,0.0167506302543202,100,0.167506302543202,0.1,0.000521130719023296,0.999259259259259,0.000521130719023296,0.000740740740740742,0.014070529413629,0.14070529413629,0.02,0.014070529413629,0.02,0.32,0.0129507837725961,100,0.129507837725961,0.810493827160494,100,0,0,"Prop_0.10",30,0.00025,"Low","Beta",2000,FALSE
"BL371","DiD","BH",0.05,100,0.0190574770065215,100,0.190574770065215,0.14,0.000634987437028761,0.998888888888889,0.000634987437028761,0.00111111111111111,0.0148647097502641,0.148647097502641,0.025,0.0171446607997765,0.03,0.45,0.0129507837725961,100,0.129507837725961,0.810493827160494,100,0,0,"Prop_0.10",30,0.00025,"Low","Beta",2000,FALSE
"BL371","DiD","unadjusted",0.01,100,0.0227808571458755,100,0.227808571458755,0.253333333333333,0.00106527218986912,0.996666666666667,0.00106527218986912,0.00333333333333334,0.0220822612661444,0.220822612661444,0.065,0.0287623491264661,0.09,0.85,0.0129507837725961,100,0.129507837725961,0.810493827160494,100,0,0,"Prop_0.10",30,0.00025,"Low","Beta",2000,FALSE
"BL371","DiD","unadjusted",0.05,100,0.027156692928619,100,0.27156692928619,0.41,0.00326105280039678,0.972222222222222,0.00326105280039678,0.0277777777777778,0.0344585951707957,0.344585951707956,0.3125,0.0500908265962033,0.54,1.98,0.0129507837725961,100,0.129507837725961,0.810493827160494,100,0,0,"Prop_0.10",30,0.00025,"Low","Beta",2000,FALSE
"BL371","MIMOSA2","BFDR",0.01,100,0.0160666401218049,100,0.160666401218049,0.1,0.000740740740740741,0.999259259259259,0.000740740740740741,0.000740740740740741,0.01,0.1,0.01,0.01,0.01,0.32,0.016676869628277,100,0.16676869628277,0.791296296296296,100,0,0,"Prop_0.10",30,0.00025,"Low","Beta",2000,FALSE
"BL371","MIMOSA2","BFDR",0.05,100,0.0212383195600048,100,0.212383195600048,0.196666666666667,0.00102888140393857,0.997777777777778,0.00102888140393857,0.00222222222222222,0.0202197523189179,0.202197523189179,0.045,0.021904291355759,0.05,0.65,0.016676869628277,100,0.16676869628277,0.791296296296296,100,0,0,"Prop_0.10",30,0.00025,"Low","Beta",2000,FALSE
"BL372","DiD","BH",0.01,100,0.0128234662973312,100,0.128234662973312,0.11375,0,1,0,0,0,0,0,0,0,0.91,0.00934416233195962,100,0.0934416233195962,0.816846590909091,100,0,0,"Prop_0.25",30,0.00025,"Low","Beta",2000,FALSE
"BL372","DiD","BH",0.05,100,0.0163047833348364,100,0.163047833348364,0.2075,0.000454545454545454,0.999545454545455,0.000454545454545454,0.000454545454545454,0.00333333333333333,0.0333333333333333,0.00333333333333333,0.01,0.01,1.67,0.00934416233195962,100,0.0934416233195962,0.816846590909091,100,0,0,"Prop_0.25",30,0.00025,"Low","Beta",2000,FALSE
"BL372","DiD","unadjusted",0.01,100,0.0147388889840737,100,0.147388889840737,0.2575,0.000995649607079955,0.997727272727273,0.000995649607079955,0.00227272727272727,0.0122116000674158,0.122116000674158,0.0241666666666667,0.021904291355759,0.05,2.11,0.00934416233195962,100,0.0934416233195962,0.816846590909091,100,0,0,"Prop_0.25",30,0.00025,"Low","Beta",2000,FALSE
"BL372","DiD","unadjusted",0.05,100,0.0169348685476821,100,0.169348685476821,0.40375,0.00355745420547833,0.974545454545455,0.00355745420547833,0.0254545454545454,0.0177230229336906,0.177230229336906,0.136646825396825,0.0496044963748858,0.42,3.79,0.00934416233195962,100,0.0934416233195962,0.816846590909091,100,0,0,"Prop_0.25",30,0.00025,"Low","Beta",2000,FALSE
"BL372","MIMOSA2","BFDR",0.01,100,0.0127599238463894,100,0.127599238463894,0.1525,0.000895210843486055,0.998181818181818,0.000895210843486055,0.00181818181818182,0.011227608968188,0.11227608968188,0.0191666666666667,0.0196946385566932,0.04,1.26,0.0101772010900645,100,0.101772010900645,0.802982954545455,100,0,0,"Prop_0.25",30,0.00025,"Low","Beta",2000,FALSE
"BL372","MIMOSA2","BFDR",0.05,100,0.0175809814598307,100,0.175809814598307,0.255,0.00253368655847411,0.991818181818182,0.00253368655847411,0.00818181818181818,0.0148016538419868,0.148016538419869,0.0485952380952381,0.0337997668989631,0.13,2.22,0.0101772010900645,100,0.101772010900645,0.802982954545455,100,0,0,"Prop_0.25",30,0.00025,"Low","Beta",2000,FALSE
"BL373","DiD","BH",0.01,100,0.0100602003893709,100,0.100602003893709,0.122666666666667,0,1,0,0,0,0,0,0,0,1.84,0.00760105498679843,100,0.0760105498679843,0.823177777777778,100,0,0,"Prop_0.50",30,0.00025,"Low","Beta",2000,FALSE
"BL373","DiD","BH",0.05,100,0.0146383258473747,100,0.146383258473747,0.224666666666667,0.00114297738665177,0.998,0.00114297738665177,0.002,0.00578988145584409,0.0578988145584409,0.00916666666666667,0.0171446607997765,0.03,3.4,0.00760105498679843,100,0.0760105498679843,0.823177777777778,100,0,0,"Prop_0.50",30,0.00025,"Low","Beta",2000,FALSE
"BL373","DiD","unadjusted",0.01,100,0.0120371665364699,100,0.120371665364699,0.25,0.00159122171050628,0.996,0.00159122171050628,0.004,0.00869607804061348,0.0869607804061348,0.0203333333333333,0.0238683256575942,0.06,3.81,0.00760105498679843,100,0.0760105498679843,0.823177777777778,100,0,0,"Prop_0.50",30,0.00025,"Low","Beta",2000,FALSE
"BL373","DiD","unadjusted",0.05,100,0.0137908051802511,100,0.137908051802511,0.396,0.00388152260496888,0.974666666666667,0.00388152260496888,0.0253333333333333,0.00838775953527147,0.0838775953527147,0.0542979797979798,0.0472581562625261,0.33,6.32,0.00760105498679843,100,0.0760105498679843,0.823177777777778,100,0,0,"Prop_0.50",30,0.00025,"Low","Beta",2000,FALSE
"BL373","MIMOSA2","BFDR",0.01,100,0.0128761692723057,100,0.128761692723057,0.191333333333333,0.00174077655955698,0.996666666666667,0.00174077655955698,0.00333333333333333,0.00535426891004297,0.0535426891004297,0.0106904761904762,0.0196946385566932,0.04,2.92,0.00775877878344911,100,0.0775877878344911,0.818355555555556,100,0,0,"Prop_0.50",30,0.00025,"Low","Beta",2000,FALSE
"BL373","MIMOSA2","BFDR",0.05,100,0.017417949383274,100,0.17417949383274,0.326,0.00342696771856808,0.981333333333333,0.00342696771856808,0.0186666666666667,0.0114574054107816,0.114574054107816,0.0553730158730159,0.0435194139889245,0.25,5.17,0.00775877878344911,100,0.0775877878344911,0.818355555555556,100,0,0,"Prop_0.50",30,0.00025,"Low","Beta",2000,FALSE
"BL374","DiD","BH",0.01,100,0.00927484764711751,100,0.0927484764711751,0.149130434782609,0,1,0,0,0,0,0,0,0,3.43,0.00765097260763688,100,0.0765097260763688,0.808944099378882,100,0,0,"Prop_0.75",30,0.00025,"Low","Beta",2000,FALSE
"BL374","DiD","BH",0.05,100,0.012023984229452,100,0.12023984229452,0.270434782608696,0.00142857142857143,0.998571428571429,0.00142857142857143,0.00142857142857143,0.002,0.02,0.002,0.01,0.01,6.23,0.00765097260763688,100,0.0765097260763688,0.808944099378882,100,0,0,"Prop_0.75",30,0.00025,"Low","Beta",2000,FALSE
"BL374","DiD","unadjusted",0.01,100,0.00857302645338894,100,0.0857302645338894,0.262173913043478,0.00142857142857143,0.998571428571429,0.00142857142857143,0.00142857142857143,0.002,0.02,0.002,0.01,0.01,6.04,0.00765097260763688,100,0.0765097260763688,0.808944099378882,100,0,0,"Prop_0.75",30,0.00025,"Low","Beta",2000,FALSE
"BL374","DiD","unadjusted",0.05,100,0.00931234393048678,100,0.0931234393048677,0.422608695652174,0.00551417281508961,0.978571428571429,0.00551417281508961,0.0214285714285714,0.0040102357492206,0.0401023574922061,0.0154360084360084,0.0348735088019777,0.14,9.87,0.00765097260763688,100,0.0765097260763688,0.808944099378882,100,0,0,"Prop_0.75",30,0.00025,"Low","Beta",2000,FALSE
"BL374","MIMOSA2","BFDR",0.01,100,0.0115522131609821,100,0.115522131609821,0.240434782608696,0.00281351979381332,0.994285714285714,0.00281351979381332,0.00571428571428572,0.00276748002195728,0.0276748002195728,0.00533766233766234,0.0196946385566932,0.04,5.57,0.00752162763931641,100,0.0752162763931641,0.807670807453416,100,0,0,"Prop_0.75",30,0.00025,"Low","Beta",2000,FALSE
"BL374","MIMOSA2","BFDR",0.05,100,0.0123148873762346,100,0.123148873762346,0.401739130434783,0.00526361355967815,0.977142857142857,0.00526361355967815,0.0228571428571429,0.00356717978953176,0.0356717978953176,0.0147614468864469,0.0368452949177471,0.16,9.4,0.00752162763931641,100,0.0752162763931641,0.807670807453416,100,0,0,"Prop_0.75",30,0.00025,"Low","Beta",2000,FALSE
"BL375","DiD","BH",0.01,100,0.00970237851604745,100,0.0970237851604745,0.15962962962963,0,1,0,0,0,0,0,0,0,4.31,0.00998001008764884,100,0.0998001008764884,0.837098765432099,100,0,0,"Prop_0.90",30,0.00025,"Low","Beta",2000,FALSE
"BL375","DiD","BH",0.05,100,0.0118398625291468,100,0.118398625291468,0.286296296296296,0.00333333333333333,0.996666666666667,0.00333333333333333,0.00333333333333333,0.00333333333333333,0.0333333333333333,0.00333333333333333,0.01,0.01,7.74,0.00998001008764884,100,0.0998001008764884,0.837098765432099,100,0,0,"Prop_0.90",30,0.00025,"Low","Beta",2000,FALSE
"BL375","DiD","unadjusted",0.01,100,0.00858276977661772,100,0.0858276977661772,0.261481481481481,0.00333333333333333,0.996666666666667,0.00333333333333333,0.00333333333333333,0.00333333333333333,0.0333333333333333,0.00333333333333333,0.01,0.01,7.07,0.00998001008764884,100,0.0998001008764884,0.837098765432099,100,0,0,"Prop_0.90",30,0.00025,"Low","Beta",2000,FALSE
"BL375","DiD","unadjusted",0.05,100,0.00912844366472217,100,0.0912844366472217,0.418888888888889,0.00958744970882205,0.97,0.00958744970882205,0.03,0.00285514270873877,0.0285514270873877,0.0086449938949939,0.0287623491264661,0.09,11.4,0.00998001008764884,100,0.0998001008764884,0.837098765432099,100,0,0,"Prop_0.90",30,0.00025,"Low","Beta",2000,FALSE
"BL375","MIMOSA2","BFDR",0.01,100,0.00998120748790866,100,0.0998120748790866,0.262962962962963,0,1,0,0,0,0,0,0,0,7.1,0.00929372974257172,100,0.0929372974257172,0.840864197530864,100,0,0,"Prop_0.90",30,0.00025,"Low","Beta",2000,FALSE
"BL375","MIMOSA2","BFDR",0.05,100,0.0111407510885004,100,0.111407510885004,0.419259259259259,0.00656487951889775,0.986666666666667,0.00656487951889775,0.0133333333333333,0.001823671728536,0.01823671728536,0.00355252100840336,0.0196946385566932,0.04,11.36,0.00929372974257172,100,0.0929372974257172,0.840864197530864,100,0,0,"Prop_0.90",30,0.00025,"Low","Beta",2000,FALSE
"BL376","DiD","BH",0.01,100,0.0127936221484288,100,0.127936221484288,0.086,0,1,0,0,0,0,0,0,0,0.43,0.0117073250161936,100,0.117073250161936,0.800044444444444,100,0,0,"Prop_0.10",50,0.00025,"Low","Beta",2000,FALSE
"BL376","DiD","BH",0.05,100,0.015749298525344,100,0.15749298525344,0.138,0.000222222222222223,0.999777777777778,0.000222222222222223,0.000222222222222223,0.00333333333333333,0.0333333333333333,0.00333333333333333,0.01,0.01,0.7,0.0117073250161936,100,0.117073250161936,0.800044444444444,100,0,0,"Prop_0.10",50,0.00025,"Low","Beta",2000,FALSE
"BL376","DiD","unadjusted",0.01,100,0.0177650206753598,100,0.177650206753598,0.234,0.000818784331505491,0.996444444444444,0.000818784331505491,0.00355555555555556,0.0247992783918042,0.247992783918042,0.0958333333333333,0.0368452949177471,0.16,1.33,0.0117073250161936,100,0.117073250161936,0.800044444444444,100,0,0,"Prop_0.10",50,0.00025,"Low","Beta",2000,FALSE
"BL376","DiD","unadjusted",0.05,100,0.0199504436547211,100,0.199504436547211,0.386,0.00218646883486391,0.976888888888889,0.00218646883486391,0.0231111111111111,0.0267134480229523,0.267134480229523,0.311666666666667,0.0472581562625261,0.67,2.97,0.0117073250161936,100,0.117073250161936,0.800044444444444,100,0,0,"Prop_0.10",50,0.00025,"Low","Beta",2000,FALSE
"BL376","MIMOSA2","BFDR",0.01,100,0.0150635019470604,100,0.150635019470604,0.144,0.000312678431413978,0.999555555555556,0.000312678431413978,0.000444444444444445,0.0105089347908202,0.105089347908202,0.0133333333333333,0.014070529413629,0.02,0.74,0.0132914748862364,100,0.132914748862364,0.791822222222222,100,0,0,"Prop_0.10",50,0.00025,"Low","Beta",2000,FALSE
"BL376","MIMOSA2","BFDR",0.05,100,0.0187012666345725,100,0.187012666345725,0.224,0.00108015231267672,0.995777777777778,0.00108015231267672,0.00422222222222222,0.0201676475260256,0.201676475260256,0.08,0.0358870281282637,0.15,1.31,0.0132914748862364,100,0.132914748862364,0.791822222222222,100,0,0,"Prop_0.10",50,0.00025,"Low","Beta",2000,FALSE
"BL377","DiD","BH",0.01,100,0.00940524056029464,100,0.0940524056029464,0.107692307692308,0,1,0,0,0,0,0,0,0,1.4,0.00702937104300876,100,0.0702937104300876,0.826226611226611,100,0,0,"Prop_0.25",50,0.00025,"Low","Beta",2000,FALSE
"BL377","DiD","BH",0.05,100,0.0135191905651834,100,0.135191905651834,0.183846153846154,0.00046336921080477,0.999189189189189,0.00046336921080477,0.000810810810810809,0.00324996762480637,0.0324996762480637,0.00566666666666667,0.0171446607997765,0.03,2.42,0.00702937104300876,100,0.0702937104300876,0.826226611226611,100,0,0,"Prop_0.25",50,0.00025,"Low","Beta",2000,FALSE
"BL377","DiD","unadjusted",0.01,100,0.0105378064554023,100,0.105378064554023,0.260769230769231,0.00105202560021827,0.997297297297297,0.00105202560021827,0.0027027027027027,0.00916091034444421,0.0916091034444421,0.0248333333333333,0.0272659924344291,0.08,3.49,0.00702937104300876,100,0.0702937104300876,0.826226611226611,100,0,0,"Prop_0.25",50,0.00025,"Low","Beta",2000,FALSE
"BL377","DiD","unadjusted",0.05,100,0.0126798813696589,100,0.126798813696589,0.407692307692308,0.00225225225225225,0.97972972972973,0.00225225225225225,0.0202702702702702,0.0120048709879392,0.120048709879392,0.113472943722944,0.05,0.55,6.05,0.00702937104300876,100,0.0702937104300876,0.826226611226611,100,0,0,"Prop_0.25",50,0.00025,"Low","Beta",2000,FALSE
"BL377","MIMOSA2","BFDR",0.01,100,0.0104251847904604,100,0.104251847904604,0.150769230769231,0.000532287528559276,0.998918918918919,0.000532287528559276,0.00108108108108108,0.00517797719302121,0.0517797719302121,0.0103333333333333,0.0196946385566932,0.04,2,0.00733085219235349,100,0.0733085219235349,0.821871101871102,100,0,0,"Prop_0.25",50,0.00025,"Low","Beta",2000,FALSE
"BL377","MIMOSA2","BFDR",0.05,100,0.012957542747441,100,0.12957542747441,0.266923076923077,0.000969919679142259,0.995945945945946,0.000969919679142259,0.00405405405405405,0.00737633672729968,0.0737633672729968,0.0292738095238095,0.0358870281282637,0.15,3.62,0.00733085219235349,100,0.0733085219235349,0.821871101871102,100,0,0,"Prop_0.25",50,0.00025,"Low","Beta",2000,FALSE
"BL378","DiD","BH",0.01,100,0.00764209501129214,100,0.0764209501129214,0.1168,0,1,0,0,0,0,0,0,0,2.92,0.00586429571925123,100,0.0586429571925123,0.822656,100,0,0,"Prop_0.50",50,0.00025,"Low","Beta",2000,FALSE
"BL378","DiD","BH",0.05,100,0.0106590124052159,100,0.106590124052159,0.2204,0.000685786431991062,0.9988,0.000685786431991062,0.0012,0.00276339711883103,0.0276339711883103,0.00466666666666667,0.0171446607997765,0.03,5.54,0.00586429571925123,100,0.0586429571925123,0.822656,100,0,0,"Prop_0.50",50,0.00025,"Low","Beta",2000,FALSE
"BL378","DiD","unadjusted",0.01,100,0.00860124491811587,100,0.0860124491811587,0.2528,0.000954733026303769,0.9976,0.000954733026303769,0.0024,0.00502996074045365,0.0502996074045365,0.0121666666666667,0.0238683256575942,0.06,6.38,0.00586429571925123,100,0.0586429571925123,0.822656,100,0,0,"Prop_0.50",50,0.00025,"Low","Beta",2000,FALSE
"BL378","DiD","unadjusted",0.05,100,0.009917559165338,100,0.09917559165338,0.4116,0.00280374929353716,0.9776,0.00280374929353716,0.0224,0.00660973677370603,0.0660973677370603,0.0521326728826729,0.05,0.45,10.85,0.00586429571925123,100,0.0586429571925123,0.822656,100,0,0,"Prop_0.50",50,0.00025,"Low","Beta",2000,FALSE
"BL378","MIMOSA2","BFDR",0.01,100,0.00957260400699556,100,0.0957260400699556,0.1996,0.00078778554226773,0.9984,0.00078778554226773,0.0016,0.00515299047996833,0.0515299047996833,0.00966666666666667,0.0196946385566932,0.04,5.03,0.00589538974131653,100,0.0589538974131653,0.8216,100,0,0,"Prop_0.50",50,0.00025,"Low","Beta",2000,FALSE
"BL378","MIMOSA2","BFDR",0.05,100,0.0124601344091847,100,0.124601344091847,0.3376,0.00196946385566932,0.992,0.00196946385566932,0.00800000000000001,0.00447789007916384,0.0447789007916384,0.0189290431790432,0.0377525168068637,0.17,8.64,0.00589538974131653,100,0.0589538974131653,0.8216,100,0,0,"Prop_0.50",50,0.00025,"Low","Beta",2000,FALSE
"BL379","DiD","BH",0.01,100,0.00737601188708776,100,0.0737601188708776,0.14,0,1,0,0,0,0,0,0,0,5.32,0.00610178244431487,100,0.0610178244431487,0.817796052631579,100,0,0,"Prop_0.75",50,0.00025,"Low","Beta",2000,FALSE
"BL379","DiD","BH",0.05,100,0.0106182521576299,100,0.106182521576299,0.260263157894737,0.00227216603620242,0.993333333333333,0.00227216603620242,0.00666666666666667,0.00236731225404044,0.0236731225404044,0.00686635586635587,0.0272659924344291,0.08,9.97,0.00610178244431487,100,0.0610178244431487,0.817796052631579,100,0,0,"Prop_0.75",50,0.00025,"Low","Beta",2000,FALSE
"BL379","DiD","unadjusted",0.01,100,0.00754863355495321,100,0.0754863355495321,0.255526315789474,0.00198902713813285,0.995,0.00198902713813285,0.005,0.0023034819982074,0.023034819982074,0.00573387723387723,0.0238683256575942,0.06,9.77,0.00610178244431487,100,0.0610178244431487,0.817796052631579,100,0,0,"Prop_0.75",50,0.00025,"Low","Beta",2000,FALSE
"BL379","DiD","unadjusted",0.05,100,0.0079861796177583,100,0.079861796177583,0.412631578947368,0.00411670381258886,0.976666666666667,0.00411670381258886,0.0233333333333333,0.00321719852299489,0.0321719852299489,0.0172227514917143,0.0440844002276808,0.26,15.96,0.00610178244431487,100,0.0610178244431487,0.817796052631579,100,0,0,"Prop_0.75",50,0.00025,"Low","Beta",2000,FALSE
"BL379","MIMOSA2","BFDR",0.01,100,0.00974718188873572,100,0.0974718188873572,0.247631578947368,0.00281664724158026,0.989166666666667,0.00281664724158026,0.0108333333333333,0.00347635111948061,0.0347635111948061,0.0125574009324009,0.0337997668989631,0.13,9.54,0.00640944326333135,100,0.0640944326333135,0.810986842105263,100,0,0,"Prop_0.75",50,0.00025,"Low","Beta",2000,FALSE
"BL379","MIMOSA2","BFDR",0.05,100,0.0121873875612629,100,0.121873875612629,0.396842105263158,0.00405057117253771,0.974166666666667,0.00405057117253771,0.0258333333333333,0.00304397813589163,0.0304397813589163,0.0187250300439155,0.0460566186471838,0.3,15.39,0.00640944326333135,100,0.0640944326333135,0.810986842105263,100,0,0,"Prop_0.75",50,0.00025,"Low","Beta",2000,FALSE
"BL380","DiD","BH",0.01,100,0.0066001545553595,100,0.066001545553595,0.141555555555556,0,1,0,0,0,0,0,0,0,6.37,0.00708493498760052,100,0.0708493498760052,0.831911111111111,100,0,0,"Prop_0.90",50,0.00025,"Low","Beta",2000,FALSE
"BL380","DiD","BH",0.05,100,0.00887796747696286,100,0.0887796747696286,0.281555555555556,0.002,0.998,0.002,0.002,0.000909090909090909,0.00909090909090909,0.000909090909090909,0.01,0.01,12.68,0.00708493498760052,100,0.0708493498760052,0.831911111111111,100,0,0,"Prop_0.90",50,0.00025,"Low","Beta",2000,FALSE
"BL380","DiD","unadjusted",0.01,100,0.00635213897320066,100,0.0635213897320066,0.256222222222222,0.002,0.998,0.002,0.002,0.000909090909090909,0.00909090909090909,0.000909090909090909,0.01,0.01,11.54,0.00708493498760052,100,0.0708493498760052,0.831911111111111,100,0,0,"Prop_0.90",50,0.00025,"Low","Beta",2000,FALSE
"BL380","DiD","unadjusted",0.05,100,0.00692643905983674,100,0.0692643905983674,0.408666666666667,0.0062893207547044,0.978,0.0062893207547044,0.022,0.00160332011474845,0.0160332011474845,0.00550895491266335,0.031446603773522,0.11,18.5,0.00708493498760052,100,0.0708493498760052,0.831911111111111,100,0,0,"Prop_0.90",50,0.00025,"Low","Beta",2000,FALSE
"BL380","MIMOSA2","BFDR",0.01,100,0.00817516183212413,100,0.0817516183212413,0.245333333333333,0.00438085827115181,0.99,0.00438085827115181,0.01,0.00180072854497405,0.0180072854497405,0.00403052503052503,0.021904291355759,0.05,11.09,0.00761227276150727,100,0.0761227276150727,0.821244444444444,100,0,0,"Prop_0.90",50,0.00025,"Low","Beta",2000,FALSE
"BL380","MIMOSA2","BFDR",0.05,100,0.00903524296371676,100,0.0903524296371676,0.406444444444444,0.00675995337979262,0.974,0.00675995337979262,0.026,0.00165690978672646,0.0165690978672646,0.00625744482431116,0.0337997668989631,0.13,18.42,0.00761227276150727,100,0.0761227276150727,0.821244444444444,100,0,0,"Prop_0.90",50,0.00025,"Low","Beta",2000,FALSE
"BL381","DiD","BH",0.01,100,0.0105109370647815,100,0.105109370647815,0.075,0,1,0,0,0,0,0,0,0,0.6,0.00844278552620127,100,0.0844278552620127,0.815139925373134,100,0,0,"Prop_0.10",75,0.00025,"Low","Beta",2000,FALSE
"BL381","DiD","BH",0.05,100,0.0156185592786081,100,0.156185592786081,0.14,0,1,0,0,0,0,0,0,0,1.12,0.00844278552620127,100,0.0844278552620127,0.815139925373134,100,0,0,"Prop_0.10",75,0.00025,"Low","Beta",2000,FALSE
"BL381","DiD","unadjusted",0.01,100,0.0165120670597554,100,0.165120670597554,0.25625,0.00062554332037001,0.997164179104478,0.00062554332037001,0.0028358208955224,0.0191374720516726,0.191374720516726,0.0760952380952381,0.0386122919665369,0.18,2.24,0.00844278552620127,100,0.0844278552620127,0.815139925373134,100,0,0,"Prop_0.10",75,0.00025,"Low","Beta",2000,FALSE
"BL381","DiD","unadjusted",0.05,100,0.0170278107337332,100,0.170278107337332,0.40375,0.00204822256846776,0.975223880597015,0.00204822256846776,0.0247761194029851,0.0231414495186446,0.231414495186446,0.31393253968254,0.0416333199893227,0.78,4.89,0.00844278552620127,100,0.0844278552620127,0.815139925373134,100,0,0,"Prop_0.10",75,0.00025,"Low","Beta",2000,FALSE
"BL381","MIMOSA2","BFDR",0.01,100,0.0139731660223039,100,0.139731660223039,0.15875,0,1,0,0,0,0,0,0,0,1.27,0.00895864141807992,100,0.0895864141807993,0.813498134328358,100,0,0,"Prop_0.10",75,0.00025,"Low","Beta",2000,FALSE
"BL381","MIMOSA2","BFDR",0.05,100,0.0174963921244849,100,0.174963921244849,0.2475,0.000660536018824388,0.997164179104478,0.000660536018824388,0.00283582089552239,0.0146932342783269,0.146932342783269,0.0596666666666667,0.0377525168068637,0.17,2.17,0.00895864141807992,100,0.0895864141807993,0.813498134328358,100,0,0,"Prop_0.10",75,0.00025,"Low","Beta",2000,FALSE
"BL382","DiD","BH",0.01,100,0.00752752208874559,100,0.0752752208874559,0.101578947368421,0.000178571428571429,0.999821428571429,0.000178571428571429,0.000178571428571429,0.002,0.02,0.002,0.01,0.01,1.94,0.00549216621725257,100,0.0549216621725257,0.824807330827068,100,0,0,"Prop_0.25",75,0.00025,"Low","Beta",2000,FALSE
"BL382","DiD","BH",0.05,100,0.0104350107092248,100,0.104350107092248,0.169473684210526,0.000251259453814804,0.999642857142857,0.000251259453814804,0.000357142857142858,0.00299058567735531,0.0299058567735531,0.00416666666666667,0.014070529413629,0.02,3.24,0.00549216621725257,100,0.0549216621725257,0.824807330827068,100,0,0,"Prop_0.25",75,0.00025,"Low","Beta",2000,FALSE
"BL382","DiD","unadjusted",0.01,100,0.0098983331887777,100,0.098983331887777,0.248421052631579,0.000790284165379178,0.996607142857143,0.000790284165379178,0.00339285714285715,0.0100306338467508,0.100306338467508,0.0377301587301587,0.0377525168068637,0.17,4.91,0.00549216621725257,100,0.0549216621725257,0.824807330827068,100,0,0,"Prop_0.25",75,0.00025,"Low","Beta",2000,FALSE
"BL382","DiD","unadjusted",0.05,100,0.0122431643217656,100,0.122431643217656,0.408947368421053,0.00163742120936016,0.9775,0.00163742120936016,0.0225,0.00996382947247275,0.0996382947247275,0.13567118992119,0.0409360180740332,0.79,9.03,0.00549216621725257,100,0.0549216621725257,0.824807330827068,100,0,0,"Prop_0.25",75,0.00025,"Low","Beta",2000,FALSE
"BL382","MIMOSA2","BFDR",0.01,100,0.0082117803265429,100,0.082117803265429,0.163157894736842,0.000178571428571429,0.999821428571429,0.000178571428571429,0.000178571428571429,0.00333333333333333,0.0333333333333333,0.00333333333333333,0.01,0.01,3.11,0.00583790374243684,100,0.0583790374243684,0.821170112781955,100,0,0,"Prop_0.25",75,0.00025,"Low","Beta",2000,FALSE
"BL382","MIMOSA2","BFDR",0.05,100,0.0118765816290587,100,0.118765816290587,0.280526315789474,0.000836227195497857,0.995892857142857,0.000836227195497857,0.00410714285714287,0.00909846268745874,0.0909846268745874,0.0397738095238095,0.0409360180740332,0.21,5.56,0.00583790374243684,100,0.0583790374243684,0.821170112781955,100,0,0,"Prop_0.25",75,0.00025,"Low","Beta",2000,FALSE
"BL383","DiD","BH",0.01,100,0.00694635945503128,100,0.0694635945503128,0.121315789473684,0.00027027027027027,0.99972972972973,0.00027027027027027,0.00027027027027027,0.0025,0.025,0.0025,0.01,0.01,4.62,0.00461019489590584,100,0.0461019489590584,0.80800853485064,100,0,0,"Prop_0.50",75,0.00025,"Low","Beta",2000,FALSE
"BL383","DiD","BH",0.05,100,0.00923210807891946,100,0.0923210807891946,0.219473684210526,0.00099099099099099,0.996486486486487,0.00099099099099099,0.00351351351351351,0.0032438109433558,0.032438109433558,0.0115602899852126,0.032659863237109,0.12,8.47,0.00461019489590584,100,0.0461019489590584,0.80800853485064,100,0,0,"Prop_0.50",75,0.00025,"Low","Beta",2000,FALSE
"BL383","DiD","unadjusted",0.01,100,0.00705948392385848,100,0.0705948392385848,0.254210526315789,0.00106561417406395,0.994864864864865,0.00106561417406395,0.00513513513513513,0.00375511986321089,0.0375511986321089,0.0177371933621934,0.0394277244403663,0.19,9.85,0.00461019489590584,100,0.0461019489590584,0.80800853485064,100,0,0,"Prop_0.50",75,0.00025,"Low","Beta",2000,FALSE
"BL383","DiD","unadjusted",0.05,100,0.00827030643965052,100,0.0827030643965052,0.405,0.00248717482668007,0.974054054054054,0.00248717482668007,0.0259459459459459,0.00534330445848373,0.0534330445848373,0.0564059301943775,0.0479372485441102,0.65,16.35,0.00461019489590584,100,0.0461019489590584,0.80800853485064,100,0,0,"Prop_0.50",75,0.00025,"Low","Beta",2000,FALSE
"BL383","MIMOSA2","BFDR",0.01,100,0.00854126550191885,100,0.0854126550191885,0.211315789473684,0.0009009009009009,0.997297297297297,0.0009009009009009,0.0027027027027027,0.00360351070512578,0.0360351070512578,0.0106904761904762,0.0287623491264661,0.09,8.13,0.00482364613649563,100,0.0482364613649563,0.810017780938834,100,0,0,"Prop_0.50",75,0.00025,"Low","Beta",2000,FALSE
"BL383","MIMOSA2","BFDR",0.05,100,0.0106339526039942,100,0.106339526039942,0.345263157894737,0.0020201448369031,0.982972972972973,0.0020201448369031,0.017027027027027,0.00467499751535142,0.0467499751535142,0.0409275095546532,0.0502116731568678,0.48,13.75,0.00482364613649563,100,0.0482364613649563,0.810017780938834,100,0,0,"Prop_0.50",75,0.00025,"Low","Beta",2000,FALSE
"BL384","DiD","BH",0.01,100,0.00563264643252607,100,0.0563264643252607,0.1375,0,1,0,0,0,0,0,0,0,7.7,0.00430301030826888,100,0.0430301030826888,0.810037593984962,100,0,0,"Prop_0.75",75,0.00025,"Low","Beta",2000,FALSE
"BL384","DiD","BH",0.05,100,0.00776533251670731,100,0.0776533251670731,0.253035714285714,0.00146209462664955,0.996842105263158,0.00146209462664955,0.00315789473684211,0.00189364482940946,0.0189364482940946,0.00416431607608078,0.021904291355759,0.05,14.23,0.00430301030826888,100,0.0430301030826888,0.810037593984962,100,0,0,"Prop_0.75",75,0.00025,"Low","Beta",2000,FALSE
"BL384","DiD","unadjusted",0.01,100,0.00508492477901549,100,0.0508492477901549,0.250892857142857,0.00146209462664955,0.996842105263158,0.00146209462664955,0.00315789473684211,0.00209658410100941,0.0209658410100941,0.00469755244755245,0.021904291355759,0.05,14.11,0.00430301030826888,100,0.0430301030826888,0.810037593984962,100,0,0,"Prop_0.75",75,0.00025,"Low","Beta",2000,FALSE
"BL384","DiD","unadjusted",0.05,100,0.00584367732929547,100,0.0584367732929547,0.403392857142857,0.00326077325363012,0.978947368421053,0.00326077325363012,0.0210526315789474,0.00260726731772688,0.0260726731772688,0.016723226995116,0.0476095228569523,0.34,22.99,0.00430301030826888,100,0.0430301030826888,0.810037593984962,100,0,0,"Prop_0.75",75,0.00025,"Low","Beta",2000,FALSE
"BL384","MIMOSA2","BFDR",0.01,100,0.006722286535143,100,0.06722286535143,0.240714285714286,0.00232444855433099,0.993157894736842,0.00232444855433099,0.0068421052631579,0.00261514505869292,0.0261514505869292,0.00811317582299545,0.0301511344577764,0.1,13.61,0.00469674296691039,100,0.0469674296691039,0.81125469924812,100,0,0,"Prop_0.75",75,0.00025,"Low","Beta",2000,FALSE
"BL384","MIMOSA2","BFDR",0.05,100,0.00847534758565029,100,0.0847534758565029,0.39875,0.00345857231933037,0.981578947368421,0.00345857231933037,0.018421052631579,0.00247453676977573,0.0247453676977573,0.0138412524779444,0.0451260859854213,0.28,22.68,0.00469674296691039,100,0.0469674296691039,0.81125469924812,100,0,0,"Prop_0.75",75,0.00025,"Low","Beta",2000,FALSE
"BL385","DiD","BH",0.01,100,0.00529312725931336,100,0.0529312725931336,0.145294117647059,0,1,0,0,0,0,0,0,0,9.88,0.00684375824551603,100,0.0684375824551603,0.823518907563025,100,0,0,"Prop_0.90",75,0.00025,"Low","Beta",2000,FALSE
"BL385","DiD","BH",0.05,100,0.0065145129060745,100,0.065145129060745,0.268382352941176,0.00366331999966061,0.99,0.00366331999966061,0.01,0.00135932380476694,0.0135932380476694,0.00364183432890527,0.0256432399976243,0.07,18.32,0.00684375824551603,100,0.0684375824551603,0.823518907563025,100,0,0,"Prop_0.90",75,0.00025,"Low","Beta",2000,FALSE
"BL385","DiD","unadjusted",0.01,100,0.00452303240827431,100,0.0452303240827431,0.248970588235294,0.00366331999966061,0.99,0.00366331999966061,0.01,0.00144307270071173,0.0144307270071173,0.00388906926406926,0.0256432399976243,0.07,17,0.00684375824551603,100,0.0684375824551603,0.823518907563025,100,0,0,"Prop_0.90",75,0.00025,"Low","Beta",2000,FALSE
"BL385","DiD","unadjusted",0.05,100,0.00554552194145507,100,0.0554552194145507,0.410147058823529,0.00498192982885396,0.98,0.00498192982885396,0.02,0.00125544631058634,0.0125544631058634,0.00500364882428044,0.0348735088019777,0.14,28.03,0.00684375824551603,100,0.0684375824551603,0.823518907563025,100,0,0,"Prop_0.90",75,0.00025,"Low","Beta",2000,FALSE
"BL385","MIMOSA2","BFDR",0.01,100,0.00588235294117647,100,0.0588235294117647,0.241176470588235,0.00281351979381332,0.994285714285714,0.00281351979381332,0.00571428571428572,0.000940799040163673,0.00940799040163673,0.00188702432409526,0.0196946385566932,0.04,16.44,0.00546403106103841,100,0.0546403106103841,0.822993697478992,100,0,0,"Prop_0.90",75,0.00025,"Low","Beta",2000,FALSE
"BL385","MIMOSA2","BFDR",0.05,100,0.00732520019503305,100,0.0732520019503305,0.405588235294118,0.00576278122917761,0.975714285714286,0.00576278122917761,0.0242857142857143,0.00132526076243475,0.0132526076243475,0.00564007509726858,0.0368452949177471,0.16,27.75,0.00546403106103841,100,0.0546403106103841,0.822993697478992,100,0,0,"Prop_0.90",75,0.00025,"Low","Beta",2000,FALSE
"BL386","DiD","BH",0.01,100,0.00918056797169044,100,0.0918056797169044,0.084,0,1,0,0,0,0,0,0,0,0.84,0.00761855991028631,100,0.0761855991028631,0.82645,100,0,0,"Prop_0.10",100,0.00025,"Low","Beta",2000,FALSE
"BL386","DiD","BH",0.05,100,0.0128121627819629,100,0.128121627819629,0.143,0.000156339215706988,0.999777777777778,0.000156339215706988,0.000222222222222221,0.00299058567735531,0.0299058567735531,0.00416666666666667,0.014070529413629,0.02,1.45,0.00761855991028631,100,0.0761855991028631,0.82645,100,0,0,"Prop_0.10",100,0.00025,"Low","Beta",2000,FALSE
"BL386","DiD","unadjusted",0.01,100,0.0138720706253372,100,0.138720706253372,0.243,0.000580258853185658,0.996666666666667,0.000580258853185658,0.00333333333333332,0.0192343337799778,0.192343337799778,0.0986666666666667,0.0446196043338474,0.27,2.73,0.00761855991028631,100,0.0761855991028631,0.82645,100,0,0,"Prop_0.10",100,0.00025,"Low","Beta",2000,FALSE
"BL386","DiD","unadjusted",0.05,100,0.0149784356777848,100,0.149784356777848,0.383,0.00160507208282719,0.975444444444444,0.00160507208282719,0.0245555555555555,0.0197868635672241,0.197868635672241,0.346746031746032,0.0337997668989631,0.87,6.04,0.00761855991028631,100,0.0761855991028631,0.82645,100,0,0,"Prop_0.10",100,0.00025,"Low","Beta",2000,FALSE
"BL386","MIMOSA2","BFDR",0.01,100,0.0120079939703482,100,0.120079939703482,0.145,0.000265203618417712,0.999333333333333,0.000265203618417712,0.000666666666666664,0.00772892304289013,0.0772892304289013,0.0183333333333333,0.0238683256575942,0.06,1.51,0.00884017690485833,100,0.0884017690485833,0.827105555555556,100,0,0,"Prop_0.10",100,0.00025,"Low","Beta",2000,FALSE
"BL386","MIMOSA2","BFDR",0.05,100,0.0157797338380595,100,0.157797338380595,0.243,0.000755657879121292,0.995666666666667,0.000755657879121292,0.00433333333333333,0.0171186846488249,0.171186846488249,0.0968452380952381,0.0456048021572069,0.29,2.82,0.00884017690485833,100,0.0884017690485833,0.827105555555556,100,0,0,"Prop_0.10",100,0.00025,"Low","Beta",2000,FALSE
"BL387","DiD","BH",0.01,100,0.00730064339215346,100,0.0730064339215346,0.0956,0,1,0,0,0,0,0,0,0,2.39,0.00442859618813128,100,0.0442859618813128,0.828093333333333,100,0,0,"Prop_0.25",100,0.00025,"Low","Beta",2000,FALSE
"BL387","DiD","BH",0.05,100,0.00957057780888696,100,0.0957057780888697,0.166,0.000187607058848386,0.999733333333333,0.000187607058848386,0.000266666666666666,0.00218414607025454,0.0218414607025454,0.00309523809523809,0.014070529413629,0.02,4.17,0.00442859618813128,100,0.0442859618813128,0.828093333333333,100,0,0,"Prop_0.25",100,0.00025,"Low","Beta",2000,FALSE
"BL387","DiD","unadjusted",0.01,100,0.00887088074841079,100,0.0887088074841079,0.2612,0.000590078843483118,0.997466666666667,0.000590078843483118,0.00253333333333333,0.00596826977965075,0.0596826977965075,0.0247265512265512,0.0377525168068637,0.17,6.72,0.00442859618813128,100,0.0442859618813128,0.828093333333333,100,0,0,"Prop_0.25",100,0.00025,"Low","Beta",2000,FALSE
"BL387","DiD","unadjusted",0.05,100,0.00957235075568687,100,0.0957235075568687,0.4192,0.00190532363049557,0.977066666666667,0.00190532363049557,0.0229333333333333,0.00957356950766894,0.0957356950766893,0.1312119351237,0.0402015126103685,0.8,12.2,0.00442859618813128,100,0.0442859618813128,0.828093333333333,100,0,0,"Prop_0.25",100,0.00025,"Low","Beta",2000,FALSE
"BL387","MIMOSA2","BFDR",0.01,100,0.00823257879010906,100,0.0823257879010906,0.1632,0.000133333333333333,0.999866666666667,0.000133333333333333,0.000133333333333333,0.00111111111111111,0.0111111111111111,0.00111111111111111,0.01,0.01,4.09,0.00481282007392475,100,0.0481282007392475,0.827608,100,0,0,"Prop_0.25",100,0.00025,"Low","Beta",2000,FALSE
"BL387","MIMOSA2","BFDR",0.05,100,0.00958272857116839,100,0.0958272857116838,0.2836,0.000842848039126557,0.994933333333333,0.000842848039126557,0.00506666666666666,0.00724962097030972,0.0724962097030972,0.0442546522105346,0.0464823198711732,0.31,7.47,0.00481282007392475,100,0.0481282007392475,0.827608,100,0,0,"Prop_0.25",100,0.00025,"Low","Beta",2000,FALSE
"BL388","DiD","BH",0.01,100,0.0064986090197764,100,0.064986090197764,0.1252,2e-04,0.9998,2e-04,2e-04,0.00111111111111111,0.0111111111111111,0.00111111111111111,0.01,0.01,6.27,0.00390354971322723,100,0.0390354971322723,0.821292,100,0,0,"Prop_0.50",100,0.00025,"Low","Beta",2000,FALSE
"BL388","DiD","BH",0.05,100,0.00792296240893098,100,0.0792296240893098,0.2188,0.000575246982529323,0.9982,0.000575246982529323,0.0018,0.00190233763476234,0.0190233763476234,0.00591103749191985,0.0287623491264661,0.09,11.03,0.00390354971322723,100,0.0390354971322723,0.821292,100,0,0,"Prop_0.50",100,0.00025,"Low","Beta",2000,FALSE
"BL388","DiD","unadjusted",0.01,100,0.00625062421125307,100,0.0625062421125307,0.2502,0.000788554488807326,0.9962,0.000788554488807326,0.0038,0.00320856003436978,0.0320856003436978,0.0148756839565663,0.0394277244403663,0.19,12.7,0.00390354971322723,100,0.0390354971322723,0.821292,100,0,0,"Prop_0.50",100,0.00025,"Low","Beta",2000,FALSE
"BL388","DiD","unadjusted",0.05,100,0.00642834631640489,100,0.0642834631640489,0.4036,0.00203564200777995,0.9776,0.00203564200777995,0.0224,0.0045668131022798,0.045668131022798,0.0513454712415407,0.0472581562625261,0.67,21.3,0.00390354971322723,100,0.0390354971322723,0.821292,100,0,0,"Prop_0.50",100,0.00025,"Low","Beta",2000,FALSE
"BL388","MIMOSA2","BFDR",0.01,100,0.00757123743939103,100,0.0757123743939103,0.2036,0.000545319848688582,0.9984,0.000545319848688582,0.0016,0.00266111830207697,0.0266111830207696,0.00753521478521478,0.0272659924344291,0.08,10.26,0.00384244501284894,100,0.0384244501284894,0.820504,100,0,0,"Prop_0.50",100,0.00025,"Low","Beta",2000,FALSE
"BL388","MIMOSA2","BFDR",0.05,100,0.00945673828494259,100,0.0945673828494259,0.3362,0.00160806050441474,0.988,0.00160806050441474,0.012,0.00419156432215793,0.0419156432215793,0.0325734779156471,0.05,0.45,17.41,0.00384244501284894,100,0.0384244501284894,0.820504,100,0,0,"Prop_0.50",100,0.00025,"Low","Beta",2000,FALSE
"BL389","DiD","BH",0.01,100,0.0053393232356769,100,0.053393232356769,0.1416,4e-04,0.9996,4e-04,4e-04,0.000833333333333333,0.00833333333333333,0.000833333333333333,0.01,0.01,10.63,0.00413557609621525,100,0.0413557609621525,0.825477333333333,100,0,0,"Prop_0.75",100,0.00025,"Low","Beta",2000,FALSE
"BL389","DiD","BH",0.05,100,0.00692404194833891,100,0.0692404194833891,0.2548,0.00102572959990497,0.9972,0.00102572959990497,0.0028,0.00123765762254717,0.0123765762254717,0.00329660597051901,0.0256432399976243,0.07,19.18,0.00413557609621525,100,0.0413557609621525,0.825477333333333,100,0,0,"Prop_0.75",100,0.00025,"Low","Beta",2000,FALSE
"BL389","DiD","unadjusted",0.01,100,0.00485895334505566,100,0.0485895334505566,0.254,0.00109063969737716,0.9968,0.00109063969737716,0.0032,0.00144655498818005,0.0144655498818005,0.00415114168821263,0.0272659924344291,0.08,19.13,0.00413557609621525,100,0.0413557609621525,0.825477333333333,100,0,0,"Prop_0.75",100,0.00025,"Low","Beta",2000,FALSE
"BL389","DiD","unadjusted",0.05,100,0.00564940528042082,100,0.0564940528042082,0.415066666666667,0.00286842792969926,0.9812,0.00286842792969926,0.0188,0.00215010031157713,0.0215010031157713,0.0143736278910165,0.0482418151324422,0.36,31.6,0.00413557609621525,100,0.0413557609621525,0.825477333333333,100,0,0,"Prop_0.75",100,0.00025,"Low","Beta",2000,FALSE
"BL389","MIMOSA2","BFDR",0.01,100,0.006107161257962,100,0.06107161257962,0.236,0.00146666666666667,0.9948,0.00146666666666667,0.0052,0.00209510301742549,0.0209510301742549,0.00719914749076838,0.032659863237109,0.12,17.83,0.00420460670667308,100,0.0420460670667308,0.819872,100,0,0,"Prop_0.75",100,0.00025,"Low","Beta",2000,FALSE
"BL389","MIMOSA2","BFDR",0.05,100,0.00785393022489717,100,0.0785393022489717,0.391466666666667,0.00281152031197473,0.9788,0.00281152031197473,0.0212,0.00234855829353902,0.0234855829353902,0.0171036322462006,0.0496044963748858,0.42,29.89,0.00420460670667308,100,0.0420460670667308,0.819872,100,0,0,"Prop_0.75",100,0.00025,"Low","Beta",2000,FALSE
"BL390","DiD","BH",0.01,100,0.00485992850774439,100,0.0485992850774439,0.151111111111111,0.001,0.999,0.001,0.001,0.000714285714285714,0.00714285714285714,0.000714285714285714,0.01,0.01,13.61,0.00626913581352009,100,0.0626913581352009,0.817833333333333,100,0,0,"Prop_0.90",100,0.00025,"Low","Beta",2000,FALSE
"BL390","DiD","BH",0.05,100,0.00662692983419246,100,0.0662692983419246,0.278444444444444,0.0021904291355759,0.995,0.0021904291355759,0.005,0.000888244557533734,0.00888244557533734,0.00200449060743178,0.021904291355759,0.05,25.11,0.00626913581352009,100,0.0626913581352009,0.817833333333333,100,0,0,"Prop_0.90",100,0.00025,"Low","Beta",2000,FALSE
"BL390","DiD","unadjusted",0.01,100,0.00458774317663869,100,0.0458774317663869,0.256777777777778,0.0021904291355759,0.995,0.0021904291355759,0.005,0.000923991060284611,0.00923991060284611,0.00209115612648221,0.021904291355759,0.05,23.16,0.00626913581352009,100,0.0626913581352009,0.817833333333333,100,0,0,"Prop_0.90",100,0.00025,"Low","Beta",2000,FALSE
"BL390","DiD","unadjusted",0.05,100,0.00524857833232367,100,0.0524857833232367,0.407111111111111,0.00468287229478799,0.977,0.00468287229478799,0.023,0.00124230931791984,0.0124230931791984,0.00612248414635888,0.0409360180740332,0.21,36.87,0.00626913581352009,100,0.0626913581352009,0.817833333333333,100,0,0,"Prop_0.90",100,0.00025,"Low","Beta",2000,FALSE
"BL390","MIMOSA2","BFDR",0.01,100,0.00591508899680552,100,0.0591508899680552,0.258111111111111,0.00238683256575942,0.994,0.00238683256575942,0.006,0.000960118365295469,0.00960118365295469,0.00238189799331104,0.0238683256575942,0.06,23.29,0.00632404757673731,100,0.0632404757673731,0.816444444444444,100,0,0,"Prop_0.90",100,0.00025,"Low","Beta",2000,FALSE
"BL390","MIMOSA2","BFDR",0.05,100,0.00686622389326462,100,0.0686622389326462,0.409777777777778,0.00473115613606636,0.972,0.00473115613606636,0.028,0.00127815999199487,0.0127815999199487,0.00746379978914041,0.0446196043338474,0.27,37.16,0.00632404757673731,100,0.0632404757673731,0.816444444444444,100,0,0,"Prop_0.90",100,0.00025,"Low","Beta",2000,FALSE
"BL391","DiD","BH",0.01,100,0.0256432399976243,100,0.256432399976243,0.07,0,1,0,0,0,0,0,0,0,0.07,0.0224688891342018,100,0.224688891342018,0.837777777777778,100,0,0,"Prop_0.10",10,0.000125,"Low","Beta",2000,FALSE
"BL391","DiD","BH",0.05,100,0.032659863237109,100,0.32659863237109,0.12,0,1,0,0,0,0,0,0,0,0.12,0.0224688891342018,100,0.224688891342018,0.837777777777778,100,0,0,"Prop_0.10",10,0.000125,"Low","Beta",2000,FALSE
"BL391","DiD","unadjusted",0.01,100,0.0358870281282637,100,0.358870281282637,0.15,0.00111111111111111,0.998888888888889,0.00111111111111111,0.00111111111111111,0.01,0.1,0.01,0.01,0.01,0.16,0.0224688891342018,100,0.224688891342018,0.837777777777778,100,0,0,"Prop_0.10",10,0.000125,"Low","Beta",2000,FALSE
"BL391","DiD","unadjusted",0.05,100,0.0482418151324422,100,0.482418151324422,0.36,0.00409392165752745,0.982222222222222,0.00409392165752745,0.0177777777777778,0.031478708533056,0.31478708533056,0.13,0.0368452949177471,0.16,0.52,0.0224688891342018,100,0.224688891342018,0.837777777777778,100,0,0,"Prop_0.10",10,0.000125,"Low","Beta",2000,FALSE
"BL391","MIMOSA2","BFDR",0.01,92,0.0295376617602938,92,0.283315298789931,0.0869565217391304,0,1,0,0,0,0,0,0,0,0.0869565217391304,0.0273822916494889,92,0.262641714946323,0.780193236714976,100,0.08,0.0271293199325011,"Prop_0.10",10,0.000125,"Low","Beta",2000,TRUE
"BL391","MIMOSA2","BFDR",0.05,92,0.0376532784254104,92,0.361157559257308,0.152173913043478,0.00237531000915189,0.995169082125604,0.00237531000915189,0.00483091787439614,0.0169389939668256,0.162473122478613,0.0326086956521739,0.021377790082367,0.0434782608695652,0.195652173913043,0.0273822916494889,92,0.262641714946323,0.780193236714976,100,0.08,0.0271293199325011,"Prop_0.10",10,0.000125,"Low","Beta",2000,TRUE
"BL392","DiD","BH",0.01,100,0.021804148124173,100,0.21804148124173,0.14,0,1,0,0,0,0,0,0,0,0.42,0.0155394054337682,100,0.155394054337682,0.809761904761905,100,0,0,"Prop_0.25",10,0.000125,"Low","Beta",2000,FALSE
"BL392","DiD","BH",0.05,100,0.0251683445379091,100,0.251683445379091,0.22,0.00142857142857143,0.998571428571429,0.00142857142857143,0.00142857142857143,0.00333333333333333,0.0333333333333333,0.00333333333333333,0.01,0.01,0.67,0.0155394054337682,100,0.155394054337682,0.809761904761905,100,0,0,"Prop_0.25",10,0.000125,"Low","Beta",2000,FALSE
"BL392","DiD","unadjusted",0.01,100,0.0231401332925958,100,0.231401332925958,0.243333333333333,0.00201007563051842,0.997142857142857,0.00201007563051842,0.00285714285714286,0.014070529413629,0.14070529413629,0.02,0.014070529413629,0.02,0.75,0.0155394054337682,100,0.155394054337682,0.809761904761905,100,0,0,"Prop_0.25",10,0.000125,"Low","Beta",2000,FALSE
"BL392","DiD","unadjusted",0.05,100,0.0275016579441044,100,0.275016579441044,0.396666666666667,0.00637422919054963,0.967142857142857,0.00637422919054963,0.0328571428571429,0.0278282369978907,0.278282369978907,0.133333333333333,0.0416333199893227,0.22,1.42,0.0155394054337682,100,0.155394054337682,0.809761904761905,100,0,0,"Prop_0.25",10,0.000125,"Low","Beta",2000,FALSE
"BL392","MIMOSA2","BFDR",0.01,100,0.0233909821755746,100,0.233909821755746,0.15,0.00281351979381332,0.994285714285714,0.00281351979381332,0.00571428571428572,0.00721007136361787,0.0721007136361787,0.0141666666666667,0.0196946385566932,0.04,0.49,0.0176424321241549,100,0.176424321241549,0.76047619047619,100,0,0,"Prop_0.25",10,0.000125,"Low","Beta",2000,FALSE
"BL392","MIMOSA2","BFDR",0.05,100,0.0275668761366365,100,0.275668761366365,0.243333333333333,0.00523809523809524,0.981428571428571,0.00523809523809524,0.0185714285714286,0.0216543865743747,0.216543865743747,0.069,0.032659863237109,0.12,0.86,0.0176424321241549,100,0.176424321241549,0.76047619047619,100,0,0,"Prop_0.25",10,0.000125,"Low","Beta",2000,FALSE
"BL393","DiD","BH",0.01,100,0.014633571475939,100,0.14633571475939,0.1,0,1,0,0,0,0,0,0,0,0.5,0.014401052150114,100,0.14401052150114,0.7694,100,0,0,"Prop_0.50",10,0.000125,"Low","Beta",2000,FALSE
"BL393","DiD","BH",0.05,100,0.0214014065430336,100,0.214014065430336,0.216,0.00342893215995531,0.994,0.00342893215995531,0.006,0.00680619972214216,0.0680619972214216,0.0116666666666667,0.0171446607997765,0.03,1.11,0.014401052150114,100,0.14401052150114,0.7694,100,0,0,"Prop_0.50",10,0.000125,"Low","Beta",2000,FALSE
"BL393","DiD","unadjusted",0.01,100,0.0198336516399209,100,0.198336516399209,0.216,0.00281410588272579,0.996,0.00281410588272579,0.004,0.00598117135471061,0.0598117135471061,0.00833333333333333,0.014070529413629,0.02,1.1,0.014401052150114,100,0.14401052150114,0.7694,100,0,0,"Prop_0.50",10,0.000125,"Low","Beta",2000,FALSE
"BL393","DiD","unadjusted",0.05,100,0.0216901970130436,100,0.216901970130436,0.332,0.00697470176039554,0.972,0.00697470176039554,0.028,0.0138825743221206,0.138825743221206,0.0541666666666667,0.0348735088019777,0.14,1.8,0.014401052150114,100,0.14401052150114,0.7694,100,0,0,"Prop_0.50",10,0.000125,"Low","Beta",2000,FALSE
"BL393","MIMOSA2","BFDR",0.01,100,0.0169895987194067,100,0.169895987194067,0.168,0.00342893215995531,0.994,0.00342893215995531,0.006,0.00680619972214216,0.0680619972214216,0.0116666666666667,0.0171446607997765,0.03,0.87,0.0187890361324864,100,0.187890361324864,0.7368,100,0,0,"Prop_0.50",10,0.000125,"Low","Beta",2000,FALSE
"BL393","MIMOSA2","BFDR",0.05,100,0.0234963998961715,100,0.234963998961715,0.288,0.00717740562565273,0.97,0.00717740562565273,0.03,0.013687007528462,0.13687007528462,0.0535,0.0358870281282637,0.15,1.59,0.0187890361324864,100,0.187890361324864,0.7368,100,0,0,"Prop_0.50",10,0.000125,"Low","Beta",2000,FALSE
"BL394","DiD","BH",0.01,100,0.0122988871961095,100,0.122988871961095,0.12,0,1,0,0,0,0,0,0,0,0.96,0.0173046398486188,100,0.173046398486188,0.7884375,100,0,0,"Prop_0.75",10,0.000125,"Low","Beta",2000,FALSE
"BL394","DiD","BH",0.05,100,0.0185910773374126,100,0.185910773374126,0.24875,0.00703526470681448,0.99,0.00703526470681448,0.01,0.00598117135471061,0.0598117135471061,0.00833333333333333,0.014070529413629,0.02,2.01,0.0173046398486188,100,0.173046398486188,0.7884375,100,0,0,"Prop_0.75",10,0.000125,"Low","Beta",2000,FALSE
"BL394","DiD","unadjusted",0.01,100,0.0141153258638412,100,0.141153258638412,0.22,0.00703526470681448,0.99,0.00703526470681448,0.01,0.00598117135471061,0.0598117135471061,0.00833333333333333,0.014070529413629,0.02,1.78,0.0173046398486188,100,0.173046398486188,0.7884375,100,0,0,"Prop_0.75",10,0.000125,"Low","Beta",2000,FALSE
"BL394","DiD","unadjusted",0.05,100,0.0163492501295313,100,0.163492501295313,0.385,0.0109521456778795,0.975,0.0109521456778795,0.025,0.00895179759236546,0.0895179759236546,0.02,0.021904291355759,0.05,3.13,0.0173046398486188,100,0.173046398486188,0.7884375,100,0,0,"Prop_0.75",10,0.000125,"Low","Beta",2000,FALSE
"BL394","MIMOSA2","BFDR",0.01,100,0.0188272818113513,100,0.188272818113513,0.21375,0.00703526470681448,0.99,0.00703526470681448,0.01,0.00414641543296869,0.0414641543296869,0.00583333333333333,0.014070529413629,0.02,1.73,0.0165329329187675,100,0.165329329187675,0.7809375,100,0,0,"Prop_0.75",10,0.000125,"Low","Beta",2000,FALSE
"BL394","MIMOSA2","BFDR",0.05,100,0.0213418987302944,100,0.213418987302944,0.34875,0.0109521456778795,0.975,0.0109521456778795,0.025,0.00699731471695589,0.0699731471695589,0.0147619047619048,0.021904291355759,0.05,2.84,0.0165329329187675,100,0.165329329187675,0.7809375,100,0,0,"Prop_0.75",10,0.000125,"Low","Beta",2000,FALSE
"BL395","DiD","BH",0.01,100,0.0133422155226091,100,0.133422155226091,0.138888888888889,0,1,0,0,0,0,0,0,0,1.25,0.0193867188672416,100,0.193867188672416,0.812222222222222,100,0,0,"Prop_0.90",10,0.000125,"Low","Beta",2000,FALSE
"BL395","DiD","BH",0.05,100,0.0171246466498773,100,0.171246466498773,0.246666666666667,0,1,0,0,0,0,0,0,0,2.22,0.0193867188672416,100,0.193867188672416,0.812222222222222,100,0,0,"Prop_0.90",10,0.000125,"Low","Beta",2000,FALSE
"BL395","DiD","unadjusted",0.01,100,0.0131107496763893,100,0.131107496763893,0.217777777777778,0,1,0,0,0,0,0,0,0,1.96,0.0193867188672416,100,0.193867188672416,0.812222222222222,100,0,0,"Prop_0.90",10,0.000125,"Low","Beta",2000,FALSE
"BL395","DiD","unadjusted",0.05,100,0.0161344117277552,100,0.161344117277552,0.361111111111111,0.01,0.99,0.01,0.01,0.0025,0.025,0.0025,0.01,0.01,3.26,0.0193867188672416,100,0.193867188672416,0.812222222222222,100,0,0,"Prop_0.90",10,0.000125,"Low","Beta",2000,FALSE
"BL395","MIMOSA2","BFDR",0.01,100,0.0172317232400354,100,0.172317232400354,0.203333333333333,0.01,0.99,0.01,0.01,0.00142857142857143,0.0142857142857143,0.00142857142857143,0.01,0.01,1.84,0.0203978235575764,100,0.203978235575764,0.793888888888889,100,0,0,"Prop_0.90",10,0.000125,"Low","Beta",2000,FALSE
"BL395","MIMOSA2","BFDR",0.05,100,0.0204632105352423,100,0.204632105352423,0.321111111111111,0.01,0.99,0.01,0.01,0.00125,0.0125,0.00125,0.01,0.01,2.9,0.0203978235575764,100,0.203978235575764,0.793888888888889,100,0,0,"Prop_0.90",10,0.000125,"Low","Beta",2000,FALSE
"BL396","DiD","BH",0.01,100,0.022127956630617,100,0.22127956630617,0.095,0,1,0,0,0,0,0,0,0,0.19,0.0197864493389056,100,0.197864493389056,0.78875,100,0,0,"Prop_0.10",20,0.000125,"Low","Beta",2000,FALSE
"BL396","DiD","BH",0.05,100,0.0247002228755331,100,0.247002228755331,0.14,0.000555555555555556,0.999444444444444,0.000555555555555556,0.000555555555555556,0.005,0.05,0.005,0.01,0.01,0.29,0.0197864493389056,100,0.197864493389056,0.78875,100,0,0,"Prop_0.10",20,0.000125,"Low","Beta",2000,FALSE
"BL396","DiD","unadjusted",0.01,100,0.0285110292321899,100,0.285110292321899,0.205,0.00121690507531995,0.997222222222222,0.00121690507531995,0.00277777777777778,0.01836773631599,0.1836773631599,0.04,0.021904291355759,0.05,0.46,0.0197864493389056,100,0.197864493389056,0.78875,100,0,0,"Prop_0.10",20,0.000125,"Low","Beta",2000,FALSE
"BL396","DiD","unadjusted",0.05,100,0.0308589164954431,100,0.308589164954431,0.365,0.003660948505251,0.972777777777778,0.003660948505251,0.0272222222222222,0.0372467128838365,0.372467128838365,0.276666666666667,0.0492365963917331,0.4,1.22,0.0197864493389056,100,0.197864493389056,0.78875,100,0,0,"Prop_0.10",20,0.000125,"Low","Beta",2000,FALSE
"BL396","MIMOSA2","BFDR",0.01,100,0.0197458600698726,100,0.197458600698726,0.08,0.000555555555555556,0.999444444444444,0.000555555555555556,0.000555555555555556,0.01,0.1,0.01,0.01,0.01,0.17,0.022533264404847,100,0.22533264404847,0.740833333333333,100,0,0,"Prop_0.10",20,0.000125,"Low","Beta",2000,FALSE
"BL396","MIMOSA2","BFDR",0.05,100,0.0251259453814803,100,0.251259453814803,0.15,0.00194944842730439,0.995,0.00194944842730439,0.005,0.0216102606880011,0.216102606880011,0.0566666666666667,0.0256432399976243,0.07,0.39,0.022533264404847,100,0.22533264404847,0.740833333333333,100,0,0,"Prop_0.10",20,0.000125,"Low","Beta",2000,FALSE
"BL397","DiD","BH",0.01,100,0.0156991925418044,100,0.156991925418044,0.1,0,1,0,0,0,0,0,0,0,0.5,0.0106896721609735,100,0.106896721609735,0.801066666666667,100,0,0,"Prop_0.25",20,0.000125,"Low","Beta",2000,FALSE
"BL397","DiD","BH",0.05,100,0.0194011350287564,100,0.194011350287564,0.156,0.000666666666666667,0.999333333333333,0.000666666666666667,0.000666666666666667,0.002,0.02,0.002,0.01,0.01,0.79,0.0106896721609735,100,0.106896721609735,0.801066666666667,100,0,0,"Prop_0.25",20,0.000125,"Low","Beta",2000,FALSE
"BL397","DiD","unadjusted",0.01,100,0.0197714210644832,100,0.197714210644832,0.19,0.00114297738665177,0.998,0.00114297738665177,0.002,0.0112864448957073,0.112864448957073,0.017,0.0171446607997765,0.03,0.98,0.0106896721609735,100,0.106896721609735,0.801066666666667,100,0,0,"Prop_0.25",20,0.000125,"Low","Beta",2000,FALSE
"BL397","DiD","unadjusted",0.05,100,0.0239620912731301,100,0.239620912731301,0.334,0.00385133381649858,0.976,0.00385133381649858,0.024,0.0278327738406236,0.278327738406236,0.155,0.0464823198711732,0.31,2.03,0.0106896721609735,100,0.106896721609735,0.801066666666667,100,0,0,"Prop_0.25",20,0.000125,"Low","Beta",2000,FALSE
"BL397","MIMOSA2","BFDR",0.01,100,0.0154383753790169,100,0.154383753790169,0.102,0.000938035294241931,0.998666666666667,0.000938035294241931,0.00133333333333333,0.0111350751676807,0.111350751676807,0.015,0.014070529413629,0.02,0.53,0.0130442121363514,100,0.130442121363514,0.7684,100,0,0,"Prop_0.25",20,0.000125,"Low","Beta",2000,FALSE
"BL397","MIMOSA2","BFDR",0.05,100,0.0170844604210607,100,0.170844604210607,0.152,0.00191748994176441,0.994,0.00191748994176441,0.006,0.0155076824667071,0.155076824667071,0.045,0.0287623491264661,0.09,0.85,0.0130442121363514,100,0.130442121363514,0.7684,100,0,0,"Prop_0.25",20,0.000125,"Low","Beta",2000,FALSE
"BL398","DiD","BH",0.01,100,0.0104446593573419,100,0.104446593573419,0.1,0,1,0,0,0,0,0,0,0,1,0.00855002362806116,100,0.0855002362806116,0.80475,100,0,0,"Prop_0.50",20,0.000125,"Low","Beta",2000,FALSE
"BL398","DiD","BH",0.05,100,0.0147024357220706,100,0.147024357220706,0.18,0.001,0.999,0.001,0.001,0.002,0.02,0.002,0.01,0.01,1.81,0.00855002362806116,100,0.0855002362806116,0.80475,100,0,0,"Prop_0.50",20,0.000125,"Low","Beta",2000,FALSE
"BL398","DiD","unadjusted",0.01,100,0.0120336229294457,100,0.120336229294457,0.208,0.001,0.999,0.001,0.001,0.002,0.02,0.002,0.01,0.01,2.09,0.00855002362806116,100,0.0855002362806116,0.80475,100,0,0,"Prop_0.50",20,0.000125,"Low","Beta",2000,FALSE
"BL398","DiD","unadjusted",0.05,100,0.0140834454003072,100,0.140834454003072,0.358,0.00547814758929522,0.973,0.00547814758929522,0.027,0.0112783261253049,0.112783261253049,0.0551666666666667,0.0422952584681651,0.23,3.85,0.00855002362806116,100,0.0855002362806116,0.80475,100,0,0,"Prop_0.50",20,0.000125,"Low","Beta",2000,FALSE
"BL398","MIMOSA2","BFDR",0.01,100,0.0118253280647255,100,0.118253280647255,0.134,0,1,0,0,0,0,0,0,0,1.34,0.00933195877324019,100,0.0933195877324019,0.7852,100,0,0,"Prop_0.50",20,0.000125,"Low","Beta",2000,FALSE
"BL398","MIMOSA2","BFDR",0.05,100,0.0172360322603785,100,0.172360322603785,0.233,0.00256432399976243,0.993,0.00256432399976243,0.007,0.00570635610525666,0.0570635610525666,0.01525,0.0256432399976243,0.07,2.4,0.00933195877324019,100,0.0933195877324019,0.7852,100,0,0,"Prop_0.50",20,0.000125,"Low","Beta",2000,FALSE
"BL399","DiD","BH",0.01,100,0.0085330281931975,100,0.085330281931975,0.106,0,1,0,0,0,0,0,0,0,1.59,0.00973591589740748,100,0.0973591589740748,0.785733333333333,100,0,0,"Prop_0.75",20,0.000125,"Low","Beta",2000,FALSE
"BL399","DiD","BH",0.05,100,0.0122077048768961,100,0.122077048768961,0.198666666666667,0.002,0.998,0.002,0.002,0.00333333333333333,0.0333333333333333,0.00333333333333333,0.01,0.01,2.99,0.00973591589740748,100,0.0973591589740748,0.785733333333333,100,0,0,"Prop_0.75",20,0.000125,"Low","Beta",2000,FALSE
"BL399","DiD","unadjusted",0.01,100,0.00935423345345216,100,0.0935423345345216,0.202,0.002,0.998,0.002,0.002,0.00333333333333333,0.0333333333333333,0.00333333333333333,0.01,0.01,3.04,0.00973591589740748,100,0.0973591589740748,0.785733333333333,100,0,0,"Prop_0.75",20,0.000125,"Low","Beta",2000,FALSE
"BL399","DiD","unadjusted",0.05,100,0.0120410819414614,100,0.120410819414614,0.368,0.00746439359339871,0.978,0.00746439359339871,0.022,0.00622562759741163,0.0622562759741163,0.0185119047619048,0.0287623491264661,0.09,5.63,0.00973591589740748,100,0.0973591589740748,0.785733333333333,100,0,0,"Prop_0.75",20,0.000125,"Low","Beta",2000,FALSE
"BL399","MIMOSA2","BFDR",0.01,100,0.0110706333404608,100,0.110706333404608,0.153333333333333,0.00445403006707227,0.994,0.00445403006707227,0.006,0.00318145004790877,0.0318145004790877,0.00428571428571429,0.014070529413629,0.02,2.33,0.00981726644941048,100,0.0981726644941047,0.776133333333333,100,0,0,"Prop_0.75",20,0.000125,"Low","Beta",2000,FALSE
"BL399","MIMOSA2","BFDR",0.05,100,0.0151128935371827,100,0.151128935371827,0.278666666666667,0.00766995976705763,0.976,0.00766995976705763,0.024,0.00583428249583727,0.0583428249583727,0.0181507936507937,0.0301511344577764,0.1,4.3,0.00981726644941048,100,0.0981726644941047,0.776133333333333,100,0,0,"Prop_0.75",20,0.000125,"Low","Beta",2000,FALSE
"BL400","DiD","BH",0.01,100,0.0104911200046748,100,0.104911200046748,0.131111111111111,0,1,0,0,0,0,0,0,0,2.36,0.0138184521439025,100,0.138184521439025,0.805,100,0,0,"Prop_0.90",20,0.000125,"Low","Beta",2000,FALSE
"BL400","DiD","BH",0.05,100,0.0131922955896823,100,0.131922955896823,0.235555555555556,0.00857233039988826,0.985,0.00857233039988826,0.015,0.00233822339116921,0.0233822339116921,0.00402777777777778,0.0171446607997765,0.03,4.27,0.0138184521439025,100,0.138184521439025,0.805,100,0,0,"Prop_0.90",20,0.000125,"Low","Beta",2000,FALSE
"BL400","DiD","unadjusted",0.01,100,0.0103407163805874,100,0.103407163805874,0.222777777777778,0.005,0.995,0.005,0.005,0.00125,0.0125,0.00125,0.01,0.01,4.02,0.0138184521439025,100,0.138184521439025,0.805,100,0,0,"Prop_0.90",20,0.000125,"Low","Beta",2000,FALSE
"BL400","DiD","unadjusted",0.05,100,0.00958988820867296,100,0.0958988820867296,0.389444444444444,0.0119341628287971,0.97,0.0119341628287971,0.03,0.00318642547024176,0.0318642547024176,0.00778210678210678,0.0238683256575942,0.06,7.07,0.0138184521439025,100,0.138184521439025,0.805,100,0,0,"Prop_0.90",20,0.000125,"Low","Beta",2000,FALSE
"BL400","MIMOSA2","BFDR",0.01,100,0.0127787536835152,100,0.127787536835152,0.200555555555556,0.005,0.995,0.005,0.005,0.0025,0.025,0.0025,0.01,0.01,3.62,0.0154497766312286,100,0.154497766312286,0.781111111111111,100,0,0,"Prop_0.90",20,0.000125,"Low","Beta",2000,FALSE
"BL400","MIMOSA2","BFDR",0.05,100,0.014276739471476,100,0.14276739471476,0.339444444444444,0.00984731927834662,0.98,0.00984731927834662,0.02,0.00249394524084503,0.0249394524084503,0.00493686868686869,0.0196946385566932,0.04,6.15,0.0154497766312286,100,0.154497766312286,0.781111111111111,100,0,0,"Prop_0.90",20,0.000125,"Low","Beta",2000,FALSE
"BL401","DiD","BH",0.01,100,0.0154105798339746,100,0.154105798339746,0.0733333333333333,0,1,0,0,0,0,0,0,0,0.22,0.0157726130913555,100,0.157726130913555,0.800802469135802,100,0,0,"Prop_0.10",30,0.000125,"Low","Beta",2000,FALSE
"BL401","DiD","BH",0.05,100,0.0205316541357198,100,0.205316541357198,0.126666666666667,0.000521130719023296,0.999259259259259,0.000521130719023296,0.000740740740740742,0.0105089347908202,0.105089347908202,0.0133333333333333,0.014070529413629,0.02,0.4,0.0157726130913555,100,0.157726130913555,0.800802469135802,100,0,0,"Prop_0.10",30,0.000125,"Low","Beta",2000,FALSE
"BL401","DiD","unadjusted",0.01,100,0.023256245917738,100,0.23256245917738,0.196666666666667,0.000949749629541641,0.997407407407407,0.000949749629541641,0.0025925925925926,0.0191419471688264,0.191419471688264,0.0483333333333333,0.0256432399976243,0.07,0.66,0.0157726130913555,100,0.157726130913555,0.800802469135802,100,0,0,"Prop_0.10",30,0.000125,"Low","Beta",2000,FALSE
"BL401","DiD","unadjusted",0.05,100,0.0288188739751255,100,0.288188739751255,0.333333333333333,0.00283486665326938,0.977777777777778,0.00283486665326938,0.0222222222222222,0.0376342303949294,0.376342303949294,0.306833333333333,0.0500908265962033,0.46,1.6,0.0157726130913555,100,0.157726130913555,0.800802469135802,100,0,0,"Prop_0.10",30,0.000125,"Low","Beta",2000,FALSE
"BL401","MIMOSA2","BFDR",0.01,100,0.0166127072642814,100,0.166127072642814,0.0966666666666667,0.000370370370370371,0.99962962962963,0.000370370370370371,0.000370370370370371,0.01,0.1,0.01,0.01,0.01,0.3,0.0172598347783482,100,0.172598347783482,0.750740740740741,100,0,0,"Prop_0.10",30,0.000125,"Low","Beta",2000,FALSE
"BL401","MIMOSA2","BFDR",0.05,100,0.0188888888888889,100,0.188888888888889,0.13,0.00142036291982549,0.995555555555556,0.00142036291982549,0.00444444444444445,0.0227438772116208,0.227438772116208,0.07,0.0301511344577764,0.1,0.51,0.0172598347783482,100,0.172598347783482,0.750740740740741,100,0,0,"Prop_0.10",30,0.000125,"Low","Beta",2000,FALSE
"BL402","DiD","BH",0.01,100,0.00963670906565938,100,0.0963670906565938,0.0675,0,1,0,0,0,0,0,0,0,0.54,0.0101811770482873,100,0.101811770482873,0.803579545454545,100,0,0,"Prop_0.25",30,0.000125,"Low","Beta",2000,FALSE
"BL402","DiD","BH",0.05,100,0.014254961036124,100,0.14254961036124,0.14375,0.000779302763626205,0.998636363636364,0.000779302763626205,0.00136363636363636,0.0115797629116882,0.115797629116882,0.0183333333333333,0.0171446607997765,0.03,1.18,0.0101811770482873,100,0.101811770482873,0.803579545454545,100,0,0,"Prop_0.25",30,0.000125,"Low","Beta",2000,FALSE
"BL402","DiD","unadjusted",0.01,100,0.0153638530257869,100,0.153638530257869,0.2025,0.000995649607079955,0.997727272727273,0.000995649607079955,0.00227272727272727,0.0122116000674158,0.122116000674158,0.0241666666666667,0.021904291355759,0.05,1.67,0.0101811770482873,100,0.101811770482873,0.803579545454545,100,0,0,"Prop_0.25",30,0.000125,"Low","Beta",2000,FALSE
"BL402","DiD","unadjusted",0.05,100,0.0188444590361102,100,0.188444590361102,0.3625,0.00260996568205554,0.98,0.00260996568205554,0.02,0.0212313702773612,0.212313702773612,0.14097619047619,0.0492365963917331,0.4,3.34,0.0101811770482873,100,0.101811770482873,0.803579545454545,100,0,0,"Prop_0.25",30,0.000125,"Low","Beta",2000,FALSE
"BL402","MIMOSA2","BFDR",0.01,100,0.0107154129998603,100,0.107154129998603,0.08125,0.000779302763626205,0.998636363636364,0.000779302763626205,0.00136363636363636,0.0121439181269781,0.121439181269781,0.02,0.0171446607997765,0.03,0.68,0.0104643018484091,100,0.104643018484091,0.779346590909091,100,0,0,"Prop_0.25",30,0.000125,"Low","Beta",2000,FALSE
"BL402","MIMOSA2","BFDR",0.05,100,0.0159782048523303,100,0.159782048523303,0.165,0.00142939108061464,0.995,0.00142939108061464,0.005,0.0174341393353925,0.174341393353925,0.0525,0.031446603773522,0.11,1.43,0.0104643018484091,100,0.104643018484091,0.779346590909091,100,0,0,"Prop_0.25",30,0.000125,"Low","Beta",2000,FALSE
"BL403","DiD","BH",0.01,100,0.00765677886753056,100,0.0765677886753056,0.0806666666666667,0,1,0,0,0,0,0,0,0,1.21,0.00693757783974918,100,0.0693757783974918,0.807311111111111,100,0,0,"Prop_0.50",30,0.000125,"Low","Beta",2000,FALSE
"BL403","DiD","BH",0.05,100,0.0106574033851394,100,0.106574033851394,0.153333333333333,0.00131297590377955,0.997333333333333,0.00131297590377955,0.00266666666666667,0.00448516697385833,0.0448516697385833,0.00866666666666667,0.0196946385566932,0.04,2.34,0.00693757783974918,100,0.0693757783974918,0.807311111111111,100,0,0,"Prop_0.50",30,0.000125,"Low","Beta",2000,FALSE
"BL403","DiD","unadjusted",0.01,100,0.0100289144267525,100,0.100289144267525,0.190666666666667,0.00159122171050628,0.996,0.00159122171050628,0.004,0.00602396541918135,0.0602396541918135,0.0145,0.0238683256575942,0.06,2.92,0.00693757783974918,100,0.0693757783974918,0.807311111111111,100,0,0,"Prop_0.50",30,0.000125,"Low","Beta",2000,FALSE
"BL403","DiD","unadjusted",0.05,100,0.0123735353518862,100,0.123735353518862,0.357333333333333,0.00388152260496888,0.974666666666667,0.00388152260496888,0.0253333333333333,0.0103455277077794,0.103455277077794,0.0637857142857143,0.0472581562625261,0.33,5.74,0.00693757783974918,100,0.0693757783974918,0.807311111111111,100,0,0,"Prop_0.50",30,0.000125,"Low","Beta",2000,FALSE
"BL403","MIMOSA2","BFDR",0.01,100,0.00978420358182717,100,0.0978420358182717,0.116,0.00161918908359708,0.997333333333333,0.00161918908359708,0.00266666666666667,0.00488325418806139,0.0488325418806139,0.00809523809523809,0.0171446607997765,0.03,1.78,0.00810167216731963,100,0.0810167216731963,0.782266666666667,100,0,0,"Prop_0.50",30,0.000125,"Low","Beta",2000,FALSE
"BL403","MIMOSA2","BFDR",0.05,100,0.0147373564292585,100,0.147373564292585,0.226,0.00295039421741559,0.987333333333333,0.00295039421741559,0.0126666666666667,0.010044666968995,0.10044666968995,0.0398611111111111,0.0377525168068637,0.17,3.58,0.00810167216731963,100,0.0810167216731963,0.782266666666667,100,0,0,"Prop_0.50",30,0.000125,"Low","Beta",2000,FALSE
"BL404","DiD","BH",0.01,100,0.00754635987127009,100,0.0754635987127009,0.0973913043478261,0.00142857142857143,0.998571428571429,0.00142857142857143,0.00142857142857143,0.005,0.05,0.005,0.01,0.01,2.25,0.00866117754960821,100,0.0866117754960821,0.793819875776398,100,0,0,"Prop_0.75",30,0.000125,"Low","Beta",2000,FALSE
"BL404","DiD","BH",0.05,100,0.0117365276315557,100,0.117365276315557,0.209130434782609,0.00201007563051842,0.997142857142857,0.00201007563051842,0.00285714285714286,0.00234776381893387,0.0234776381893387,0.00325,0.014070529413629,0.02,4.83,0.00866117754960821,100,0.0866117754960821,0.793819875776398,100,0,0,"Prop_0.75",30,0.000125,"Low","Beta",2000,FALSE
"BL404","DiD","unadjusted",0.01,100,0.00858193095211854,100,0.0858193095211854,0.207391304347826,0.00142857142857143,0.998571428571429,0.00142857142857143,0.00142857142857143,0.002,0.02,0.002,0.01,0.01,4.78,0.00866117754960821,100,0.0866117754960821,0.793819875776398,100,0,0,"Prop_0.75",30,0.000125,"Low","Beta",2000,FALSE
"BL404","DiD","unadjusted",0.05,100,0.0101553682393443,100,0.101553682393443,0.362173913043478,0.00749355526029432,0.962857142857143,0.00749355526029432,0.0371428571428572,0.00599037134811504,0.0599037134811504,0.0292002164502164,0.0416333199893227,0.22,8.59,0.00866117754960821,100,0.0866117754960821,0.793819875776398,100,0,0,"Prop_0.75",30,0.000125,"Low","Beta",2000,FALSE
"BL404","MIMOSA2","BFDR",0.01,100,0.00976896037134631,100,0.0976896037134631,0.169130434782609,0.00244923725711093,0.995714285714286,0.00244923725711093,0.00428571428571429,0.00290667298356097,0.0290667298356097,0.00476923076923077,0.0171446607997765,0.03,3.92,0.0086210370793873,100,0.086210370793873,0.787981366459627,100,0,0,"Prop_0.75",30,0.000125,"Low","Beta",2000,FALSE
"BL404","MIMOSA2","BFDR",0.05,100,0.012669126608152,100,0.12669126608152,0.291739130434783,0.00599594448248685,0.977142857142857,0.00599594448248685,0.0228571428571429,0.00590599203429771,0.0590599203429771,0.0209594572094572,0.0348735088019777,0.14,6.87,0.0086210370793873,100,0.086210370793873,0.787981366459627,100,0,0,"Prop_0.75",30,0.000125,"Low","Beta",2000,FALSE
"BL405","DiD","BH",0.01,100,0.0072649030947665,100,0.072649030947665,0.112222222222222,0,1,0,0,0,0,0,0,0,3.03,0.010817964053272,100,0.10817964053272,0.807962962962963,100,0,0,"Prop_0.90",30,0.000125,"Low","Beta",2000,FALSE
"BL405","DiD","BH",0.05,100,0.0101447177579541,100,0.101447177579541,0.212962962962963,0,1,0,0,0,0,0,0,0,5.75,0.010817964053272,100,0.10817964053272,0.807962962962963,100,0,0,"Prop_0.90",30,0.000125,"Low","Beta",2000,FALSE
"BL405","DiD","unadjusted",0.01,100,0.00741591355975884,100,0.0741591355975884,0.202592592592593,0,1,0,0,0,0,0,0,0,5.47,0.010817964053272,100,0.10817964053272,0.807962962962963,100,0,0,"Prop_0.90",30,0.000125,"Low","Beta",2000,FALSE
"BL405","DiD","unadjusted",0.05,100,0.00924548170627089,100,0.0924548170627088,0.352962962962963,0.00571488693325884,0.99,0.00571488693325884,0.01,0.00188469968395068,0.0188469968395068,0.00327020202020202,0.0171446607997765,0.03,9.56,0.010817964053272,100,0.10817964053272,0.807962962962963,100,0,0,"Prop_0.90",30,0.000125,"Low","Beta",2000,FALSE
"BL405","MIMOSA2","BFDR",0.01,100,0.00914057872538457,100,0.0914057872538457,0.184814814814815,0,1,0,0,0,0,0,0,0,4.99,0.0100658683989895,100,0.100658683989895,0.799259259259259,100,0,0,"Prop_0.90",30,0.000125,"Low","Beta",2000,FALSE
"BL405","MIMOSA2","BFDR",0.05,100,0.0125736527094907,100,0.125736527094907,0.314814814814815,0.00469017647120966,0.993333333333333,0.00469017647120966,0.00666666666666667,0.000963636628592574,0.00963636628592574,0.00135746606334842,0.014070529413629,0.02,8.52,0.0100658683989895,100,0.100658683989895,0.799259259259259,100,0,0,"Prop_0.90",30,0.000125,"Low","Beta",2000,FALSE
"BL406","DiD","BH",0.01,100,0.0119865244202299,100,0.119865244202299,0.076,0,1,0,0,0,0,0,0,0,0.38,0.0115579726385148,100,0.115579726385148,0.797777777777778,100,0,0,"Prop_0.10",50,0.000125,"Low","Beta",2000,FALSE
"BL406","DiD","BH",0.05,100,0.014,100,0.14,0.114,0,1,0,0,0,0,0,0,0,0.57,0.0115579726385148,100,0.115579726385148,0.797777777777778,100,0,0,"Prop_0.10",50,0.000125,"Low","Beta",2000,FALSE
"BL406","DiD","unadjusted",0.01,100,0.0162057478268133,100,0.162057478268133,0.18,0.000914065451885403,0.996666666666667,0.000914065451885403,0.00333333333333334,0.0261996136056702,0.261996136056702,0.0933333333333333,0.0337997668989631,0.13,1.05,0.0115579726385148,100,0.115579726385148,0.797777777777778,100,0,0,"Prop_0.10",50,0.000125,"Low","Beta",2000,FALSE
"BL406","DiD","unadjusted",0.05,100,0.0197969490558316,100,0.197969490558316,0.34,0.0025787025702867,0.974888888888889,0.0025787025702867,0.0251111111111111,0.0319879326292666,0.319879326292666,0.349333333333333,0.0482418151324422,0.64,2.83,0.0115579726385148,100,0.115579726385148,0.797777777777778,100,0,0,"Prop_0.10",50,0.000125,"Low","Beta",2000,FALSE
"BL406","MIMOSA2","BFDR",0.01,100,0.0134464895347478,100,0.134464895347478,0.11,0.000222222222222223,0.999777777777778,0.000222222222222223,0.000222222222222223,0.005,0.05,0.005,0.01,0.01,0.56,0.013112932400275,100,0.13112932400275,0.765666666666667,100,0,0,"Prop_0.10",50,0.000125,"Low","Beta",2000,FALSE
"BL406","MIMOSA2","BFDR",0.05,100,0.0148745596658363,100,0.148745596658363,0.164,0.000950449647790015,0.996222222222222,0.000950449647790015,0.00377777777777778,0.021904291355759,0.21904291355759,0.0833333333333333,0.0358870281282637,0.15,0.99,0.013112932400275,100,0.13112932400275,0.765666666666667,100,0,0,"Prop_0.10",50,0.000125,"Low","Beta",2000,FALSE
"BL407","DiD","BH",0.01,100,0.00772487279336428,100,0.0772487279336428,0.0738461538461539,0,1,0,0,0,0,0,0,0,0.96,0.00753725145267737,100,0.0753725145267737,0.81481288981289,100,0,0,"Prop_0.25",50,0.000125,"Low","Beta",2000,FALSE
"BL407","DiD","BH",0.05,100,0.0111870870855022,100,0.111870870855022,0.13,0,1,0,0,0,0,0,0,0,1.69,0.00753725145267737,100,0.0753725145267737,0.81481288981289,100,0,0,"Prop_0.25",50,0.000125,"Low","Beta",2000,FALSE
"BL407","DiD","unadjusted",0.01,100,0.0107844824845195,100,0.107844824845195,0.214615384615385,0.000849908210095188,0.997027027027027,0.000849908210095188,0.00297297297297297,0.0110380703268904,0.110380703268904,0.0355952380952381,0.031446603773522,0.11,2.9,0.00753725145267737,100,0.0753725145267737,0.81481288981289,100,0,0,"Prop_0.25",50,0.000125,"Low","Beta",2000,FALSE
"BL407","DiD","unadjusted",0.05,100,0.0127840974671086,100,0.127840974671086,0.372307692307692,0.00255911218935471,0.977837837837838,0.00255911218935471,0.0221621621621621,0.0165472268603251,0.165472268603251,0.135753968253968,0.0501613558046592,0.53,5.66,0.00753725145267737,100,0.0753725145267737,0.81481288981289,100,0,0,"Prop_0.25",50,0.000125,"Low","Beta",2000,FALSE
"BL407","MIMOSA2","BFDR",0.01,100,0.00783664124662669,100,0.0783664124662669,0.111538461538462,0.00046336921080477,0.999189189189189,0.00046336921080477,0.000810810810810809,0.0112864448957073,0.112864448957073,0.017,0.0171446607997765,0.03,1.48,0.00821153817924974,100,0.0821153817924974,0.796517671517671,100,0,0,"Prop_0.25",50,0.000125,"Low","Beta",2000,FALSE
"BL407","MIMOSA2","BFDR",0.05,100,0.0125176344440868,100,0.125176344440868,0.209230769230769,0.00109025590822279,0.995405405405405,0.00109025590822279,0.00459459459459459,0.0125260147534412,0.125260147534412,0.0482619047619048,0.0368452949177471,0.16,2.89,0.00821153817924974,100,0.0821153817924974,0.796517671517671,100,0,0,"Prop_0.25",50,0.000125,"Low","Beta",2000,FALSE
"BL408","DiD","BH",0.01,100,0.00747791360736348,100,0.0747791360736348,0.088,4e-04,0.9996,4e-04,4e-04,0.00142857142857143,0.0142857142857143,0.00142857142857143,0.01,0.01,2.21,0.00632591749563778,100,0.0632591749563778,0.797696,100,0,0,"Prop_0.50",50,0.000125,"Low","Beta",2000,FALSE
"BL408","DiD","BH",0.05,100,0.0101061837255687,100,0.101061837255687,0.1608,4e-04,0.9996,4e-04,4e-04,0.00125,0.0125,0.00125,0.01,0.01,4.03,0.00632591749563778,100,0.0632591749563778,0.797696,100,0,0,"Prop_0.50",50,0.000125,"Low","Beta",2000,FALSE
"BL408","DiD","unadjusted",0.01,100,0.00820140416654553,100,0.0820140416654553,0.2036,0.00109063969737716,0.9968,0.00109063969737716,0.0032,0.0064414124507628,0.064414124507628,0.0162619047619048,0.0272659924344291,0.08,5.17,0.00632591749563778,100,0.0632591749563778,0.797696,100,0,0,"Prop_0.50",50,0.000125,"Low","Beta",2000,FALSE
"BL408","DiD","unadjusted",0.05,100,0.00876392974906033,100,0.0876392974906033,0.3496,0.00355300413507195,0.9732,0.00355300413507195,0.0268,0.00859729799908335,0.0859729799908335,0.0670985403485403,0.0500908265962033,0.46,9.41,0.00632591749563778,100,0.0632591749563778,0.797696,100,0,0,"Prop_0.50",50,0.000125,"Low","Beta",2000,FALSE
"BL408","MIMOSA2","BFDR",0.01,100,0.00885337349388482,100,0.0885337349388482,0.1396,0.000954733026303769,0.9976,0.000954733026303769,0.0024,0.00426460002035815,0.0426460002035815,0.0103730158730159,0.0238683256575942,0.06,3.55,0.00726367355649698,100,0.0726367355649698,0.7832,100,0,0,"Prop_0.50",50,0.000125,"Low","Beta",2000,FALSE
"BL408","MIMOSA2","BFDR",0.05,100,0.0114253660728657,100,0.114253660728657,0.2492,0.00253492772793596,0.9872,0.00253492772793596,0.0128,0.00898901659939462,0.0898901659939462,0.0418036824286824,0.0435194139889245,0.25,6.55,0.00726367355649698,100,0.0726367355649698,0.7832,100,0,0,"Prop_0.50",50,0.000125,"Low","Beta",2000,FALSE
"BL409","DiD","BH",0.01,100,0.00633762616996416,100,0.0633762616996416,0.0897368421052632,0.000833333333333334,0.999166666666667,0.000833333333333334,0.000833333333333334,0.002,0.02,0.002,0.01,0.01,3.42,0.00621728731558026,100,0.0621728731558026,0.801041666666667,100,0,0,"Prop_0.75",50,0.000125,"Low","Beta",2000,FALSE
"BL409","DiD","BH",0.05,100,0.00921208310683226,100,0.0921208310683226,0.19,0.00117254411780241,0.998333333333333,0.00117254411780241,0.00166666666666667,0.00166403411618959,0.0166403411618959,0.00236111111111111,0.014070529413629,0.02,7.24,0.00621728731558026,100,0.0621728731558026,0.801041666666667,100,0,0,"Prop_0.75",50,0.000125,"Low","Beta",2000,FALSE
"BL409","DiD","unadjusted",0.01,100,0.00664959410532539,100,0.0664959410532539,0.206052631578947,0.00117254411780241,0.998333333333333,0.00117254411780241,0.00166666666666667,0.00166403411618959,0.0166403411618959,0.00236111111111111,0.014070529413629,0.02,7.85,0.00621728731558026,100,0.0621728731558026,0.801041666666667,100,0,0,"Prop_0.75",50,0.000125,"Low","Beta",2000,FALSE
"BL409","DiD","unadjusted",0.05,100,0.00779266820998694,100,0.0779266820998694,0.363947368421053,0.00362758480158698,0.985,0.00362758480158698,0.015,0.00307848535542646,0.0307848535542646,0.0127674906792554,0.0368452949177471,0.16,14.01,0.00621728731558026,100,0.0621728731558026,0.801041666666667,100,0,0,"Prop_0.75",50,0.000125,"Low","Beta",2000,FALSE
"BL409","MIMOSA2","BFDR",0.01,100,0.00721274563532341,100,0.0721274563532341,0.165,0.00164121987972444,0.996666666666667,0.00164121987972444,0.00333333333333333,0.00202257250158487,0.0202257250158487,0.00406818181818182,0.0196946385566932,0.04,6.31,0.00657143044784721,100,0.0657143044784721,0.778355263157895,100,0,0,"Prop_0.75",50,0.000125,"Low","Beta",2000,FALSE
"BL409","MIMOSA2","BFDR",0.05,100,0.00943283769226236,100,0.0943283769226236,0.3,0.00469241932292207,0.984166666666667,0.00469241932292207,0.0158333333333333,0.00409756882707292,0.0409756882707292,0.0146043507146448,0.0337997668989631,0.13,11.59,0.00657143044784721,100,0.0657143044784721,0.778355263157895,100,0,0,"Prop_0.75",50,0.000125,"Low","Beta",2000,FALSE
"BL410","DiD","BH",0.01,100,0.00590923575560863,100,0.0590923575560863,0.108,0,1,0,0,0,0,0,0,0,4.86,0.00911895613639978,100,0.0911895613639978,0.791622222222222,100,0,0,"Prop_0.90",50,0.000125,"Low","Beta",2000,FALSE
"BL410","DiD","BH",0.05,100,0.00836297757616233,100,0.0836297757616233,0.207333333333333,0.002,0.998,0.002,0.002,0.0025,0.025,0.0025,0.01,0.01,9.34,0.00911895613639978,100,0.0911895613639978,0.791622222222222,100,0,0,"Prop_0.90",50,0.000125,"Low","Beta",2000,FALSE
"BL410","DiD","unadjusted",0.01,100,0.0055043204244103,100,0.055043204244103,0.206888888888889,0.002,0.998,0.002,0.002,0.002,0.02,0.002,0.01,0.01,9.32,0.00911895613639978,100,0.0911895613639978,0.791622222222222,100,0,0,"Prop_0.90",50,0.000125,"Low","Beta",2000,FALSE
"BL410","DiD","unadjusted",0.05,100,0.00720598191321507,100,0.0720598191321507,0.366888888888889,0.00697470176039554,0.972,0.00697470176039554,0.028,0.00212084940349718,0.0212084940349718,0.00825713874413228,0.0348735088019777,0.14,16.65,0.00911895613639978,100,0.0911895613639978,0.791622222222222,100,0,0,"Prop_0.90",50,0.000125,"Low","Beta",2000,FALSE
"BL410","MIMOSA2","BFDR",0.01,100,0.00710900642254247,100,0.0710900642254247,0.182666666666667,0.00393892771133865,0.992,0.00393892771133865,0.008,0.00236669344790789,0.0236669344790789,0.0046031746031746,0.0196946385566932,0.04,8.26,0.00872240272318897,100,0.0872240272318898,0.766222222222222,100,0,0,"Prop_0.90",50,0.000125,"Low","Beta",2000,FALSE
"BL410","MIMOSA2","BFDR",0.05,100,0.00847107267136321,100,0.0847107267136321,0.315777777777778,0.00697470176039554,0.972,0.00697470176039554,0.028,0.00212620360765195,0.0212620360765195,0.00831746862117706,0.0348735088019777,0.14,14.35,0.00872240272318897,100,0.0872240272318898,0.766222222222222,100,0,0,"Prop_0.90",50,0.000125,"Low","Beta",2000,FALSE
"BL411","DiD","BH",0.01,100,0.0094848363829916,100,0.094848363829916,0.0625,0,1,0,0,0,0,0,0,0,0.5,0.00952823350325024,100,0.0952823350325024,0.801548507462687,100,0,0,"Prop_0.10",75,0.000125,"Low","Beta",2000,FALSE
"BL411","DiD","BH",0.05,100,0.0115305917217871,100,0.115305917217871,0.095,0.000149253731343284,0.999850746268657,0.000149253731343284,0.000149253731343284,0.00333333333333333,0.0333333333333333,0.00333333333333333,0.01,0.01,0.77,0.00952823350325024,100,0.0952823350325024,0.801548507462687,100,0,0,"Prop_0.10",75,0.000125,"Low","Beta",2000,FALSE
"BL411","DiD","unadjusted",0.01,100,0.0139052302855051,100,0.139052302855051,0.19625,0.00073853980558843,0.996417910447761,0.00073853980558843,0.00358208955223882,0.0224538121764883,0.224538121764883,0.104166666666667,0.0416333199893227,0.22,1.81,0.00952823350325024,100,0.0952823350325024,0.801548507462687,100,0,0,"Prop_0.10",75,0.000125,"Low","Beta",2000,FALSE
"BL411","DiD","unadjusted",0.05,100,0.0185808871878301,100,0.185808871878301,0.35625,0.00176063433524767,0.974925373134328,0.00176063433524767,0.0250746268656716,0.0262962221711869,0.262962221711869,0.37240873015873,0.0368452949177471,0.84,4.53,0.00952823350325024,100,0.0952823350325024,0.801548507462687,100,0,0,"Prop_0.10",75,0.000125,"Low","Beta",2000,FALSE
"BL411","MIMOSA2","BFDR",0.01,100,0.0111372010610722,100,0.111372010610722,0.09875,0.000255890459698158,0.99955223880597,0.000255890459698158,0.000447761194029852,0.00774161868943827,0.0774161868943827,0.0133333333333333,0.0171446607997765,0.03,0.82,0.010317486850705,100,0.10317486850705,0.787490671641791,100,0,0,"Prop_0.10",75,0.000125,"Low","Beta",2000,FALSE
"BL411","MIMOSA2","BFDR",0.05,100,0.0158567410704009,100,0.158567410704009,0.20375,0.000670845634291784,0.997014925373134,0.000670845634291784,0.00298507462686568,0.0191219944932707,0.191219944932707,0.0768333333333333,0.0386122919665369,0.18,1.83,0.010317486850705,100,0.10317486850705,0.787490671641791,100,0,0,"Prop_0.10",75,0.000125,"Low","Beta",2000,FALSE
"BL412","DiD","BH",0.01,100,0.00665301212244134,100,0.0665301212244134,0.0742105263157895,0,1,0,0,0,0,0,0,0,1.41,0.00548252530633713,100,0.0548252530633713,0.801785714285714,100,0,0,"Prop_0.25",75,0.000125,"Low","Beta",2000,FALSE
"BL412","DiD","BH",0.05,100,0.0085769396515016,100,0.085769396515016,0.13,0.000251259453814804,0.999642857142857,0.000251259453814804,0.000357142857142858,0.00259045125614008,0.0259045125614008,0.00366666666666667,0.014070529413629,0.02,2.49,0.00548252530633713,100,0.0548252530633713,0.801785714285714,100,0,0,"Prop_0.25",75,0.000125,"Low","Beta",2000,FALSE
"BL412","DiD","unadjusted",0.01,100,0.00790695492614867,100,0.0790695492614867,0.202105263157895,0.000718780948801747,0.9975,0.000718780948801747,0.0025,0.00796777786416181,0.0796777786416181,0.027547619047619,0.032659863237109,0.12,3.98,0.00548252530633713,100,0.0548252530633713,0.801785714285714,100,0,0,"Prop_0.25",75,0.000125,"Low","Beta",2000,FALSE
"BL412","DiD","unadjusted",0.05,100,0.00987569287279001,100,0.0987569287279001,0.362105263157895,0.00166473295367458,0.979642857142857,0.00166473295367458,0.0203571428571429,0.0107575821374528,0.107575821374528,0.136083152958153,0.0451260859854213,0.72,8.02,0.00548252530633713,100,0.0548252530633713,0.801785714285714,100,0,0,"Prop_0.25",75,0.000125,"Low","Beta",2000,FALSE
"BL412","MIMOSA2","BFDR",0.01,100,0.00708480524996435,100,0.0708480524996435,0.115263157894737,0.000178571428571429,0.999821428571429,0.000178571428571429,0.000178571428571429,0.002,0.02,0.002,0.01,0.01,2.2,0.00597638087725433,100,0.0597638087725433,0.780808270676692,100,0,0,"Prop_0.25",75,0.000125,"Low","Beta",2000,FALSE
"BL412","MIMOSA2","BFDR",0.05,100,0.00996636667509409,100,0.0996636667509408,0.211052631578947,0.000790284165379178,0.996607142857143,0.000790284165379178,0.00339285714285715,0.00751390929835808,0.0751390929835808,0.0320753968253968,0.0377525168068637,0.17,4.2,0.00597638087725433,100,0.0597638087725433,0.780808270676692,100,0,0,"Prop_0.25",75,0.000125,"Low","Beta",2000,FALSE
"BL413","DiD","BH",0.01,100,0.00581527285347254,100,0.0581527285347254,0.0747368421052632,0,1,0,0,0,0,0,0,0,2.84,0.00455035518973137,100,0.0455035518973137,0.804356330014225,100,0,0,"Prop_0.50",75,0.000125,"Low","Beta",2000,FALSE
"BL413","DiD","BH",0.05,100,0.00904673224937274,100,0.0904673224937275,0.147368421052632,0.000380284578746728,0.999459459459459,0.000380284578746728,0.000540540540540539,0.00278376879192017,0.0278376879192017,0.00375,0.014070529413629,0.02,5.62,0.00455035518973137,100,0.0455035518973137,0.804356330014225,100,0,0,"Prop_0.50",75,0.000125,"Low","Beta",2000,FALSE
"BL413","DiD","unadjusted",0.01,100,0.00693829857594114,100,0.0693829857594114,0.199736842105263,0.000814895525885846,0.997297297297297,0.000814895525885846,0.0027027027027027,0.00514566338865391,0.0514566338865391,0.0159126984126984,0.0301511344577764,0.1,7.69,0.00455035518973137,100,0.0455035518973137,0.804356330014225,100,0,0,"Prop_0.50",75,0.000125,"Low","Beta",2000,FALSE
"BL413","DiD","unadjusted",0.05,100,0.00729567454098868,100,0.0729567454098868,0.356052631578947,0.00232574603047792,0.976486486486487,0.00232574603047792,0.0235135135135135,0.00589490269387258,0.0589490269387258,0.0593426391290168,0.0487831731214563,0.62,14.4,0.00455035518973137,100,0.0455035518973137,0.804356330014225,100,0,0,"Prop_0.50",75,0.000125,"Low","Beta",2000,FALSE
"BL413","MIMOSA2","BFDR",0.01,100,0.00723598419350567,100,0.0723598419350567,0.129736842105263,0.000532287528559276,0.998918918918919,0.000532287528559276,0.00108108108108108,0.00477198248189692,0.0477198248189692,0.00926190476190476,0.0196946385566932,0.04,4.97,0.00480685668233133,100,0.0480685668233133,0.788701991465149,100,0,0,"Prop_0.50",75,0.000125,"Low","Beta",2000,FALSE
"BL413","MIMOSA2","BFDR",0.05,100,0.00926010050554151,100,0.0926010050554151,0.237894736842105,0.00154041840399787,0.992432432432432,0.00154041840399787,0.00756756756756756,0.00658164073757786,0.0658164073757786,0.0294729792051773,0.0422952584681651,0.23,9.32,0.00480685668233133,100,0.0480685668233133,0.788701991465149,100,0,0,"Prop_0.50",75,0.000125,"Low","Beta",2000,FALSE
"BL414","DiD","BH",0.01,100,0.00513500482790039,100,0.0513500482790039,0.0992857142857143,0,1,0,0,0,0,0,0,0,5.56,0.00470552184312532,100,0.0470552184312532,0.809577067669173,100,0,0,"Prop_0.75",75,0.000125,"Low","Beta",2000,FALSE
"BL414","DiD","BH",0.05,100,0.00741274051299569,100,0.0741274051299569,0.196071428571429,0.000902350568409292,0.998421052631579,0.000902350568409292,0.00157894736842105,0.00102007901295811,0.0102007901295811,0.00167989417989418,0.0171446607997765,0.03,11.01,0.00470552184312532,100,0.0470552184312532,0.809577067669173,100,0,0,"Prop_0.75",75,0.000125,"Low","Beta",2000,FALSE
"BL414","DiD","unadjusted",0.01,100,0.0052499803672906,100,0.052499803672906,0.209464285714286,0.000740554179664683,0.998947368421053,0.000740554179664683,0.00105263157894737,0.000944311712133937,0.00944311712133937,0.00132478632478632,0.014070529413629,0.02,11.75,0.00470552184312532,100,0.0470552184312532,0.809577067669173,100,0,0,"Prop_0.75",75,0.000125,"Low","Beta",2000,FALSE
"BL414","DiD","unadjusted",0.05,100,0.00708787914812238,100,0.0708787914812238,0.36125,0.00309298883390981,0.978421052631579,0.00309298883390981,0.0215789473684211,0.00291324822741022,0.0291324822741022,0.0201339493092863,0.0482418151324422,0.36,20.64,0.00470552184312532,100,0.0470552184312532,0.809577067669173,100,0,0,"Prop_0.75",75,0.000125,"Low","Beta",2000,FALSE
"BL414","MIMOSA2","BFDR",0.01,100,0.00578829574712224,100,0.0578829574712224,0.162321428571429,0.00125622766618917,0.996842105263158,0.00125622766618917,0.00315789473684211,0.00198604963192694,0.0198604963192694,0.004842555105713,0.0238683256575942,0.06,9.15,0.00485195773728979,100,0.0485195773728979,0.785831766917293,100,0,0,"Prop_0.75",75,0.000125,"Low","Beta",2000,FALSE
"BL414","MIMOSA2","BFDR",0.05,100,0.00785851604817912,100,0.0785851604817912,0.288035714285714,0.00318436539884615,0.987368421052632,0.00318436539884615,0.0126315789473684,0.00306270702171383,0.0306270702171383,0.0129505469864536,0.0386122919665369,0.18,16.37,0.00485195773728979,100,0.0485195773728979,0.785831766917293,100,0,0,"Prop_0.75",75,0.000125,"Low","Beta",2000,FALSE
"BL415","DiD","BH",0.01,100,0.0048968556303852,100,0.048968556303852,0.0989705882352941,0,1,0,0,0,0,0,0,0,6.73,0.00607577604665155,100,0.0607577604665155,0.815661764705882,100,0,0,"Prop_0.90",75,0.000125,"Low","Beta",2000,FALSE
"BL415","DiD","BH",0.05,100,0.00715759525467777,100,0.0715759525467777,0.202058823529412,0.00201007563051842,0.997142857142857,0.00201007563051842,0.00285714285714286,0.000691944261707657,0.00691944261707658,0.000980861244019139,0.014070529413629,0.02,13.76,0.00607577604665155,100,0.0607577604665155,0.815661764705882,100,0,0,"Prop_0.90",75,0.000125,"Low","Beta",2000,FALSE
"BL415","DiD","unadjusted",0.01,100,0.00506416139780632,100,0.0506416139780632,0.202941176470588,0.00142857142857143,0.998571428571429,0.00142857142857143,0.00142857142857143,5e-04,0.005,5e-04,0.01,0.01,13.81,0.00607577604665155,100,0.0607577604665155,0.815661764705882,100,0,0,"Prop_0.90",75,0.000125,"Low","Beta",2000,FALSE
"BL415","DiD","unadjusted",0.05,100,0.00605827259261855,100,0.0605827259261855,0.363529411764706,0.00523809523809524,0.981428571428571,0.00523809523809524,0.0185714285714286,0.00136766409177141,0.0136766409177141,0.00490138985929659,0.032659863237109,0.12,24.85,0.00607577604665155,100,0.0607577604665155,0.815661764705882,100,0,0,"Prop_0.90",75,0.000125,"Low","Beta",2000,FALSE
"BL415","MIMOSA2","BFDR",0.01,100,0.00580007821872511,100,0.0580007821872511,0.176470588235294,0.00312918447939415,0.992857142857143,0.00312918447939415,0.00714285714285715,0.00224204453934268,0.0224204453934268,0.00465767973856209,0.021904291355759,0.05,12.05,0.00681680189311523,100,0.0681680189311523,0.788760504201681,100,0,0,"Prop_0.90",75,0.000125,"Low","Beta",2000,FALSE
"BL415","MIMOSA2","BFDR",0.05,100,0.00808855938420539,100,0.0808855938420539,0.316323529411765,0.00587788885627487,0.974285714285714,0.00587788885627487,0.0257142857142857,0.0017918550718288,0.017918550718288,0.00778463655555307,0.0377525168068637,0.17,21.69,0.00681680189311523,100,0.0681680189311523,0.788760504201681,100,0,0,"Prop_0.90",75,0.000125,"Low","Beta",2000,FALSE
"BL416","DiD","BH",0.01,100,0.00786951668968895,100,0.0786951668968895,0.063,0,1,0,0,0,0,0,0,0,0.63,0.00754007425629864,100,0.0754007425629864,0.799977777777778,100,0,0,"Prop_0.10",100,0.000125,"Low","Beta",2000,FALSE
"BL416","DiD","BH",0.05,100,0.0114433166061896,100,0.114433166061896,0.106,0,1,0,0,0,0,0,0,0,1.06,0.00754007425629864,100,0.0754007425629864,0.799977777777778,100,0,0,"Prop_0.10",100,0.000125,"Low","Beta",2000,FALSE
"BL416","DiD","unadjusted",0.01,100,0.0144823124444052,100,0.144823124444052,0.206,0.000619244921136347,0.997222222222222,0.000619244921136347,0.00277777777777777,0.0219425328409176,0.219425328409176,0.0886666666666667,0.0394277244403663,0.19,2.31,0.00754007425629864,100,0.0754007425629864,0.799977777777778,100,0,0,"Prop_0.10",100,0.000125,"Low","Beta",2000,FALSE
"BL416","DiD","unadjusted",0.05,100,0.0150702060739431,100,0.150702060739431,0.354,0.00166756429251155,0.977888888888889,0.00166756429251155,0.0221111111111111,0.0228948034839576,0.228948034839576,0.338753607503608,0.0377525168068637,0.83,5.53,0.00754007425629864,100,0.0754007425629864,0.799977777777778,100,0,0,"Prop_0.10",100,0.000125,"Low","Beta",2000,FALSE
"BL416","MIMOSA2","BFDR",0.01,100,0.0114150352738408,100,0.114150352738408,0.11,0.000111111111111111,0.999888888888889,0.000111111111111111,0.000111111111111111,0.01,0.1,0.01,0.01,0.01,1.11,0.00806803814404112,100,0.0806803814404112,0.788305555555556,100,0,0,"Prop_0.10",100,0.000125,"Low","Beta",2000,FALSE
"BL416","MIMOSA2","BFDR",0.05,100,0.0143955660962785,100,0.143955660962785,0.178,0.00048880725774975,0.997555555555556,0.00048880725774975,0.00244444444444444,0.0188560245889653,0.188560245889653,0.0815,0.0409360180740332,0.21,2,0.00806803814404112,100,0.0806803814404112,0.788305555555556,100,0,0,"Prop_0.10",100,0.000125,"Low","Beta",2000,FALSE
"BL417","DiD","BH",0.01,100,0.00637875260913016,100,0.0637875260913016,0.0672,0,1,0,0,0,0,0,0,0,1.68,0.00510172729095653,100,0.0510172729095653,0.806792,100,0,0,"Prop_0.25",100,0.000125,"Low","Beta",2000,FALSE
"BL417","DiD","BH",0.05,100,0.00903192989209712,100,0.0903192989209712,0.126,0.000228595477330353,0.9996,0.000228595477330353,0.000399999999999999,0.00553504976693889,0.0553504976693889,0.00842857142857143,0.0171446607997765,0.03,3.18,0.00510172729095653,100,0.0510172729095653,0.806792,100,0,0,"Prop_0.25",100,0.000125,"Low","Beta",2000,FALSE
"BL417","DiD","unadjusted",0.01,100,0.0078625567075728,100,0.078625567075728,0.2172,0.000536020168138245,0.997333333333333,0.000536020168138245,0.00266666666666666,0.00724968814895596,0.0724968814895596,0.034051948051948,0.0402015126103685,0.2,5.63,0.00510172729095653,100,0.0510172729095653,0.806792,100,0,0,"Prop_0.25",100,0.000125,"Low","Beta",2000,FALSE
"BL417","DiD","unadjusted",0.05,100,0.00854695881881415,100,0.0854695881881415,0.384,0.00164444444444444,0.976133333333333,0.00164444444444444,0.0238666666666666,0.00957019690330665,0.0957019690330665,0.152860006007065,0.0337997668989631,0.87,11.39,0.00510172729095653,100,0.0510172729095653,0.806792,100,0,0,"Prop_0.25",100,0.000125,"Low","Beta",2000,FALSE
"BL417","MIMOSA2","BFDR",0.01,100,0.00751359710219688,100,0.0751359710219688,0.1252,0.000228595477330353,0.9996,0.000228595477330353,0.000399999999999999,0.00612982274298704,0.0612982274298704,0.00976190476190476,0.0171446607997765,0.03,3.16,0.00515007301660071,100,0.0515007301660071,0.79248,100,0,0,"Prop_0.25",100,0.000125,"Low","Beta",2000,FALSE
"BL417","MIMOSA2","BFDR",0.05,100,0.00854421654475332,100,0.0854421654475332,0.2292,0.000834174659477275,0.995333333333333,0.000834174659477275,0.00466666666666666,0.00970782183533299,0.0970782183533298,0.0511352813852814,0.0451260859854213,0.28,6.08,0.00515007301660071,100,0.0515007301660071,0.79248,100,0,0,"Prop_0.25",100,0.000125,"Low","Beta",2000,FALSE
"BL418","DiD","BH",0.01,100,0.00469768909446792,100,0.0469768909446792,0.0718,0,1,0,0,0,0,0,0,0,3.59,0.00388581609280093,100,0.0388581609280093,0.802236,100,0,0,"Prop_0.50",100,0.000125,"Low","Beta",2000,FALSE
"BL418","DiD","BH",0.05,100,0.00689605362185907,100,0.0689605362185907,0.15,0.000393892771133865,0.9992,0.000393892771133865,0.000800000000000001,0.00188270495011654,0.0188270495011654,0.00378943278943279,0.0196946385566932,0.04,7.54,0.00388581609280093,100,0.0388581609280093,0.802236,100,0,0,"Prop_0.50",100,0.000125,"Low","Beta",2000,FALSE
"BL418","DiD","unadjusted",0.01,100,0.00550522249754492,100,0.0550522249754492,0.2066,0.000628932075470441,0.9978,0.000628932075470441,0.0022,0.00296469297439177,0.0296469297439177,0.0102657342657343,0.031446603773522,0.11,10.44,0.00388581609280093,100,0.0388581609280093,0.802236,100,0,0,"Prop_0.50",100,0.000125,"Low","Beta",2000,FALSE
"BL418","DiD","unadjusted",0.05,100,0.00662029325848053,100,0.0662029325848053,0.349,0.00224517439875126,0.9764,0.00224517439875126,0.0236,0.00547671240754077,0.0547671240754077,0.0595686688795418,0.0468826172262151,0.68,18.63,0.00388581609280093,100,0.0388581609280093,0.802236,100,0,0,"Prop_0.50",100,0.000125,"Low","Beta",2000,FALSE
"BL418","MIMOSA2","BFDR",0.01,100,0.00599295883145843,100,0.0599295883145843,0.1394,0.000393892771133865,0.9992,0.000393892771133865,0.000800000000000001,0.00233212653216511,0.0233212653216511,0.00467857142857143,0.0196946385566932,0.04,7.01,0.00411269011227396,100,0.0411269011227396,0.787032,100,0,0,"Prop_0.50",100,0.000125,"Low","Beta",2000,FALSE
"BL418","MIMOSA2","BFDR",0.05,100,0.00771460637460859,100,0.0771460637460859,0.25,0.00146211414663076,0.9906,0.00146211414663076,0.00940000000000001,0.00496622527834044,0.0496622527834044,0.0323174145685756,0.0479372485441102,0.35,12.97,0.00411269011227396,100,0.0411269011227396,0.787032,100,0,0,"Prop_0.50",100,0.000125,"Low","Beta",2000,FALSE
"BL419","DiD","BH",0.01,100,0.00432309071796788,100,0.0432309071796788,0.0926666666666667,0,1,0,0,0,0,0,0,0,6.95,0.00455627556566798,100,0.0455627556566798,0.807512,100,0,0,"Prop_0.75",100,0.000125,"Low","Beta",2000,FALSE
"BL419","DiD","BH",0.05,100,0.00658421743200505,100,0.0658421743200505,0.1904,0.000954733026303769,0.9976,0.000954733026303769,0.0024,0.00175009315046265,0.0175009315046265,0.00425595238095238,0.0238683256575942,0.06,14.34,0.00455627556566798,100,0.0455627556566798,0.807512,100,0,0,"Prop_0.75",100,0.000125,"Low","Beta",2000,FALSE
"BL419","DiD","unadjusted",0.01,100,0.00459181920282912,100,0.0459181920282912,0.2096,0.00109063969737716,0.9968,0.00109063969737716,0.0032,0.00191406936213408,0.0191406936213408,0.00549094369682605,0.0272659924344291,0.08,15.8,0.00455627556566798,100,0.0455627556566798,0.807512,100,0,0,"Prop_0.75",100,0.000125,"Low","Beta",2000,FALSE
"BL419","DiD","unadjusted",0.05,100,0.00585551434635606,100,0.0585551434635606,0.361066666666667,0.00269649978882089,0.9804,0.00269649978882089,0.0196,0.00252997351230273,0.0252997351230273,0.0180948434439381,0.0490207130000197,0.39,27.57,0.00455627556566798,100,0.0455627556566798,0.807512,100,0,0,"Prop_0.75",100,0.000125,"Low","Beta",2000,FALSE
"BL419","MIMOSA2","BFDR",0.01,100,0.00585764534422114,100,0.0585764534422114,0.174,0.00102572959990497,0.9972,0.00102572959990497,0.0028,0.00203613189764915,0.0203613189764915,0.00551465201465201,0.0256432399976243,0.07,13.12,0.00493258808821859,100,0.0493258808821859,0.787416,100,0,0,"Prop_0.75",100,0.000125,"Low","Beta",2000,FALSE
"BL419","MIMOSA2","BFDR",0.05,100,0.0079718809978712,100,0.079718809978712,0.3068,0.00254859834720058,0.9836,0.00254859834720058,0.0164,0.00270031996085238,0.0270031996085238,0.0168475245730831,0.0476095228569523,0.34,23.42,0.00493258808821859,100,0.0493258808821859,0.787416,100,0,0,"Prop_0.75",100,0.000125,"Low","Beta",2000,FALSE
"BL420","DiD","BH",0.01,100,0.00450541789103569,100,0.0450541789103569,0.103555555555556,0,1,0,0,0,0,0,0,0,9.32,0.00667602074772599,100,0.0667602074772599,0.799488888888889,100,0,0,"Prop_0.90",100,0.000125,"Low","Beta",2000,FALSE
"BL420","DiD","BH",0.05,100,0.00611397749326314,100,0.0611397749326314,0.204222222222222,0.00196946385566932,0.996,0.00196946385566932,0.004,0.00128634274907089,0.0128634274907089,0.00249269657357893,0.0196946385566932,0.04,18.42,0.00667602074772599,100,0.0667602074772599,0.799488888888889,100,0,0,"Prop_0.90",100,0.000125,"Low","Beta",2000,FALSE
"BL420","DiD","unadjusted",0.01,100,0.00446733722512951,100,0.0446733722512951,0.204666666666667,0.00256432399976243,0.993,0.00256432399976243,0.007,0.00162103794947583,0.0162103794947583,0.0042922443054022,0.0256432399976243,0.07,18.49,0.00667602074772599,100,0.0667602074772599,0.799488888888889,100,0,0,"Prop_0.90",100,0.000125,"Low","Beta",2000,FALSE
"BL420","DiD","unadjusted",0.05,100,0.00530185011719213,100,0.0530185011719213,0.357444444444444,0.00559581373109678,0.97,0.00559581373109678,0.03,0.00177335249169653,0.0177335249169653,0.00948559581867501,0.0440844002276808,0.26,32.47,0.00667602074772599,100,0.0667602074772599,0.799488888888889,100,0,0,"Prop_0.90",100,0.000125,"Low","Beta",2000,FALSE
"BL420","MIMOSA2","BFDR",0.01,100,0.00520319143865332,100,0.0520319143865332,0.192222222222222,0.00320825954263823,0.991,0.00320825954263823,0.009,0.0019703643538817,0.019703643538817,0.0054672035480859,0.0272659924344291,0.08,17.39,0.00623273432605621,100,0.0623273432605621,0.782811111111111,100,0,0,"Prop_0.90",100,0.000125,"Low","Beta",2000,FALSE
"BL420","MIMOSA2","BFDR",0.05,100,0.00695496173280817,100,0.0695496173280817,0.333,0.00535978289926679,0.966,0.00535978289926679,0.034,0.00172689406918051,0.0172689406918051,0.010928156260811,0.0464823198711732,0.31,30.31,0.00623273432605621,100,0.0623273432605621,0.782811111111111,100,0,0,"Prop_0.90",100,0.000125,"Low","Beta",2000,FALSE
"BL421","DiD","BH",0.01,100,0.0301511344577764,100,0.301511344577764,0.1,0,1,0,0,0,0,0,0,0,0.1,0.0271670229883058,100,0.271670229883058,0.782222222222222,100,0,0,"Prop_0.10",10,6.25e-05,"Low","Beta",2000,FALSE
"BL421","DiD","BH",0.05,100,0.0337997668989631,100,0.337997668989631,0.13,0,1,0,0,0,0,0,0,0,0.13,0.0271670229883058,100,0.271670229883058,0.782222222222222,100,0,0,"Prop_0.10",10,6.25e-05,"Low","Beta",2000,FALSE
"BL421","DiD","unadjusted",0.01,100,0.0368452949177471,100,0.368452949177471,0.16,0.00111111111111111,0.998888888888889,0.00111111111111111,0.00111111111111111,0.01,0.1,0.01,0.01,0.01,0.17,0.0271670229883058,100,0.271670229883058,0.782222222222222,100,0,0,"Prop_0.10",10,6.25e-05,"Low","Beta",2000,FALSE
"BL421","DiD","unadjusted",0.05,100,0.0468826172262151,100,0.468826172262151,0.32,0.00598768324706355,0.972222222222222,0.00598768324706355,0.0277777777777778,0.0350564719981379,0.350564719981379,0.166666666666667,0.0402015126103685,0.2,0.57,0.0271670229883058,100,0.271670229883058,0.782222222222222,100,0,0,"Prop_0.10",10,6.25e-05,"Low","Beta",2000,FALSE
"BL421","MIMOSA2","BFDR",0.01,95,0.0250889852642108,95,0.244537179690206,0.0631578947368421,0.00200412358757754,0.996491228070175,0.00200412358757754,0.00350877192982456,0.0180371122881979,0.175804024047291,0.0315789473684211,0.0180371122881979,0.0315789473684211,0.0947368421052632,0.0306363024873107,95,0.298605739829177,0.725730994152047,100,0.05,0.0217944947177034,"Prop_0.10",10,6.25e-05,"Low","Beta",2000,TRUE
"BL421","MIMOSA2","BFDR",0.05,95,0.0354479455771634,95,0.345503835486592,0.136842105263158,0.00402635954564973,0.987134502923977,0.00402635954564973,0.0128654970760234,0.0304869035455219,0.297149579068229,0.1,0.0316535140539811,0.105263157894737,0.252631578947368,0.0306363024873107,95,0.298605739829177,0.725730994152047,100,0.05,0.0217944947177034,"Prop_0.10",10,6.25e-05,"Low","Beta",2000,TRUE
"BL422","DiD","BH",0.01,100,0.0200420433510035,100,0.200420433510035,0.13,0,1,0,0,0,0,0,0,0,0.39,0.0164439875804984,100,0.164439875804984,0.803809523809524,100,0,0,"Prop_0.25",10,6.25e-05,"Low","Beta",2000,FALSE
"BL422","DiD","BH",0.05,100,0.0256782299371438,100,0.256782299371438,0.183333333333333,0.00142857142857143,0.998571428571429,0.00142857142857143,0.00142857142857143,0.0025,0.025,0.0025,0.01,0.01,0.56,0.0164439875804984,100,0.164439875804984,0.803809523809524,100,0,0,"Prop_0.25",10,6.25e-05,"Low","Beta",2000,FALSE
"BL422","DiD","unadjusted",0.01,100,0.0245177962805728,100,0.245177962805728,0.206666666666667,0.00142857142857143,0.998571428571429,0.00142857142857143,0.00142857142857143,0.01,0.1,0.01,0.01,0.01,0.63,0.0164439875804984,100,0.164439875804984,0.803809523809524,100,0,0,"Prop_0.25",10,6.25e-05,"Low","Beta",2000,FALSE
"BL422","DiD","unadjusted",0.05,100,0.0295571504088572,100,0.295571504088572,0.346666666666667,0.00512671830403767,0.978571428571429,0.00512671830403767,0.0214285714285714,0.0222512436757554,0.222512436757554,0.08,0.0358870281282637,0.15,1.19,0.0164439875804984,100,0.164439875804984,0.803809523809524,100,0,0,"Prop_0.25",10,6.25e-05,"Low","Beta",2000,FALSE
"BL422","MIMOSA2","BFDR",0.01,97,0.0229238214160246,97,0.225773457400195,0.151202749140893,0.00207191249584366,0.997054491899853,0.00207191249584366,0.00294550810014728,0.0145033874709056,0.142841800845301,0.0206185567010309,0.0145033874709056,0.0206185567010309,0.474226804123711,0.017859286628735,97,0.17589357444793,0.765095729013255,100,0.03,0.017058722109232,"Prop_0.25",10,6.25e-05,"Low","Beta",2000,TRUE
"BL422","MIMOSA2","BFDR",0.05,97,0.0285537165739151,97,0.281221494249278,0.233676975945017,0.00452437618830799,0.988217967599411,0.00452437618830799,0.0117820324005891,0.0173628454749472,0.171004196117314,0.0420962199312715,0.0264096669225763,0.0721649484536082,0.783505154639175,0.017859286628735,97,0.17589357444793,0.765095729013255,100,0.03,0.017058722109232,"Prop_0.25",10,6.25e-05,"Low","Beta",2000,TRUE
"BL423","DiD","BH",0.01,100,0.0134464895347478,100,0.134464895347478,0.09,0,1,0,0,0,0,0,0,0,0.45,0.0144120460277877,100,0.144120460277877,0.803,100,0,0,"Prop_0.50",10,6.25e-05,"Low","Beta",2000,FALSE
"BL423","DiD","BH",0.05,100,0.0185047086554812,100,0.185047086554812,0.17,0.002,0.998,0.002,0.002,0.002,0.02,0.002,0.01,0.01,0.86,0.0144120460277877,100,0.144120460277877,0.803,100,0,0,"Prop_0.50",10,6.25e-05,"Low","Beta",2000,FALSE
"BL423","DiD","unadjusted",0.01,100,0.0170785470013338,100,0.170785470013338,0.182,0,1,0,0,0,0,0,0,0,0.91,0.0144120460277877,100,0.144120460277877,0.803,100,0,0,"Prop_0.50",10,6.25e-05,"Low","Beta",2000,FALSE
"BL423","DiD","unadjusted",0.05,100,0.021904291355759,100,0.21904291355759,0.31,0.00789834402794905,0.968,0.00789834402794905,0.032,0.0231792108082325,0.231792108082325,0.0845,0.0358870281282637,0.15,1.71,0.0144120460277877,100,0.144120460277877,0.803,100,0,0,"Prop_0.50",10,6.25e-05,"Low","Beta",2000,FALSE
"BL423","MIMOSA2","BFDR",0.01,100,0.0186666666666667,100,0.186666666666667,0.152,0.00545319848688581,0.984,0.00545319848688581,0.016,0.0131361684885252,0.131361684885252,0.0333333333333333,0.0272659924344291,0.08,0.84,0.0154088260160182,100,0.154088260160182,0.7732,100,0,0,"Prop_0.50",10,6.25e-05,"Low","Beta",2000,FALSE
"BL423","MIMOSA2","BFDR",0.05,100,0.0221391376106075,100,0.221391376106075,0.226,0.00855404683011013,0.966,0.00855404683011013,0.034,0.0204005553829463,0.204005553829463,0.0725,0.0358870281282637,0.15,1.3,0.0154088260160182,100,0.154088260160182,0.7732,100,0,0,"Prop_0.50",10,6.25e-05,"Low","Beta",2000,FALSE
"BL424","DiD","BH",0.01,100,0.0126449924212446,100,0.126449924212446,0.10875,0,1,0,0,0,0,0,0,0,0.87,0.0143261962498738,100,0.143261962498738,0.79875,100,0,0,"Prop_0.75",10,6.25e-05,"Low","Beta",2000,FALSE
"BL424","DiD","BH",0.05,100,0.0179694430586589,100,0.179694430586589,0.21375,0,1,0,0,0,0,0,0,0,1.71,0.0143261962498738,100,0.143261962498738,0.79875,100,0,0,"Prop_0.75",10,6.25e-05,"Low","Beta",2000,FALSE
"BL424","DiD","unadjusted",0.01,100,0.014213381090374,100,0.14213381090374,0.2,0,1,0,0,0,0,0,0,0,1.6,0.0143261962498738,100,0.143261962498738,0.79875,100,0,0,"Prop_0.75",10,6.25e-05,"Low","Beta",2000,FALSE
"BL424","DiD","unadjusted",0.05,100,0.0152442239433945,100,0.152442239433945,0.3425,0.00857233039988826,0.985,0.00857233039988826,0.015,0.00627994509830384,0.0627994509830384,0.0103333333333333,0.0171446607997765,0.03,2.77,0.0143261962498738,100,0.143261962498738,0.79875,100,0,0,"Prop_0.75",10,6.25e-05,"Low","Beta",2000,FALSE
"BL424","MIMOSA2","BFDR",0.01,100,0.0166073755976802,100,0.166073755976802,0.18125,0.005,0.995,0.005,0.005,0.002,0.02,0.002,0.01,0.01,1.46,0.0167037938743861,100,0.167037938743861,0.74625,100,0,0,"Prop_0.75",10,6.25e-05,"Low","Beta",2000,FALSE
"BL424","MIMOSA2","BFDR",0.05,100,0.0204352111204008,100,0.204352111204008,0.27625,0.0119341628287971,0.97,0.0119341628287971,0.03,0.00518920899667987,0.0518920899667987,0.0128333333333333,0.0238683256575942,0.06,2.27,0.0167037938743861,100,0.167037938743861,0.74625,100,0,0,"Prop_0.75",10,6.25e-05,"Low","Beta",2000,FALSE
"BL425","DiD","BH",0.01,100,0.0101190075355948,100,0.101190075355948,0.0922222222222222,0,1,0,0,0,0,0,0,0,0.83,0.0220619924906487,100,0.220619924906487,0.792222222222222,100,0,0,"Prop_0.90",10,6.25e-05,"Low","Beta",2000,FALSE
"BL425","DiD","BH",0.05,100,0.0163528251270877,100,0.163528251270877,0.184444444444444,0,1,0,0,0,0,0,0,0,1.66,0.0220619924906487,100,0.220619924906487,0.792222222222222,100,0,0,"Prop_0.90",10,6.25e-05,"Low","Beta",2000,FALSE
"BL425","DiD","unadjusted",0.01,100,0.0121798060031184,100,0.121798060031184,0.168888888888889,0,1,0,0,0,0,0,0,0,1.52,0.0220619924906487,100,0.220619924906487,0.792222222222222,100,0,0,"Prop_0.90",10,6.25e-05,"Low","Beta",2000,FALSE
"BL425","DiD","unadjusted",0.05,100,0.0158021184023928,100,0.158021184023928,0.306666666666667,0.01,0.99,0.01,0.01,0.00333333333333333,0.0333333333333333,0.00333333333333333,0.01,0.01,2.77,0.0220619924906487,100,0.220619924906487,0.792222222222222,100,0,0,"Prop_0.90",10,6.25e-05,"Low","Beta",2000,FALSE
"BL425","MIMOSA2","BFDR",0.01,100,0.0145921823935236,100,0.145921823935236,0.15,0,1,0,0,0,0,0,0,0,1.35,0.0221916175337488,100,0.221916175337488,0.774444444444444,100,0,0,"Prop_0.90",10,6.25e-05,"Low","Beta",2000,FALSE
"BL425","MIMOSA2","BFDR",0.05,100,0.0187846201149226,100,0.187846201149226,0.275555555555556,0,1,0,0,0,0,0,0,0,2.48,0.0221916175337488,100,0.221916175337488,0.774444444444444,100,0,0,"Prop_0.90",10,6.25e-05,"Low","Beta",2000,FALSE
"BL426","DiD","BH",0.01,100,0.0178093154605032,100,0.178093154605032,0.06,0,1,0,0,0,0,0,0,0,0.12,0.0181833301528711,100,0.181833301528711,0.785555555555556,100,0,0,"Prop_0.10",20,6.25e-05,"Low","Beta",2000,FALSE
"BL426","DiD","BH",0.05,100,0.0236984421769905,100,0.236984421769905,0.12,0,1,0,0,0,0,0,0,0,0.24,0.0181833301528711,100,0.181833301528711,0.785555555555556,100,0,0,"Prop_0.10",20,6.25e-05,"Low","Beta",2000,FALSE
"BL426","DiD","unadjusted",0.01,100,0.0287579589334883,100,0.287579589334883,0.175,0.000781696078534943,0.998888888888889,0.000781696078534943,0.00111111111111111,0.014070529413629,0.14070529413629,0.02,0.014070529413629,0.02,0.37,0.0181833301528711,100,0.181833301528711,0.785555555555556,100,0,0,"Prop_0.10",20,6.25e-05,"Low","Beta",2000,FALSE
"BL426","DiD","unadjusted",0.05,100,0.0360835170406129,100,0.360835170406129,0.31,0.00404604684527982,0.976111111111111,0.00404604684527982,0.0238888888888889,0.0378129812210245,0.378129812210245,0.242333333333333,0.0472581562625261,0.33,1.05,0.0181833301528711,100,0.181833301528711,0.785555555555556,100,0,0,"Prop_0.10",20,6.25e-05,"Low","Beta",2000,FALSE
"BL426","MIMOSA2","BFDR",0.01,100,0.0201258665664489,100,0.201258665664489,0.07,0,1,0,0,0,0,0,0,0,0.14,0.0198605224654357,100,0.198605224654357,0.720416666666667,100,0,0,"Prop_0.10",20,6.25e-05,"Low","Beta",2000,FALSE
"BL426","MIMOSA2","BFDR",0.05,100,0.0254802359534292,100,0.254802359534292,0.135,0.00109414658648296,0.997777777777778,0.00109414658648296,0.00222222222222222,0.0156023826204315,0.156023826204315,0.03,0.0196946385566932,0.04,0.31,0.0198605224654357,100,0.198605224654357,0.720416666666667,100,0,0,"Prop_0.10",20,6.25e-05,"Low","Beta",2000,FALSE
"BL427","DiD","BH",0.01,100,0.012831463854388,100,0.12831463854388,0.07,0,1,0,0,0,0,0,0,0,0.35,0.0124536383786604,100,0.124536383786604,0.793266666666667,100,0,0,"Prop_0.25",20,6.25e-05,"Low","Beta",2000,FALSE
"BL427","DiD","BH",0.05,100,0.0168174993036504,100,0.168174993036504,0.12,0.000666666666666667,0.999333333333333,0.000666666666666667,0.000666666666666667,0.005,0.05,0.005,0.01,0.01,0.61,0.0124536383786604,100,0.124536383786604,0.793266666666667,100,0,0,"Prop_0.25",20,6.25e-05,"Low","Beta",2000,FALSE
"BL427","DiD","unadjusted",0.01,100,0.0180627413828197,100,0.180627413828197,0.17,0.00131297590377955,0.997333333333333,0.00131297590377955,0.00266666666666667,0.00984731927834662,0.0984731927834662,0.02,0.0196946385566932,0.04,0.89,0.0124536383786604,100,0.124536383786604,0.793266666666667,100,0,0,"Prop_0.25",20,6.25e-05,"Low","Beta",2000,FALSE
"BL427","DiD","unadjusted",0.05,100,0.0228336098191621,100,0.228336098191621,0.328,0.00350148277072941,0.975333333333333,0.00350148277072941,0.0246666666666667,0.0272660747591612,0.272660747591612,0.162,0.0479372485441102,0.35,2.01,0.0124536383786604,100,0.124536383786604,0.793266666666667,100,0,0,"Prop_0.25",20,6.25e-05,"Low","Beta",2000,FALSE
"BL427","MIMOSA2","BFDR",0.01,100,0.0129941711874396,100,0.129941711874396,0.078,0.000938035294241931,0.998666666666667,0.000938035294241931,0.00133333333333333,0.0111350751676807,0.111350751676807,0.015,0.014070529413629,0.02,0.41,0.0141821958854995,100,0.141821958854995,0.770333333333333,100,0,0,"Prop_0.25",20,6.25e-05,"Low","Beta",2000,FALSE
"BL427","MIMOSA2","BFDR",0.05,100,0.0179966326816654,100,0.179966326816654,0.144,0.00209644025156813,0.992666666666667,0.00209644025156813,0.00733333333333333,0.0187307701614683,0.187307701614683,0.06,0.031446603773522,0.11,0.83,0.0141821958854995,100,0.141821958854995,0.770333333333333,100,0,0,"Prop_0.25",20,6.25e-05,"Low","Beta",2000,FALSE
"BL428","DiD","BH",0.01,100,0.008491826135238,100,0.08491826135238,0.081,0,1,0,0,0,0,0,0,0,0.81,0.00909170451065645,100,0.0909170451065645,0.7975,100,0,0,"Prop_0.50",20,6.25e-05,"Low","Beta",2000,FALSE
"BL428","DiD","BH",0.05,100,0.0114922020113948,100,0.114922020113948,0.145,0.001,0.999,0.001,0.001,0.01,0.1,0.01,0.01,0.01,1.46,0.00909170451065645,100,0.0909170451065645,0.7975,100,0,0,"Prop_0.50",20,6.25e-05,"Low","Beta",2000,FALSE
"BL428","DiD","unadjusted",0.01,100,0.00988571053224161,100,0.0988571053224161,0.175,0.00171446607997765,0.997,0.00171446607997765,0.003,0.0121439181269781,0.121439181269781,0.02,0.0171446607997765,0.03,1.78,0.00909170451065645,100,0.0909170451065645,0.7975,100,0,0,"Prop_0.50",20,6.25e-05,"Low","Beta",2000,FALSE
"BL428","DiD","unadjusted",0.05,100,0.0142598539383626,100,0.142598539383626,0.337,0.00463190516467527,0.974,0.00463190516467527,0.026,0.01495689022639,0.1495689022639,0.0692619047619048,0.0435194139889245,0.25,3.63,0.00909170451065645,100,0.0909170451065645,0.7975,100,0,0,"Prop_0.50",20,6.25e-05,"Low","Beta",2000,FALSE
"BL428","MIMOSA2","BFDR",0.01,100,0.0107548438699345,100,0.107548438699345,0.107,0.001,0.999,0.001,0.001,0.00333333333333333,0.0333333333333333,0.00333333333333333,0.01,0.01,1.08,0.009918969684194,100,0.09918969684194,0.7627,100,0,0,"Prop_0.50",20,6.25e-05,"Low","Beta",2000,FALSE
"BL428","MIMOSA2","BFDR",0.05,100,0.0149000033896003,100,0.149000033896003,0.189,0.00287623491264661,0.991,0.00287623491264661,0.009,0.00950376498139284,0.0950376498139284,0.027,0.0287623491264661,0.09,1.98,0.009918969684194,100,0.09918969684194,0.7627,100,0,0,"Prop_0.50",20,6.25e-05,"Low","Beta",2000,FALSE
"BL429","DiD","BH",0.01,100,0.00779766577061739,100,0.0779766577061739,0.0773333333333333,0,1,0,0,0,0,0,0,0,1.16,0.0112987688412873,100,0.112987688412873,0.791,100,0,0,"Prop_0.75",20,6.25e-05,"Low","Beta",2000,FALSE
"BL429","DiD","BH",0.05,100,0.0131475268976386,100,0.131475268976386,0.176,0.002,0.998,0.002,0.002,0.00142857142857143,0.0142857142857143,0.00142857142857143,0.01,0.01,2.65,0.0112987688412873,100,0.112987688412873,0.791,100,0,0,"Prop_0.75",20,6.25e-05,"Low","Beta",2000,FALSE
"BL429","DiD","unadjusted",0.01,100,0.0097729556520701,100,0.097729556520701,0.183333333333333,0,1,0,0,0,0,0,0,0,2.75,0.0112987688412873,100,0.112987688412873,0.791,100,0,0,"Prop_0.75",20,6.25e-05,"Low","Beta",2000,FALSE
"BL429","DiD","unadjusted",0.05,100,0.0117089661271418,100,0.117089661271418,0.346,0.00575246982529323,0.982,0.00575246982529323,0.018,0.00570339821782875,0.0570339821782875,0.0165952380952381,0.0287623491264661,0.09,5.28,0.0112987688412873,100,0.112987688412873,0.791,100,0,0,"Prop_0.75",20,6.25e-05,"Low","Beta",2000,FALSE
"BL429","MIMOSA2","BFDR",0.01,100,0.0125127992832731,100,0.125127992832731,0.145333333333333,0.00281410588272579,0.996,0.00281410588272579,0.004,0.00227808571458755,0.0227808571458755,0.00311111111111111,0.014070529413629,0.02,2.2,0.0111657223581828,100,0.111657223581828,0.753266666666667,100,0,0,"Prop_0.75",20,6.25e-05,"Low","Beta",2000,FALSE
"BL429","MIMOSA2","BFDR",0.05,100,0.016282991201531,100,0.16282991201531,0.252666666666667,0.00766995976705763,0.976,0.00766995976705763,0.024,0.00538608512612589,0.0538608512612589,0.0173995726495727,0.0301511344577764,0.1,3.91,0.0111657223581828,100,0.111657223581828,0.753266666666667,100,0,0,"Prop_0.75",20,6.25e-05,"Low","Beta",2000,FALSE
"BL430","DiD","BH",0.01,100,0.00953773166049373,100,0.0953773166049373,0.105,0,1,0,0,0,0,0,0,0,1.89,0.01504500771483,100,0.1504500771483,0.794166666666667,100,0,0,"Prop_0.90",20,6.25e-05,"Low","Beta",2000,FALSE
"BL430","DiD","BH",0.05,100,0.0131907594239801,100,0.131907594239801,0.212777777777778,0.005,0.995,0.005,0.005,0.00333333333333333,0.0333333333333333,0.00333333333333333,0.01,0.01,3.84,0.01504500771483,100,0.1504500771483,0.794166666666667,100,0,0,"Prop_0.90",20,6.25e-05,"Low","Beta",2000,FALSE
"BL430","DiD","unadjusted",0.01,100,0.0105838712890311,100,0.105838712890311,0.201666666666667,0.005,0.995,0.005,0.005,0.00333333333333333,0.0333333333333333,0.00333333333333333,0.01,0.01,3.64,0.01504500771483,100,0.1504500771483,0.794166666666667,100,0,0,"Prop_0.90",20,6.25e-05,"Low","Beta",2000,FALSE
"BL430","DiD","unadjusted",0.05,100,0.0122171196368447,100,0.122171196368447,0.343333333333333,0.0119341628287971,0.97,0.0119341628287971,0.03,0.004202906375088,0.04202906375088,0.0103333333333333,0.0238683256575942,0.06,6.24,0.01504500771483,100,0.1504500771483,0.794166666666667,100,0,0,"Prop_0.90",20,6.25e-05,"Low","Beta",2000,FALSE
"BL430","MIMOSA2","BFDR",0.01,100,0.0116780181001092,100,0.116780181001092,0.157777777777778,0,1,0,0,0,0,0,0,0,2.84,0.0148496276578322,100,0.148496276578322,0.768055555555556,100,0,0,"Prop_0.90",20,6.25e-05,"Low","Beta",2000,FALSE
"BL430","MIMOSA2","BFDR",0.05,100,0.0159423609505428,100,0.159423609505428,0.263333333333333,0.00703526470681448,0.99,0.00703526470681448,0.01,0.00207320771648435,0.0207320771648435,0.00291666666666667,0.014070529413629,0.02,4.76,0.0148496276578322,100,0.148496276578322,0.768055555555556,100,0,0,"Prop_0.90",20,6.25e-05,"Low","Beta",2000,FALSE
"BL431","DiD","BH",0.01,100,0.0166666666666667,100,0.166666666666667,0.0833333333333333,0,1,0,0,0,0,0,0,0,0.25,0.0133288683618772,100,0.133288683618772,0.811296296296296,100,0,0,"Prop_0.10",30,6.25e-05,"Low","Beta",2000,FALSE
"BL431","DiD","BH",0.05,100,0.0193351909011248,100,0.193351909011248,0.123333333333333,0,1,0,0,0,0,0,0,0,0.37,0.0133288683618772,100,0.133288683618772,0.811296296296296,100,0,0,"Prop_0.10",30,6.25e-05,"Low","Beta",2000,FALSE
"BL431","DiD","unadjusted",0.01,100,0.0218247277872007,100,0.218247277872007,0.22,0.00108588396134112,0.997407407407407,0.00108588396134112,0.0025925925925926,0.0189296944860009,0.189296944860009,0.045,0.0238683256575942,0.06,0.73,0.0133288683618772,100,0.133288683618772,0.811296296296296,100,0,0,"Prop_0.10",30,6.25e-05,"Low","Beta",2000,FALSE
"BL431","DiD","unadjusted",0.05,100,0.026588690709118,100,0.26588690709118,0.336666666666667,0.00264156620179168,0.978518518518518,0.00264156620179168,0.0214814814814815,0.0367441597701813,0.367441597701813,0.295833333333333,0.0500908265962033,0.46,1.59,0.0133288683618772,100,0.133288683618772,0.811296296296296,100,0,0,"Prop_0.10",30,6.25e-05,"Low","Beta",2000,FALSE
"BL431","MIMOSA2","BFDR",0.01,100,0.0172750899205204,100,0.172750899205204,0.0966666666666667,0,1,0,0,0,0,0,0,0,0.29,0.0141399078418349,100,0.141399078418349,0.801543209876543,100,0,0,"Prop_0.10",30,6.25e-05,"Low","Beta",2000,FALSE
"BL431","MIMOSA2","BFDR",0.05,100,0.0197487018141587,100,0.197487018141587,0.15,0.000521130719023296,0.999259259259259,0.000521130719023296,0.000740740740740742,0.00598117135471061,0.0598117135471061,0.00833333333333333,0.014070529413629,0.02,0.47,0.0141399078418349,100,0.141399078418349,0.801543209876543,100,0,0,"Prop_0.10",30,6.25e-05,"Low","Beta",2000,FALSE
"BL432","DiD","BH",0.01,100,0.0085538992231141,100,0.0855389922311409,0.0525,0,1,0,0,0,0,0,0,0,0.42,0.00942767708941049,100,0.0942767708941049,0.784034090909091,100,0,0,"Prop_0.25",30,6.25e-05,"Low","Beta",2000,FALSE
"BL432","DiD","BH",0.05,100,0.0124842071952098,100,0.124842071952098,0.10625,0.000454545454545454,0.999545454545455,0.000454545454545454,0.000454545454545454,0.01,0.1,0.01,0.01,0.01,0.86,0.00942767708941049,100,0.0942767708941049,0.784034090909091,100,0,0,"Prop_0.25",30,6.25e-05,"Low","Beta",2000,FALSE
"BL432","DiD","unadjusted",0.01,100,0.0130866141418233,100,0.130866141418233,0.17875,0.00116560181807383,0.996818181818182,0.00116560181807383,0.00318181818181818,0.0163030623771479,0.163030623771479,0.0391666666666667,0.0256432399976243,0.07,1.5,0.00942767708941049,100,0.0942767708941049,0.784034090909091,100,0,0,"Prop_0.25",30,6.25e-05,"Low","Beta",2000,FALSE
"BL432","DiD","unadjusted",0.05,100,0.0171336104210585,100,0.171336104210585,0.325,0.00292374637166316,0.978181818181818,0.00292374637166316,0.0218181818181818,0.0230394187169472,0.230394187169472,0.154,0.049431107042371,0.41,3.08,0.00942767708941049,100,0.0942767708941049,0.784034090909091,100,0,0,"Prop_0.25",30,6.25e-05,"Low","Beta",2000,FALSE
"BL432","MIMOSA2","BFDR",0.01,100,0.0108151070454268,100,0.108151070454268,0.08375,0.000454545454545454,0.999545454545455,0.000454545454545454,0.000454545454545454,0.01,0.1,0.01,0.01,0.01,0.68,0.0102456360622858,100,0.102456360622858,0.743693181818182,100,0,0,"Prop_0.25",30,6.25e-05,"Low","Beta",2000,FALSE
"BL432","MIMOSA2","BFDR",0.05,100,0.0153432938662683,100,0.153432938662683,0.1525,0.00182962423331353,0.993636363636364,0.00182962423331353,0.00636363636363636,0.016778781159374,0.16778781159374,0.051,0.032659863237109,0.12,1.36,0.0102456360622858,100,0.102456360622858,0.743693181818182,100,0,0,"Prop_0.25",30,6.25e-05,"Low","Beta",2000,FALSE
"BL433","DiD","BH",0.01,100,0.0073455667780427,100,0.073455667780427,0.0726666666666667,0,1,0,0,0,0,0,0,0,1.09,0.00744995557935957,100,0.0744995557935957,0.790822222222222,100,0,0,"Prop_0.50",30,6.25e-05,"Low","Beta",2000,FALSE
"BL433","DiD","BH",0.05,100,0.0114132653637172,100,0.114132653637172,0.152,0.000938035294241931,0.998666666666667,0.000938035294241931,0.00133333333333333,0.00414641543296869,0.0414641543296869,0.00583333333333333,0.014070529413629,0.02,2.3,0.00744995557935957,100,0.0744995557935957,0.790822222222222,100,0,0,"Prop_0.50",30,6.25e-05,"Low","Beta",2000,FALSE
"BL433","DiD","unadjusted",0.01,100,0.00915167123643289,100,0.0915167123643289,0.192,0.00159122171050628,0.996,0.00159122171050628,0.004,0.00887579528059741,0.0887579528059741,0.0211666666666667,0.0238683256575942,0.06,2.94,0.00744995557935957,100,0.0744995557935957,0.790822222222222,100,0,0,"Prop_0.50",30,6.25e-05,"Low","Beta",2000,FALSE
"BL433","DiD","unadjusted",0.05,100,0.0119623427094212,100,0.119623427094212,0.336666666666667,0.00386703818022497,0.975333333333333,0.00386703818022497,0.0246666666666667,0.0132220340984969,0.132220340984969,0.0675793650793651,0.0468826172262151,0.32,5.42,0.00744995557935957,100,0.0744995557935957,0.790822222222222,100,0,0,"Prop_0.50",30,6.25e-05,"Low","Beta",2000,FALSE
"BL433","MIMOSA2","BFDR",0.01,100,0.00950019197632242,100,0.0950019197632242,0.109333333333333,0.000666666666666667,0.999333333333333,0.000666666666666667,0.000666666666666667,0.005,0.05,0.005,0.01,0.01,1.65,0.00792303544008614,100,0.0792303544008614,0.759511111111111,100,0,0,"Prop_0.50",30,6.25e-05,"Low","Beta",2000,FALSE
"BL433","MIMOSA2","BFDR",0.05,100,0.0123590141224356,100,0.123590141224356,0.216,0.00290206784126958,0.988,0.00290206784126958,0.012,0.0105716869660985,0.105716869660985,0.0400515873015873,0.0368452949177471,0.16,3.42,0.00792303544008614,100,0.0792303544008614,0.759511111111111,100,0,0,"Prop_0.50",30,6.25e-05,"Low","Beta",2000,FALSE
"BL434","DiD","BH",0.01,100,0.0069876062208811,100,0.069876062208811,0.0752173913043478,0,1,0,0,0,0,0,0,0,1.73,0.00860628875160702,100,0.0860628875160702,0.801335403726708,100,0,0,"Prop_0.75",30,6.25e-05,"Low","Beta",2000,FALSE
"BL434","DiD","BH",0.05,100,0.0113780912818889,100,0.113780912818889,0.156521739130435,0.00201007563051842,0.997142857142857,0.00201007563051842,0.00285714285714286,0.00234776381893387,0.0234776381893387,0.00325,0.014070529413629,0.02,3.62,0.00860628875160702,100,0.0860628875160702,0.801335403726708,100,0,0,"Prop_0.75",30,6.25e-05,"Low","Beta",2000,FALSE
"BL434","DiD","unadjusted",0.01,100,0.0079441396270271,100,0.079441396270271,0.17695652173913,0.00201007563051842,0.997142857142857,0.00201007563051842,0.00285714285714286,0.00318574793400073,0.0318574793400073,0.0045,0.014070529413629,0.02,4.09,0.00860628875160702,100,0.0860628875160702,0.801335403726708,100,0,0,"Prop_0.75",30,6.25e-05,"Low","Beta",2000,FALSE
"BL434","DiD","unadjusted",0.05,100,0.00980067136430742,100,0.0980067136430742,0.32,0.00587788885627487,0.974285714285714,0.00587788885627487,0.0257142857142857,0.00505482941707288,0.0505482941707288,0.0211505439005439,0.0377525168068637,0.17,7.54,0.00860628875160702,100,0.0860628875160702,0.801335403726708,100,0,0,"Prop_0.75",30,6.25e-05,"Low","Beta",2000,FALSE
"BL434","MIMOSA2","BFDR",0.01,100,0.00962690215179286,100,0.0962690215179286,0.12695652173913,0.00201007563051842,0.997142857142857,0.00201007563051842,0.00285714285714286,0.0028668216293276,0.028668216293276,0.00392857142857143,0.014070529413629,0.02,2.94,0.00855531206511304,100,0.0855531206511304,0.773198757763975,100,0,0,"Prop_0.75",30,6.25e-05,"Low","Beta",2000,FALSE
"BL434","MIMOSA2","BFDR",0.05,100,0.0129947854111355,100,0.129947854111355,0.242608695652174,0.00512671830403767,0.978571428571429,0.00512671830403767,0.0214285714285714,0.00612413067522426,0.0612413067522426,0.0230598845598846,0.0358870281282637,0.15,5.73,0.00855531206511304,100,0.0855531206511304,0.773198757763975,100,0,0,"Prop_0.75",30,6.25e-05,"Low","Beta",2000,FALSE
"BL435","DiD","BH",0.01,100,0.00593842210318167,100,0.0593842210318167,0.0714814814814815,0,1,0,0,0,0,0,0,0,1.93,0.012369130675036,100,0.12369130675036,0.779074074074074,100,0,0,"Prop_0.90",30,6.25e-05,"Low","Beta",2000,FALSE
"BL435","DiD","BH",0.05,100,0.00976621883629761,100,0.0976621883629761,0.16962962962963,0,1,0,0,0,0,0,0,0,4.58,0.012369130675036,100,0.12369130675036,0.779074074074074,100,0,0,"Prop_0.90",30,6.25e-05,"Low","Beta",2000,FALSE
"BL435","DiD","unadjusted",0.01,100,0.00729155569426063,100,0.0729155569426063,0.176666666666667,0,1,0,0,0,0,0,0,0,4.77,0.012369130675036,100,0.12369130675036,0.779074074074074,100,0,0,"Prop_0.90",30,6.25e-05,"Low","Beta",2000,FALSE
"BL435","DiD","unadjusted",0.05,100,0.00902156562960236,100,0.0902156562960235,0.321851851851852,0.00925993263544714,0.98,0.00925993263544714,0.02,0.00401196020197836,0.0401196020197836,0.00778943278943279,0.021904291355759,0.05,8.75,0.012369130675036,100,0.12369130675036,0.779074074074074,100,0,0,"Prop_0.90",30,6.25e-05,"Low","Beta",2000,FALSE
"BL435","MIMOSA2","BFDR",0.01,100,0.00816513550792964,100,0.0816513550792964,0.14,0.00333333333333333,0.996666666666667,0.00333333333333333,0.00333333333333333,0.002,0.02,0.002,0.01,0.01,3.79,0.0121772776980783,100,0.121772776980783,0.750864197530864,100,0,0,"Prop_0.90",30,6.25e-05,"Low","Beta",2000,FALSE
"BL435","MIMOSA2","BFDR",0.05,100,0.0113648542390988,100,0.113648542390988,0.26962962962963,0.00571488693325884,0.99,0.00571488693325884,0.01,0.00184371951732386,0.0184371951732386,0.00322222222222222,0.0171446607997765,0.03,7.31,0.0121772776980783,100,0.121772776980783,0.750864197530864,100,0,0,"Prop_0.90",30,6.25e-05,"Low","Beta",2000,FALSE
"BL436","DiD","BH",0.01,100,0.00967345634071698,100,0.0967345634071698,0.044,0,1,0,0,0,0,0,0,0,0.22,0.0109667624683535,100,0.109667624683535,0.789688888888889,100,0,0,"Prop_0.10",50,6.25e-05,"Low","Beta",2000,FALSE
"BL436","DiD","BH",0.05,100,0.0140647851678645,100,0.140647851678645,0.096,0.000222222222222223,0.999777777777778,0.000222222222222223,0.000222222222222223,0.01,0.1,0.01,0.01,0.01,0.49,0.0109667624683535,100,0.109667624683535,0.789688888888889,100,0,0,"Prop_0.10",50,6.25e-05,"Low","Beta",2000,FALSE
"BL436","DiD","unadjusted",0.01,100,0.0168786518682295,100,0.168786518682295,0.186,0.00075110593108807,0.997111111111111,0.00075110593108807,0.00288888888888889,0.027938424357067,0.27938424357067,0.0983333333333333,0.0337997668989631,0.13,1.06,0.0109667624683535,100,0.109667624683535,0.789688888888889,100,0,0,"Prop_0.10",50,6.25e-05,"Low","Beta",2000,FALSE
"BL436","DiD","unadjusted",0.05,100,0.0203752672412294,100,0.203752672412294,0.35,0.0023824398111594,0.975333333333333,0.0023824398111594,0.0246666666666667,0.0313984492785983,0.313984492785983,0.344380952380952,0.0482418151324422,0.64,2.86,0.0109667624683535,100,0.109667624683535,0.789688888888889,100,0,0,"Prop_0.10",50,6.25e-05,"Low","Beta",2000,FALSE
"BL436","MIMOSA2","BFDR",0.01,100,0.0146280483311957,100,0.146280483311957,0.104,0,1,0,0,0,0,0,0,0,0.52,0.0129910366520891,100,0.129910366520891,0.768288888888889,100,0,0,"Prop_0.10",50,6.25e-05,"Low","Beta",2000,FALSE
"BL436","MIMOSA2","BFDR",0.05,100,0.0172257735015666,100,0.172257735015666,0.168,0.00105018125027836,0.996222222222222,0.00105018125027836,0.00377777777777778,0.0230258723365145,0.230258723365145,0.08,0.0337997668989631,0.13,1.01,0.0129910366520891,100,0.129910366520891,0.768288888888889,100,0,0,"Prop_0.10",50,6.25e-05,"Low","Beta",2000,FALSE
"BL437","DiD","BH",0.01,100,0.0071694902094311,100,0.071694902094311,0.0615384615384615,0,1,0,0,0,0,0,0,0,0.8,0.00801973134683092,100,0.0801973134683092,0.788596673596674,100,0,0,"Prop_0.25",50,6.25e-05,"Low","Beta",2000,FALSE
"BL437","DiD","BH",0.05,100,0.00965949478283857,100,0.0965949478283857,0.102307692307692,0.000532287528559276,0.998918918918919,0.000532287528559276,0.00108108108108108,0.0047396884353981,0.047396884353981,0.00933333333333333,0.0196946385566932,0.04,1.37,0.00801973134683092,100,0.0801973134683092,0.788596673596674,100,0,0,"Prop_0.25",50,6.25e-05,"Low","Beta",2000,FALSE
"BL437","DiD","unadjusted",0.01,100,0.0104022268573099,100,0.104022268573099,0.181538461538462,0.000777360787201786,0.997567567567568,0.000777360787201786,0.00243243243243243,0.0111257983736025,0.111257983736025,0.0323333333333333,0.0287623491264661,0.09,2.45,0.00801973134683092,100,0.0801973134683092,0.788596673596674,100,0,0,"Prop_0.25",50,6.25e-05,"Low","Beta",2000,FALSE
"BL437","DiD","unadjusted",0.05,100,0.013223503181816,100,0.13223503181816,0.316923076923077,0.00250785486403535,0.98,0.00250785486403535,0.02,0.0161666912981465,0.161666912981465,0.141019841269841,0.0502418393795691,0.51,4.86,0.00801973134683092,100,0.0801973134683092,0.788596673596674,100,0,0,"Prop_0.25",50,6.25e-05,"Low","Beta",2000,FALSE
"BL437","MIMOSA2","BFDR",0.01,100,0.00827584618199804,100,0.0827584618199804,0.0930769230769231,0.00027027027027027,0.99972972972973,0.00027027027027027,0.00027027027027027,0.00333333333333333,0.0333333333333333,0.00333333333333333,0.01,0.01,1.22,0.00887744904069993,100,0.0887744904069993,0.764220374220374,100,0,0,"Prop_0.25",50,6.25e-05,"Low","Beta",2000,FALSE
"BL437","MIMOSA2","BFDR",0.05,100,0.0122082227570952,100,0.122082227570952,0.16,0.000867097173686008,0.997567567567568,0.000867097173686008,0.00243243243243243,0.00892260502912337,0.0892260502912337,0.0253571428571429,0.0272659924344291,0.08,2.17,0.00887744904069993,100,0.0887744904069993,0.764220374220374,100,0,0,"Prop_0.25",50,6.25e-05,"Low","Beta",2000,FALSE
"BL438","DiD","BH",0.01,100,0.00761614446853896,100,0.0761614446853896,0.0812,0,1,0,0,0,0,0,0,0,2.03,0.00552929681174046,100,0.0552929681174046,0.79696,100,0,0,"Prop_0.50",50,6.25e-05,"Low","Beta",2000,FALSE
"BL438","DiD","BH",0.05,100,0.00927287779636196,100,0.0927287779636196,0.1544,0.000562821176545159,0.9992,0.000562821176545159,0.000800000000000001,0.00199372378490354,0.0199372378490354,0.00277777777777778,0.014070529413629,0.02,3.88,0.00552929681174046,100,0.0552929681174046,0.79696,100,0,0,"Prop_0.50",50,6.25e-05,"Low","Beta",2000,FALSE
"BL438","DiD","unadjusted",0.01,100,0.0076373351955305,100,0.076373351955305,0.2012,0.00102572959990497,0.9972,0.00102572959990497,0.0028,0.00471529072811352,0.0471529072811352,0.012468253968254,0.0256432399976243,0.07,5.1,0.00552929681174046,100,0.0552929681174046,0.79696,100,0,0,"Prop_0.50",50,6.25e-05,"Low","Beta",2000,FALSE
"BL438","DiD","unadjusted",0.05,100,0.00952521374929177,100,0.0952521374929177,0.3524,0.00303621241987214,0.9744,0.00303621241987214,0.0256,0.00764310970400278,0.0764310970400278,0.0639913974913975,0.0502418393795691,0.49,9.45,0.00552929681174046,100,0.0552929681174046,0.79696,100,0,0,"Prop_0.50",50,6.25e-05,"Low","Beta",2000,FALSE
"BL438","MIMOSA2","BFDR",0.01,100,0.00897952778223439,100,0.0897952778223439,0.1188,0.000685786431991062,0.9988,0.000685786431991062,0.0012,0.00562904787523028,0.0562904787523028,0.00840909090909091,0.0171446607997765,0.03,3,0.00572763725503392,100,0.0572763725503392,0.767376,100,0,0,"Prop_0.50",50,6.25e-05,"Low","Beta",2000,FALSE
"BL438","MIMOSA2","BFDR",0.05,100,0.0110562199688682,100,0.110562199688682,0.2168,0.00271799093954979,0.9892,0.00271799093954979,0.0108,0.00704586315004118,0.0704586315004118,0.0310873015873016,0.0394277244403663,0.19,5.69,0.00572763725503392,100,0.0572763725503392,0.767376,100,0,0,"Prop_0.50",50,6.25e-05,"Low","Beta",2000,FALSE
"BL439","DiD","BH",0.01,100,0.00572629976230674,100,0.0572629976230674,0.0836842105263158,0,1,0,0,0,0,0,0,0,3.18,0.00519514241252039,100,0.0519514241252039,0.795120614035088,100,0,0,"Prop_0.75",50,6.25e-05,"Low","Beta",2000,FALSE
"BL439","DiD","BH",0.05,100,0.00875980022619227,100,0.0875980022619227,0.170526315789474,0.00142872173331471,0.9975,0.00142872173331471,0.0025,0.00143882759259192,0.0143882759259192,0.00251165501165501,0.0171446607997765,0.03,6.51,0.00519514241252039,100,0.0519514241252039,0.795120614035088,100,0,0,"Prop_0.75",50,6.25e-05,"Low","Beta",2000,FALSE
"BL439","DiD","unadjusted",0.01,100,0.00648950362886981,100,0.0648950362886981,0.187894736842105,0.00164121987972444,0.996666666666667,0.00164121987972444,0.00333333333333333,0.00343271277389508,0.0343271277389508,0.00640909090909091,0.0196946385566932,0.04,7.18,0.00519514241252039,100,0.0519514241252039,0.795120614035088,100,0,0,"Prop_0.75",50,6.25e-05,"Low","Beta",2000,FALSE
"BL439","DiD","unadjusted",0.05,100,0.00664606907863099,100,0.0664606907863099,0.337894736842105,0.0039806983804302,0.975833333333333,0.0039806983804302,0.0241666666666667,0.00340678774587872,0.0340678774587872,0.020420054618584,0.0451260859854213,0.28,13.13,0.00519514241252039,100,0.0519514241252039,0.795120614035088,100,0,0,"Prop_0.75",50,6.25e-05,"Low","Beta",2000,FALSE
"BL439","MIMOSA2","BFDR",0.01,100,0.00730372409700051,100,0.0730372409700051,0.139210526315789,0.00213693666646869,0.994166666666667,0.00213693666646869,0.00583333333333334,0.00327058589228631,0.0327058589228631,0.00862276612276612,0.0256432399976243,0.07,5.36,0.0058327840000883,100,0.058327840000883,0.763146929824561,100,0,0,"Prop_0.75",50,6.25e-05,"Low","Beta",2000,FALSE
"BL439","MIMOSA2","BFDR",0.05,100,0.00934252644107529,100,0.0934252644107529,0.254736842105263,0.0035769557999244,0.98,0.0035769557999244,0.02,0.00393406479152502,0.0393406479152502,0.0210274847701318,0.0429234695990928,0.24,9.92,0.0058327840000883,100,0.058327840000883,0.763146929824561,100,0,0,"Prop_0.75",50,6.25e-05,"Low","Beta",2000,FALSE
"BL440","DiD","BH",0.01,100,0.00572051394853565,100,0.0572051394853565,0.092,0,1,0,0,0,0,0,0,0,4.14,0.00771313977913828,100,0.0771313977913828,0.797911111111111,100,0,0,"Prop_0.90",50,6.25e-05,"Low","Beta",2000,FALSE
"BL440","DiD","BH",0.05,100,0.0079656326274193,100,0.079656326274193,0.180888888888889,0.00281410588272579,0.996,0.00281410588272579,0.004,0.00106191597800024,0.0106191597800024,0.0015,0.014070529413629,0.02,8.16,0.00771313977913828,100,0.0771313977913828,0.797911111111111,100,0,0,"Prop_0.90",50,6.25e-05,"Low","Beta",2000,FALSE
"BL440","DiD","unadjusted",0.01,100,0.0055896150121933,100,0.055896150121933,0.187111111111111,0.00281410588272579,0.996,0.00281410588272579,0.004,0.00117254411780241,0.0117254411780241,0.00166666666666667,0.014070529413629,0.02,8.44,0.00771313977913828,100,0.0771313977913828,0.797911111111111,100,0,0,"Prop_0.90",50,6.25e-05,"Low","Beta",2000,FALSE
"BL440","DiD","unadjusted",0.05,100,0.00683480452805895,100,0.0683480452805895,0.331777777777778,0.00545319848688581,0.984,0.00545319848688581,0.016,0.00172406883949813,0.0172406883949813,0.00499288048552754,0.0272659924344291,0.08,15.01,0.00771313977913828,100,0.0771313977913828,0.797911111111111,100,0,0,"Prop_0.90",50,6.25e-05,"Low","Beta",2000,FALSE
"BL440","MIMOSA2","BFDR",0.01,100,0.00739878285794527,100,0.0739878285794527,0.152,0.002,0.998,0.002,0.002,0.00166666666666667,0.0166666666666667,0.00166666666666667,0.01,0.01,6.85,0.00789212213030601,100,0.07892122130306,0.774133333333333,100,0,0,"Prop_0.90",50,6.25e-05,"Low","Beta",2000,FALSE
"BL440","MIMOSA2","BFDR",0.05,100,0.00977030119211846,100,0.0977030119211846,0.272666666666667,0.00653197264742181,0.976,0.00653197264742181,0.024,0.00235160356133696,0.0235160356133696,0.00834495080083315,0.032659863237109,0.12,12.39,0.00789212213030601,100,0.07892122130306,0.774133333333333,100,0,0,"Prop_0.90",50,6.25e-05,"Low","Beta",2000,FALSE
"BL441","DiD","BH",0.01,100,0.00802851609620799,100,0.0802851609620799,0.0575,0,1,0,0,0,0,0,0,0,0.46,0.00871785187066154,100,0.0871785187066154,0.806856343283582,100,0,0,"Prop_0.10",75,6.25e-05,"Low","Beta",2000,FALSE
"BL441","DiD","BH",0.05,100,0.0107036232419238,100,0.107036232419238,0.09875,0.000332390303512856,0.99955223880597,0.000332390303512856,0.000447761194029851,0.0111350751676807,0.111350751676807,0.015,0.014070529413629,0.02,0.82,0.00871785187066154,100,0.0871785187066154,0.806856343283582,100,0,0,"Prop_0.10",75,6.25e-05,"Low","Beta",2000,FALSE
"BL441","DiD","unadjusted",0.01,100,0.0136329962172145,100,0.136329962172145,0.21,0.000746268656716419,0.996268656716418,0.000746268656716419,0.0037313432835821,0.0252692515312927,0.252692515312927,0.1135,0.0416333199893227,0.22,1.93,0.00871785187066154,100,0.0871785187066154,0.806856343283582,100,0,0,"Prop_0.10",75,6.25e-05,"Low","Beta",2000,FALSE
"BL441","DiD","unadjusted",0.05,100,0.0152478471737601,100,0.152478471737601,0.35875,0.00186851885862708,0.973432835820896,0.00186851885862708,0.0265671641791045,0.0211794978478829,0.211794978478829,0.355573232323232,0.0368452949177471,0.84,4.65,0.00871785187066154,100,0.0871785187066154,0.806856343283582,100,0,0,"Prop_0.10",75,6.25e-05,"Low","Beta",2000,FALSE
"BL441","MIMOSA2","BFDR",0.01,100,0.0101837598482321,100,0.101837598482321,0.09125,0,1,0,0,0,0,0,0,0,0.73,0.0098937600995531,100,0.098937600995531,0.773759328358209,100,0,0,"Prop_0.10",75,6.25e-05,"Low","Beta",2000,FALSE
"BL441","MIMOSA2","BFDR",0.05,100,0.0141972708645007,100,0.141972708645007,0.15375,0.000752424482742833,0.996716417910448,0.000752424482742833,0.00328358208955225,0.0215864287394628,0.215864287394628,0.0895,0.0394277244403663,0.19,1.45,0.0098937600995531,100,0.098937600995531,0.773759328358209,100,0,0,"Prop_0.10",75,6.25e-05,"Low","Beta",2000,FALSE
"BL442","DiD","BH",0.01,100,0.00711652679978408,100,0.0711652679978408,0.0684210526315789,0,1,0,0,0,0,0,0,0,1.3,0.00678821406878359,100,0.0678821406878359,0.786672932330827,100,0,0,"Prop_0.25",75,6.25e-05,"Low","Beta",2000,FALSE
"BL442","DiD","BH",0.05,100,0.0102891952874145,100,0.102891952874145,0.135789473684211,0.000306154657138867,0.999464285714286,0.000306154657138867,0.000535714285714287,0.00436637459466562,0.0436637459466562,0.00726190476190476,0.0171446607997765,0.03,2.61,0.00678821406878359,100,0.0678821406878359,0.786672932330827,100,0,0,"Prop_0.25",75,6.25e-05,"Low","Beta",2000,FALSE
"BL442","DiD","unadjusted",0.01,100,0.00975310078392345,100,0.0975310078392345,0.211578947368421,0.000817529487539944,0.995535714285714,0.000817529487539944,0.00446428571428573,0.0121922081413931,0.121922081413931,0.0615321067821068,0.0429234695990928,0.24,4.27,0.00678821406878359,100,0.0678821406878359,0.786672932330827,100,0,0,"Prop_0.25",75,6.25e-05,"Low","Beta",2000,FALSE
"BL442","DiD","unadjusted",0.05,100,0.0115774973718756,100,0.115774973718756,0.349473684210526,0.0019903491902151,0.973035714285714,0.0019903491902151,0.0269642857142857,0.01309604983102,0.1309604983102,0.186510656010656,0.0368452949177471,0.84,8.15,0.00678821406878359,100,0.0678821406878359,0.786672932330827,100,0,0,"Prop_0.25",75,6.25e-05,"Low","Beta",2000,FALSE
"BL442","MIMOSA2","BFDR",0.01,100,0.0081843049716683,100,0.081843049716683,0.115263157894737,0.000306154657138867,0.999464285714286,0.000306154657138867,0.000535714285714287,0.0106723469723857,0.106723469723857,0.0153333333333333,0.0171446607997765,0.03,2.22,0.00765444692903197,100,0.0765444692903197,0.763952067669173,100,0,0,"Prop_0.25",75,6.25e-05,"Low","Beta",2000,FALSE
"BL442","MIMOSA2","BFDR",0.05,100,0.0105075590463436,100,0.105075590463436,0.199473684210526,0.000853006795806473,0.994821428571429,0.000853006795806473,0.00517857142857144,0.0102082868633925,0.102082868633925,0.0572857142857143,0.0451260859854213,0.28,4.08,0.00765444692903197,100,0.0765444692903197,0.763952067669173,100,0,0,"Prop_0.25",75,6.25e-05,"Low","Beta",2000,FALSE
"BL443","DiD","BH",0.01,100,0.00520293832055696,100,0.0520293832055696,0.0660526315789474,0,1,0,0,0,0,0,0,0,2.51,0.00514710196906,100,0.0514710196906,0.794416785206259,100,0,0,"Prop_0.50",75,6.25e-05,"Low","Beta",2000,FALSE
"BL443","DiD","BH",0.05,100,0.0074090831414559,100,0.074090831414559,0.127631578947368,0.000867097173686008,0.997567567567568,0.000867097173686008,0.00243243243243243,0.00430006121010348,0.0430006121010348,0.0107864357864358,0.0272659924344291,0.08,4.94,0.00514710196906,100,0.0514710196906,0.794416785206259,100,0,0,"Prop_0.50",75,6.25e-05,"Low","Beta",2000,FALSE
"BL443","DiD","unadjusted",0.01,100,0.0062209339802353,100,0.062209339802353,0.177368421052632,0.00119610576381713,0.994864864864865,0.00119610576381713,0.00513513513513513,0.00563739986694141,0.0563739986694141,0.0235165945165945,0.0377525168068637,0.17,6.93,0.00514710196906,100,0.0514710196906,0.794416785206259,100,0,0,"Prop_0.50",75,6.25e-05,"Low","Beta",2000,FALSE
"BL443","DiD","unadjusted",0.05,100,0.00726877830755936,100,0.0726877830755936,0.325526315789474,0.00261261261261261,0.974864864864865,0.00261261261261261,0.0251351351351351,0.00689628245577179,0.0689628245577179,0.0668600071370128,0.049431107042371,0.59,13.3,0.00514710196906,100,0.0514710196906,0.794416785206259,100,0,0,"Prop_0.50",75,6.25e-05,"Low","Beta",2000,FALSE
"BL443","MIMOSA2","BFDR",0.01,100,0.00637312272345921,100,0.0637312272345921,0.116842105263158,0.000532287528559276,0.998918918918919,0.000532287528559276,0.00108108108108108,0.00409870396753847,0.0409870396753847,0.00735353535353535,0.0196946385566932,0.04,4.48,0.00523859994286633,100,0.0523859994286633,0.770206258890469,100,0,0,"Prop_0.50",75,6.25e-05,"Low","Beta",2000,FALSE
"BL443","MIMOSA2","BFDR",0.05,100,0.00854650539190993,100,0.0854650539190993,0.208157894736842,0.00191668940318792,0.989459459459459,0.00191668940318792,0.0105405405405405,0.00856822112570593,0.0856822112570593,0.0425113677172501,0.0451260859854213,0.28,8.3,0.00523859994286633,100,0.0523859994286633,0.770206258890469,100,0,0,"Prop_0.50",75,6.25e-05,"Low","Beta",2000,FALSE
"BL444","DiD","BH",0.01,100,0.00414170009219398,100,0.0414170009219398,0.0692857142857143,0,1,0,0,0,0,0,0,0,3.88,0.00543056873385167,100,0.0543056873385167,0.785747180451128,100,0,0,"Prop_0.75",75,6.25e-05,"Low","Beta",2000,FALSE
"BL444","DiD","BH",0.05,100,0.00659543246779386,100,0.0659543246779386,0.144107142857143,0.000740554179664683,0.998947368421053,0.000740554179664683,0.00105263157894737,0.00125545846637447,0.0125545846637447,0.00176923076923077,0.014070529413629,0.02,8.09,0.00543056873385167,100,0.0543056873385167,0.785747180451128,100,0,0,"Prop_0.75",75,6.25e-05,"Low","Beta",2000,FALSE
"BL444","DiD","unadjusted",0.01,100,0.00542522277480441,100,0.0542522277480441,0.171607142857143,0.00115285743977679,0.997368421052632,0.00115285743977679,0.00263157894736842,0.00315669915199059,0.0315669915199059,0.00680952380952381,0.021904291355759,0.05,9.66,0.00543056873385167,100,0.0543056873385167,0.785747180451128,100,0,0,"Prop_0.75",75,6.25e-05,"Low","Beta",2000,FALSE
"BL444","DiD","unadjusted",0.05,100,0.00574856690305319,100,0.0574856690305319,0.321785714285714,0.0033833236262436,0.975263157894737,0.0033833236262436,0.0247368421052632,0.00355535179916995,0.0355535179916995,0.0253693935624209,0.0490207130000197,0.39,18.49,0.00543056873385167,100,0.0543056873385167,0.785747180451128,100,0,0,"Prop_0.75",75,6.25e-05,"Low","Beta",2000,FALSE
"BL444","MIMOSA2","BFDR",0.01,100,0.00530806645307049,100,0.0530806645307049,0.133035714285714,0.00115285743977679,0.997368421052632,0.00115285743977679,0.00263157894736842,0.00218366142005027,0.0218366142005027,0.00489357864357864,0.021904291355759,0.05,7.5,0.00524950769087856,100,0.0524950769087857,0.757166353383459,100,0,0,"Prop_0.75",75,6.25e-05,"Low","Beta",2000,FALSE
"BL444","MIMOSA2","BFDR",0.05,100,0.00756497570730215,100,0.0756497570730215,0.245535714285714,0.00324184012669261,0.98,0.00324184012669261,0.02,0.00421643179899868,0.0421643179899868,0.0255139583629454,0.0468826172262151,0.32,14.13,0.00524950769087856,100,0.0524950769087857,0.757166353383459,100,0,0,"Prop_0.75",75,6.25e-05,"Low","Beta",2000,FALSE
"BL445","DiD","BH",0.01,100,0.00396750612095615,100,0.0396750612095615,0.0766176470588235,0,1,0,0,0,0,0,0,0,5.21,0.0072972605141611,100,0.072972605141611,0.792573529411765,100,0,0,"Prop_0.90",75,6.25e-05,"Low","Beta",2000,FALSE
"BL445","DiD","BH",0.05,100,0.00725542887232395,100,0.0725542887232395,0.170735294117647,0.00201007563051842,0.997142857142857,0.00201007563051842,0.00285714285714286,0.00091320642166016,0.0091320642166016,0.00126923076923077,0.014070529413629,0.02,11.63,0.0072972605141611,100,0.072972605141611,0.792573529411765,100,0,0,"Prop_0.90",75,6.25e-05,"Low","Beta",2000,FALSE
"BL445","DiD","unadjusted",0.01,100,0.00526872168480687,100,0.0526872168480687,0.179117647058824,0.00201007563051842,0.997142857142857,0.00201007563051842,0.00285714285714286,0.00118491981605024,0.0118491981605024,0.00167832167832168,0.014070529413629,0.02,12.2,0.0072972605141611,100,0.072972605141611,0.792573529411765,100,0,0,"Prop_0.90",75,6.25e-05,"Low","Beta",2000,FALSE
"BL445","DiD","unadjusted",0.05,100,0.0059064235678186,100,0.059064235678186,0.331029411764706,0.00621871680272053,0.974285714285714,0.00621871680272053,0.0257142857142857,0.002087069399388,0.02087069399388,0.00836869138445415,0.0368452949177471,0.16,22.69,0.0072972605141611,100,0.072972605141611,0.792573529411765,100,0,0,"Prop_0.90",75,6.25e-05,"Low","Beta",2000,FALSE
"BL445","MIMOSA2","BFDR",0.01,100,0.00558399235365801,100,0.0558399235365801,0.149852941176471,0.00244923725711093,0.995714285714286,0.00244923725711093,0.00428571428571429,0.00135647429503822,0.0135647429503822,0.00237179487179487,0.0171446607997765,0.03,10.22,0.00682320723702143,100,0.0682320723702143,0.76625,100,0,0,"Prop_0.90",75,6.25e-05,"Low","Beta",2000,FALSE
"BL445","MIMOSA2","BFDR",0.05,100,0.00725718998463144,100,0.0725718998463144,0.271764705882353,0.00492993581716943,0.984285714285714,0.00492993581716943,0.0157142857142857,0.00183557303489094,0.0183557303489094,0.005689883645766,0.0301511344577764,0.1,18.59,0.00682320723702143,100,0.0682320723702143,0.76625,100,0,0,"Prop_0.90",75,6.25e-05,"Low","Beta",2000,FALSE
"BL446","DiD","BH",0.01,100,0.00726065917924617,100,0.0726065917924617,0.059,0,1,0,0,0,0,0,0,0,0.59,0.00871114274828768,100,0.0871114274828768,0.7888,100,0,0,"Prop_0.10",100,6.25e-05,"Low","Beta",2000,FALSE
"BL446","DiD","BH",0.05,100,0.00975404603953734,100,0.0975404603953734,0.091,0,1,0,0,0,0,0,0,0,0.91,0.00871114274828768,100,0.0871114274828768,0.7888,100,0,0,"Prop_0.10",100,6.25e-05,"Low","Beta",2000,FALSE
"BL446","DiD","unadjusted",0.01,100,0.0110878038375232,100,0.110878038375232,0.173,0.00059343374644763,0.997333333333333,0.00059343374644763,0.00266666666666666,0.0199976078816356,0.199976078816356,0.0881666666666667,0.0402015126103685,0.2,1.97,0.00871114274828768,100,0.0871114274828768,0.7888,100,0,0,"Prop_0.10",100,6.25e-05,"Low","Beta",2000,FALSE
"BL446","DiD","unadjusted",0.05,100,0.0143811745632331,100,0.143811745632331,0.305,0.00156733554665234,0.977888888888889,0.00156733554665234,0.0221111111111111,0.0201658383961759,0.201658383961759,0.370735930735931,0.031446603773522,0.89,5.04,0.00871114274828768,100,0.0871114274828768,0.7888,100,0,0,"Prop_0.10",100,6.25e-05,"Low","Beta",2000,FALSE
"BL446","MIMOSA2","BFDR",0.01,100,0.00879393730551528,100,0.0879393730551528,0.088,0.000156339215706988,0.999777777777778,0.000156339215706988,0.000222222222222221,0.0105089347908202,0.105089347908202,0.0133333333333333,0.014070529413629,0.02,0.9,0.0101730058033845,100,0.101730058033845,0.774361111111111,100,0,0,"Prop_0.10",100,6.25e-05,"Low","Beta",2000,FALSE
"BL446","MIMOSA2","BFDR",0.05,100,0.0118492210884952,100,0.118492210884952,0.15,0.000707239037202141,0.996333333333333,0.000707239037202141,0.00366666666666666,0.0220671101708104,0.220671101708104,0.113,0.0435194139889245,0.25,1.83,0.0101730058033845,100,0.101730058033845,0.774361111111111,100,0,0,"Prop_0.10",100,6.25e-05,"Low","Beta",2000,FALSE
"BL447","DiD","BH",0.01,100,0.00543702235798347,100,0.0543702235798347,0.0612,0,1,0,0,0,0,0,0,0,1.53,0.00491527410011251,100,0.0491527410011251,0.796237333333333,100,0,0,"Prop_0.25",100,6.25e-05,"Low","Beta",2000,FALSE
"BL447","DiD","BH",0.05,100,0.00810626394533975,100,0.0810626394533975,0.1116,0.000292057218076787,0.999333333333333,0.000292057218076787,0.000666666666666665,0.00596394451581181,0.0596394451581181,0.0117619047619048,0.021904291355759,0.05,2.84,0.00491527410011251,100,0.0491527410011251,0.796237333333333,100,0,0,"Prop_0.25",100,6.25e-05,"Low","Beta",2000,FALSE
"BL447","DiD","unadjusted",0.01,100,0.00792530788364118,100,0.0792530788364118,0.1824,0.000874530497735932,0.996133333333333,0.000874530497735932,0.00386666666666666,0.0133163304522882,0.133163304522882,0.0593452380952381,0.0409360180740332,0.21,4.85,0.00491527410011251,100,0.0491527410011251,0.796237333333333,100,0,0,"Prop_0.25",100,6.25e-05,"Low","Beta",2000,FALSE
"BL447","DiD","unadjusted",0.05,100,0.00936781509189627,100,0.0936781509189627,0.3396,0.00180782685423815,0.976,0.00180782685423815,0.024,0.0120462321928697,0.120462321928697,0.171808203234674,0.0368452949177471,0.84,10.29,0.00491527410011251,100,0.0491527410011251,0.796237333333333,100,0,0,"Prop_0.25",100,6.25e-05,"Low","Beta",2000,FALSE
"BL447","MIMOSA2","BFDR",0.01,100,0.0070986127539332,100,0.070986127539332,0.1044,0.000348155311911395,0.999333333333333,0.000348155311911395,0.000666666666666665,0.0117196488151381,0.117196488151381,0.0203333333333333,0.0196946385566932,0.04,2.66,0.00571548235653836,100,0.0571548235653836,0.775048,100,0,0,"Prop_0.25",100,6.25e-05,"Low","Beta",2000,FALSE
"BL447","MIMOSA2","BFDR",0.05,100,0.00838767734913136,100,0.0838767734913136,0.1852,0.000940997870424613,0.995066666666667,0.000940997870424613,0.00493333333333333,0.0111916440268501,0.111916440268501,0.0653293650793651,0.0460566186471838,0.3,5,0.00571548235653836,100,0.0571548235653836,0.775048,100,0,0,"Prop_0.25",100,6.25e-05,"Low","Beta",2000,FALSE
"BL448","DiD","BH",0.01,100,0.00426264014550853,100,0.0426264014550853,0.0654,0,1,0,0,0,0,0,0,0,3.27,0.00365116663796406,100,0.0365116663796406,0.786406,100,0,0,"Prop_0.50",100,6.25e-05,"Low","Beta",2000,FALSE
"BL448","DiD","BH",0.05,100,0.00635959467611297,100,0.0635959467611297,0.134,0.000342893215995531,0.9994,0.000342893215995531,6e-04,0.00176103047466812,0.0176103047466812,0.00305555555555556,0.0171446607997765,0.03,6.73,0.00365116663796406,100,0.0365116663796406,0.786406,100,0,0,"Prop_0.50",100,6.25e-05,"Low","Beta",2000,FALSE
"BL448","DiD","unadjusted",0.01,100,0.00478528890444348,100,0.0478528890444348,0.185,0.000603022689155528,0.998,0.000603022689155528,0.002,0.00320921325010619,0.0320921325010619,0.0104478021978022,0.0301511344577764,0.1,9.35,0.00365116663796406,100,0.0365116663796406,0.786406,100,0,0,"Prop_0.50",100,6.25e-05,"Low","Beta",2000,FALSE
"BL448","DiD","unadjusted",0.05,100,0.00611046461226786,100,0.0611046461226786,0.3234,0.00210012024667757,0.9756,0.00210012024667757,0.0244,0.00558507463772167,0.0558507463772167,0.0683408847325929,0.0451260859854213,0.72,17.39,0.00365116663796406,100,0.0365116663796406,0.786406,100,0,0,"Prop_0.50",100,6.25e-05,"Low","Beta",2000,FALSE
"BL448","MIMOSA2","BFDR",0.01,100,0.00462452836798117,100,0.0462452836798117,0.1126,0.000393892771133865,0.9992,0.000393892771133865,0.000800000000000001,0.00348843688766071,0.0348843688766071,0.00661111111111111,0.0196946385566932,0.04,5.67,0.00391280772372324,100,0.0391280772372324,0.767894,100,0,0,"Prop_0.50",100,6.25e-05,"Low","Beta",2000,FALSE
"BL448","MIMOSA2","BFDR",0.05,100,0.00615657651162026,100,0.0615657651162026,0.1966,0.00122779263211454,0.9926,0.00122779263211454,0.00740000000000001,0.00576609037730292,0.0576609037730292,0.0332635640503288,0.0460566186471838,0.3,10.2,0.00391280772372324,100,0.0391280772372324,0.767894,100,0,0,"Prop_0.50",100,6.25e-05,"Low","Beta",2000,FALSE
"BL449","DiD","BH",0.01,100,0.00468258947805352,100,0.0468258947805352,0.0752,0,1,0,0,0,0,0,0,0,5.64,0.00453274938603857,100,0.0453274938603857,0.795338666666667,100,0,0,"Prop_0.75",100,6.25e-05,"Low","Beta",2000,FALSE
"BL449","DiD","BH",0.05,100,0.00689149510817777,100,0.0689149510817777,0.162,0.00117275467824841,0.9972,0.00117275467824841,0.0028,0.00212200069706699,0.0212200069706699,0.00509803921568627,0.0238683256575942,0.06,12.22,0.00453274938603857,100,0.0453274938603857,0.795338666666667,100,0,0,"Prop_0.75",100,6.25e-05,"Low","Beta",2000,FALSE
"BL449","DiD","unadjusted",0.01,100,0.00515477179692166,100,0.0515477179692166,0.189733333333333,0.00133333333333333,0.996,0.00133333333333333,0.004,0.00214416887721334,0.0214416887721334,0.00650225651541441,0.0287623491264661,0.09,14.33,0.00453274938603857,100,0.0453274938603857,0.795338666666667,100,0,0,"Prop_0.75",100,6.25e-05,"Low","Beta",2000,FALSE
"BL449","DiD","unadjusted",0.05,100,0.00557774960755895,100,0.0557774960755895,0.3324,0.00315933761117962,0.9728,0.00315933761117962,0.0272,0.00328109346954696,0.0328109346954696,0.0268286888758633,0.0502518907629606,0.5,25.61,0.00453274938603857,100,0.0453274938603857,0.795338666666667,100,0,0,"Prop_0.75",100,6.25e-05,"Low","Beta",2000,FALSE
"BL449","MIMOSA2","BFDR",0.01,100,0.00547310124714535,100,0.0547310124714534,0.1444,0.00078778554226773,0.9984,0.00078778554226773,0.0016,0.00168835523220602,0.0168835523220602,0.00342074592074592,0.0196946385566932,0.04,10.87,0.00420041535865028,100,0.0420041535865028,0.767085333333333,100,0,0,"Prop_0.75",100,6.25e-05,"Low","Beta",2000,FALSE
"BL449","MIMOSA2","BFDR",0.05,100,0.00743479247655726,100,0.0743479247655726,0.2588,0.00228689724078258,0.9832,0.00228689724078258,0.0168,0.00284364121701896,0.0284364121701896,0.0210028247103811,0.0490207130000197,0.39,19.83,0.00420041535865028,100,0.0420041535865028,0.767085333333333,100,0,0,"Prop_0.75",100,6.25e-05,"Low","Beta",2000,FALSE
"BL450","DiD","BH",0.01,100,0.00434937604192935,100,0.0434937604192935,0.0831111111111111,0,1,0,0,0,0,0,0,0,7.48,0.00577709276242247,100,0.0577709276242247,0.792961111111111,100,0,0,"Prop_0.90",100,6.25e-05,"Low","Beta",2000,FALSE
"BL450","DiD","BH",0.05,100,0.00572508999434263,100,0.0572508999434263,0.173111111111111,0.0014070529413629,0.998,0.0014070529413629,0.002,0.000659275491203805,0.00659275491203805,0.000934782608695652,0.014070529413629,0.02,15.6,0.00577709276242247,100,0.0577709276242247,0.792961111111111,100,0,0,"Prop_0.90",100,6.25e-05,"Low","Beta",2000,FALSE
"BL450","DiD","unadjusted",0.01,100,0.00375737210265967,100,0.0375737210265967,0.187,0.0014070529413629,0.998,0.0014070529413629,0.002,0.000686984253680175,0.00686984253680175,0.000976190476190476,0.014070529413629,0.02,16.85,0.00577709276242247,100,0.0577709276242247,0.792961111111111,100,0,0,"Prop_0.90",100,6.25e-05,"Low","Beta",2000,FALSE
"BL450","DiD","unadjusted",0.05,100,0.00480257444366493,100,0.0480257444366493,0.337555555555556,0.00411329453348431,0.985,0.00411329453348431,0.015,0.00126307400160991,0.0126307400160991,0.00462846244872111,0.0337997668989631,0.13,30.53,0.00577709276242247,100,0.0577709276242247,0.792961111111111,100,0,0,"Prop_0.90",100,6.25e-05,"Low","Beta",2000,FALSE
"BL450","MIMOSA2","BFDR",0.01,100,0.00480786859730315,100,0.0480786859730315,0.156222222222222,0.00196946385566932,0.996,0.00196946385566932,0.004,0.00103608695852299,0.0103608695852299,0.00209541232761047,0.0196946385566932,0.04,14.1,0.00669742213651809,100,0.0669742213651809,0.758311111111111,100,0,0,"Prop_0.90",100,6.25e-05,"Low","Beta",2000,FALSE
"BL450","MIMOSA2","BFDR",0.05,100,0.00648663575721759,100,0.0648663575721759,0.279666666666667,0.00479372485441102,0.975,0.00479372485441102,0.025,0.00169392091817129,0.0169392091817129,0.0088397997669572,0.0422952584681651,0.23,25.42,0.00669742213651809,100,0.0669742213651809,0.758311111111111,100,0,0,"Prop_0.90",100,6.25e-05,"Low","Beta",2000,FALSE
"BL451","DiD","BH",0.01,100,NA,0,NA,NA,0,1,0,0,0,0,0,0,0,0,NA,0,NA,NA,100,0,0,"Prop_0.00",10,0,"High","Beta",2000,FALSE
"BL451","DiD","BH",0.05,100,NA,0,NA,NA,0.0014070529413629,0.998,0.0014070529413629,0.002,0.014070529413629,0.14070529413629,0.02,0.014070529413629,0.02,0.02,NA,0,NA,NA,100,0,0,"Prop_0.00",10,0,"High","Beta",2000,FALSE
"BL451","DiD","unadjusted",0.01,100,NA,0,NA,NA,0.00196946385566932,0.996,0.00196946385566932,0.004,0.0196946385566932,0.196946385566932,0.04,0.0196946385566932,0.04,0.04,NA,0,NA,NA,100,0,0,"Prop_0.00",10,0,"High","Beta",2000,FALSE
"BL451","DiD","unadjusted",0.05,100,NA,0,NA,NA,0.0047396884353981,0.976,0.0047396884353981,0.024,0.0416333199893227,0.416333199893227,0.22,0.0416333199893227,0.22,0.24,NA,0,NA,NA,100,0,0,"Prop_0.00",10,0,"High","Beta",2000,FALSE
"BL451","MIMOSA2","BFDR",0.01,93,NA,0,NA,NA,0,1,0,0,0,0,0,0,0,0,NA,0,NA,NA,100,0.07,0.0255147016443461,"Prop_0.00",10,0,"High","Beta",2000,TRUE
"BL451","MIMOSA2","BFDR",0.05,93,NA,0,NA,NA,0.00151237270870704,0.997849462365591,0.00151237270870704,0.0021505376344086,0.0151237270870704,0.145847942232276,0.021505376344086,0.0151237270870704,0.021505376344086,0.021505376344086,NA,0,NA,NA,100,0.07,0.0255147016443461,"Prop_0.00",10,0,"High","Beta",2000,TRUE
"BL452","DiD","BH",0.01,100,NA,0,NA,NA,5e-04,0.9995,5e-04,5e-04,0.01,0.1,0.01,0.01,0.01,0.01,NA,0,NA,NA,100,0,0,"Prop_0.00",20,0,"High","Beta",2000,FALSE
"BL452","DiD","BH",0.05,100,NA,0,NA,NA,0.00109521456778795,0.9975,0.00109521456778795,0.0025,0.021904291355759,0.21904291355759,0.05,0.021904291355759,0.05,0.05,NA,0,NA,NA,100,0,0,"Prop_0.00",20,0,"High","Beta",2000,FALSE
"BL452","DiD","unadjusted",0.01,100,NA,0,NA,NA,0.00174367544009889,0.993,0.00174367544009889,0.00700000000000001,0.0348735088019777,0.348735088019777,0.14,0.0348735088019777,0.14,0.14,NA,0,NA,NA,100,0,0,"Prop_0.00",20,0,"High","Beta",2000,FALSE
"BL452","DiD","unadjusted",0.05,100,NA,0,NA,NA,0.00430497715241652,0.9655,0.00430497715241652,0.0345,0.0502418393795691,0.502418393795691,0.49,0.0502418393795691,0.49,0.69,NA,0,NA,NA,100,0,0,"Prop_0.00",20,0,"High","Beta",2000,FALSE
"BL452","MIMOSA2","BFDR",0.01,100,NA,0,NA,NA,0,1,0,0,0,0,0,0,0,0,NA,0,NA,NA,100,0,0,"Prop_0.00",20,0,"High","Beta",2000,FALSE
"BL452","MIMOSA2","BFDR",0.05,100,NA,0,NA,NA,0.000857233039988827,0.9985,0.000857233039988827,0.0015,0.0171446607997765,0.171446607997765,0.03,0.0171446607997765,0.03,0.03,NA,0,NA,NA,100,0,0,"Prop_0.00",20,0,"High","Beta",2000,FALSE
"BL453","DiD","BH",0.01,100,NA,0,NA,NA,0.000333333333333333,0.999666666666667,0.000333333333333333,0.000333333333333333,0.01,0.1,0.01,0.01,0.01,0.01,NA,0,NA,NA,100,0,0,"Prop_0.00",30,0,"High","Beta",2000,FALSE
"BL453","DiD","BH",0.05,100,NA,0,NA,NA,0.000870388279778489,0.998333333333333,0.000870388279778489,0.00166666666666667,0.0196946385566932,0.196946385566932,0.04,0.0196946385566932,0.04,0.05,NA,0,NA,NA,100,0,0,"Prop_0.00",30,0,"High","Beta",2000,FALSE
"BL453","DiD","unadjusted",0.01,100,NA,0,NA,NA,0.00142567447168502,0.994333333333333,0.00142567447168502,0.00566666666666667,0.0358870281282637,0.358870281282637,0.15,0.0358870281282637,0.15,0.17,NA,0,NA,NA,100,0,0,"Prop_0.00",30,0,"High","Beta",2000,FALSE
"BL453","DiD","unadjusted",0.05,100,NA,0,NA,NA,0.0031038877182418,0.968,0.0031038877182418,0.032,0.0482418151324422,0.482418151324422,0.64,0.0482418151324422,0.64,0.96,NA,0,NA,NA,100,0,0,"Prop_0.00",30,0,"High","Beta",2000,FALSE
"BL453","MIMOSA2","BFDR",0.01,100,NA,0,NA,NA,0.000333333333333333,0.999666666666667,0.000333333333333333,0.000333333333333333,0.01,0.1,0.01,0.01,0.01,0.01,NA,0,NA,NA,100,0,0,"Prop_0.00",30,0,"High","Beta",2000,FALSE
"BL453","MIMOSA2","BFDR",0.05,100,NA,0,NA,NA,0.000656487951889774,0.998666666666667,0.000656487951889774,0.00133333333333333,0.0196946385566932,0.196946385566932,0.04,0.0196946385566932,0.04,0.04,NA,0,NA,NA,100,0,0,"Prop_0.00",30,0,"High","Beta",2000,FALSE
"BL454","DiD","BH",0.01,100,NA,0,NA,NA,2e-04,0.9998,2e-04,2e-04,0.01,0.1,0.01,0.01,0.01,0.01,NA,0,NA,NA,100,0,0,"Prop_0.00",50,0,"High","Beta",2000,FALSE
"BL454","DiD","BH",0.05,100,NA,0,NA,NA,0.000438085827115181,0.999,0.000438085827115181,0.001,0.021904291355759,0.21904291355759,0.05,0.021904291355759,0.05,0.05,NA,0,NA,NA,100,0,0,"Prop_0.00",50,0,"High","Beta",2000,FALSE
"BL454","DiD","unadjusted",0.01,100,NA,0,NA,NA,0.00113902315049947,0.9934,0.00113902315049947,0.00660000000000001,0.0451260859854213,0.451260859854213,0.28,0.0451260859854213,0.28,0.33,NA,0,NA,NA,100,0,0,"Prop_0.00",50,0,"High","Beta",2000,FALSE
"BL454","DiD","unadjusted",0.05,100,NA,0,NA,NA,0.00231734783968679,0.9706,0.00231734783968679,0.0294,0.0440844002276808,0.440844002276808,0.74,0.0440844002276808,0.74,1.47,NA,0,NA,NA,100,0,0,"Prop_0.00",50,0,"High","Beta",2000,FALSE
"BL454","MIMOSA2","BFDR",0.01,100,NA,0,NA,NA,0,1,0,0,0,0,0,0,0,0,NA,0,NA,NA,100,0,0,"Prop_0.00",50,0,"High","Beta",2000,FALSE
"BL454","MIMOSA2","BFDR",0.05,100,NA,0,NA,NA,0.000586377339124206,0.9986,0.000586377339124206,0.0014,0.0238683256575942,0.238683256575942,0.06,0.0238683256575942,0.06,0.07,NA,0,NA,NA,100,0,0,"Prop_0.00",50,0,"High","Beta",2000,FALSE
"BL455","DiD","BH",0.01,100,NA,0,NA,NA,0,1,0,0,0,0,0,0,0,0,NA,0,NA,NA,100,0,0,"Prop_0.00",75,0,"High","Beta",2000,FALSE
"BL455","DiD","BH",0.05,100,NA,0,NA,NA,0.000187607058848386,0.999733333333333,0.000187607058848386,0.000266666666666666,0.014070529413629,0.14070529413629,0.02,0.014070529413629,0.02,0.02,NA,0,NA,NA,100,0,0,"Prop_0.00",75,0,"High","Beta",2000,FALSE
"BL455","DiD","unadjusted",0.01,100,NA,0,NA,NA,0.000857632269021193,0.9936,0.000857632269021193,0.00639999999999999,0.0492365963917331,0.492365963917331,0.4,0.0492365963917331,0.4,0.48,NA,0,NA,NA,100,0,0,"Prop_0.00",75,0,"High","Beta",2000,FALSE
"BL455","DiD","unadjusted",0.05,100,NA,0,NA,NA,0.00194635115749518,0.9664,0.00194635115749518,0.0336,0.0272659924344291,0.272659924344291,0.92,0.0272659924344291,0.92,2.52,NA,0,NA,NA,100,0,0,"Prop_0.00",75,0,"High","Beta",2000,FALSE
"BL455","MIMOSA2","BFDR",0.01,100,NA,0,NA,NA,0.000187607058848386,0.999733333333333,0.000187607058848386,0.000266666666666666,0.014070529413629,0.14070529413629,0.02,0.014070529413629,0.02,0.02,NA,0,NA,NA,100,0,0,"Prop_0.00",75,0,"High","Beta",2000,FALSE
"BL455","MIMOSA2","BFDR",0.05,100,NA,0,NA,NA,0.00040997659455243,0.998933333333333,0.00040997659455243,0.00106666666666666,0.0256432399976243,0.256432399976243,0.07,0.0256432399976243,0.07,0.08,NA,0,NA,NA,100,0,0,"Prop_0.00",75,0,"High","Beta",2000,FALSE
"BL456","DiD","BH",0.01,100,NA,0,NA,NA,0,1,0,0,0,0,0,0,0,0,NA,0,NA,NA,100,0,0,"Prop_0.00",100,0,"High","Beta",2000,FALSE
"BL456","DiD","BH",0.05,100,NA,0,NA,NA,0.000171446607997765,0.9997,0.000171446607997765,3e-04,0.0171446607997765,0.171446607997765,0.03,0.0171446607997765,0.03,0.03,NA,0,NA,NA,100,0,0,"Prop_0.00",100,0,"High","Beta",2000,FALSE
"BL456","DiD","unadjusted",0.01,100,NA,0,NA,NA,0.000723068657063964,0.9932,0.000723068657063964,0.00680000000000001,0.0500908265962033,0.500908265962033,0.54,0.0500908265962033,0.54,0.68,NA,0,NA,NA,100,0,0,"Prop_0.00",100,0,"High","Beta",2000,FALSE
"BL456","DiD","unadjusted",0.05,100,NA,0,NA,NA,0.0016446730662808,0.9689,0.0016446730662808,0.0311,0.0171446607997765,0.171446607997765,0.97,0.0171446607997765,0.97,3.11,NA,0,NA,NA,100,0,0,"Prop_0.00",100,0,"High","Beta",2000,FALSE
"BL456","MIMOSA2","BFDR",0.01,100,NA,0,NA,NA,0,1,0,0,0,0,0,0,0,0,NA,0,NA,NA,100,0,0,"Prop_0.00",100,0,"High","Beta",2000,FALSE
"BL456","MIMOSA2","BFDR",0.05,100,NA,0,NA,NA,0.000256432399976243,0.9993,0.000256432399976243,0.000700000000000001,0.0256432399976243,0.256432399976243,0.07,0.0256432399976243,0.07,0.07,NA,0,NA,NA,100,0,0,"Prop_0.00",100,0,"High","Beta",2000,FALSE
"BL457","DiD","BH",0.01,100,NA,0,NA,NA,0.001,0.999,0.001,0.001,0.01,0.1,0.01,0.01,0.01,0.01,NA,0,NA,NA,100,0,0,"Prop_0.00",10,0,"Medium","Beta",2000,FALSE
"BL457","DiD","BH",0.05,100,NA,0,NA,NA,0.0021904291355759,0.995,0.0021904291355759,0.005,0.021904291355759,0.21904291355759,0.05,0.021904291355759,0.05,0.05,NA,0,NA,NA,100,0,0,"Prop_0.00",10,0,"Medium","Beta",2000,FALSE
"BL457","DiD","unadjusted",0.01,100,NA,0,NA,NA,0.00287623491264661,0.991,0.00287623491264661,0.009,0.0287623491264661,0.287623491264661,0.09,0.0287623491264661,0.09,0.09,NA,0,NA,NA,100,0,0,"Prop_0.00",10,0,"Medium","Beta",2000,FALSE
"BL457","DiD","unadjusted",0.05,100,NA,0,NA,NA,0.00538891492235719,0.965,0.00538891492235719,0.035,0.0468826172262151,0.468826172262151,0.32,0.0468826172262151,0.32,0.35,NA,0,NA,NA,100,0,0,"Prop_0.00",10,0,"Medium","Beta",2000,FALSE
"BL457","MIMOSA2","BFDR",0.01,88,NA,0,NA,NA,0.00113636363636364,0.998863636363636,0.00113636363636364,0.00113636363636364,0.0113636363636364,0.106600358177805,0.0113636363636364,0.0113636363636364,0.0113636363636364,0.0113636363636364,NA,0,NA,NA,100,0.12,0.0324961536185438,"Prop_0.00",10,0,"Medium","Beta",2000,TRUE
"BL457","MIMOSA2","BFDR",0.05,88,NA,0,NA,NA,0.00113636363636364,0.998863636363636,0.00113636363636364,0.00113636363636364,0.0113636363636364,0.106600358177805,0.0113636363636364,0.0113636363636364,0.0113636363636364,0.0113636363636364,NA,0,NA,NA,100,0.12,0.0324961536185438,"Prop_0.00",10,0,"Medium","Beta",2000,TRUE
"BL458","DiD","BH",0.01,100,NA,0,NA,NA,0.000703526470681449,0.999,0.000703526470681449,0.001,0.014070529413629,0.14070529413629,0.02,0.014070529413629,0.02,0.02,NA,0,NA,NA,100,0,0,"Prop_0.00",20,0,"Medium","Beta",2000,FALSE
"BL458","DiD","BH",0.05,100,NA,0,NA,NA,0.000703526470681449,0.999,0.000703526470681449,0.001,0.014070529413629,0.14070529413629,0.02,0.014070529413629,0.02,0.02,NA,0,NA,NA,100,0,0,"Prop_0.00",20,0,"Medium","Beta",2000,FALSE
"BL458","DiD","unadjusted",0.01,100,NA,0,NA,NA,0.00163299316185545,0.994,0.00163299316185545,0.00600000000000001,0.032659863237109,0.32659863237109,0.12,0.032659863237109,0.12,0.12,NA,0,NA,NA,100,0,0,"Prop_0.00",20,0,"Medium","Beta",2000,FALSE
"BL458","DiD","unadjusted",0.05,100,NA,0,NA,NA,0.00413503142049548,0.9615,0.00413503142049548,0.0385,0.0497569851956243,0.497569851956243,0.57,0.0497569851956243,0.57,0.77,NA,0,NA,NA,100,0,0,"Prop_0.00",20,0,"Medium","Beta",2000,FALSE
"BL458","MIMOSA2","BFDR",0.01,100,NA,0,NA,NA,0.000703526470681449,0.999,0.000703526470681449,0.001,0.014070529413629,0.14070529413629,0.02,0.014070529413629,0.02,0.02,NA,0,NA,NA,100,0,0,"Prop_0.00",20,0,"Medium","Beta",2000,FALSE
"BL458","MIMOSA2","BFDR",0.05,100,NA,0,NA,NA,0.000703526470681449,0.999,0.000703526470681449,0.001,0.014070529413629,0.14070529413629,0.02,0.014070529413629,0.02,0.02,NA,0,NA,NA,100,0,0,"Prop_0.00",20,0,"Medium","Beta",2000,FALSE
"BL459","DiD","BH",0.01,100,NA,0,NA,NA,0,1,0,0,0,0,0,0,0,0,NA,0,NA,NA,100,0,0,"Prop_0.00",30,0,"Medium","Beta",2000,FALSE
"BL459","DiD","BH",0.05,100,NA,0,NA,NA,0.000333333333333333,0.999666666666667,0.000333333333333333,0.000333333333333333,0.01,0.1,0.01,0.01,0.01,0.01,NA,0,NA,NA,100,0,0,"Prop_0.00",30,0,"Medium","Beta",2000,FALSE
"BL459","DiD","unadjusted",0.01,100,NA,0,NA,NA,0.000977295565207009,0.997666666666667,0.000977295565207009,0.00233333333333333,0.0238683256575942,0.238683256575942,0.06,0.0238683256575942,0.06,0.07,NA,0,NA,NA,100,0,0,"Prop_0.00",30,0,"Medium","Beta",2000,FALSE
"BL459","DiD","unadjusted",0.05,100,NA,0,NA,NA,0.00299719285051279,0.971333333333333,0.00299719285051279,0.0286666666666667,0.0496044963748858,0.496044963748858,0.58,0.0496044963748858,0.58,0.86,NA,0,NA,NA,100,0,0,"Prop_0.00",30,0,"Medium","Beta",2000,FALSE
"BL459","MIMOSA2","BFDR",0.01,100,NA,0,NA,NA,0.000333333333333333,0.999666666666667,0.000333333333333333,0.000333333333333333,0.01,0.1,0.01,0.01,0.01,0.01,NA,0,NA,NA,100,0,0,"Prop_0.00",30,0,"Medium","Beta",2000,FALSE
"BL459","MIMOSA2","BFDR",0.05,100,NA,0,NA,NA,0.000666666666666667,0.999333333333333,0.000666666666666667,0.000666666666666667,0.01,0.1,0.01,0.01,0.01,0.02,NA,0,NA,NA,100,0,0,"Prop_0.00",30,0,"Medium","Beta",2000,FALSE
"BL460","DiD","BH",0.01,100,NA,0,NA,NA,0,1,0,0,0,0,0,0,0,0,NA,0,NA,NA,100,0,0,"Prop_0.00",50,0,"Medium","Beta",2000,FALSE
"BL460","DiD","BH",0.05,100,NA,0,NA,NA,0,1,0,0,0,0,0,0,0,0,NA,0,NA,NA,100,0,0,"Prop_0.00",50,0,"Medium","Beta",2000,FALSE
"BL460","DiD","unadjusted",0.01,100,NA,0,NA,NA,0.000936574458957599,0.9954,0.000936574458957599,0.0046,0.0409360180740332,0.409360180740332,0.21,0.0409360180740332,0.21,0.23,NA,0,NA,NA,100,0,0,"Prop_0.00",50,0,"Medium","Beta",2000,FALSE
"BL460","DiD","unadjusted",0.05,100,NA,0,NA,NA,0.00226381282018821,0.9708,0.00226381282018821,0.0292,0.0422952584681651,0.422952584681651,0.77,0.0422952584681651,0.77,1.46,NA,0,NA,NA,100,0,0,"Prop_0.00",50,0,"Medium","Beta",2000,FALSE
"BL460","MIMOSA2","BFDR",0.01,100,NA,0,NA,NA,2e-04,0.9998,2e-04,2e-04,0.01,0.1,0.01,0.01,0.01,0.01,NA,0,NA,NA,100,0,0,"Prop_0.00",50,0,"Medium","Beta",2000,FALSE
"BL460","MIMOSA2","BFDR",0.05,100,NA,0,NA,NA,0.000545319848688582,0.9984,0.000545319848688582,0.0016,0.0272659924344291,0.272659924344291,0.08,0.0272659924344291,0.08,0.08,NA,0,NA,NA,100,0,0,"Prop_0.00",50,0,"Medium","Beta",2000,FALSE
"BL461","DiD","BH",0.01,100,NA,0,NA,NA,0,1,0,0,0,0,0,0,0,0,NA,0,NA,NA,100,0,0,"Prop_0.00",75,0,"Medium","Beta",2000,FALSE
"BL461","DiD","BH",0.05,100,NA,0,NA,NA,0.000133333333333333,0.999866666666667,0.000133333333333333,0.000133333333333333,0.01,0.1,0.01,0.01,0.01,0.01,NA,0,NA,NA,100,0,0,"Prop_0.00",75,0,"Medium","Beta",2000,FALSE
"BL461","DiD","unadjusted",0.01,100,NA,0,NA,NA,0.000799101628015325,0.994933333333333,0.000799101628015325,0.00506666666666666,0.0468826172262151,0.468826172262151,0.32,0.0468826172262151,0.32,0.38,NA,0,NA,NA,100,0,0,"Prop_0.00",75,0,"Medium","Beta",2000,FALSE
"BL461","DiD","unadjusted",0.05,100,NA,0,NA,NA,0.00181694233845752,0.973866666666667,0.00181694233845752,0.0261333333333333,0.0358870281282637,0.358870281282637,0.85,0.0358870281282637,0.85,1.96,NA,0,NA,NA,100,0,0,"Prop_0.00",75,0,"Medium","Beta",2000,FALSE
"BL461","MIMOSA2","BFDR",0.01,100,NA,0,NA,NA,0,1,0,0,0,0,0,0,0,0,NA,0,NA,NA,100,0,0,"Prop_0.00",75,0,"Medium","Beta",2000,FALSE
"BL461","MIMOSA2","BFDR",0.05,100,NA,0,NA,NA,0.00040997659455243,0.998933333333333,0.00040997659455243,0.00106666666666666,0.0256432399976243,0.256432399976243,0.07,0.0256432399976243,0.07,0.08,NA,0,NA,NA,100,0,0,"Prop_0.00",75,0,"Medium","Beta",2000,FALSE
"BL462","DiD","BH",0.01,100,NA,0,NA,NA,0,1,0,0,0,0,0,0,0,0,NA,0,NA,NA,100,0,0,"Prop_0.00",100,0,"Medium","Beta",2000,FALSE
"BL462","DiD","BH",0.05,100,NA,0,NA,NA,0.000238683256575942,0.9994,0.000238683256575942,6e-04,0.0238683256575942,0.238683256575942,0.06,0.0238683256575942,0.06,0.06,NA,0,NA,NA,100,0,0,"Prop_0.00",100,0,"Medium","Beta",2000,FALSE
"BL462","DiD","unadjusted",0.01,100,NA,0,NA,NA,0.000766666666666667,0.9941,0.000766666666666667,0.00590000000000001,0.0498887651569859,0.498887651569859,0.44,0.0498887651569859,0.44,0.59,NA,0,NA,NA,100,0,0,"Prop_0.00",100,0,"Medium","Beta",2000,FALSE
"BL462","DiD","unadjusted",0.05,100,NA,0,NA,NA,0.00169360055157136,0.9698,0.00169360055157136,0.0302,0.0171446607997765,0.171446607997765,0.97,0.0171446607997765,0.97,3.02,NA,0,NA,NA,100,0,0,"Prop_0.00",100,0,"Medium","Beta",2000,FALSE
"BL462","MIMOSA2","BFDR",0.01,100,NA,0,NA,NA,1e-04,0.9999,1e-04,1e-04,0.01,0.1,0.01,0.01,0.01,0.01,NA,0,NA,NA,100,0,0,"Prop_0.00",100,0,"Medium","Beta",2000,FALSE
"BL462","MIMOSA2","BFDR",0.05,100,NA,0,NA,NA,0.000385992097056273,0.9985,0.000385992097056273,0.0015,0.0348735088019777,0.348735088019777,0.14,0.0348735088019777,0.14,0.15,NA,0,NA,NA,100,0,0,"Prop_0.00",100,0,"Medium","Beta",2000,FALSE
"BL463","DiD","BH",0.01,100,NA,0,NA,NA,0,1,0,0,0,0,0,0,0,0,NA,0,NA,NA,100,0,0,"Prop_0.00",10,0,"Low","Beta",2000,FALSE
"BL463","DiD","BH",0.05,100,NA,0,NA,NA,0.0014070529413629,0.998,0.0014070529413629,0.002,0.014070529413629,0.14070529413629,0.02,0.014070529413629,0.02,0.02,NA,0,NA,NA,100,0,0,"Prop_0.00",10,0,"Low","Beta",2000,FALSE
"BL463","DiD","unadjusted",0.01,100,NA,0,NA,NA,0.0021904291355759,0.995,0.0021904291355759,0.005,0.021904291355759,0.21904291355759,0.05,0.021904291355759,0.05,0.05,NA,0,NA,NA,100,0,0,"Prop_0.00",10,0,"Low","Beta",2000,FALSE
"BL463","DiD","unadjusted",0.05,100,NA,0,NA,NA,0.00479372485441102,0.975,0.00479372485441102,0.025,0.0422952584681651,0.422952584681651,0.23,0.0422952584681651,0.23,0.25,NA,0,NA,NA,100,0,0,"Prop_0.00",10,0,"Low","Beta",2000,FALSE
"BL463","MIMOSA2","BFDR",0.01,90,NA,0,NA,NA,0.00111111111111111,0.998888888888889,0.00111111111111111,0.00111111111111111,0.0111111111111111,0.105409255338946,0.0111111111111111,0.0111111111111111,0.0111111111111111,0.0111111111111111,NA,0,NA,NA,100,0.1,0.03,"Prop_0.00",10,0,"Low","Beta",2000,TRUE
"BL463","MIMOSA2","BFDR",0.05,90,NA,0,NA,NA,0.00340538035202144,0.991111111111111,0.00340538035202144,0.00888888888888889,0.0283890299792981,0.269321985892155,0.0777777777777778,0.0283890299792981,0.0777777777777778,0.0888888888888889,NA,0,NA,NA,100,0.1,0.03,"Prop_0.00",10,0,"Low","Beta",2000,TRUE
"BL464","DiD","BH",0.01,100,NA,0,NA,NA,0,1,0,0,0,0,0,0,0,0,NA,0,NA,NA,100,0,0,"Prop_0.00",20,0,"Low","Beta",2000,FALSE
"BL464","DiD","BH",0.05,100,NA,0,NA,NA,0.000703526470681449,0.999,0.000703526470681449,0.001,0.014070529413629,0.14070529413629,0.02,0.014070529413629,0.02,0.02,NA,0,NA,NA,100,0,0,"Prop_0.00",20,0,"Low","Beta",2000,FALSE
"BL464","DiD","unadjusted",0.01,100,NA,0,NA,NA,0.00119341628287971,0.997,0.00119341628287971,0.003,0.0238683256575942,0.238683256575942,0.06,0.0238683256575942,0.06,0.06,NA,0,NA,NA,100,0,0,"Prop_0.00",20,0,"Low","Beta",2000,FALSE
"BL464","DiD","unadjusted",0.05,100,NA,0,NA,NA,0.00336762662581663,0.9765,0.00336762662581663,0.0235,0.048523658709391,0.48523658709391,0.37,0.048523658709391,0.37,0.47,NA,0,NA,NA,100,0,0,"Prop_0.00",20,0,"Low","Beta",2000,FALSE
"BL464","MIMOSA2","BFDR",0.01,98,NA,0,NA,NA,0.000510204081632653,0.999489795918367,0.000510204081632653,0.000510204081632654,0.0102040816326531,0.101015254455221,0.0102040816326531,0.0102040816326531,0.0102040816326531,0.0102040816326531,NA,0,NA,NA,100,0.02,0.014,"Prop_0.00",20,0,"Low","Beta",2000,TRUE
"BL464","MIMOSA2","BFDR",0.05,98,NA,0,NA,NA,0.00149513553050419,0.996428571428571,0.00149513553050419,0.00357142857142857,0.024342074991636,0.240974248126322,0.0612244897959184,0.024342074991636,0.0612244897959184,0.0714285714285714,NA,0,NA,NA,100,0.02,0.014,"Prop_0.00",20,0,"Low","Beta",2000,TRUE
"BL465","DiD","BH",0.01,100,NA,0,NA,NA,0,1,0,0,0,0,0,0,0,0,NA,0,NA,NA,100,0,0,"Prop_0.00",30,0,"Low","Beta",2000,FALSE
"BL465","DiD","BH",0.05,100,NA,0,NA,NA,0.000333333333333333,0.999666666666667,0.000333333333333333,0.000333333333333333,0.01,0.1,0.01,0.01,0.01,0.01,NA,0,NA,NA,100,0,0,"Prop_0.00",30,0,"Low","Beta",2000,FALSE
"BL465","DiD","unadjusted",0.01,100,NA,0,NA,NA,0.000908866414480969,0.997333333333333,0.000908866414480969,0.00266666666666667,0.0272659924344291,0.272659924344291,0.08,0.0272659924344291,0.08,0.08,NA,0,NA,NA,100,0,0,"Prop_0.00",30,0,"Low","Beta",2000,FALSE
"BL465","DiD","unadjusted",0.05,100,NA,0,NA,NA,0.002664140217339,0.975333333333333,0.002664140217339,0.0246666666666667,0.0498887651569859,0.498887651569859,0.56,0.0498887651569859,0.56,0.74,NA,0,NA,NA,100,0,0,"Prop_0.00",30,0,"Low","Beta",2000,FALSE
"BL465","MIMOSA2","BFDR",0.01,100,NA,0,NA,NA,0.000333333333333333,0.999666666666667,0.000333333333333333,0.000333333333333333,0.01,0.1,0.01,0.01,0.01,0.01,NA,0,NA,NA,100,0,0,"Prop_0.00",30,0,"Low","Beta",2000,FALSE
"BL465","MIMOSA2","BFDR",0.05,100,NA,0,NA,NA,0.00115031835733953,0.996333333333333,0.00115031835733953,0.00366666666666667,0.0301511344577764,0.301511344577764,0.1,0.0301511344577764,0.1,0.11,NA,0,NA,NA,100,0,0,"Prop_0.00",30,0,"Low","Beta",2000,FALSE
"BL466","DiD","BH",0.01,100,NA,0,NA,NA,0,1,0,0,0,0,0,0,0,0,NA,0,NA,NA,100,0,0,"Prop_0.00",50,0,"Low","Beta",2000,FALSE
"BL466","DiD","BH",0.05,100,NA,0,NA,NA,0,1,0,0,0,0,0,0,0,0,NA,0,NA,NA,100,0,0,"Prop_0.00",50,0,"Low","Beta",2000,FALSE
"BL466","DiD","unadjusted",0.01,100,NA,0,NA,NA,0.000789834402794905,0.9968,0.000789834402794905,0.0032,0.0358870281282637,0.358870281282637,0.15,0.0358870281282637,0.15,0.16,NA,0,NA,NA,100,0,0,"Prop_0.00",50,0,"Low","Beta",2000,FALSE
"BL466","DiD","unadjusted",0.05,100,NA,0,NA,NA,0.00211545539190774,0.9764,0.00211545539190774,0.0236,0.0446196043338474,0.446196043338474,0.73,0.0446196043338474,0.73,1.18,NA,0,NA,NA,100,0,0,"Prop_0.00",50,0,"Low","Beta",2000,FALSE
"BL466","MIMOSA2","BFDR",0.01,100,NA,0,NA,NA,2e-04,0.9998,2e-04,2e-04,0.01,0.1,0.01,0.01,0.01,0.01,NA,0,NA,NA,100,0,0,"Prop_0.00",50,0,"Low","Beta",2000,FALSE
"BL466","MIMOSA2","BFDR",0.05,100,NA,0,NA,NA,0.000666666666666667,0.998,0.000666666666666667,0.002,0.0287623491264661,0.287623491264661,0.09,0.0287623491264661,0.09,0.1,NA,0,NA,NA,100,0,0,"Prop_0.00",50,0,"Low","Beta",2000,FALSE
"BL467","DiD","BH",0.01,100,NA,0,NA,NA,0,1,0,0,0,0,0,0,0,0,NA,0,NA,NA,100,0,0,"Prop_0.00",75,0,"Low","Beta",2000,FALSE
"BL467","DiD","BH",0.05,100,NA,0,NA,NA,0.000133333333333333,0.999866666666667,0.000133333333333333,0.000133333333333333,0.01,0.1,0.01,0.01,0.01,0.01,NA,0,NA,NA,100,0,0,"Prop_0.00",75,0,"Low","Beta",2000,FALSE
"BL467","DiD","unadjusted",0.01,100,NA,0,NA,NA,0.000754604273396068,0.9964,0.000754604273396068,0.00359999999999999,0.0416333199893227,0.416333199893227,0.22,0.0416333199893227,0.22,0.27,NA,0,NA,NA,100,0,0,"Prop_0.00",75,0,"Low","Beta",2000,FALSE
"BL467","DiD","unadjusted",0.05,100,NA,0,NA,NA,0.00171526453804239,0.973866666666667,0.00171526453804239,0.0261333333333333,0.0301511344577764,0.301511344577764,0.9,0.0301511344577764,0.9,1.96,NA,0,NA,NA,100,0,0,"Prop_0.00",75,0,"Low","Beta",2000,FALSE
"BL467","MIMOSA2","BFDR",0.01,100,NA,0,NA,NA,0.000187607058848386,0.999733333333333,0.000187607058848386,0.000266666666666666,0.014070529413629,0.14070529413629,0.02,0.014070529413629,0.02,0.02,NA,0,NA,NA,100,0,0,"Prop_0.00",75,0,"Low","Beta",2000,FALSE
"BL467","MIMOSA2","BFDR",0.05,100,NA,0,NA,NA,0.000488888888888888,0.998266666666667,0.000488888888888888,0.00173333333333333,0.032659863237109,0.32659863237109,0.12,0.032659863237109,0.12,0.13,NA,0,NA,NA,100,0,0,"Prop_0.00",75,0,"Low","Beta",2000,FALSE
"BL468","DiD","BH",0.01,100,NA,0,NA,NA,0,1,0,0,0,0,0,0,0,0,NA,0,NA,NA,100,0,0,"Prop_0.00",100,0,"Low","Beta",2000,FALSE
"BL468","DiD","BH",0.05,100,NA,0,NA,NA,0,1,0,0,0,0,0,0,0,0,NA,0,NA,NA,100,0,0,"Prop_0.00",100,0,"Low","Beta",2000,FALSE
"BL468","DiD","unadjusted",0.01,100,NA,0,NA,NA,0.000637149586800146,0.9959,0.000637149586800146,0.0041,0.0472581562625261,0.472581562625261,0.33,0.0472581562625261,0.33,0.41,NA,0,NA,NA,100,0,0,"Prop_0.00",100,0,"Low","Beta",2000,FALSE
"BL468","DiD","unadjusted",0.05,100,NA,0,NA,NA,0.00154458977588147,0.9741,0.00154458977588147,0.0259,0.0196946385566932,0.196946385566932,0.96,0.0196946385566932,0.96,2.59,NA,0,NA,NA,100,0,0,"Prop_0.00",100,0,"Low","Beta",2000,FALSE
"BL468","MIMOSA2","BFDR",0.01,100,NA,0,NA,NA,1e-04,0.9999,1e-04,1e-04,0.01,0.1,0.01,0.01,0.01,0.01,NA,0,NA,NA,100,0,0,"Prop_0.00",100,0,"Low","Beta",2000,FALSE
"BL468","MIMOSA2","BFDR",0.05,100,NA,0,NA,NA,0.000394277244403663,0.9981,0.000394277244403663,0.0019,0.0394277244403663,0.394277244403663,0.19,0.0394277244403663,0.19,0.19,NA,0,NA,NA,100,0,0,"Prop_0.00",100,0,"Low","Beta",2000,FALSE
