"Scenario_ID","Method","Alpha","n","FDR","FDR_mcse","Calls","Res_prop","P","Effect","Cell_range","Distribution","Phi","Res_lab","Eff_lab"
"BL016","DiD (BH)",0.01,100,0.002,0.002,3.83,"Prop_0.10",50,0.001,"High","Beta",2000,"10% responders","Effect: 1.0e-03"
"BL016","DiD (BH)",0.02,100,0.00566666666666667,0.00324996762480637,3.87,"Prop_0.10",50,0.001,"High","Beta",2000,"10% responders","Effect: 1.0e-03"
"BL016","DiD (BH)",0.03,100,0.00816666666666667,0.00406522991675677,3.9,"Prop_0.10",50,0.001,"High","Beta",2000,"10% responders","Effect: 1.0e-03"
"BL016","DiD (BH)",0.04,100,0.00783333333333333,0.00391732031224557,3.91,"Prop_0.10",50,0.001,"High","Beta",2000,"10% responders","Effect: 1.0e-03"
"BL016","DiD (BH)",0.05,100,0.0160238095238095,0.00607298266427974,3.97,"Prop_0.10",50,0.001,"High","Beta",2000,"10% responders","Effect: 1.0e-03"
"BL016","DiD (BH)",0.06,100,0.0225238095238095,0.00698170133661397,4,"Prop_0.10",50,0.001,"High","Beta",2000,"10% responders","Effect: 1.0e-03"
"BL016","DiD (BH)",0.07,100,0.0285238095238095,0.0076007611843219,4.03,"Prop_0.10",50,0.001,"High","Beta",2000,"10% responders","Effect: 1.0e-03"
"BL016","DiD (BH)",0.08,100,0.0345238095238095,0.00812845095213342,4.07,"Prop_0.10",50,0.001,"High","Beta",2000,"10% responders","Effect: 1.0e-03"
"BL016","DiD (BH)",0.09,100,0.0391904761904762,0.00900018069148853,4.1,"Prop_0.10",50,0.001,"High","Beta",2000,"10% responders","Effect: 1.0e-03"
"BL016","DiD (BH)",0.1,100,0.0526904761904762,0.00976349750612321,4.17,"Prop_0.10",50,0.001,"High","Beta",2000,"10% responders","Effect: 1.0e-03"
"BL016","DiD (BH)",0.11,100,0.0575833333333333,0.0101938939658164,4.2,"Prop_0.10",50,0.001,"High","Beta",2000,"10% responders","Effect: 1.0e-03"
"BL016","DiD (BH)",0.12,100,0.0716666666666667,0.0116033636131101,4.28,"Prop_0.10",50,0.001,"High","Beta",2000,"10% responders","Effect: 1.0e-03"
"BL016","DiD (BH)",0.13,100,0.0768333333333333,0.0121477182830244,4.31,"Prop_0.10",50,0.001,"High","Beta",2000,"10% responders","Effect: 1.0e-03"
"BL016","DiD (BH)",0.14,100,0.0788333333333333,0.0121845263502259,4.33,"Prop_0.10",50,0.001,"High","Beta",2000,"10% responders","Effect: 1.0e-03"
"BL016","DiD (BH)",0.15,100,0.0876428571428571,0.0129948024379213,4.4,"Prop_0.10",50,0.001,"High","Beta",2000,"10% responders","Effect: 1.0e-03"
"BL016","DiD (BH)",0.16,100,0.0889761904761905,0.0131783581376755,4.42,"Prop_0.10",50,0.001,"High","Beta",2000,"10% responders","Effect: 1.0e-03"
"BL016","DiD (BH)",0.17,100,0.0963095238095238,0.013686826374228,4.46,"Prop_0.10",50,0.001,"High","Beta",2000,"10% responders","Effect: 1.0e-03"
"BL016","DiD (BH)",0.18,100,0.0996428571428571,0.0138547767030202,4.48,"Prop_0.10",50,0.001,"High","Beta",2000,"10% responders","Effect: 1.0e-03"
"BL016","DiD (BH)",0.19,100,0.111587301587302,0.0150234495314187,4.57,"Prop_0.10",50,0.001,"High","Beta",2000,"10% responders","Effect: 1.0e-03"
"BL016","DiD (BH)",0.2,100,0.119285714285714,0.0154870739102595,4.63,"Prop_0.10",50,0.001,"High","Beta",2000,"10% responders","Effect: 1.0e-03"
"BL016","MIMOSA2",0.01,100,0.00566666666666667,0.00324996762480637,4.04,"Prop_0.10",50,0.001,"High","Beta",2000,"10% responders","Effect: 1.0e-03"
"BL016","MIMOSA2",0.02,100,0.00766666666666667,0.00378593889720018,4.1,"Prop_0.10",50,0.001,"High","Beta",2000,"10% responders","Effect: 1.0e-03"
"BL016","MIMOSA2",0.03,100,0.0153333333333333,0.00524206417478555,4.17,"Prop_0.10",50,0.001,"High","Beta",2000,"10% responders","Effect: 1.0e-03"
"BL016","MIMOSA2",0.04,100,0.0153333333333333,0.00524206417478555,4.18,"Prop_0.10",50,0.001,"High","Beta",2000,"10% responders","Effect: 1.0e-03"
"BL016","MIMOSA2",0.05,100,0.017,0.00545350719635912,4.2,"Prop_0.10",50,0.001,"High","Beta",2000,"10% responders","Effect: 1.0e-03"
"BL016","MIMOSA2",0.06,100,0.0218571428571429,0.00633407106554019,4.23,"Prop_0.10",50,0.001,"High","Beta",2000,"10% responders","Effect: 1.0e-03"
"BL016","MIMOSA2",0.07,100,0.0333571428571429,0.00751785364389202,4.31,"Prop_0.10",50,0.001,"High","Beta",2000,"10% responders","Effect: 1.0e-03"
"BL016","MIMOSA2",0.08,100,0.0436904761904762,0.00849454960843894,4.41,"Prop_0.10",50,0.001,"High","Beta",2000,"10% responders","Effect: 1.0e-03"
"BL016","MIMOSA2",0.09,100,0.0603571428571429,0.00927719265865636,4.53,"Prop_0.10",50,0.001,"High","Beta",2000,"10% responders","Effect: 1.0e-03"
"BL016","MIMOSA2",0.1,100,0.073047619047619,0.0101404439496143,4.62,"Prop_0.10",50,0.001,"High","Beta",2000,"10% responders","Effect: 1.0e-03"
"BL016","MIMOSA2",0.11,100,0.0857142857142857,0.0105580235589745,4.7,"Prop_0.10",50,0.001,"High","Beta",2000,"10% responders","Effect: 1.0e-03"
"BL016","MIMOSA2",0.12,100,0.116904761904762,0.0106093951821343,4.89,"Prop_0.10",50,0.001,"High","Beta",2000,"10% responders","Effect: 1.0e-03"
"BL016","MIMOSA2",0.13,100,0.128071428571429,0.0105884759890451,4.95,"Prop_0.10",50,0.001,"High","Beta",2000,"10% responders","Effect: 1.0e-03"
"BL016","MIMOSA2",0.14,100,0.151964285714286,0.0101662295185116,5.08,"Prop_0.10",50,0.001,"High","Beta",2000,"10% responders","Effect: 1.0e-03"
"BL016","MIMOSA2",0.15,100,0.171892857142857,0.0100399590873855,5.21,"Prop_0.10",50,0.001,"High","Beta",2000,"10% responders","Effect: 1.0e-03"
"BL016","MIMOSA2",0.16,100,0.187488095238095,0.00995695364974588,5.31,"Prop_0.10",50,0.001,"High","Beta",2000,"10% responders","Effect: 1.0e-03"
"BL016","MIMOSA2",0.17,100,0.198095238095238,0.0103652876369318,5.41,"Prop_0.10",50,0.001,"High","Beta",2000,"10% responders","Effect: 1.0e-03"
"BL016","MIMOSA2",0.18,100,0.212059523809524,0.01052900368652,5.52,"Prop_0.10",50,0.001,"High","Beta",2000,"10% responders","Effect: 1.0e-03"
"BL016","MIMOSA2",0.19,100,0.218630952380952,0.0109454692911132,5.57,"Prop_0.10",50,0.001,"High","Beta",2000,"10% responders","Effect: 1.0e-03"
"BL016","MIMOSA2",0.2,100,0.24222619047619,0.00934386055538948,5.72,"Prop_0.10",50,0.001,"High","Beta",2000,"10% responders","Effect: 1.0e-03"
"BL018","DiD (BH)",0.01,100,0.00205288175876411,0.00120561220560109,18.92,"Prop_0.50",50,0.001,"High","Beta",2000,"50% responders","Effect: 1.0e-03"
"BL018","DiD (BH)",0.02,100,0.00598113288724407,0.00175954669728841,19.23,"Prop_0.50",50,0.001,"High","Beta",2000,"50% responders","Effect: 1.0e-03"
"BL018","DiD (BH)",0.03,100,0.00781336498263406,0.00191943845203392,19.46,"Prop_0.50",50,0.001,"High","Beta",2000,"50% responders","Effect: 1.0e-03"
"BL018","DiD (BH)",0.04,100,0.0121152386896094,0.00235071644631572,19.71,"Prop_0.50",50,0.001,"High","Beta",2000,"50% responders","Effect: 1.0e-03"
"BL018","DiD (BH)",0.05,100,0.0153808718931717,0.00262576958987199,19.91,"Prop_0.50",50,0.001,"High","Beta",2000,"50% responders","Effect: 1.0e-03"
"BL018","DiD (BH)",0.06,100,0.0171115672085352,0.00273133460856431,20.04,"Prop_0.50",50,0.001,"High","Beta",2000,"50% responders","Effect: 1.0e-03"
"BL018","DiD (BH)",0.07,100,0.0195571980161595,0.00290171614489457,20.16,"Prop_0.50",50,0.001,"High","Beta",2000,"50% responders","Effect: 1.0e-03"
"BL018","DiD (BH)",0.08,100,0.023116938426435,0.00296064673731466,20.35,"Prop_0.50",50,0.001,"High","Beta",2000,"50% responders","Effect: 1.0e-03"
"BL018","DiD (BH)",0.09,100,0.0243198369771596,0.00306622965266299,20.47,"Prop_0.50",50,0.001,"High","Beta",2000,"50% responders","Effect: 1.0e-03"
"BL018","DiD (BH)",0.1,100,0.0291885552154431,0.00342125868989591,20.67,"Prop_0.50",50,0.001,"High","Beta",2000,"50% responders","Effect: 1.0e-03"
"BL018","DiD (BH)",0.11,100,0.0319532673911392,0.0035074768425523,20.79,"Prop_0.50",50,0.001,"High","Beta",2000,"50% responders","Effect: 1.0e-03"
"BL018","DiD (BH)",0.12,100,0.0357596137907351,0.00367845352164116,20.94,"Prop_0.50",50,0.001,"High","Beta",2000,"50% responders","Effect: 1.0e-03"
"BL018","DiD (BH)",0.13,100,0.0376158978575455,0.00391810487313936,21.06,"Prop_0.50",50,0.001,"High","Beta",2000,"50% responders","Effect: 1.0e-03"
"BL018","DiD (BH)",0.14,100,0.0406050689077005,0.00396176080627918,21.21,"Prop_0.50",50,0.001,"High","Beta",2000,"50% responders","Effect: 1.0e-03"
"BL018","DiD (BH)",0.15,100,0.0430862312998469,0.00397536114103957,21.31,"Prop_0.50",50,0.001,"High","Beta",2000,"50% responders","Effect: 1.0e-03"
"BL018","DiD (BH)",0.16,100,0.045957619255903,0.0042686780081197,21.44,"Prop_0.50",50,0.001,"High","Beta",2000,"50% responders","Effect: 1.0e-03"
"BL018","DiD (BH)",0.17,100,0.050543051215248,0.00434557933553881,21.62,"Prop_0.50",50,0.001,"High","Beta",2000,"50% responders","Effect: 1.0e-03"
"BL018","DiD (BH)",0.18,100,0.0616496475174965,0.0047729486245526,21.91,"Prop_0.50",50,0.001,"High","Beta",2000,"50% responders","Effect: 1.0e-03"
"BL018","DiD (BH)",0.19,100,0.0674501996223964,0.00495323263461047,22.09,"Prop_0.50",50,0.001,"High","Beta",2000,"50% responders","Effect: 1.0e-03"
"BL018","DiD (BH)",0.2,100,0.0704874630835729,0.00499201269946443,22.24,"Prop_0.50",50,0.001,"High","Beta",2000,"50% responders","Effect: 1.0e-03"
"BL018","MIMOSA2",0.01,100,0.00380418029495967,0.0013047695933883,21.14,"Prop_0.50",50,0.001,"High","Beta",2000,"50% responders","Effect: 1.0e-03"
"BL018","MIMOSA2",0.02,100,0.00955680092854006,0.00187276093328821,21.73,"Prop_0.50",50,0.001,"High","Beta",2000,"50% responders","Effect: 1.0e-03"
"BL018","MIMOSA2",0.03,100,0.0193866918868063,0.00236546612500708,22.24,"Prop_0.50",50,0.001,"High","Beta",2000,"50% responders","Effect: 1.0e-03"
"BL018","MIMOSA2",0.04,100,0.0255489794339909,0.00249209557995605,22.66,"Prop_0.50",50,0.001,"High","Beta",2000,"50% responders","Effect: 1.0e-03"
"BL018","MIMOSA2",0.05,100,0.0330796309885555,0.00296783173733575,23.03,"Prop_0.50",50,0.001,"High","Beta",2000,"50% responders","Effect: 1.0e-03"
"BL018","MIMOSA2",0.06,100,0.0418269154356111,0.00306647982648285,23.41,"Prop_0.50",50,0.001,"High","Beta",2000,"50% responders","Effect: 1.0e-03"
"BL018","MIMOSA2",0.07,100,0.0509126799931148,0.00337278295349157,23.8,"Prop_0.50",50,0.001,"High","Beta",2000,"50% responders","Effect: 1.0e-03"
"BL018","MIMOSA2",0.08,100,0.0587305343609691,0.00365268918719658,24.09,"Prop_0.50",50,0.001,"High","Beta",2000,"50% responders","Effect: 1.0e-03"
"BL018","MIMOSA2",0.09,100,0.0686125438168916,0.003629509413943,24.43,"Prop_0.50",50,0.001,"High","Beta",2000,"50% responders","Effect: 1.0e-03"
"BL018","MIMOSA2",0.1,100,0.0771046566155262,0.00382214639995572,24.77,"Prop_0.50",50,0.001,"High","Beta",2000,"50% responders","Effect: 1.0e-03"
"BL018","MIMOSA2",0.11,100,0.0867109740112739,0.00374603246311981,25.06,"Prop_0.50",50,0.001,"High","Beta",2000,"50% responders","Effect: 1.0e-03"
"BL018","MIMOSA2",0.12,100,0.0958244977993854,0.00391271510481206,25.42,"Prop_0.50",50,0.001,"High","Beta",2000,"50% responders","Effect: 1.0e-03"
"BL018","MIMOSA2",0.13,100,0.105943097590399,0.00384259490451518,25.76,"Prop_0.50",50,0.001,"High","Beta",2000,"50% responders","Effect: 1.0e-03"
"BL018","MIMOSA2",0.14,100,0.113368745907876,0.00381923167865388,26.02,"Prop_0.50",50,0.001,"High","Beta",2000,"50% responders","Effect: 1.0e-03"
"BL018","MIMOSA2",0.15,100,0.125735745039568,0.0038758402451512,26.43,"Prop_0.50",50,0.001,"High","Beta",2000,"50% responders","Effect: 1.0e-03"
"BL018","MIMOSA2",0.16,100,0.135054242628381,0.00371704976388831,26.72,"Prop_0.50",50,0.001,"High","Beta",2000,"50% responders","Effect: 1.0e-03"
"BL018","MIMOSA2",0.17,100,0.144555339309066,0.0039087549259985,27.06,"Prop_0.50",50,0.001,"High","Beta",2000,"50% responders","Effect: 1.0e-03"
"BL018","MIMOSA2",0.18,100,0.155921224548533,0.00390111504644824,27.46,"Prop_0.50",50,0.001,"High","Beta",2000,"50% responders","Effect: 1.0e-03"
"BL018","MIMOSA2",0.19,100,0.164065175391802,0.00409091676309424,27.73,"Prop_0.50",50,0.001,"High","Beta",2000,"50% responders","Effect: 1.0e-03"
"BL018","MIMOSA2",0.2,100,0.176116112448227,0.00376163159711178,28.14,"Prop_0.50",50,0.001,"High","Beta",2000,"50% responders","Effect: 1.0e-03"
"BL020","DiD (BH)",0.01,100,0.000833762333762334,0.000476612170638083,34.48,"Prop_0.90",50,0.001,"High","Beta",2000,"90% responders","Effect: 1.0e-03"
"BL020","DiD (BH)",0.02,100,0.00139973425267543,0.000613883687591701,35.19,"Prop_0.90",50,0.001,"High","Beta",2000,"90% responders","Effect: 1.0e-03"
"BL020","DiD (BH)",0.03,100,0.00161148806976792,0.000742967985183026,35.64,"Prop_0.90",50,0.001,"High","Beta",2000,"90% responders","Effect: 1.0e-03"
"BL020","DiD (BH)",0.04,100,0.00185920194906074,0.000777557348137408,35.92,"Prop_0.90",50,0.001,"High","Beta",2000,"90% responders","Effect: 1.0e-03"
"BL020","DiD (BH)",0.05,100,0.00209570667240757,0.000802566903200943,36.18,"Prop_0.90",50,0.001,"High","Beta",2000,"90% responders","Effect: 1.0e-03"
"BL020","DiD (BH)",0.06,100,0.00209570667240757,0.000802566903200943,36.33,"Prop_0.90",50,0.001,"High","Beta",2000,"90% responders","Effect: 1.0e-03"
"BL020","DiD (BH)",0.07,100,0.00233880222038117,0.000832256936020273,36.52,"Prop_0.90",50,0.001,"High","Beta",2000,"90% responders","Effect: 1.0e-03"
"BL020","DiD (BH)",0.08,100,0.00261016974174869,0.000868186001091476,36.76,"Prop_0.90",50,0.001,"High","Beta",2000,"90% responders","Effect: 1.0e-03"
"BL020","DiD (BH)",0.09,100,0.00285337006164991,0.000894349712864204,36.95,"Prop_0.90",50,0.001,"High","Beta",2000,"90% responders","Effect: 1.0e-03"
"BL020","DiD (BH)",0.1,100,0.00338679822665702,0.000953925476289973,37.17,"Prop_0.90",50,0.001,"High","Beta",2000,"90% responders","Effect: 1.0e-03"
"BL020","DiD (BH)",0.11,100,0.00496268529937963,0.00109366436958855,37.4,"Prop_0.90",50,0.001,"High","Beta",2000,"90% responders","Effect: 1.0e-03"
"BL020","DiD (BH)",0.12,100,0.0054550209781723,0.00118903524230789,37.59,"Prop_0.90",50,0.001,"High","Beta",2000,"90% responders","Effect: 1.0e-03"
"BL020","DiD (BH)",0.13,100,0.00595705060728794,0.00121290361248338,37.78,"Prop_0.90",50,0.001,"High","Beta",2000,"90% responders","Effect: 1.0e-03"
"BL020","DiD (BH)",0.14,100,0.00723837241492554,0.00138261618137195,38.06,"Prop_0.90",50,0.001,"High","Beta",2000,"90% responders","Effect: 1.0e-03"
"BL020","DiD (BH)",0.15,100,0.0076995630330929,0.0013958046400078,38.24,"Prop_0.90",50,0.001,"High","Beta",2000,"90% responders","Effect: 1.0e-03"
"BL020","DiD (BH)",0.16,100,0.00841470594335776,0.00145627243682169,38.42,"Prop_0.90",50,0.001,"High","Beta",2000,"90% responders","Effect: 1.0e-03"
"BL020","DiD (BH)",0.17,100,0.00862571599330861,0.00145613443839276,38.56,"Prop_0.90",50,0.001,"High","Beta",2000,"90% responders","Effect: 1.0e-03"
"BL020","DiD (BH)",0.18,100,0.00936930573689836,0.00155685803512298,38.64,"Prop_0.90",50,0.001,"High","Beta",2000,"90% responders","Effect: 1.0e-03"
"BL020","DiD (BH)",0.19,100,0.00983817020576283,0.00156103762645386,38.78,"Prop_0.90",50,0.001,"High","Beta",2000,"90% responders","Effect: 1.0e-03"
"BL020","DiD (BH)",0.2,100,0.0119999346134448,0.00171192285226101,39.06,"Prop_0.90",50,0.001,"High","Beta",2000,"90% responders","Effect: 1.0e-03"
"BL020","MIMOSA2",0.01,100,0.000762820512820513,0.000435975033847504,38.88,"Prop_0.90",50,0.001,"High","Beta",2000,"90% responders","Effect: 1.0e-03"
"BL020","MIMOSA2",0.02,100,0.00145317284341675,0.000578400722090152,39.89,"Prop_0.90",50,0.001,"High","Beta",2000,"90% responders","Effect: 1.0e-03"
"BL020","MIMOSA2",0.03,100,0.00361838411113719,0.000866670920761193,40.6,"Prop_0.90",50,0.001,"High","Beta",2000,"90% responders","Effect: 1.0e-03"
"BL020","MIMOSA2",0.04,100,0.00613679451046328,0.00104214280802175,41.23,"Prop_0.90",50,0.001,"High","Beta",2000,"90% responders","Effect: 1.0e-03"
"BL020","MIMOSA2",0.05,100,0.00862955915112922,0.00121997706141696,41.79,"Prop_0.90",50,0.001,"High","Beta",2000,"90% responders","Effect: 1.0e-03"
"BL020","MIMOSA2",0.06,100,0.0140978348873766,0.00162950074340695,42.3,"Prop_0.90",50,0.001,"High","Beta",2000,"90% responders","Effect: 1.0e-03"
"BL020","MIMOSA2",0.07,100,0.020490984009471,0.00171309638837351,42.8,"Prop_0.90",50,0.001,"High","Beta",2000,"90% responders","Effect: 1.0e-03"
"BL020","MIMOSA2",0.08,100,0.0268670917335621,0.00184925953591636,43.28,"Prop_0.90",50,0.001,"High","Beta",2000,"90% responders","Effect: 1.0e-03"
"BL020","MIMOSA2",0.09,100,0.0339149771559254,0.00191185894984328,43.77,"Prop_0.90",50,0.001,"High","Beta",2000,"90% responders","Effect: 1.0e-03"
"BL020","MIMOSA2",0.1,100,0.0407818342105248,0.0018396610493752,44.3,"Prop_0.90",50,0.001,"High","Beta",2000,"90% responders","Effect: 1.0e-03"
"BL020","MIMOSA2",0.11,100,0.045252404690567,0.00186844118852836,44.75,"Prop_0.90",50,0.001,"High","Beta",2000,"90% responders","Effect: 1.0e-03"
"BL020","MIMOSA2",0.12,100,0.0512958696188158,0.00188956967880288,45.33,"Prop_0.90",50,0.001,"High","Beta",2000,"90% responders","Effect: 1.0e-03"
"BL020","MIMOSA2",0.13,100,0.0553517513499204,0.00194363236828078,45.79,"Prop_0.90",50,0.001,"High","Beta",2000,"90% responders","Effect: 1.0e-03"
"BL020","MIMOSA2",0.14,100,0.0604289787676725,0.00209059497601141,46.36,"Prop_0.90",50,0.001,"High","Beta",2000,"90% responders","Effect: 1.0e-03"
"BL020","MIMOSA2",0.15,100,0.0648120186858489,0.00215307511276941,46.88,"Prop_0.90",50,0.001,"High","Beta",2000,"90% responders","Effect: 1.0e-03"
"BL020","MIMOSA2",0.16,100,0.069124337307571,0.00209156969417223,47.4,"Prop_0.90",50,0.001,"High","Beta",2000,"90% responders","Effect: 1.0e-03"
"BL020","MIMOSA2",0.17,100,0.0739951242445791,0.00212771878813245,47.92,"Prop_0.90",50,0.001,"High","Beta",2000,"90% responders","Effect: 1.0e-03"
"BL020","MIMOSA2",0.18,100,0.0782498645338773,0.00208929147817412,48.36,"Prop_0.90",50,0.001,"High","Beta",2000,"90% responders","Effect: 1.0e-03"
"BL020","MIMOSA2",0.19,100,0.084357838756841,0.00185381033799363,48.81,"Prop_0.90",50,0.001,"High","Beta",2000,"90% responders","Effect: 1.0e-03"
"BL020","MIMOSA2",0.2,100,0.0873582551429452,0.00174792063157566,49.11,"Prop_0.90",50,0.001,"High","Beta",2000,"90% responders","Effect: 1.0e-03"
"BL076","DiD (BH)",0.01,100,0.00833333333333333,0.00481125224324688,3.16,"Prop_0.10",50,0.00025,"High","Beta",2000,"10% responders","Effect: 2.5e-04"
"BL076","DiD (BH)",0.02,100,0.0145,0.00590637293962276,3.35,"Prop_0.10",50,0.00025,"High","Beta",2000,"10% responders","Effect: 2.5e-04"
"BL076","DiD (BH)",0.03,100,0.0135,0.00553377041801354,3.4,"Prop_0.10",50,0.00025,"High","Beta",2000,"10% responders","Effect: 2.5e-04"
"BL076","DiD (BH)",0.04,100,0.0155,0.00583756460296819,3.47,"Prop_0.10",50,0.00025,"High","Beta",2000,"10% responders","Effect: 2.5e-04"
"BL076","DiD (BH)",0.05,100,0.025,0.00811152621049357,3.52,"Prop_0.10",50,0.00025,"High","Beta",2000,"10% responders","Effect: 2.5e-04"
"BL076","DiD (BH)",0.06,100,0.0295,0.00858330473010173,3.54,"Prop_0.10",50,0.00025,"High","Beta",2000,"10% responders","Effect: 2.5e-04"
"BL076","DiD (BH)",0.07,100,0.0331666666666667,0.00884298437265606,3.59,"Prop_0.10",50,0.00025,"High","Beta",2000,"10% responders","Effect: 2.5e-04"
"BL076","DiD (BH)",0.08,100,0.0491666666666667,0.0101126511203729,3.68,"Prop_0.10",50,0.00025,"High","Beta",2000,"10% responders","Effect: 2.5e-04"
"BL076","DiD (BH)",0.09,100,0.0565,0.0115345939444579,3.74,"Prop_0.10",50,0.00025,"High","Beta",2000,"10% responders","Effect: 2.5e-04"
"BL076","DiD (BH)",0.1,100,0.0646190476190476,0.0124564345380553,3.81,"Prop_0.10",50,0.00025,"High","Beta",2000,"10% responders","Effect: 2.5e-04"
"BL076","DiD (BH)",0.11,100,0.067,0.0127083754208057,3.83,"Prop_0.10",50,0.00025,"High","Beta",2000,"10% responders","Effect: 2.5e-04"
"BL076","DiD (BH)",0.12,100,0.075,0.013662806385913,3.88,"Prop_0.10",50,0.00025,"High","Beta",2000,"10% responders","Effect: 2.5e-04"
"BL076","DiD (BH)",0.13,100,0.0793571428571429,0.0140702874715662,3.92,"Prop_0.10",50,0.00025,"High","Beta",2000,"10% responders","Effect: 2.5e-04"
"BL076","DiD (BH)",0.14,100,0.0871904761904762,0.0141907530051672,3.99,"Prop_0.10",50,0.00025,"High","Beta",2000,"10% responders","Effect: 2.5e-04"
"BL076","DiD (BH)",0.15,100,0.0986349206349206,0.0144857640722882,4.08,"Prop_0.10",50,0.00025,"High","Beta",2000,"10% responders","Effect: 2.5e-04"
"BL076","DiD (BH)",0.16,100,0.102634920634921,0.0144839930281681,4.13,"Prop_0.10",50,0.00025,"High","Beta",2000,"10% responders","Effect: 2.5e-04"
"BL076","DiD (BH)",0.17,100,0.112896825396825,0.0157549980702057,4.22,"Prop_0.10",50,0.00025,"High","Beta",2000,"10% responders","Effect: 2.5e-04"
"BL076","DiD (BH)",0.18,100,0.115515873015873,0.0160279014363437,4.26,"Prop_0.10",50,0.00025,"High","Beta",2000,"10% responders","Effect: 2.5e-04"
"BL076","DiD (BH)",0.19,100,0.118349206349206,0.0163472303919016,4.28,"Prop_0.10",50,0.00025,"High","Beta",2000,"10% responders","Effect: 2.5e-04"
"BL076","DiD (BH)",0.2,100,0.12418253968254,0.0164462100880286,4.32,"Prop_0.10",50,0.00025,"High","Beta",2000,"10% responders","Effect: 2.5e-04"
"BL076","MIMOSA2",0.01,100,0.005,0.00351763235340724,3.3,"Prop_0.10",50,0.00025,"High","Beta",2000,"10% responders","Effect: 2.5e-04"
"BL076","MIMOSA2",0.02,100,0.007,0.00402140736207079,3.4,"Prop_0.10",50,0.00025,"High","Beta",2000,"10% responders","Effect: 2.5e-04"
"BL076","MIMOSA2",0.03,100,0.0135,0.00553377041801354,3.51,"Prop_0.10",50,0.00025,"High","Beta",2000,"10% responders","Effect: 2.5e-04"
"BL076","MIMOSA2",0.04,100,0.0283333333333333,0.00867320395765795,3.61,"Prop_0.10",50,0.00025,"High","Beta",2000,"10% responders","Effect: 2.5e-04"
"BL076","MIMOSA2",0.05,100,0.0393333333333333,0.00939386336452344,3.72,"Prop_0.10",50,0.00025,"High","Beta",2000,"10% responders","Effect: 2.5e-04"
"BL076","MIMOSA2",0.06,100,0.0541666666666667,0.0102695845038167,3.85,"Prop_0.10",50,0.00025,"High","Beta",2000,"10% responders","Effect: 2.5e-04"
"BL076","MIMOSA2",0.07,100,0.0653333333333333,0.010656560869356,3.93,"Prop_0.10",50,0.00025,"High","Beta",2000,"10% responders","Effect: 2.5e-04"
"BL076","MIMOSA2",0.08,100,0.0815238095238095,0.0123492823940354,4.07,"Prop_0.10",50,0.00025,"High","Beta",2000,"10% responders","Effect: 2.5e-04"
"BL076","MIMOSA2",0.09,100,0.0911904761904762,0.012377598798413,4.17,"Prop_0.10",50,0.00025,"High","Beta",2000,"10% responders","Effect: 2.5e-04"
"BL076","MIMOSA2",0.1,100,0.101357142857143,0.0127155933108069,4.24,"Prop_0.10",50,0.00025,"High","Beta",2000,"10% responders","Effect: 2.5e-04"
"BL076","MIMOSA2",0.11,100,0.110857142857143,0.0122012300751279,4.34,"Prop_0.10",50,0.00025,"High","Beta",2000,"10% responders","Effect: 2.5e-04"
"BL076","MIMOSA2",0.12,100,0.129071428571429,0.0127604587620274,4.48,"Prop_0.10",50,0.00025,"High","Beta",2000,"10% responders","Effect: 2.5e-04"
"BL076","MIMOSA2",0.13,100,0.145738095238095,0.0132862795354558,4.63,"Prop_0.10",50,0.00025,"High","Beta",2000,"10% responders","Effect: 2.5e-04"
"BL076","MIMOSA2",0.14,100,0.163452380952381,0.0131909083458327,4.73,"Prop_0.10",50,0.00025,"High","Beta",2000,"10% responders","Effect: 2.5e-04"
"BL076","MIMOSA2",0.15,100,0.176059523809524,0.0137318257439586,4.85,"Prop_0.10",50,0.00025,"High","Beta",2000,"10% responders","Effect: 2.5e-04"
"BL076","MIMOSA2",0.16,100,0.202892857142857,0.0128704220234402,5.03,"Prop_0.10",50,0.00025,"High","Beta",2000,"10% responders","Effect: 2.5e-04"
"BL076","MIMOSA2",0.17,100,0.22122619047619,0.0127023471425552,5.17,"Prop_0.10",50,0.00025,"High","Beta",2000,"10% responders","Effect: 2.5e-04"
"BL076","MIMOSA2",0.18,100,0.229369047619048,0.0132268848996991,5.25,"Prop_0.10",50,0.00025,"High","Beta",2000,"10% responders","Effect: 2.5e-04"
"BL076","MIMOSA2",0.19,100,0.24447619047619,0.0128989011538537,5.38,"Prop_0.10",50,0.00025,"High","Beta",2000,"10% responders","Effect: 2.5e-04"
"BL076","MIMOSA2",0.2,100,0.26877380952381,0.0124117496191341,5.55,"Prop_0.10",50,0.00025,"High","Beta",2000,"10% responders","Effect: 2.5e-04"
"BL078","DiD (BH)",0.01,100,0.00321600035895365,0.00150817579347191,16.57,"Prop_0.50",50,0.00025,"High","Beta",2000,"50% responders","Effect: 2.5e-04"
"BL078","DiD (BH)",0.02,100,0.00517848232143561,0.0018827744135359,17.39,"Prop_0.50",50,0.00025,"High","Beta",2000,"50% responders","Effect: 2.5e-04"
"BL078","DiD (BH)",0.03,100,0.00661626572825927,0.00210627444982134,17.77,"Prop_0.50",50,0.00025,"High","Beta",2000,"50% responders","Effect: 2.5e-04"
"BL078","DiD (BH)",0.04,100,0.0070491661611597,0.00212703725177441,18,"Prop_0.50",50,0.00025,"High","Beta",2000,"50% responders","Effect: 2.5e-04"
"BL078","DiD (BH)",0.05,100,0.00914399268826177,0.00230213732543403,18.19,"Prop_0.50",50,0.00025,"High","Beta",2000,"50% responders","Effect: 2.5e-04"
"BL078","DiD (BH)",0.06,100,0.013595771014182,0.00263374918677833,18.49,"Prop_0.50",50,0.00025,"High","Beta",2000,"50% responders","Effect: 2.5e-04"
"BL078","DiD (BH)",0.07,100,0.0155968342784031,0.00271839068196884,18.66,"Prop_0.50",50,0.00025,"High","Beta",2000,"50% responders","Effect: 2.5e-04"
"BL078","DiD (BH)",0.08,100,0.0175556897504165,0.00299212898393706,18.87,"Prop_0.50",50,0.00025,"High","Beta",2000,"50% responders","Effect: 2.5e-04"
"BL078","DiD (BH)",0.09,100,0.0194147362467628,0.00301087278392881,19.05,"Prop_0.50",50,0.00025,"High","Beta",2000,"50% responders","Effect: 2.5e-04"
"BL078","DiD (BH)",0.1,100,0.0223305534577745,0.00324876291016987,19.27,"Prop_0.50",50,0.00025,"High","Beta",2000,"50% responders","Effect: 2.5e-04"
"BL078","DiD (BH)",0.11,100,0.0258372189823159,0.0034071855481948,19.45,"Prop_0.50",50,0.00025,"High","Beta",2000,"50% responders","Effect: 2.5e-04"
"BL078","DiD (BH)",0.12,100,0.0295362614520879,0.00368205115057761,19.65,"Prop_0.50",50,0.00025,"High","Beta",2000,"50% responders","Effect: 2.5e-04"
"BL078","DiD (BH)",0.13,100,0.0317139670797936,0.0037296101124506,19.74,"Prop_0.50",50,0.00025,"High","Beta",2000,"50% responders","Effect: 2.5e-04"
"BL078","DiD (BH)",0.14,100,0.0361108733917255,0.0039678174157798,19.94,"Prop_0.50",50,0.00025,"High","Beta",2000,"50% responders","Effect: 2.5e-04"
"BL078","DiD (BH)",0.15,100,0.0401891108211272,0.00441279970846464,20.16,"Prop_0.50",50,0.00025,"High","Beta",2000,"50% responders","Effect: 2.5e-04"
"BL078","DiD (BH)",0.16,100,0.0437737681165397,0.00483382213592843,20.35,"Prop_0.50",50,0.00025,"High","Beta",2000,"50% responders","Effect: 2.5e-04"
"BL078","DiD (BH)",0.17,100,0.0458448763878768,0.00484152562115528,20.51,"Prop_0.50",50,0.00025,"High","Beta",2000,"50% responders","Effect: 2.5e-04"
"BL078","DiD (BH)",0.18,100,0.0505685703925305,0.00486625925823503,20.73,"Prop_0.50",50,0.00025,"High","Beta",2000,"50% responders","Effect: 2.5e-04"
"BL078","DiD (BH)",0.19,100,0.0547584413148957,0.00493820410494152,20.96,"Prop_0.50",50,0.00025,"High","Beta",2000,"50% responders","Effect: 2.5e-04"
"BL078","DiD (BH)",0.2,100,0.0562799868555488,0.00511131998052071,21.09,"Prop_0.50",50,0.00025,"High","Beta",2000,"50% responders","Effect: 2.5e-04"
"BL078","MIMOSA2",0.01,100,0.0019833675096833,0.000978582820688084,17.33,"Prop_0.50",50,0.00025,"High","Beta",2000,"50% responders","Effect: 2.5e-04"
"BL078","MIMOSA2",0.02,100,0.00613639794382492,0.00181117728890807,18.35,"Prop_0.50",50,0.00025,"High","Beta",2000,"50% responders","Effect: 2.5e-04"
"BL078","MIMOSA2",0.03,100,0.0100797259608371,0.00225081035440517,18.85,"Prop_0.50",50,0.00025,"High","Beta",2000,"50% responders","Effect: 2.5e-04"
"BL078","MIMOSA2",0.04,100,0.0169497947256226,0.00291718670632015,19.45,"Prop_0.50",50,0.00025,"High","Beta",2000,"50% responders","Effect: 2.5e-04"
"BL078","MIMOSA2",0.05,100,0.0213099788311627,0.00325532436682483,19.86,"Prop_0.50",50,0.00025,"High","Beta",2000,"50% responders","Effect: 2.5e-04"
"BL078","MIMOSA2",0.06,100,0.0268453609190249,0.00353261851448125,20.39,"Prop_0.50",50,0.00025,"High","Beta",2000,"50% responders","Effect: 2.5e-04"
"BL078","MIMOSA2",0.07,100,0.0334363517359883,0.00390827174986828,20.72,"Prop_0.50",50,0.00025,"High","Beta",2000,"50% responders","Effect: 2.5e-04"
"BL078","MIMOSA2",0.08,100,0.0413202907291479,0.00395017296452683,21.2,"Prop_0.50",50,0.00025,"High","Beta",2000,"50% responders","Effect: 2.5e-04"
"BL078","MIMOSA2",0.09,100,0.0480180199536035,0.00412771521193076,21.61,"Prop_0.50",50,0.00025,"High","Beta",2000,"50% responders","Effect: 2.5e-04"
"BL078","MIMOSA2",0.1,100,0.0537509248950897,0.00411945004435882,21.93,"Prop_0.50",50,0.00025,"High","Beta",2000,"50% responders","Effect: 2.5e-04"
"BL078","MIMOSA2",0.11,100,0.0640494032826551,0.00453682730129956,22.4,"Prop_0.50",50,0.00025,"High","Beta",2000,"50% responders","Effect: 2.5e-04"
"BL078","MIMOSA2",0.12,100,0.0724720355533423,0.00462354363570474,22.82,"Prop_0.50",50,0.00025,"High","Beta",2000,"50% responders","Effect: 2.5e-04"
"BL078","MIMOSA2",0.13,100,0.0781577025779543,0.00480408291122983,23.08,"Prop_0.50",50,0.00025,"High","Beta",2000,"50% responders","Effect: 2.5e-04"
"BL078","MIMOSA2",0.14,100,0.0867054499276467,0.00463575750138271,23.5,"Prop_0.50",50,0.00025,"High","Beta",2000,"50% responders","Effect: 2.5e-04"
"BL078","MIMOSA2",0.15,100,0.0950706893581035,0.00483599590100034,23.84,"Prop_0.50",50,0.00025,"High","Beta",2000,"50% responders","Effect: 2.5e-04"
"BL078","MIMOSA2",0.16,100,0.101418087088582,0.00492031925677378,24.21,"Prop_0.50",50,0.00025,"High","Beta",2000,"50% responders","Effect: 2.5e-04"
"BL078","MIMOSA2",0.17,100,0.110879549988647,0.00481255377136202,24.64,"Prop_0.50",50,0.00025,"High","Beta",2000,"50% responders","Effect: 2.5e-04"
"BL078","MIMOSA2",0.18,100,0.116820932101798,0.00498899948026043,24.97,"Prop_0.50",50,0.00025,"High","Beta",2000,"50% responders","Effect: 2.5e-04"
"BL078","MIMOSA2",0.19,100,0.123566818019423,0.00507016581258874,25.31,"Prop_0.50",50,0.00025,"High","Beta",2000,"50% responders","Effect: 2.5e-04"
"BL078","MIMOSA2",0.2,100,0.133409097581718,0.0050203114033137,25.7,"Prop_0.50",50,0.00025,"High","Beta",2000,"50% responders","Effect: 2.5e-04"
"BL080","DiD (BH)",0.01,100,0.000922077922077922,0.00052806952766049,30.28,"Prop_0.90",50,0.00025,"High","Beta",2000,"90% responders","Effect: 2.5e-04"
"BL080","DiD (BH)",0.02,100,0.00206599092901275,0.000758256278596998,31.16,"Prop_0.90",50,0.00025,"High","Beta",2000,"90% responders","Effect: 2.5e-04"
"BL080","DiD (BH)",0.03,100,0.00292360063956364,0.000882895931489506,31.92,"Prop_0.90",50,0.00025,"High","Beta",2000,"90% responders","Effect: 2.5e-04"
"BL080","DiD (BH)",0.04,100,0.00396482867071102,0.000989514536332804,32.46,"Prop_0.90",50,0.00025,"High","Beta",2000,"90% responders","Effect: 2.5e-04"
"BL080","DiD (BH)",0.05,100,0.00424112100582689,0.00101629951606133,32.97,"Prop_0.90",50,0.00025,"High","Beta",2000,"90% responders","Effect: 2.5e-04"
"BL080","DiD (BH)",0.06,100,0.00564980585336622,0.00119860007674395,33.46,"Prop_0.90",50,0.00025,"High","Beta",2000,"90% responders","Effect: 2.5e-04"
"BL080","DiD (BH)",0.07,100,0.00618835636037648,0.00123013274642642,33.82,"Prop_0.90",50,0.00025,"High","Beta",2000,"90% responders","Effect: 2.5e-04"
"BL080","DiD (BH)",0.08,100,0.00671011442257572,0.00125735006192495,34.14,"Prop_0.90",50,0.00025,"High","Beta",2000,"90% responders","Effect: 2.5e-04"
"BL080","DiD (BH)",0.09,100,0.00719510113422463,0.00134285952284235,34.39,"Prop_0.90",50,0.00025,"High","Beta",2000,"90% responders","Effect: 2.5e-04"
"BL080","DiD (BH)",0.1,100,0.00766080596393309,0.00143842380235211,34.72,"Prop_0.90",50,0.00025,"High","Beta",2000,"90% responders","Effect: 2.5e-04"
"BL080","DiD (BH)",0.11,100,0.00816241637576022,0.00145412373873821,35.08,"Prop_0.90",50,0.00025,"High","Beta",2000,"90% responders","Effect: 2.5e-04"
"BL080","DiD (BH)",0.12,100,0.0103715573449818,0.00165839422782714,35.26,"Prop_0.90",50,0.00025,"High","Beta",2000,"90% responders","Effect: 2.5e-04"
"BL080","DiD (BH)",0.13,100,0.0106272077322112,0.00166187884400667,35.43,"Prop_0.90",50,0.00025,"High","Beta",2000,"90% responders","Effect: 2.5e-04"
"BL080","DiD (BH)",0.14,100,0.010567878470945,0.00165582797186426,35.7,"Prop_0.90",50,0.00025,"High","Beta",2000,"90% responders","Effect: 2.5e-04"
"BL080","DiD (BH)",0.15,100,0.0108378766058625,0.00166037530844021,35.94,"Prop_0.90",50,0.00025,"High","Beta",2000,"90% responders","Effect: 2.5e-04"
"BL080","DiD (BH)",0.16,100,0.0107662326657975,0.00165338993359693,36.17,"Prop_0.90",50,0.00025,"High","Beta",2000,"90% responders","Effect: 2.5e-04"
"BL080","DiD (BH)",0.17,100,0.0120181044694089,0.00169376766432565,36.37,"Prop_0.90",50,0.00025,"High","Beta",2000,"90% responders","Effect: 2.5e-04"
"BL080","DiD (BH)",0.18,100,0.0132625001720845,0.00173129325537373,36.64,"Prop_0.90",50,0.00025,"High","Beta",2000,"90% responders","Effect: 2.5e-04"
"BL080","DiD (BH)",0.19,100,0.0134404382595313,0.00175614739490246,36.89,"Prop_0.90",50,0.00025,"High","Beta",2000,"90% responders","Effect: 2.5e-04"
"BL080","DiD (BH)",0.2,100,0.0149287745319303,0.00181568541886809,37.1,"Prop_0.90",50,0.00025,"High","Beta",2000,"90% responders","Effect: 2.5e-04"
"BL080","MIMOSA2",0.01,100,0.000263157894736842,0.000263157894736842,31.83,"Prop_0.90",50,0.00025,"High","Beta",2000,"90% responders","Effect: 2.5e-04"
"BL080","MIMOSA2",0.02,100,0.00136154011154011,0.000597098831940941,33.24,"Prop_0.90",50,0.00025,"High","Beta",2000,"90% responders","Effect: 2.5e-04"
"BL080","MIMOSA2",0.03,100,0.00308385183607456,0.000884914213031811,34.24,"Prop_0.90",50,0.00025,"High","Beta",2000,"90% responders","Effect: 2.5e-04"
"BL080","MIMOSA2",0.04,100,0.00408536670780875,0.000979743924459043,35.04,"Prop_0.90",50,0.00025,"High","Beta",2000,"90% responders","Effect: 2.5e-04"
"BL080","MIMOSA2",0.05,100,0.00537738264813648,0.00108461408743784,35.79,"Prop_0.90",50,0.00025,"High","Beta",2000,"90% responders","Effect: 2.5e-04"
"BL080","MIMOSA2",0.06,100,0.00681184432851571,0.00115858753924851,36.53,"Prop_0.90",50,0.00025,"High","Beta",2000,"90% responders","Effect: 2.5e-04"
"BL080","MIMOSA2",0.07,100,0.00916328898126346,0.00130156715648178,37.11,"Prop_0.90",50,0.00025,"High","Beta",2000,"90% responders","Effect: 2.5e-04"
"BL080","MIMOSA2",0.08,100,0.0110283812955602,0.00144189941731865,37.77,"Prop_0.90",50,0.00025,"High","Beta",2000,"90% responders","Effect: 2.5e-04"
"BL080","MIMOSA2",0.09,100,0.0134097841457978,0.0015515983122077,38.34,"Prop_0.90",50,0.00025,"High","Beta",2000,"90% responders","Effect: 2.5e-04"
"BL080","MIMOSA2",0.1,100,0.0137997242559536,0.00158391114073189,38.9,"Prop_0.90",50,0.00025,"High","Beta",2000,"90% responders","Effect: 2.5e-04"
"BL080","MIMOSA2",0.11,100,0.0175276559561405,0.00175315878821694,39.41,"Prop_0.90",50,0.00025,"High","Beta",2000,"90% responders","Effect: 2.5e-04"
"BL080","MIMOSA2",0.12,100,0.0207955123353686,0.00184775378138397,39.97,"Prop_0.90",50,0.00025,"High","Beta",2000,"90% responders","Effect: 2.5e-04"
"BL080","MIMOSA2",0.13,100,0.0238854458222799,0.00203507048186675,40.46,"Prop_0.90",50,0.00025,"High","Beta",2000,"90% responders","Effect: 2.5e-04"
"BL080","MIMOSA2",0.14,100,0.0268967902803782,0.00213192151230937,40.99,"Prop_0.90",50,0.00025,"High","Beta",2000,"90% responders","Effect: 2.5e-04"
"BL080","MIMOSA2",0.15,100,0.0319579483508766,0.00202811532681362,41.49,"Prop_0.90",50,0.00025,"High","Beta",2000,"90% responders","Effect: 2.5e-04"
"BL080","MIMOSA2",0.16,100,0.036904146464241,0.00207657687905784,42.04,"Prop_0.90",50,0.00025,"High","Beta",2000,"90% responders","Effect: 2.5e-04"
"BL080","MIMOSA2",0.17,100,0.0402248970145593,0.00212082495683277,42.55,"Prop_0.90",50,0.00025,"High","Beta",2000,"90% responders","Effect: 2.5e-04"
"BL080","MIMOSA2",0.18,100,0.0455887479409664,0.00222848009073536,43.09,"Prop_0.90",50,0.00025,"High","Beta",2000,"90% responders","Effect: 2.5e-04"
"BL080","MIMOSA2",0.19,100,0.0505161139947148,0.00227267580319729,43.65,"Prop_0.90",50,0.00025,"High","Beta",2000,"90% responders","Effect: 2.5e-04"
"BL080","MIMOSA2",0.2,100,0.0544832991801096,0.0021435464181665,44.2,"Prop_0.90",50,0.00025,"High","Beta",2000,"90% responders","Effect: 2.5e-04"
"BL136","DiD (BH)",0.01,100,0.0045,0.00318574793400073,2.71,"Prop_0.10",50,6.25e-05,"High","Beta",2000,"10% responders","Effect: 6.2e-05"
"BL136","DiD (BH)",0.02,100,0.00866666666666667,0.00432594552829838,2.82,"Prop_0.10",50,6.25e-05,"High","Beta",2000,"10% responders","Effect: 6.2e-05"
"BL136","DiD (BH)",0.03,100,0.019,0.0066118113541386,2.97,"Prop_0.10",50,6.25e-05,"High","Beta",2000,"10% responders","Effect: 6.2e-05"
"BL136","DiD (BH)",0.04,100,0.019,0.0066118113541386,3.04,"Prop_0.10",50,6.25e-05,"High","Beta",2000,"10% responders","Effect: 6.2e-05"
"BL136","DiD (BH)",0.05,100,0.021,0.00685188825179157,3.07,"Prop_0.10",50,6.25e-05,"High","Beta",2000,"10% responders","Effect: 6.2e-05"
"BL136","DiD (BH)",0.06,100,0.0243333333333333,0.00752631000637158,3.1,"Prop_0.10",50,6.25e-05,"High","Beta",2000,"10% responders","Effect: 6.2e-05"
"BL136","DiD (BH)",0.07,100,0.0421666666666667,0.0102040214558797,3.17,"Prop_0.10",50,6.25e-05,"High","Beta",2000,"10% responders","Effect: 6.2e-05"
"BL136","DiD (BH)",0.08,100,0.0441666666666667,0.0103159270144932,3.24,"Prop_0.10",50,6.25e-05,"High","Beta",2000,"10% responders","Effect: 6.2e-05"
"BL136","DiD (BH)",0.09,100,0.0573333333333333,0.0119771574584972,3.35,"Prop_0.10",50,6.25e-05,"High","Beta",2000,"10% responders","Effect: 6.2e-05"
"BL136","DiD (BH)",0.1,100,0.0675,0.0132560364666757,3.43,"Prop_0.10",50,6.25e-05,"High","Beta",2000,"10% responders","Effect: 6.2e-05"
"BL136","DiD (BH)",0.11,100,0.071,0.013590986978445,3.45,"Prop_0.10",50,6.25e-05,"High","Beta",2000,"10% responders","Effect: 6.2e-05"
"BL136","DiD (BH)",0.12,100,0.073,0.0136325434229851,3.46,"Prop_0.10",50,6.25e-05,"High","Beta",2000,"10% responders","Effect: 6.2e-05"
"BL136","DiD (BH)",0.13,100,0.0755,0.0137262293253721,3.5,"Prop_0.10",50,6.25e-05,"High","Beta",2000,"10% responders","Effect: 6.2e-05"
"BL136","DiD (BH)",0.14,100,0.0795,0.0137923005082867,3.53,"Prop_0.10",50,6.25e-05,"High","Beta",2000,"10% responders","Effect: 6.2e-05"
"BL136","DiD (BH)",0.15,100,0.0853333333333333,0.0140730816591449,3.57,"Prop_0.10",50,6.25e-05,"High","Beta",2000,"10% responders","Effect: 6.2e-05"
"BL136","DiD (BH)",0.16,100,0.0843333333333333,0.0138084945960034,3.63,"Prop_0.10",50,6.25e-05,"High","Beta",2000,"10% responders","Effect: 6.2e-05"
"BL136","DiD (BH)",0.17,100,0.0963333333333333,0.0143696197172822,3.69,"Prop_0.10",50,6.25e-05,"High","Beta",2000,"10% responders","Effect: 6.2e-05"
"BL136","DiD (BH)",0.18,100,0.098,0.014928336104711,3.72,"Prop_0.10",50,6.25e-05,"High","Beta",2000,"10% responders","Effect: 6.2e-05"
"BL136","DiD (BH)",0.19,100,0.119916666666667,0.0164740106682372,3.9,"Prop_0.10",50,6.25e-05,"High","Beta",2000,"10% responders","Effect: 6.2e-05"
"BL136","DiD (BH)",0.2,100,0.125035714285714,0.0170373424163893,3.94,"Prop_0.10",50,6.25e-05,"High","Beta",2000,"10% responders","Effect: 6.2e-05"
"BL136","MIMOSA2",0.01,100,0.0108333333333333,0.00645008025946463,2.55,"Prop_0.10",50,6.25e-05,"High","Beta",2000,"10% responders","Effect: 6.2e-05"
"BL136","MIMOSA2",0.02,100,0.0241666666666667,0.00927317977153449,2.68,"Prop_0.10",50,6.25e-05,"High","Beta",2000,"10% responders","Effect: 6.2e-05"
"BL136","MIMOSA2",0.03,100,0.0321666666666667,0.0102801798994683,2.77,"Prop_0.10",50,6.25e-05,"High","Beta",2000,"10% responders","Effect: 6.2e-05"
"BL136","MIMOSA2",0.04,100,0.0385,0.0106249579123746,2.93,"Prop_0.10",50,6.25e-05,"High","Beta",2000,"10% responders","Effect: 6.2e-05"
"BL136","MIMOSA2",0.05,100,0.0455,0.0111183183695649,3.06,"Prop_0.10",50,6.25e-05,"High","Beta",2000,"10% responders","Effect: 6.2e-05"
"BL136","MIMOSA2",0.06,100,0.054,0.0118991270935824,3.18,"Prop_0.10",50,6.25e-05,"High","Beta",2000,"10% responders","Effect: 6.2e-05"
"BL136","MIMOSA2",0.07,100,0.0655,0.012438975620127,3.27,"Prop_0.10",50,6.25e-05,"High","Beta",2000,"10% responders","Effect: 6.2e-05"
"BL136","MIMOSA2",0.08,100,0.0815,0.0133877152761124,3.4,"Prop_0.10",50,6.25e-05,"High","Beta",2000,"10% responders","Effect: 6.2e-05"
"BL136","MIMOSA2",0.09,100,0.091,0.0136770101287016,3.45,"Prop_0.10",50,6.25e-05,"High","Beta",2000,"10% responders","Effect: 6.2e-05"
"BL136","MIMOSA2",0.1,100,0.105,0.014218315435633,3.56,"Prop_0.10",50,6.25e-05,"High","Beta",2000,"10% responders","Effect: 6.2e-05"
"BL136","MIMOSA2",0.11,100,0.117238095238095,0.0153771061299447,3.67,"Prop_0.10",50,6.25e-05,"High","Beta",2000,"10% responders","Effect: 6.2e-05"
"BL136","MIMOSA2",0.12,100,0.128928571428571,0.0159528431009995,3.76,"Prop_0.10",50,6.25e-05,"High","Beta",2000,"10% responders","Effect: 6.2e-05"
"BL136","MIMOSA2",0.13,100,0.155547619047619,0.0167349338837572,3.95,"Prop_0.10",50,6.25e-05,"High","Beta",2000,"10% responders","Effect: 6.2e-05"
"BL136","MIMOSA2",0.14,100,0.173666666666667,0.0166886002861049,4.07,"Prop_0.10",50,6.25e-05,"High","Beta",2000,"10% responders","Effect: 6.2e-05"
"BL136","MIMOSA2",0.15,100,0.187,0.0169610981959361,4.17,"Prop_0.10",50,6.25e-05,"High","Beta",2000,"10% responders","Effect: 6.2e-05"
"BL136","MIMOSA2",0.16,100,0.210380952380952,0.0177607231765154,4.31,"Prop_0.10",50,6.25e-05,"High","Beta",2000,"10% responders","Effect: 6.2e-05"
"BL136","MIMOSA2",0.17,100,0.219380952380952,0.0180500648137626,4.38,"Prop_0.10",50,6.25e-05,"High","Beta",2000,"10% responders","Effect: 6.2e-05"
"BL136","MIMOSA2",0.18,100,0.233392857142857,0.0180248766127568,4.48,"Prop_0.10",50,6.25e-05,"High","Beta",2000,"10% responders","Effect: 6.2e-05"
"BL136","MIMOSA2",0.19,100,0.261,0.0179582604437564,4.72,"Prop_0.10",50,6.25e-05,"High","Beta",2000,"10% responders","Effect: 6.2e-05"
"BL136","MIMOSA2",0.2,100,0.27352380952381,0.0176937783098838,4.83,"Prop_0.10",50,6.25e-05,"High","Beta",2000,"10% responders","Effect: 6.2e-05"
"BL138","DiD (BH)",0.01,100,0.00268055555555556,0.00133571835299157,15.11,"Prop_0.50",50,6.25e-05,"High","Beta",2000,"50% responders","Effect: 6.2e-05"
"BL138","DiD (BH)",0.02,100,0.00466624895572264,0.00178383113052262,15.75,"Prop_0.50",50,6.25e-05,"High","Beta",2000,"50% responders","Effect: 6.2e-05"
"BL138","DiD (BH)",0.03,100,0.0069781684603666,0.0020673717909391,16.2,"Prop_0.50",50,6.25e-05,"High","Beta",2000,"50% responders","Effect: 6.2e-05"
"BL138","DiD (BH)",0.04,100,0.0107165807618594,0.00236425680227552,16.5,"Prop_0.50",50,6.25e-05,"High","Beta",2000,"50% responders","Effect: 6.2e-05"
"BL138","DiD (BH)",0.05,100,0.0152895947361892,0.00294994902566978,16.85,"Prop_0.50",50,6.25e-05,"High","Beta",2000,"50% responders","Effect: 6.2e-05"
"BL138","DiD (BH)",0.06,100,0.0194051392793653,0.00338803259720276,17.15,"Prop_0.50",50,6.25e-05,"High","Beta",2000,"50% responders","Effect: 6.2e-05"
"BL138","DiD (BH)",0.07,100,0.0229930774849505,0.003656118657278,17.41,"Prop_0.50",50,6.25e-05,"High","Beta",2000,"50% responders","Effect: 6.2e-05"
"BL138","DiD (BH)",0.08,100,0.0256142198015263,0.0036712760787299,17.66,"Prop_0.50",50,6.25e-05,"High","Beta",2000,"50% responders","Effect: 6.2e-05"
"BL138","DiD (BH)",0.09,100,0.0275019071037546,0.00404793060861156,17.87,"Prop_0.50",50,6.25e-05,"High","Beta",2000,"50% responders","Effect: 6.2e-05"
"BL138","DiD (BH)",0.1,100,0.0302679881010242,0.00411486849045621,18.03,"Prop_0.50",50,6.25e-05,"High","Beta",2000,"50% responders","Effect: 6.2e-05"
"BL138","DiD (BH)",0.11,100,0.0326549199884036,0.00428623260962763,18.28,"Prop_0.50",50,6.25e-05,"High","Beta",2000,"50% responders","Effect: 6.2e-05"
"BL138","DiD (BH)",0.12,100,0.035714916502785,0.00441073457017828,18.49,"Prop_0.50",50,6.25e-05,"High","Beta",2000,"50% responders","Effect: 6.2e-05"
"BL138","DiD (BH)",0.13,100,0.0405812244294644,0.00443939944608108,18.71,"Prop_0.50",50,6.25e-05,"High","Beta",2000,"50% responders","Effect: 6.2e-05"
"BL138","DiD (BH)",0.14,100,0.0429440583918407,0.00453667200870172,18.85,"Prop_0.50",50,6.25e-05,"High","Beta",2000,"50% responders","Effect: 6.2e-05"
"BL138","DiD (BH)",0.15,100,0.0465742190378683,0.00470264967752228,18.96,"Prop_0.50",50,6.25e-05,"High","Beta",2000,"50% responders","Effect: 6.2e-05"
"BL138","DiD (BH)",0.16,100,0.0473336613432185,0.00480824988465986,19.02,"Prop_0.50",50,6.25e-05,"High","Beta",2000,"50% responders","Effect: 6.2e-05"
"BL138","DiD (BH)",0.17,100,0.0494446110660103,0.00470727022894684,19.1,"Prop_0.50",50,6.25e-05,"High","Beta",2000,"50% responders","Effect: 6.2e-05"
"BL138","DiD (BH)",0.18,100,0.0555447795052049,0.00507310473141697,19.38,"Prop_0.50",50,6.25e-05,"High","Beta",2000,"50% responders","Effect: 6.2e-05"
"BL138","DiD (BH)",0.19,100,0.0606422200763296,0.00531543443065617,19.57,"Prop_0.50",50,6.25e-05,"High","Beta",2000,"50% responders","Effect: 6.2e-05"
"BL138","DiD (BH)",0.2,100,0.0664879028962991,0.0054116599648113,19.93,"Prop_0.50",50,6.25e-05,"High","Beta",2000,"50% responders","Effect: 6.2e-05"
"BL138","MIMOSA2",0.01,100,0.0049681656063235,0.00188303993270564,14.07,"Prop_0.50",50,6.25e-05,"High","Beta",2000,"50% responders","Effect: 6.2e-05"
"BL138","MIMOSA2",0.02,100,0.00758029878618114,0.00236642363775938,14.94,"Prop_0.50",50,6.25e-05,"High","Beta",2000,"50% responders","Effect: 6.2e-05"
"BL138","MIMOSA2",0.03,100,0.00947758936110329,0.00244979451541701,15.53,"Prop_0.50",50,6.25e-05,"High","Beta",2000,"50% responders","Effect: 6.2e-05"
"BL138","MIMOSA2",0.04,100,0.0168564409017195,0.00289470186012582,16.1,"Prop_0.50",50,6.25e-05,"High","Beta",2000,"50% responders","Effect: 6.2e-05"
"BL138","MIMOSA2",0.05,100,0.0236767470145953,0.00324139786371138,16.62,"Prop_0.50",50,6.25e-05,"High","Beta",2000,"50% responders","Effect: 6.2e-05"
"BL138","MIMOSA2",0.06,100,0.0266760096198951,0.00336807371342943,16.95,"Prop_0.50",50,6.25e-05,"High","Beta",2000,"50% responders","Effect: 6.2e-05"
"BL138","MIMOSA2",0.07,100,0.0322512611227782,0.0036652317110392,17.43,"Prop_0.50",50,6.25e-05,"High","Beta",2000,"50% responders","Effect: 6.2e-05"
"BL138","MIMOSA2",0.08,100,0.0349391745165739,0.00386648258266887,17.77,"Prop_0.50",50,6.25e-05,"High","Beta",2000,"50% responders","Effect: 6.2e-05"
"BL138","MIMOSA2",0.09,100,0.0412107894386465,0.00421799895485769,18.15,"Prop_0.50",50,6.25e-05,"High","Beta",2000,"50% responders","Effect: 6.2e-05"
"BL138","MIMOSA2",0.1,100,0.0509429696214257,0.00429219088562293,18.5,"Prop_0.50",50,6.25e-05,"High","Beta",2000,"50% responders","Effect: 6.2e-05"
"BL138","MIMOSA2",0.11,100,0.0561451244460061,0.00427005677567002,18.92,"Prop_0.50",50,6.25e-05,"High","Beta",2000,"50% responders","Effect: 6.2e-05"
"BL138","MIMOSA2",0.12,100,0.0615960762850317,0.00443202470628106,19.21,"Prop_0.50",50,6.25e-05,"High","Beta",2000,"50% responders","Effect: 6.2e-05"
"BL138","MIMOSA2",0.13,100,0.0684175030597497,0.00477433489797846,19.61,"Prop_0.50",50,6.25e-05,"High","Beta",2000,"50% responders","Effect: 6.2e-05"
"BL138","MIMOSA2",0.14,100,0.0745013732745022,0.00489586125644627,19.98,"Prop_0.50",50,6.25e-05,"High","Beta",2000,"50% responders","Effect: 6.2e-05"
"BL138","MIMOSA2",0.15,100,0.0826341694739056,0.00500683078619211,20.36,"Prop_0.50",50,6.25e-05,"High","Beta",2000,"50% responders","Effect: 6.2e-05"
"BL138","MIMOSA2",0.16,100,0.0900986018143475,0.0049198936032814,20.65,"Prop_0.50",50,6.25e-05,"High","Beta",2000,"50% responders","Effect: 6.2e-05"
"BL138","MIMOSA2",0.17,100,0.0992189772167528,0.00475203253317737,21.13,"Prop_0.50",50,6.25e-05,"High","Beta",2000,"50% responders","Effect: 6.2e-05"
"BL138","MIMOSA2",0.18,100,0.107673639213197,0.00517399997856788,21.44,"Prop_0.50",50,6.25e-05,"High","Beta",2000,"50% responders","Effect: 6.2e-05"
"BL138","MIMOSA2",0.19,100,0.11203338048298,0.00533515350979021,21.78,"Prop_0.50",50,6.25e-05,"High","Beta",2000,"50% responders","Effect: 6.2e-05"
"BL138","MIMOSA2",0.2,100,0.120435672503912,0.00544082896191847,22.19,"Prop_0.50",50,6.25e-05,"High","Beta",2000,"50% responders","Effect: 6.2e-05"
"BL140","DiD (BH)",0.01,100,0,0,26.91,"Prop_0.90",50,6.25e-05,"High","Beta",2000,"90% responders","Effect: 6.2e-05"
"BL140","DiD (BH)",0.02,100,0.000655913978494624,0.000461516114027462,28.28,"Prop_0.90",50,6.25e-05,"High","Beta",2000,"90% responders","Effect: 6.2e-05"
"BL140","DiD (BH)",0.03,100,0.00201694526840522,0.000803613265796851,29.34,"Prop_0.90",50,6.25e-05,"High","Beta",2000,"90% responders","Effect: 6.2e-05"
"BL140","DiD (BH)",0.04,100,0.00199672288326348,0.000795991392308655,29.94,"Prop_0.90",50,6.25e-05,"High","Beta",2000,"90% responders","Effect: 6.2e-05"
"BL140","DiD (BH)",0.05,100,0.00319938409600534,0.000967060473924751,30.54,"Prop_0.90",50,6.25e-05,"High","Beta",2000,"90% responders","Effect: 6.2e-05"
"BL140","DiD (BH)",0.06,100,0.00343282585980764,0.000983711388121271,31.04,"Prop_0.90",50,6.25e-05,"High","Beta",2000,"90% responders","Effect: 6.2e-05"
"BL140","DiD (BH)",0.07,100,0.00365125575375935,0.000996111958993819,31.69,"Prop_0.90",50,6.25e-05,"High","Beta",2000,"90% responders","Effect: 6.2e-05"
"BL140","DiD (BH)",0.08,100,0.00514954061696357,0.00124105258012323,32.07,"Prop_0.90",50,6.25e-05,"High","Beta",2000,"90% responders","Effect: 6.2e-05"
"BL140","DiD (BH)",0.09,100,0.00538793996008303,0.0012463829787032,32.48,"Prop_0.90",50,6.25e-05,"High","Beta",2000,"90% responders","Effect: 6.2e-05"
"BL140","DiD (BH)",0.1,100,0.00531405438619745,0.00123232986183506,32.8,"Prop_0.90",50,6.25e-05,"High","Beta",2000,"90% responders","Effect: 6.2e-05"
"BL140","DiD (BH)",0.11,100,0.00718716470996567,0.00143940565071945,33.27,"Prop_0.90",50,6.25e-05,"High","Beta",2000,"90% responders","Effect: 6.2e-05"
"BL140","DiD (BH)",0.12,100,0.00741972758958738,0.0014458182751701,33.66,"Prop_0.90",50,6.25e-05,"High","Beta",2000,"90% responders","Effect: 6.2e-05"
"BL140","DiD (BH)",0.13,100,0.008498884635145,0.00154692596705072,33.99,"Prop_0.90",50,6.25e-05,"High","Beta",2000,"90% responders","Effect: 6.2e-05"
"BL140","DiD (BH)",0.14,100,0.00899710262635959,0.00160063053709772,34.28,"Prop_0.90",50,6.25e-05,"High","Beta",2000,"90% responders","Effect: 6.2e-05"
"BL140","DiD (BH)",0.15,100,0.0089586353665301,0.00159606125927679,34.43,"Prop_0.90",50,6.25e-05,"High","Beta",2000,"90% responders","Effect: 6.2e-05"
"BL140","DiD (BH)",0.16,100,0.00919291823239192,0.00159960057402375,34.58,"Prop_0.90",50,6.25e-05,"High","Beta",2000,"90% responders","Effect: 6.2e-05"
"BL140","DiD (BH)",0.17,100,0.0105005767549092,0.00166478423528673,34.83,"Prop_0.90",50,6.25e-05,"High","Beta",2000,"90% responders","Effect: 6.2e-05"
"BL140","DiD (BH)",0.18,100,0.0112928452530601,0.00172080695373207,35.04,"Prop_0.90",50,6.25e-05,"High","Beta",2000,"90% responders","Effect: 6.2e-05"
"BL140","DiD (BH)",0.19,100,0.0114867312386662,0.00171537168053344,35.35,"Prop_0.90",50,6.25e-05,"High","Beta",2000,"90% responders","Effect: 6.2e-05"
"BL140","DiD (BH)",0.2,100,0.0122335178339766,0.00179228990328638,35.59,"Prop_0.90",50,6.25e-05,"High","Beta",2000,"90% responders","Effect: 6.2e-05"
"BL140","MIMOSA2",0.01,100,0.00194088319088319,0.000850966194180336,25.98,"Prop_0.90",50,6.25e-05,"High","Beta",2000,"90% responders","Effect: 6.2e-05"
"BL140","MIMOSA2",0.02,100,0.00255133839565888,0.000939256485107251,27.56,"Prop_0.90",50,6.25e-05,"High","Beta",2000,"90% responders","Effect: 6.2e-05"
"BL140","MIMOSA2",0.03,100,0.00342039949298014,0.00103848111960434,28.69,"Prop_0.90",50,6.25e-05,"High","Beta",2000,"90% responders","Effect: 6.2e-05"
"BL140","MIMOSA2",0.04,100,0.0043297563698573,0.00113176502065836,29.52,"Prop_0.90",50,6.25e-05,"High","Beta",2000,"90% responders","Effect: 6.2e-05"
"BL140","MIMOSA2",0.05,100,0.00483632485762712,0.00116255305405335,30.38,"Prop_0.90",50,6.25e-05,"High","Beta",2000,"90% responders","Effect: 6.2e-05"
"BL140","MIMOSA2",0.06,100,0.00626003566160113,0.00126458828158721,31.05,"Prop_0.90",50,6.25e-05,"High","Beta",2000,"90% responders","Effect: 6.2e-05"
"BL140","MIMOSA2",0.07,100,0.00697529729729616,0.00135144752730133,31.65,"Prop_0.90",50,6.25e-05,"High","Beta",2000,"90% responders","Effect: 6.2e-05"
"BL140","MIMOSA2",0.08,100,0.00838780139190102,0.00141663650437682,32.24,"Prop_0.90",50,6.25e-05,"High","Beta",2000,"90% responders","Effect: 6.2e-05"
"BL140","MIMOSA2",0.09,100,0.00968297944714228,0.00144822681672862,32.93,"Prop_0.90",50,6.25e-05,"High","Beta",2000,"90% responders","Effect: 6.2e-05"
"BL140","MIMOSA2",0.1,100,0.0106849869425708,0.0014614732223151,33.37,"Prop_0.90",50,6.25e-05,"High","Beta",2000,"90% responders","Effect: 6.2e-05"
"BL140","MIMOSA2",0.11,100,0.0127182202687795,0.00164547627372102,34.04,"Prop_0.90",50,6.25e-05,"High","Beta",2000,"90% responders","Effect: 6.2e-05"
"BL140","MIMOSA2",0.12,100,0.0136867704820491,0.00172901539147515,34.54,"Prop_0.90",50,6.25e-05,"High","Beta",2000,"90% responders","Effect: 6.2e-05"
"BL140","MIMOSA2",0.13,100,0.0166538189913888,0.00185005311099075,35.11,"Prop_0.90",50,6.25e-05,"High","Beta",2000,"90% responders","Effect: 6.2e-05"
"BL140","MIMOSA2",0.14,100,0.0184471390164538,0.00194141605481847,35.66,"Prop_0.90",50,6.25e-05,"High","Beta",2000,"90% responders","Effect: 6.2e-05"
"BL140","MIMOSA2",0.15,100,0.0206532504221046,0.00196295990486294,36.2,"Prop_0.90",50,6.25e-05,"High","Beta",2000,"90% responders","Effect: 6.2e-05"
"BL140","MIMOSA2",0.16,100,0.0221612840736016,0.00200699432710999,36.71,"Prop_0.90",50,6.25e-05,"High","Beta",2000,"90% responders","Effect: 6.2e-05"
"BL140","MIMOSA2",0.17,100,0.0236412441830648,0.00194879510043801,37.33,"Prop_0.90",50,6.25e-05,"High","Beta",2000,"90% responders","Effect: 6.2e-05"
"BL140","MIMOSA2",0.18,100,0.024971859196968,0.00205017417652078,37.71,"Prop_0.90",50,6.25e-05,"High","Beta",2000,"90% responders","Effect: 6.2e-05"
"BL140","MIMOSA2",0.19,100,0.029520252266563,0.00216215777012442,38.36,"Prop_0.90",50,6.25e-05,"High","Beta",2000,"90% responders","Effect: 6.2e-05"
"BL140","MIMOSA2",0.2,100,0.0315182460130324,0.00215024926349221,38.77,"Prop_0.90",50,6.25e-05,"High","Beta",2000,"90% responders","Effect: 6.2e-05"
"BL166","DiD (BH)",0.01,100,0.00833333333333333,0.00481125224324688,3.33,"Prop_0.10",50,0.001,"Medium","Beta",2000,"10% responders","Effect: 1.0e-03"
"BL166","DiD (BH)",0.02,100,0.00983333333333333,0.00496392711374496,3.41,"Prop_0.10",50,0.001,"Medium","Beta",2000,"10% responders","Effect: 1.0e-03"
"BL166","DiD (BH)",0.03,100,0.0191666666666667,0.00672689544548268,3.52,"Prop_0.10",50,0.001,"Medium","Beta",2000,"10% responders","Effect: 1.0e-03"
"BL166","DiD (BH)",0.04,100,0.0228333333333333,0.00710927612056766,3.55,"Prop_0.10",50,0.001,"Medium","Beta",2000,"10% responders","Effect: 1.0e-03"
"BL166","DiD (BH)",0.05,100,0.027,0.00758705554854749,3.59,"Prop_0.10",50,0.001,"Medium","Beta",2000,"10% responders","Effect: 1.0e-03"
"BL166","DiD (BH)",0.06,100,0.0295,0.00790251703782465,3.62,"Prop_0.10",50,0.001,"Medium","Beta",2000,"10% responders","Effect: 1.0e-03"
"BL166","DiD (BH)",0.07,100,0.0393333333333333,0.00901277307843773,3.68,"Prop_0.10",50,0.001,"Medium","Beta",2000,"10% responders","Effect: 1.0e-03"
"BL166","DiD (BH)",0.08,100,0.0458333333333333,0.00948853345441752,3.71,"Prop_0.10",50,0.001,"Medium","Beta",2000,"10% responders","Effect: 1.0e-03"
"BL166","DiD (BH)",0.09,100,0.055,0.0101903874072904,3.77,"Prop_0.10",50,0.001,"Medium","Beta",2000,"10% responders","Effect: 1.0e-03"
"BL166","DiD (BH)",0.1,100,0.057,0.0102772454134578,3.8,"Prop_0.10",50,0.001,"Medium","Beta",2000,"10% responders","Effect: 1.0e-03"
"BL166","DiD (BH)",0.11,100,0.0598333333333333,0.010546500635061,3.84,"Prop_0.10",50,0.001,"Medium","Beta",2000,"10% responders","Effect: 1.0e-03"
"BL166","DiD (BH)",0.12,100,0.0618333333333333,0.0106212601525353,3.86,"Prop_0.10",50,0.001,"Medium","Beta",2000,"10% responders","Effect: 1.0e-03"
"BL166","DiD (BH)",0.13,100,0.0725,0.0113987392730332,3.93,"Prop_0.10",50,0.001,"Medium","Beta",2000,"10% responders","Effect: 1.0e-03"
"BL166","DiD (BH)",0.14,100,0.0803571428571429,0.0120700585435961,3.99,"Prop_0.10",50,0.001,"Medium","Beta",2000,"10% responders","Effect: 1.0e-03"
"BL166","DiD (BH)",0.15,100,0.0863571428571429,0.012481363601144,4.02,"Prop_0.10",50,0.001,"Medium","Beta",2000,"10% responders","Effect: 1.0e-03"
"BL166","DiD (BH)",0.16,100,0.0948571428571429,0.0133927984072252,4.08,"Prop_0.10",50,0.001,"Medium","Beta",2000,"10% responders","Effect: 1.0e-03"
"BL166","DiD (BH)",0.17,100,0.101404761904762,0.0136523076696555,4.14,"Prop_0.10",50,0.001,"Medium","Beta",2000,"10% responders","Effect: 1.0e-03"
"BL166","DiD (BH)",0.18,100,0.105690476190476,0.0139990434880517,4.17,"Prop_0.10",50,0.001,"Medium","Beta",2000,"10% responders","Effect: 1.0e-03"
"BL166","DiD (BH)",0.19,100,0.11877380952381,0.0149311069660825,4.26,"Prop_0.10",50,0.001,"Medium","Beta",2000,"10% responders","Effect: 1.0e-03"
"BL166","DiD (BH)",0.2,100,0.11877380952381,0.0149311069660825,4.26,"Prop_0.10",50,0.001,"Medium","Beta",2000,"10% responders","Effect: 1.0e-03"
"BL166","MIMOSA2",0.01,100,0.00583333333333333,0.00414641543296869,3.46,"Prop_0.10",50,0.001,"Medium","Beta",2000,"10% responders","Effect: 1.0e-03"
"BL166","MIMOSA2",0.02,100,0.0106666666666667,0.00564334674763382,3.56,"Prop_0.10",50,0.001,"Medium","Beta",2000,"10% responders","Effect: 1.0e-03"
"BL166","MIMOSA2",0.03,100,0.014,0.00584460191054145,3.65,"Prop_0.10",50,0.001,"Medium","Beta",2000,"10% responders","Effect: 1.0e-03"
"BL166","MIMOSA2",0.04,100,0.0221666666666667,0.00695526429828765,3.75,"Prop_0.10",50,0.001,"Medium","Beta",2000,"10% responders","Effect: 1.0e-03"
"BL166","MIMOSA2",0.05,100,0.0365238095238095,0.00874832296363205,3.84,"Prop_0.10",50,0.001,"Medium","Beta",2000,"10% responders","Effect: 1.0e-03"
"BL166","MIMOSA2",0.06,100,0.0445238095238095,0.00928145830612439,3.94,"Prop_0.10",50,0.001,"Medium","Beta",2000,"10% responders","Effect: 1.0e-03"
"BL166","MIMOSA2",0.07,100,0.0510476190476191,0.0100275234505448,3.99,"Prop_0.10",50,0.001,"Medium","Beta",2000,"10% responders","Effect: 1.0e-03"
"BL166","MIMOSA2",0.08,100,0.0611904761904762,0.0108620034603933,4.06,"Prop_0.10",50,0.001,"Medium","Beta",2000,"10% responders","Effect: 1.0e-03"
"BL166","MIMOSA2",0.09,100,0.075047619047619,0.0113003610891767,4.18,"Prop_0.10",50,0.001,"Medium","Beta",2000,"10% responders","Effect: 1.0e-03"
"BL166","MIMOSA2",0.1,100,0.0932142857142857,0.0120949869403124,4.29,"Prop_0.10",50,0.001,"Medium","Beta",2000,"10% responders","Effect: 1.0e-03"
"BL166","MIMOSA2",0.11,100,0.113440476190476,0.0129244547532771,4.42,"Prop_0.10",50,0.001,"Medium","Beta",2000,"10% responders","Effect: 1.0e-03"
"BL166","MIMOSA2",0.12,100,0.142416666666667,0.0130665944002639,4.62,"Prop_0.10",50,0.001,"Medium","Beta",2000,"10% responders","Effect: 1.0e-03"
"BL166","MIMOSA2",0.13,100,0.159464285714286,0.012917675176691,4.73,"Prop_0.10",50,0.001,"Medium","Beta",2000,"10% responders","Effect: 1.0e-03"
"BL166","MIMOSA2",0.14,100,0.180384920634921,0.0128301513489742,4.89,"Prop_0.10",50,0.001,"Medium","Beta",2000,"10% responders","Effect: 1.0e-03"
"BL166","MIMOSA2",0.15,100,0.188599206349206,0.0126202587027486,4.98,"Prop_0.10",50,0.001,"Medium","Beta",2000,"10% responders","Effect: 1.0e-03"
"BL166","MIMOSA2",0.16,100,0.205813492063492,0.0118242593377145,5.09,"Prop_0.10",50,0.001,"Medium","Beta",2000,"10% responders","Effect: 1.0e-03"
"BL166","MIMOSA2",0.17,100,0.224206349206349,0.0114499417735218,5.24,"Prop_0.10",50,0.001,"Medium","Beta",2000,"10% responders","Effect: 1.0e-03"
"BL166","MIMOSA2",0.18,100,0.23956746031746,0.0115941223945269,5.37,"Prop_0.10",50,0.001,"Medium","Beta",2000,"10% responders","Effect: 1.0e-03"
"BL166","MIMOSA2",0.19,100,0.247674603174603,0.0118668682624472,5.48,"Prop_0.10",50,0.001,"Medium","Beta",2000,"10% responders","Effect: 1.0e-03"
"BL166","MIMOSA2",0.2,100,0.262470418470418,0.0114613718589031,5.63,"Prop_0.10",50,0.001,"Medium","Beta",2000,"10% responders","Effect: 1.0e-03"
"BL168","DiD (BH)",0.01,100,0.00267010663914689,0.00117222759199475,17.42,"Prop_0.50",50,0.001,"Medium","Beta",2000,"50% responders","Effect: 1.0e-03"
"BL168","DiD (BH)",0.02,100,0.00576207899427714,0.00165161669635299,17.88,"Prop_0.50",50,0.001,"Medium","Beta",2000,"50% responders","Effect: 1.0e-03"
"BL168","DiD (BH)",0.03,100,0.00984378280817909,0.00214980790446315,18.19,"Prop_0.50",50,0.001,"Medium","Beta",2000,"50% responders","Effect: 1.0e-03"
"BL168","DiD (BH)",0.04,100,0.0141141462167004,0.00243074595249552,18.42,"Prop_0.50",50,0.001,"Medium","Beta",2000,"50% responders","Effect: 1.0e-03"
"BL168","DiD (BH)",0.05,100,0.0169947568341531,0.00262782935766756,18.65,"Prop_0.50",50,0.001,"Medium","Beta",2000,"50% responders","Effect: 1.0e-03"
"BL168","DiD (BH)",0.06,100,0.0208684776975765,0.00294770455883147,18.82,"Prop_0.50",50,0.001,"Medium","Beta",2000,"50% responders","Effect: 1.0e-03"
"BL168","DiD (BH)",0.07,100,0.025800336329664,0.00330692581099254,19.01,"Prop_0.50",50,0.001,"Medium","Beta",2000,"50% responders","Effect: 1.0e-03"
"BL168","DiD (BH)",0.08,100,0.0275947845714806,0.00340685024796814,19.15,"Prop_0.50",50,0.001,"Medium","Beta",2000,"50% responders","Effect: 1.0e-03"
"BL168","DiD (BH)",0.09,100,0.0293563475698857,0.00349816421119085,19.29,"Prop_0.50",50,0.001,"Medium","Beta",2000,"50% responders","Effect: 1.0e-03"
"BL168","DiD (BH)",0.1,100,0.0317288541482747,0.0035768955046688,19.37,"Prop_0.50",50,0.001,"Medium","Beta",2000,"50% responders","Effect: 1.0e-03"
"BL168","DiD (BH)",0.11,100,0.0342878958080701,0.00373283681691516,19.49,"Prop_0.50",50,0.001,"Medium","Beta",2000,"50% responders","Effect: 1.0e-03"
"BL168","DiD (BH)",0.12,100,0.0384591778844538,0.00402208735438854,19.68,"Prop_0.50",50,0.001,"Medium","Beta",2000,"50% responders","Effect: 1.0e-03"
"BL168","DiD (BH)",0.13,100,0.0403074312243447,0.00428960410962158,19.86,"Prop_0.50",50,0.001,"Medium","Beta",2000,"50% responders","Effect: 1.0e-03"
"BL168","DiD (BH)",0.14,100,0.0424262088997585,0.00444098231908882,20,"Prop_0.50",50,0.001,"Medium","Beta",2000,"50% responders","Effect: 1.0e-03"
"BL168","DiD (BH)",0.15,100,0.0450862565815453,0.00454488977237924,20.11,"Prop_0.50",50,0.001,"Medium","Beta",2000,"50% responders","Effect: 1.0e-03"
"BL168","DiD (BH)",0.16,100,0.0468094438801802,0.00452809307788837,20.21,"Prop_0.50",50,0.001,"Medium","Beta",2000,"50% responders","Effect: 1.0e-03"
"BL168","DiD (BH)",0.17,100,0.0505799942680075,0.00485452293413216,20.35,"Prop_0.50",50,0.001,"Medium","Beta",2000,"50% responders","Effect: 1.0e-03"
"BL168","DiD (BH)",0.18,100,0.0544445439822139,0.00520687990862339,20.54,"Prop_0.50",50,0.001,"Medium","Beta",2000,"50% responders","Effect: 1.0e-03"
"BL168","DiD (BH)",0.19,100,0.058730255391697,0.00514113216840229,20.71,"Prop_0.50",50,0.001,"Medium","Beta",2000,"50% responders","Effect: 1.0e-03"
"BL168","DiD (BH)",0.2,100,0.0625770933363611,0.0051144743314936,20.88,"Prop_0.50",50,0.001,"Medium","Beta",2000,"50% responders","Effect: 1.0e-03"
"BL168","MIMOSA2",0.01,100,0.00451137194008038,0.0014534754364501,19.91,"Prop_0.50",50,0.001,"Medium","Beta",2000,"50% responders","Effect: 1.0e-03"
"BL168","MIMOSA2",0.02,100,0.0104699174795083,0.00199547638919119,20.72,"Prop_0.50",50,0.001,"Medium","Beta",2000,"50% responders","Effect: 1.0e-03"
"BL168","MIMOSA2",0.03,100,0.0182620165852902,0.00264213768911486,21.36,"Prop_0.50",50,0.001,"Medium","Beta",2000,"50% responders","Effect: 1.0e-03"
"BL168","MIMOSA2",0.04,100,0.0264155888330272,0.00305316549395641,21.87,"Prop_0.50",50,0.001,"Medium","Beta",2000,"50% responders","Effect: 1.0e-03"
"BL168","MIMOSA2",0.05,100,0.0334411510940115,0.0031688313886626,22.26,"Prop_0.50",50,0.001,"Medium","Beta",2000,"50% responders","Effect: 1.0e-03"
"BL168","MIMOSA2",0.06,100,0.0446008446422634,0.00343926390652433,22.74,"Prop_0.50",50,0.001,"Medium","Beta",2000,"50% responders","Effect: 1.0e-03"
"BL168","MIMOSA2",0.07,100,0.0548252405319911,0.0035008001972087,23.16,"Prop_0.50",50,0.001,"Medium","Beta",2000,"50% responders","Effect: 1.0e-03"
"BL168","MIMOSA2",0.08,100,0.0617399759533627,0.00378364425221723,23.45,"Prop_0.50",50,0.001,"Medium","Beta",2000,"50% responders","Effect: 1.0e-03"
"BL168","MIMOSA2",0.09,100,0.0731450564606171,0.00379074005459946,23.88,"Prop_0.50",50,0.001,"Medium","Beta",2000,"50% responders","Effect: 1.0e-03"
"BL168","MIMOSA2",0.1,100,0.0806380268684617,0.00389581192862489,24.25,"Prop_0.50",50,0.001,"Medium","Beta",2000,"50% responders","Effect: 1.0e-03"
"BL168","MIMOSA2",0.11,100,0.08789874276426,0.00399656638780545,24.55,"Prop_0.50",50,0.001,"Medium","Beta",2000,"50% responders","Effect: 1.0e-03"
"BL168","MIMOSA2",0.12,100,0.096624063739581,0.00368767720658601,24.88,"Prop_0.50",50,0.001,"Medium","Beta",2000,"50% responders","Effect: 1.0e-03"
"BL168","MIMOSA2",0.13,100,0.104221465274689,0.00374273239463519,25.23,"Prop_0.50",50,0.001,"Medium","Beta",2000,"50% responders","Effect: 1.0e-03"
"BL168","MIMOSA2",0.14,100,0.115138786897483,0.00361975987843078,25.59,"Prop_0.50",50,0.001,"Medium","Beta",2000,"50% responders","Effect: 1.0e-03"
"BL168","MIMOSA2",0.15,100,0.1248749220184,0.00353324319482308,25.9,"Prop_0.50",50,0.001,"Medium","Beta",2000,"50% responders","Effect: 1.0e-03"
"BL168","MIMOSA2",0.16,100,0.134182797323727,0.00364219190451487,26.23,"Prop_0.50",50,0.001,"Medium","Beta",2000,"50% responders","Effect: 1.0e-03"
"BL168","MIMOSA2",0.17,100,0.146479473969381,0.00339822609109922,26.63,"Prop_0.50",50,0.001,"Medium","Beta",2000,"50% responders","Effect: 1.0e-03"
"BL168","MIMOSA2",0.18,100,0.155735010578366,0.003355216044889,26.93,"Prop_0.50",50,0.001,"Medium","Beta",2000,"50% responders","Effect: 1.0e-03"
"BL168","MIMOSA2",0.19,100,0.16602723822396,0.00350109304450346,27.28,"Prop_0.50",50,0.001,"Medium","Beta",2000,"50% responders","Effect: 1.0e-03"
"BL168","MIMOSA2",0.2,100,0.176245369485833,0.00331150362332546,27.65,"Prop_0.50",50,0.001,"Medium","Beta",2000,"50% responders","Effect: 1.0e-03"
"BL170","DiD (BH)",0.01,100,0.000303030303030303,0.000303030303030303,31.92,"Prop_0.90",50,0.001,"Medium","Beta",2000,"90% responders","Effect: 1.0e-03"
"BL170","DiD (BH)",0.02,100,0.000303030303030303,0.000303030303030303,32.73,"Prop_0.90",50,0.001,"Medium","Beta",2000,"90% responders","Effect: 1.0e-03"
"BL170","DiD (BH)",0.03,100,0.000285714285714286,0.000285714285714286,33.34,"Prop_0.90",50,0.001,"Medium","Beta",2000,"90% responders","Effect: 1.0e-03"
"BL170","DiD (BH)",0.04,100,0.000861372180451128,0.000493514872710913,33.7,"Prop_0.90",50,0.001,"Medium","Beta",2000,"90% responders","Effect: 1.0e-03"
"BL170","DiD (BH)",0.05,100,0.00200362984109114,0.000734689034257958,34.06,"Prop_0.90",50,0.001,"Medium","Beta",2000,"90% responders","Effect: 1.0e-03"
"BL170","DiD (BH)",0.06,100,0.00342566991019003,0.00093315056913688,34.48,"Prop_0.90",50,0.001,"Medium","Beta",2000,"90% responders","Effect: 1.0e-03"
"BL170","DiD (BH)",0.07,100,0.00423681158975277,0.00101468893235094,34.83,"Prop_0.90",50,0.001,"Medium","Beta",2000,"90% responders","Effect: 1.0e-03"
"BL170","DiD (BH)",0.08,100,0.00499957435251553,0.00113162863090685,35.05,"Prop_0.90",50,0.001,"Medium","Beta",2000,"90% responders","Effect: 1.0e-03"
"BL170","DiD (BH)",0.09,100,0.00577338774242799,0.00118208132742405,35.28,"Prop_0.90",50,0.001,"Medium","Beta",2000,"90% responders","Effect: 1.0e-03"
"BL170","DiD (BH)",0.1,100,0.00628494766420463,0.0012111034221427,35.53,"Prop_0.90",50,0.001,"Medium","Beta",2000,"90% responders","Effect: 1.0e-03"
"BL170","DiD (BH)",0.11,100,0.00653348567590054,0.00122333736523071,35.76,"Prop_0.90",50,0.001,"Medium","Beta",2000,"90% responders","Effect: 1.0e-03"
"BL170","DiD (BH)",0.12,100,0.00727388843812615,0.00130519178838522,35.97,"Prop_0.90",50,0.001,"Medium","Beta",2000,"90% responders","Effect: 1.0e-03"
"BL170","DiD (BH)",0.13,100,0.00829069710199364,0.00139170536693122,36.19,"Prop_0.90",50,0.001,"Medium","Beta",2000,"90% responders","Effect: 1.0e-03"
"BL170","DiD (BH)",0.14,100,0.00851774557904211,0.00139592153698138,36.44,"Prop_0.90",50,0.001,"Medium","Beta",2000,"90% responders","Effect: 1.0e-03"
"BL170","DiD (BH)",0.15,100,0.00898378750778132,0.0014030959580289,36.62,"Prop_0.90",50,0.001,"Medium","Beta",2000,"90% responders","Effect: 1.0e-03"
"BL170","DiD (BH)",0.16,100,0.00893497959055235,0.00139458899955657,36.77,"Prop_0.90",50,0.001,"Medium","Beta",2000,"90% responders","Effect: 1.0e-03"
"BL170","DiD (BH)",0.17,100,0.00969980335494411,0.00146897657592762,36.96,"Prop_0.90",50,0.001,"Medium","Beta",2000,"90% responders","Effect: 1.0e-03"
"BL170","DiD (BH)",0.18,100,0.0101887054840901,0.00147466817700186,37.11,"Prop_0.90",50,0.001,"Medium","Beta",2000,"90% responders","Effect: 1.0e-03"
"BL170","DiD (BH)",0.19,100,0.0113472283286595,0.00158452367359782,37.27,"Prop_0.90",50,0.001,"Medium","Beta",2000,"90% responders","Effect: 1.0e-03"
"BL170","DiD (BH)",0.2,100,0.0126245682330854,0.00170669166737924,37.42,"Prop_0.90",50,0.001,"Medium","Beta",2000,"90% responders","Effect: 1.0e-03"
"BL170","MIMOSA2",0.01,100,0.00027027027027027,0.00027027027027027,36.86,"Prop_0.90",50,0.001,"Medium","Beta",2000,"90% responders","Effect: 1.0e-03"
"BL170","MIMOSA2",0.02,100,0.00101441102756892,0.000499902212861663,38.12,"Prop_0.90",50,0.001,"Medium","Beta",2000,"90% responders","Effect: 1.0e-03"
"BL170","MIMOSA2",0.03,100,0.00197768902490967,0.000674481132544021,39.04,"Prop_0.90",50,0.001,"Medium","Beta",2000,"90% responders","Effect: 1.0e-03"
"BL170","MIMOSA2",0.04,100,0.00293265312818556,0.000799069831302753,39.76,"Prop_0.90",50,0.001,"Medium","Beta",2000,"90% responders","Effect: 1.0e-03"
"BL170","MIMOSA2",0.05,100,0.00722718803531264,0.00116411855091662,40.47,"Prop_0.90",50,0.001,"Medium","Beta",2000,"90% responders","Effect: 1.0e-03"
"BL170","MIMOSA2",0.06,100,0.0102253586167678,0.00136004486792353,40.97,"Prop_0.90",50,0.001,"Medium","Beta",2000,"90% responders","Effect: 1.0e-03"
"BL170","MIMOSA2",0.07,100,0.0156151948596207,0.00161184393663391,41.57,"Prop_0.90",50,0.001,"Medium","Beta",2000,"90% responders","Effect: 1.0e-03"
"BL170","MIMOSA2",0.08,100,0.0208209881473048,0.00182878388002081,42.06,"Prop_0.90",50,0.001,"Medium","Beta",2000,"90% responders","Effect: 1.0e-03"
"BL170","MIMOSA2",0.09,100,0.027142480719267,0.0018017414276802,42.53,"Prop_0.90",50,0.001,"Medium","Beta",2000,"90% responders","Effect: 1.0e-03"
"BL170","MIMOSA2",0.1,100,0.0335837653523235,0.0020230575966041,43.04,"Prop_0.90",50,0.001,"Medium","Beta",2000,"90% responders","Effect: 1.0e-03"
"BL170","MIMOSA2",0.11,100,0.0377407758387676,0.00201202565474685,43.5,"Prop_0.90",50,0.001,"Medium","Beta",2000,"90% responders","Effect: 1.0e-03"
"BL170","MIMOSA2",0.12,100,0.0439079273960662,0.00209939418367193,44.02,"Prop_0.90",50,0.001,"Medium","Beta",2000,"90% responders","Effect: 1.0e-03"
"BL170","MIMOSA2",0.13,100,0.0498437057644817,0.00209643658544326,44.57,"Prop_0.90",50,0.001,"Medium","Beta",2000,"90% responders","Effect: 1.0e-03"
"BL170","MIMOSA2",0.14,100,0.0537475714488815,0.00206522599439881,45.05,"Prop_0.90",50,0.001,"Medium","Beta",2000,"90% responders","Effect: 1.0e-03"
"BL170","MIMOSA2",0.15,100,0.0582615420628932,0.00221270573212765,45.58,"Prop_0.90",50,0.001,"Medium","Beta",2000,"90% responders","Effect: 1.0e-03"
"BL170","MIMOSA2",0.16,100,0.0621479007234862,0.00221468349004213,46.11,"Prop_0.90",50,0.001,"Medium","Beta",2000,"90% responders","Effect: 1.0e-03"
"BL170","MIMOSA2",0.17,100,0.0660713837399799,0.00229786808365537,46.65,"Prop_0.90",50,0.001,"Medium","Beta",2000,"90% responders","Effect: 1.0e-03"
"BL170","MIMOSA2",0.18,100,0.0684451037204102,0.00239219248729442,47.18,"Prop_0.90",50,0.001,"Medium","Beta",2000,"90% responders","Effect: 1.0e-03"
"BL170","MIMOSA2",0.19,100,0.0722536704401495,0.00237439885314995,47.58,"Prop_0.90",50,0.001,"Medium","Beta",2000,"90% responders","Effect: 1.0e-03"
"BL170","MIMOSA2",0.2,100,0.076870226364845,0.00229605503399103,48.12,"Prop_0.90",50,0.001,"Medium","Beta",2000,"90% responders","Effect: 1.0e-03"
"BL226","DiD (BH)",0.01,100,0.002,0.002,2.44,"Prop_0.10",50,0.00025,"Medium","Beta",2000,"10% responders","Effect: 2.5e-04"
"BL226","DiD (BH)",0.02,100,0.00533333333333333,0.00386993940216523,2.57,"Prop_0.10",50,0.00025,"Medium","Beta",2000,"10% responders","Effect: 2.5e-04"
"BL226","DiD (BH)",0.03,100,0.00733333333333333,0.00433139039581319,2.67,"Prop_0.10",50,0.00025,"Medium","Beta",2000,"10% responders","Effect: 2.5e-04"
"BL226","DiD (BH)",0.04,100,0.0106666666666667,0.00542016851320695,2.74,"Prop_0.10",50,0.00025,"Medium","Beta",2000,"10% responders","Effect: 2.5e-04"
"BL226","DiD (BH)",0.05,100,0.0176666666666667,0.00663637901079043,2.81,"Prop_0.10",50,0.00025,"Medium","Beta",2000,"10% responders","Effect: 2.5e-04"
"BL226","DiD (BH)",0.06,100,0.0235,0.00769105694312277,2.86,"Prop_0.10",50,0.00025,"Medium","Beta",2000,"10% responders","Effect: 2.5e-04"
"BL226","DiD (BH)",0.07,100,0.0268333333333333,0.00828739865283289,2.9,"Prop_0.10",50,0.00025,"Medium","Beta",2000,"10% responders","Effect: 2.5e-04"
"BL226","DiD (BH)",0.08,100,0.026,0.00801345669580164,2.95,"Prop_0.10",50,0.00025,"Medium","Beta",2000,"10% responders","Effect: 2.5e-04"
"BL226","DiD (BH)",0.09,100,0.0301666666666667,0.00842440138648074,3.01,"Prop_0.10",50,0.00025,"Medium","Beta",2000,"10% responders","Effect: 2.5e-04"
"BL226","DiD (BH)",0.1,100,0.0335,0.00894707910252788,3.03,"Prop_0.10",50,0.00025,"Medium","Beta",2000,"10% responders","Effect: 2.5e-04"
"BL226","DiD (BH)",0.11,100,0.036,0.00919827729930838,3.08,"Prop_0.10",50,0.00025,"Medium","Beta",2000,"10% responders","Effect: 2.5e-04"
"BL226","DiD (BH)",0.12,100,0.0375,0.00923376118810814,3.13,"Prop_0.10",50,0.00025,"Medium","Beta",2000,"10% responders","Effect: 2.5e-04"
"BL226","DiD (BH)",0.13,100,0.0391666666666667,0.00989953745135811,3.16,"Prop_0.10",50,0.00025,"Medium","Beta",2000,"10% responders","Effect: 2.5e-04"
"BL226","DiD (BH)",0.14,100,0.0561666666666667,0.011487696536607,3.27,"Prop_0.10",50,0.00025,"Medium","Beta",2000,"10% responders","Effect: 2.5e-04"
"BL226","DiD (BH)",0.15,100,0.0601666666666667,0.0126328962372081,3.32,"Prop_0.10",50,0.00025,"Medium","Beta",2000,"10% responders","Effect: 2.5e-04"
"BL226","DiD (BH)",0.16,100,0.071,0.0137122504970001,3.35,"Prop_0.10",50,0.00025,"Medium","Beta",2000,"10% responders","Effect: 2.5e-04"
"BL226","DiD (BH)",0.17,100,0.0786666666666667,0.0145143607047182,3.4,"Prop_0.10",50,0.00025,"Medium","Beta",2000,"10% responders","Effect: 2.5e-04"
"BL226","DiD (BH)",0.18,100,0.0853333333333333,0.0146647534717883,3.43,"Prop_0.10",50,0.00025,"Medium","Beta",2000,"10% responders","Effect: 2.5e-04"
"BL226","DiD (BH)",0.19,100,0.0853333333333333,0.0146647534717883,3.44,"Prop_0.10",50,0.00025,"Medium","Beta",2000,"10% responders","Effect: 2.5e-04"
"BL226","DiD (BH)",0.2,100,0.101666666666667,0.0171291063711144,3.51,"Prop_0.10",50,0.00025,"Medium","Beta",2000,"10% responders","Effect: 2.5e-04"
"BL226","MIMOSA2",0.01,100,0.0025,0.0025,2.55,"Prop_0.10",50,0.00025,"Medium","Beta",2000,"10% responders","Effect: 2.5e-04"
"BL226","MIMOSA2",0.02,100,0.00916666666666667,0.00528309142400435,2.79,"Prop_0.10",50,0.00025,"Medium","Beta",2000,"10% responders","Effect: 2.5e-04"
"BL226","MIMOSA2",0.03,100,0.0128333333333333,0.00582601753852038,2.89,"Prop_0.10",50,0.00025,"Medium","Beta",2000,"10% responders","Effect: 2.5e-04"
"BL226","MIMOSA2",0.04,100,0.0226666666666667,0.00748556410924855,2.96,"Prop_0.10",50,0.00025,"Medium","Beta",2000,"10% responders","Effect: 2.5e-04"
"BL226","MIMOSA2",0.05,100,0.0293333333333333,0.00832868557258607,3.06,"Prop_0.10",50,0.00025,"Medium","Beta",2000,"10% responders","Effect: 2.5e-04"
"BL226","MIMOSA2",0.06,100,0.046,0.0131577666719505,3.15,"Prop_0.10",50,0.00025,"Medium","Beta",2000,"10% responders","Effect: 2.5e-04"
"BL226","MIMOSA2",0.07,100,0.0680476190476191,0.0147622220636506,3.31,"Prop_0.10",50,0.00025,"Medium","Beta",2000,"10% responders","Effect: 2.5e-04"
"BL226","MIMOSA2",0.08,100,0.0808809523809524,0.0161951247818204,3.4,"Prop_0.10",50,0.00025,"Medium","Beta",2000,"10% responders","Effect: 2.5e-04"
"BL226","MIMOSA2",0.09,100,0.0928809523809524,0.0168267409071358,3.5,"Prop_0.10",50,0.00025,"Medium","Beta",2000,"10% responders","Effect: 2.5e-04"
"BL226","MIMOSA2",0.1,100,0.121583333333333,0.017432350478501,3.71,"Prop_0.10",50,0.00025,"Medium","Beta",2000,"10% responders","Effect: 2.5e-04"
"BL226","MIMOSA2",0.11,100,0.14597619047619,0.0178394956893402,3.85,"Prop_0.10",50,0.00025,"Medium","Beta",2000,"10% responders","Effect: 2.5e-04"
"BL226","MIMOSA2",0.12,100,0.169,0.0181931583259192,3.99,"Prop_0.10",50,0.00025,"Medium","Beta",2000,"10% responders","Effect: 2.5e-04"
"BL226","MIMOSA2",0.13,100,0.181011904761905,0.0183887783046359,4.09,"Prop_0.10",50,0.00025,"Medium","Beta",2000,"10% responders","Effect: 2.5e-04"
"BL226","MIMOSA2",0.14,100,0.203206349206349,0.0179204520415295,4.24,"Prop_0.10",50,0.00025,"Medium","Beta",2000,"10% responders","Effect: 2.5e-04"
"BL226","MIMOSA2",0.15,100,0.223162698412698,0.0177006788412016,4.38,"Prop_0.10",50,0.00025,"Medium","Beta",2000,"10% responders","Effect: 2.5e-04"
"BL226","MIMOSA2",0.16,100,0.234095238095238,0.0173641024977319,4.53,"Prop_0.10",50,0.00025,"Medium","Beta",2000,"10% responders","Effect: 2.5e-04"
"BL226","MIMOSA2",0.17,100,0.249007936507937,0.0172743279801454,4.69,"Prop_0.10",50,0.00025,"Medium","Beta",2000,"10% responders","Effect: 2.5e-04"
"BL226","MIMOSA2",0.18,100,0.259305555555556,0.0171186000945057,4.81,"Prop_0.10",50,0.00025,"Medium","Beta",2000,"10% responders","Effect: 2.5e-04"
"BL226","MIMOSA2",0.19,100,0.270853174603175,0.0168258102982751,4.97,"Prop_0.10",50,0.00025,"Medium","Beta",2000,"10% responders","Effect: 2.5e-04"
"BL226","MIMOSA2",0.2,100,0.28172619047619,0.0169503647429497,5.11,"Prop_0.10",50,0.00025,"Medium","Beta",2000,"10% responders","Effect: 2.5e-04"
"BL228","DiD (BH)",0.01,100,0.00666941391941392,0.0021456681735295,13.18,"Prop_0.50",50,0.00025,"Medium","Beta",2000,"50% responders","Effect: 2.5e-04"
"BL228","DiD (BH)",0.02,100,0.00925032320620556,0.00243421246271581,13.88,"Prop_0.50",50,0.00025,"Medium","Beta",2000,"50% responders","Effect: 2.5e-04"
"BL228","DiD (BH)",0.03,100,0.0112744559362206,0.00262714439974509,14.32,"Prop_0.50",50,0.00025,"Medium","Beta",2000,"50% responders","Effect: 2.5e-04"
"BL228","DiD (BH)",0.04,100,0.0146785281711752,0.00289906058564412,14.66,"Prop_0.50",50,0.00025,"Medium","Beta",2000,"50% responders","Effect: 2.5e-04"
"BL228","DiD (BH)",0.05,100,0.018413126476207,0.00332735038566941,15.03,"Prop_0.50",50,0.00025,"Medium","Beta",2000,"50% responders","Effect: 2.5e-04"
"BL228","DiD (BH)",0.06,100,0.0211983663481341,0.00361542068511996,15.36,"Prop_0.50",50,0.00025,"Medium","Beta",2000,"50% responders","Effect: 2.5e-04"
"BL228","DiD (BH)",0.07,100,0.0227574693967883,0.00360804318772455,15.6,"Prop_0.50",50,0.00025,"Medium","Beta",2000,"50% responders","Effect: 2.5e-04"
"BL228","DiD (BH)",0.08,100,0.0285774523034585,0.00422873180847445,15.98,"Prop_0.50",50,0.00025,"Medium","Beta",2000,"50% responders","Effect: 2.5e-04"
"BL228","DiD (BH)",0.09,100,0.0331467738917429,0.0043631416867368,16.29,"Prop_0.50",50,0.00025,"Medium","Beta",2000,"50% responders","Effect: 2.5e-04"
"BL228","DiD (BH)",0.1,100,0.0390322542094988,0.00489373343242369,16.56,"Prop_0.50",50,0.00025,"Medium","Beta",2000,"50% responders","Effect: 2.5e-04"
"BL228","DiD (BH)",0.11,100,0.0412206172740228,0.0049383336439047,16.81,"Prop_0.50",50,0.00025,"Medium","Beta",2000,"50% responders","Effect: 2.5e-04"
"BL228","DiD (BH)",0.12,100,0.0444742688941605,0.00509710707725015,17.07,"Prop_0.50",50,0.00025,"Medium","Beta",2000,"50% responders","Effect: 2.5e-04"
"BL228","DiD (BH)",0.13,100,0.0461610024392532,0.00496285615536632,17.3,"Prop_0.50",50,0.00025,"Medium","Beta",2000,"50% responders","Effect: 2.5e-04"
"BL228","DiD (BH)",0.14,100,0.04903768068092,0.00498238805602114,17.48,"Prop_0.50",50,0.00025,"Medium","Beta",2000,"50% responders","Effect: 2.5e-04"
"BL228","DiD (BH)",0.15,100,0.054318766737144,0.00518472943148474,17.73,"Prop_0.50",50,0.00025,"Medium","Beta",2000,"50% responders","Effect: 2.5e-04"
"BL228","DiD (BH)",0.16,100,0.0571940230597688,0.00511711047484724,17.86,"Prop_0.50",50,0.00025,"Medium","Beta",2000,"50% responders","Effect: 2.5e-04"
"BL228","DiD (BH)",0.17,100,0.0586364921422634,0.00511122144036971,18.05,"Prop_0.50",50,0.00025,"Medium","Beta",2000,"50% responders","Effect: 2.5e-04"
"BL228","DiD (BH)",0.18,100,0.0623162200212106,0.00521788800606222,18.28,"Prop_0.50",50,0.00025,"Medium","Beta",2000,"50% responders","Effect: 2.5e-04"
"BL228","DiD (BH)",0.19,100,0.0657566347107672,0.00537611116473943,18.47,"Prop_0.50",50,0.00025,"Medium","Beta",2000,"50% responders","Effect: 2.5e-04"
"BL228","DiD (BH)",0.2,100,0.0678860127484875,0.00547256010539944,18.64,"Prop_0.50",50,0.00025,"Medium","Beta",2000,"50% responders","Effect: 2.5e-04"
"BL228","MIMOSA2",0.01,100,0.00790058857551118,0.00234404895810888,14.13,"Prop_0.50",50,0.00025,"Medium","Beta",2000,"50% responders","Effect: 2.5e-04"
"BL228","MIMOSA2",0.02,100,0.0118183056623459,0.00274590005619273,15.17,"Prop_0.50",50,0.00025,"Medium","Beta",2000,"50% responders","Effect: 2.5e-04"
"BL228","MIMOSA2",0.03,100,0.015509978153941,0.00327580419160122,15.84,"Prop_0.50",50,0.00025,"Medium","Beta",2000,"50% responders","Effect: 2.5e-04"
"BL228","MIMOSA2",0.04,100,0.0256251142778939,0.00379376147112868,16.56,"Prop_0.50",50,0.00025,"Medium","Beta",2000,"50% responders","Effect: 2.5e-04"
"BL228","MIMOSA2",0.05,100,0.0312262327885393,0.00392959653320232,17.1,"Prop_0.50",50,0.00025,"Medium","Beta",2000,"50% responders","Effect: 2.5e-04"
"BL228","MIMOSA2",0.06,100,0.0393306776904166,0.0044656632187127,17.64,"Prop_0.50",50,0.00025,"Medium","Beta",2000,"50% responders","Effect: 2.5e-04"
"BL228","MIMOSA2",0.07,100,0.0470089181746,0.00478192354823142,18.08,"Prop_0.50",50,0.00025,"Medium","Beta",2000,"50% responders","Effect: 2.5e-04"
"BL228","MIMOSA2",0.08,100,0.0560269527327341,0.00488705915774159,18.59,"Prop_0.50",50,0.00025,"Medium","Beta",2000,"50% responders","Effect: 2.5e-04"
"BL228","MIMOSA2",0.09,100,0.0598798617820761,0.00483092109311771,19.02,"Prop_0.50",50,0.00025,"Medium","Beta",2000,"50% responders","Effect: 2.5e-04"
"BL228","MIMOSA2",0.1,100,0.0649409482867182,0.00503483634124869,19.51,"Prop_0.50",50,0.00025,"Medium","Beta",2000,"50% responders","Effect: 2.5e-04"
"BL228","MIMOSA2",0.11,100,0.0730494461308871,0.00529251054258589,19.98,"Prop_0.50",50,0.00025,"Medium","Beta",2000,"50% responders","Effect: 2.5e-04"
"BL228","MIMOSA2",0.12,100,0.0807700766811448,0.00541707402615392,20.37,"Prop_0.50",50,0.00025,"Medium","Beta",2000,"50% responders","Effect: 2.5e-04"
"BL228","MIMOSA2",0.13,100,0.0865587690053084,0.00556857326795177,20.81,"Prop_0.50",50,0.00025,"Medium","Beta",2000,"50% responders","Effect: 2.5e-04"
"BL228","MIMOSA2",0.14,100,0.0915017466544074,0.00565125952632489,21.2,"Prop_0.50",50,0.00025,"Medium","Beta",2000,"50% responders","Effect: 2.5e-04"
"BL228","MIMOSA2",0.15,100,0.0992445486473115,0.00589146003561181,21.67,"Prop_0.50",50,0.00025,"Medium","Beta",2000,"50% responders","Effect: 2.5e-04"
"BL228","MIMOSA2",0.16,100,0.104553338054785,0.00598194398889464,21.98,"Prop_0.50",50,0.00025,"Medium","Beta",2000,"50% responders","Effect: 2.5e-04"
"BL228","MIMOSA2",0.17,100,0.114971543796135,0.00578308105425792,22.46,"Prop_0.50",50,0.00025,"Medium","Beta",2000,"50% responders","Effect: 2.5e-04"
"BL228","MIMOSA2",0.18,100,0.120923155846974,0.00603120260535711,22.77,"Prop_0.50",50,0.00025,"Medium","Beta",2000,"50% responders","Effect: 2.5e-04"
"BL228","MIMOSA2",0.19,100,0.129609913244743,0.00598939167224114,23.27,"Prop_0.50",50,0.00025,"Medium","Beta",2000,"50% responders","Effect: 2.5e-04"
"BL228","MIMOSA2",0.2,100,0.135522468003756,0.00592588475043363,23.64,"Prop_0.50",50,0.00025,"Medium","Beta",2000,"50% responders","Effect: 2.5e-04"
"BL230","DiD (BH)",0.01,100,0.00067816091954023,0.000477174081476349,24.51,"Prop_0.90",50,0.00025,"Medium","Beta",2000,"90% responders","Effect: 2.5e-04"
"BL230","DiD (BH)",0.02,100,0.00145719602977667,0.000721583056424524,26.1,"Prop_0.90",50,0.00025,"Medium","Beta",2000,"90% responders","Effect: 2.5e-04"
"BL230","DiD (BH)",0.03,100,0.00345947863016174,0.00104925921845306,27.37,"Prop_0.90",50,0.00025,"Medium","Beta",2000,"90% responders","Effect: 2.5e-04"
"BL230","DiD (BH)",0.04,100,0.00443423066415362,0.00116179804159715,28.02,"Prop_0.90",50,0.00025,"Medium","Beta",2000,"90% responders","Effect: 2.5e-04"
"BL230","DiD (BH)",0.05,100,0.00513392764567109,0.00123802826725677,28.57,"Prop_0.90",50,0.00025,"Medium","Beta",2000,"90% responders","Effect: 2.5e-04"
"BL230","DiD (BH)",0.06,100,0.00635733256319365,0.00146570086061926,29.24,"Prop_0.90",50,0.00025,"Medium","Beta",2000,"90% responders","Effect: 2.5e-04"
"BL230","DiD (BH)",0.07,100,0.00778223336687643,0.00158271324878938,29.79,"Prop_0.90",50,0.00025,"Medium","Beta",2000,"90% responders","Effect: 2.5e-04"
"BL230","DiD (BH)",0.08,100,0.00862105005673677,0.00161286656003687,30.27,"Prop_0.90",50,0.00025,"Medium","Beta",2000,"90% responders","Effect: 2.5e-04"
"BL230","DiD (BH)",0.09,100,0.00850457071017717,0.00159042661356128,30.68,"Prop_0.90",50,0.00025,"Medium","Beta",2000,"90% responders","Effect: 2.5e-04"
"BL230","DiD (BH)",0.1,100,0.00904324527091056,0.00160533025724618,31.06,"Prop_0.90",50,0.00025,"Medium","Beta",2000,"90% responders","Effect: 2.5e-04"
"BL230","DiD (BH)",0.11,100,0.00927288585889155,0.00160773495326365,31.45,"Prop_0.90",50,0.00025,"Medium","Beta",2000,"90% responders","Effect: 2.5e-04"
"BL230","DiD (BH)",0.12,100,0.0102749519732748,0.00166259851053244,32.01,"Prop_0.90",50,0.00025,"Medium","Beta",2000,"90% responders","Effect: 2.5e-04"
"BL230","DiD (BH)",0.13,100,0.0104623551691544,0.00165749168082211,32.46,"Prop_0.90",50,0.00025,"Medium","Beta",2000,"90% responders","Effect: 2.5e-04"
"BL230","DiD (BH)",0.14,100,0.0110648411334825,0.00167245596354661,32.64,"Prop_0.90",50,0.00025,"Medium","Beta",2000,"90% responders","Effect: 2.5e-04"
"BL230","DiD (BH)",0.15,100,0.0112736512136161,0.0017180979273086,32.98,"Prop_0.90",50,0.00025,"Medium","Beta",2000,"90% responders","Effect: 2.5e-04"
"BL230","DiD (BH)",0.16,100,0.012042201540583,0.0017216515674335,33.26,"Prop_0.90",50,0.00025,"Medium","Beta",2000,"90% responders","Effect: 2.5e-04"
"BL230","DiD (BH)",0.17,100,0.0122494541535151,0.00175932873505843,33.47,"Prop_0.90",50,0.00025,"Medium","Beta",2000,"90% responders","Effect: 2.5e-04"
"BL230","DiD (BH)",0.18,100,0.0129120817834602,0.00174679420974728,33.78,"Prop_0.90",50,0.00025,"Medium","Beta",2000,"90% responders","Effect: 2.5e-04"
"BL230","DiD (BH)",0.19,100,0.0137468456970647,0.00178406870546718,34.09,"Prop_0.90",50,0.00025,"Medium","Beta",2000,"90% responders","Effect: 2.5e-04"
"BL230","DiD (BH)",0.2,100,0.0155244894330326,0.00186883771032939,34.33,"Prop_0.90",50,0.00025,"Medium","Beta",2000,"90% responders","Effect: 2.5e-04"
"BL230","MIMOSA2",0.01,100,0.00230905316572483,0.000921932409551789,26.28,"Prop_0.90",50,0.00025,"Medium","Beta",2000,"90% responders","Effect: 2.5e-04"
"BL230","MIMOSA2",0.02,100,0.00283277758423754,0.00096785556286353,28.32,"Prop_0.90",50,0.00025,"Medium","Beta",2000,"90% responders","Effect: 2.5e-04"
"BL230","MIMOSA2",0.03,100,0.00358808358092285,0.0010301984401168,29.66,"Prop_0.90",50,0.00025,"Medium","Beta",2000,"90% responders","Effect: 2.5e-04"
"BL230","MIMOSA2",0.04,100,0.00512906082630122,0.00118821477376799,30.7,"Prop_0.90",50,0.00025,"Medium","Beta",2000,"90% responders","Effect: 2.5e-04"
"BL230","MIMOSA2",0.05,100,0.00660561654601441,0.0012993273045206,31.58,"Prop_0.90",50,0.00025,"Medium","Beta",2000,"90% responders","Effect: 2.5e-04"
"BL230","MIMOSA2",0.06,100,0.00733778572214855,0.00138448774683999,32.46,"Prop_0.90",50,0.00025,"Medium","Beta",2000,"90% responders","Effect: 2.5e-04"
"BL230","MIMOSA2",0.07,100,0.0090019170988773,0.00151165970914921,33.2,"Prop_0.90",50,0.00025,"Medium","Beta",2000,"90% responders","Effect: 2.5e-04"
"BL230","MIMOSA2",0.08,100,0.00938003208827323,0.00155331023825004,33.96,"Prop_0.90",50,0.00025,"Medium","Beta",2000,"90% responders","Effect: 2.5e-04"
"BL230","MIMOSA2",0.09,100,0.0115943538184581,0.00174017226254453,34.61,"Prop_0.90",50,0.00025,"Medium","Beta",2000,"90% responders","Effect: 2.5e-04"
"BL230","MIMOSA2",0.1,100,0.0131375876579138,0.00180040493084149,35.27,"Prop_0.90",50,0.00025,"Medium","Beta",2000,"90% responders","Effect: 2.5e-04"
"BL230","MIMOSA2",0.11,100,0.0143342549094666,0.00181725601721564,35.84,"Prop_0.90",50,0.00025,"Medium","Beta",2000,"90% responders","Effect: 2.5e-04"
"BL230","MIMOSA2",0.12,100,0.0167003450605375,0.00185217961819122,36.45,"Prop_0.90",50,0.00025,"Medium","Beta",2000,"90% responders","Effect: 2.5e-04"
"BL230","MIMOSA2",0.13,100,0.0179646272270052,0.00196167132974456,36.99,"Prop_0.90",50,0.00025,"Medium","Beta",2000,"90% responders","Effect: 2.5e-04"
"BL230","MIMOSA2",0.14,100,0.0199399804839829,0.00201252824700447,37.58,"Prop_0.90",50,0.00025,"Medium","Beta",2000,"90% responders","Effect: 2.5e-04"
"BL230","MIMOSA2",0.15,100,0.0214002366759311,0.00212687588965732,38.16,"Prop_0.90",50,0.00025,"Medium","Beta",2000,"90% responders","Effect: 2.5e-04"
"BL230","MIMOSA2",0.16,100,0.023857412159923,0.00222485942882747,38.67,"Prop_0.90",50,0.00025,"Medium","Beta",2000,"90% responders","Effect: 2.5e-04"
"BL230","MIMOSA2",0.17,100,0.0271542838856005,0.00224553201126533,39.2,"Prop_0.90",50,0.00025,"Medium","Beta",2000,"90% responders","Effect: 2.5e-04"
"BL230","MIMOSA2",0.18,100,0.0302227511407783,0.00227269535839127,39.79,"Prop_0.90",50,0.00025,"Medium","Beta",2000,"90% responders","Effect: 2.5e-04"
"BL230","MIMOSA2",0.19,100,0.0325477623497691,0.00228812181951591,40.29,"Prop_0.90",50,0.00025,"Medium","Beta",2000,"90% responders","Effect: 2.5e-04"
"BL230","MIMOSA2",0.2,100,0.0364226545133124,0.00229891468623432,40.86,"Prop_0.90",50,0.00025,"Medium","Beta",2000,"90% responders","Effect: 2.5e-04"
"BL286","DiD (BH)",0.01,100,0,0,2.04,"Prop_0.10",50,6.25e-05,"Medium","Beta",2000,"10% responders","Effect: 6.2e-05"
"BL286","DiD (BH)",0.02,100,0.005,0.00371169172256023,2.22,"Prop_0.10",50,6.25e-05,"Medium","Beta",2000,"10% responders","Effect: 6.2e-05"
"BL286","DiD (BH)",0.03,100,0.0108333333333333,0.00551182281979904,2.29,"Prop_0.10",50,6.25e-05,"Medium","Beta",2000,"10% responders","Effect: 6.2e-05"
"BL286","DiD (BH)",0.04,100,0.0133333333333333,0.00600691707531571,2.34,"Prop_0.10",50,6.25e-05,"Medium","Beta",2000,"10% responders","Effect: 6.2e-05"
"BL286","DiD (BH)",0.05,100,0.02,0.00750233783241861,2.4,"Prop_0.10",50,6.25e-05,"Medium","Beta",2000,"10% responders","Effect: 6.2e-05"
"BL286","DiD (BH)",0.06,100,0.0191666666666667,0.00719058728161653,2.49,"Prop_0.10",50,6.25e-05,"Medium","Beta",2000,"10% responders","Effect: 6.2e-05"
"BL286","DiD (BH)",0.07,100,0.0231666666666667,0.00813361690182934,2.57,"Prop_0.10",50,6.25e-05,"Medium","Beta",2000,"10% responders","Effect: 6.2e-05"
"BL286","DiD (BH)",0.08,100,0.0345,0.00974781623937321,2.66,"Prop_0.10",50,6.25e-05,"Medium","Beta",2000,"10% responders","Effect: 6.2e-05"
"BL286","DiD (BH)",0.09,100,0.0355,0.0101687639278541,2.67,"Prop_0.10",50,6.25e-05,"Medium","Beta",2000,"10% responders","Effect: 6.2e-05"
"BL286","DiD (BH)",0.1,100,0.039547619047619,0.0109219569801954,2.71,"Prop_0.10",50,6.25e-05,"Medium","Beta",2000,"10% responders","Effect: 6.2e-05"
"BL286","DiD (BH)",0.11,100,0.044047619047619,0.0117672919020161,2.78,"Prop_0.10",50,6.25e-05,"Medium","Beta",2000,"10% responders","Effect: 6.2e-05"
"BL286","DiD (BH)",0.12,100,0.0510476190476191,0.0121824430903664,2.84,"Prop_0.10",50,6.25e-05,"Medium","Beta",2000,"10% responders","Effect: 6.2e-05"
"BL286","DiD (BH)",0.13,100,0.063547619047619,0.0138116257460554,2.93,"Prop_0.10",50,6.25e-05,"Medium","Beta",2000,"10% responders","Effect: 6.2e-05"
"BL286","DiD (BH)",0.14,100,0.0661666666666667,0.0140522161301041,2.95,"Prop_0.10",50,6.25e-05,"Medium","Beta",2000,"10% responders","Effect: 6.2e-05"
"BL286","DiD (BH)",0.15,100,0.066702380952381,0.0142555242062706,2.98,"Prop_0.10",50,6.25e-05,"Medium","Beta",2000,"10% responders","Effect: 6.2e-05"
"BL286","DiD (BH)",0.16,100,0.066702380952381,0.0142555242062706,2.99,"Prop_0.10",50,6.25e-05,"Medium","Beta",2000,"10% responders","Effect: 6.2e-05"
"BL286","DiD (BH)",0.17,100,0.0744166666666667,0.0151409040396159,3.06,"Prop_0.10",50,6.25e-05,"Medium","Beta",2000,"10% responders","Effect: 6.2e-05"
"BL286","DiD (BH)",0.18,100,0.0769166666666667,0.015222961526209,3.08,"Prop_0.10",50,6.25e-05,"Medium","Beta",2000,"10% responders","Effect: 6.2e-05"
"BL286","DiD (BH)",0.19,100,0.0789166666666667,0.0152522396231076,3.11,"Prop_0.10",50,6.25e-05,"Medium","Beta",2000,"10% responders","Effect: 6.2e-05"
"BL286","DiD (BH)",0.2,100,0.0864166666666667,0.0158641488130028,3.14,"Prop_0.10",50,6.25e-05,"Medium","Beta",2000,"10% responders","Effect: 6.2e-05"
"BL286","MIMOSA2",0.01,100,0.0025,0.0025,1.97,"Prop_0.10",50,6.25e-05,"Medium","Beta",2000,"10% responders","Effect: 6.2e-05"
"BL286","MIMOSA2",0.02,100,0.00833333333333333,0.00481125224324688,2.22,"Prop_0.10",50,6.25e-05,"Medium","Beta",2000,"10% responders","Effect: 6.2e-05"
"BL286","MIMOSA2",0.03,100,0.0133333333333333,0.00687796461944937,2.32,"Prop_0.10",50,6.25e-05,"Medium","Beta",2000,"10% responders","Effect: 6.2e-05"
"BL286","MIMOSA2",0.04,100,0.0178333333333333,0.00749955105278083,2.42,"Prop_0.10",50,6.25e-05,"Medium","Beta",2000,"10% responders","Effect: 6.2e-05"
"BL286","MIMOSA2",0.05,100,0.0375,0.0107501337657744,2.54,"Prop_0.10",50,6.25e-05,"Medium","Beta",2000,"10% responders","Effect: 6.2e-05"
"BL286","MIMOSA2",0.06,100,0.0395,0.0108650920137333,2.6,"Prop_0.10",50,6.25e-05,"Medium","Beta",2000,"10% responders","Effect: 6.2e-05"
"BL286","MIMOSA2",0.07,100,0.0535,0.0124390658470412,2.71,"Prop_0.10",50,6.25e-05,"Medium","Beta",2000,"10% responders","Effect: 6.2e-05"
"BL286","MIMOSA2",0.08,100,0.0683333333333333,0.0132181472372675,2.8,"Prop_0.10",50,6.25e-05,"Medium","Beta",2000,"10% responders","Effect: 6.2e-05"
"BL286","MIMOSA2",0.09,100,0.0811666666666667,0.0142186213086639,2.9,"Prop_0.10",50,6.25e-05,"Medium","Beta",2000,"10% responders","Effect: 6.2e-05"
"BL286","MIMOSA2",0.1,100,0.0988333333333333,0.0153453601640174,3.04,"Prop_0.10",50,6.25e-05,"Medium","Beta",2000,"10% responders","Effect: 6.2e-05"
"BL286","MIMOSA2",0.11,100,0.120619047619048,0.0168371756260339,3.16,"Prop_0.10",50,6.25e-05,"Medium","Beta",2000,"10% responders","Effect: 6.2e-05"
"BL286","MIMOSA2",0.12,100,0.133452380952381,0.0171534884663032,3.29,"Prop_0.10",50,6.25e-05,"Medium","Beta",2000,"10% responders","Effect: 6.2e-05"
"BL286","MIMOSA2",0.13,100,0.170666666666667,0.019209237377206,3.5,"Prop_0.10",50,6.25e-05,"Medium","Beta",2000,"10% responders","Effect: 6.2e-05"
"BL286","MIMOSA2",0.14,100,0.186357142857143,0.0191947735321685,3.62,"Prop_0.10",50,6.25e-05,"Medium","Beta",2000,"10% responders","Effect: 6.2e-05"
"BL286","MIMOSA2",0.15,100,0.19552380952381,0.0191938912287399,3.72,"Prop_0.10",50,6.25e-05,"Medium","Beta",2000,"10% responders","Effect: 6.2e-05"
"BL286","MIMOSA2",0.16,100,0.202761904761905,0.0195033774291438,3.85,"Prop_0.10",50,6.25e-05,"Medium","Beta",2000,"10% responders","Effect: 6.2e-05"
"BL286","MIMOSA2",0.17,100,0.212119047619048,0.0194654477664629,3.92,"Prop_0.10",50,6.25e-05,"Medium","Beta",2000,"10% responders","Effect: 6.2e-05"
"BL286","MIMOSA2",0.18,100,0.23097619047619,0.0190464915190569,4.11,"Prop_0.10",50,6.25e-05,"Medium","Beta",2000,"10% responders","Effect: 6.2e-05"
"BL286","MIMOSA2",0.19,100,0.246261904761905,0.0188964132793616,4.2,"Prop_0.10",50,6.25e-05,"Medium","Beta",2000,"10% responders","Effect: 6.2e-05"
"BL286","MIMOSA2",0.2,100,0.258904761904762,0.0188182017353755,4.37,"Prop_0.10",50,6.25e-05,"Medium","Beta",2000,"10% responders","Effect: 6.2e-05"
"BL288","DiD (BH)",0.01,100,0.00410790598290598,0.00183521126483122,10.93,"Prop_0.50",50,6.25e-05,"Medium","Beta",2000,"50% responders","Effect: 6.2e-05"
"BL288","DiD (BH)",0.02,100,0.00645165373841844,0.00212023607087641,11.81,"Prop_0.50",50,6.25e-05,"Medium","Beta",2000,"50% responders","Effect: 6.2e-05"
"BL288","DiD (BH)",0.03,100,0.00961589635854342,0.00260607063454764,12.37,"Prop_0.50",50,6.25e-05,"Medium","Beta",2000,"50% responders","Effect: 6.2e-05"
"BL288","DiD (BH)",0.04,100,0.0123043884220355,0.0029801636607241,12.86,"Prop_0.50",50,6.25e-05,"Medium","Beta",2000,"50% responders","Effect: 6.2e-05"
"BL288","DiD (BH)",0.05,100,0.0163918010094481,0.00359978387772748,13.32,"Prop_0.50",50,6.25e-05,"Medium","Beta",2000,"50% responders","Effect: 6.2e-05"
"BL288","DiD (BH)",0.06,100,0.0185668795858424,0.00368421896057408,13.71,"Prop_0.50",50,6.25e-05,"Medium","Beta",2000,"50% responders","Effect: 6.2e-05"
"BL288","DiD (BH)",0.07,100,0.0206287929476784,0.00407871978075218,13.91,"Prop_0.50",50,6.25e-05,"Medium","Beta",2000,"50% responders","Effect: 6.2e-05"
"BL288","DiD (BH)",0.08,100,0.0212218442032684,0.00413064713832614,14.17,"Prop_0.50",50,6.25e-05,"Medium","Beta",2000,"50% responders","Effect: 6.2e-05"
"BL288","DiD (BH)",0.09,100,0.0212627543165469,0.00419604073738103,14.38,"Prop_0.50",50,6.25e-05,"Medium","Beta",2000,"50% responders","Effect: 6.2e-05"
"BL288","DiD (BH)",0.1,100,0.0235457477510748,0.00420993203285164,14.58,"Prop_0.50",50,6.25e-05,"Medium","Beta",2000,"50% responders","Effect: 6.2e-05"
"BL288","DiD (BH)",0.11,100,0.0284135490674056,0.00457858597432067,14.83,"Prop_0.50",50,6.25e-05,"Medium","Beta",2000,"50% responders","Effect: 6.2e-05"
"BL288","DiD (BH)",0.12,100,0.0332698280223687,0.00493223106088787,15.01,"Prop_0.50",50,6.25e-05,"Medium","Beta",2000,"50% responders","Effect: 6.2e-05"
"BL288","DiD (BH)",0.13,100,0.0398926043258726,0.00511556468208269,15.36,"Prop_0.50",50,6.25e-05,"Medium","Beta",2000,"50% responders","Effect: 6.2e-05"
"BL288","DiD (BH)",0.14,100,0.0446039911932192,0.00507790831384113,15.71,"Prop_0.50",50,6.25e-05,"Medium","Beta",2000,"50% responders","Effect: 6.2e-05"
"BL288","DiD (BH)",0.15,100,0.0471688944272401,0.00511383222322763,15.9,"Prop_0.50",50,6.25e-05,"Medium","Beta",2000,"50% responders","Effect: 6.2e-05"
"BL288","DiD (BH)",0.16,100,0.0475422396492695,0.00509096662825092,16.04,"Prop_0.50",50,6.25e-05,"Medium","Beta",2000,"50% responders","Effect: 6.2e-05"
"BL288","DiD (BH)",0.17,100,0.0496633878247655,0.00540688211635729,16.22,"Prop_0.50",50,6.25e-05,"Medium","Beta",2000,"50% responders","Effect: 6.2e-05"
"BL288","DiD (BH)",0.18,100,0.0531769325707272,0.00562042375911301,16.43,"Prop_0.50",50,6.25e-05,"Medium","Beta",2000,"50% responders","Effect: 6.2e-05"
"BL288","DiD (BH)",0.19,100,0.0561424168198801,0.00563782506195684,16.64,"Prop_0.50",50,6.25e-05,"Medium","Beta",2000,"50% responders","Effect: 6.2e-05"
"BL288","DiD (BH)",0.2,100,0.0579613148532418,0.00571849315093934,16.79,"Prop_0.50",50,6.25e-05,"Medium","Beta",2000,"50% responders","Effect: 6.2e-05"
"BL288","MIMOSA2",0.01,100,0.00389423076923077,0.00208479654451788,10.48,"Prop_0.50",50,6.25e-05,"Medium","Beta",2000,"50% responders","Effect: 6.2e-05"
"BL288","MIMOSA2",0.02,100,0.00617679379444085,0.00223339207098926,11.42,"Prop_0.50",50,6.25e-05,"Medium","Beta",2000,"50% responders","Effect: 6.2e-05"
"BL288","MIMOSA2",0.03,100,0.0115088702147526,0.0030209254985033,12.08,"Prop_0.50",50,6.25e-05,"Medium","Beta",2000,"50% responders","Effect: 6.2e-05"
"BL288","MIMOSA2",0.04,100,0.0182882656559127,0.00365993622196118,12.75,"Prop_0.50",50,6.25e-05,"Medium","Beta",2000,"50% responders","Effect: 6.2e-05"
"BL288","MIMOSA2",0.05,100,0.0222326094528107,0.00392538168577873,13.24,"Prop_0.50",50,6.25e-05,"Medium","Beta",2000,"50% responders","Effect: 6.2e-05"
"BL288","MIMOSA2",0.06,100,0.0298716703403236,0.00470507890292056,13.72,"Prop_0.50",50,6.25e-05,"Medium","Beta",2000,"50% responders","Effect: 6.2e-05"
"BL288","MIMOSA2",0.07,100,0.0384035269426136,0.00503707903005762,14.26,"Prop_0.50",50,6.25e-05,"Medium","Beta",2000,"50% responders","Effect: 6.2e-05"
"BL288","MIMOSA2",0.08,100,0.0421482356223068,0.00502529284512692,14.73,"Prop_0.50",50,6.25e-05,"Medium","Beta",2000,"50% responders","Effect: 6.2e-05"
"BL288","MIMOSA2",0.09,100,0.04421319010367,0.00507135374931955,15.06,"Prop_0.50",50,6.25e-05,"Medium","Beta",2000,"50% responders","Effect: 6.2e-05"
"BL288","MIMOSA2",0.1,100,0.0502111043411353,0.00542253810336164,15.51,"Prop_0.50",50,6.25e-05,"Medium","Beta",2000,"50% responders","Effect: 6.2e-05"
"BL288","MIMOSA2",0.11,100,0.0592821845766892,0.00556417088161443,15.97,"Prop_0.50",50,6.25e-05,"Medium","Beta",2000,"50% responders","Effect: 6.2e-05"
"BL288","MIMOSA2",0.12,100,0.0634863862039458,0.00542453990847815,16.36,"Prop_0.50",50,6.25e-05,"Medium","Beta",2000,"50% responders","Effect: 6.2e-05"
"BL288","MIMOSA2",0.13,100,0.0683562313533373,0.00535861369793521,16.76,"Prop_0.50",50,6.25e-05,"Medium","Beta",2000,"50% responders","Effect: 6.2e-05"
"BL288","MIMOSA2",0.14,100,0.0751329871501496,0.00578519125930846,17.18,"Prop_0.50",50,6.25e-05,"Medium","Beta",2000,"50% responders","Effect: 6.2e-05"
"BL288","MIMOSA2",0.15,100,0.0828443777808766,0.00567409195048221,17.59,"Prop_0.50",50,6.25e-05,"Medium","Beta",2000,"50% responders","Effect: 6.2e-05"
"BL288","MIMOSA2",0.16,100,0.0895918363149989,0.00582507033575211,17.95,"Prop_0.50",50,6.25e-05,"Medium","Beta",2000,"50% responders","Effect: 6.2e-05"
"BL288","MIMOSA2",0.17,100,0.0973481443329707,0.00617193723046998,18.35,"Prop_0.50",50,6.25e-05,"Medium","Beta",2000,"50% responders","Effect: 6.2e-05"
"BL288","MIMOSA2",0.18,100,0.106325329953396,0.00616006142694032,18.73,"Prop_0.50",50,6.25e-05,"Medium","Beta",2000,"50% responders","Effect: 6.2e-05"
"BL288","MIMOSA2",0.19,100,0.110500849789597,0.00597306032880833,19.1,"Prop_0.50",50,6.25e-05,"Medium","Beta",2000,"50% responders","Effect: 6.2e-05"
"BL288","MIMOSA2",0.2,100,0.116701047607438,0.00595488351269094,19.51,"Prop_0.50",50,6.25e-05,"Medium","Beta",2000,"50% responders","Effect: 6.2e-05"
"BL290","DiD (BH)",0.01,100,0.00100490196078431,0.000717412292072749,20.82,"Prop_0.90",50,6.25e-05,"Medium","Beta",2000,"90% responders","Effect: 6.2e-05"
"BL290","DiD (BH)",0.02,100,0.00222759784075574,0.000984181192791402,22.52,"Prop_0.90",50,6.25e-05,"Medium","Beta",2000,"90% responders","Effect: 6.2e-05"
"BL290","DiD (BH)",0.03,100,0.00276970436970437,0.00102709777331358,23.84,"Prop_0.90",50,6.25e-05,"Medium","Beta",2000,"90% responders","Effect: 6.2e-05"
"BL290","DiD (BH)",0.04,100,0.00374672329398496,0.00122465681337034,24.75,"Prop_0.90",50,6.25e-05,"Medium","Beta",2000,"90% responders","Effect: 6.2e-05"
"BL290","DiD (BH)",0.05,100,0.00467344774407936,0.00138645754202453,25.52,"Prop_0.90",50,6.25e-05,"Medium","Beta",2000,"90% responders","Effect: 6.2e-05"
"BL290","DiD (BH)",0.06,100,0.00586096524906314,0.00150960276216171,26.1,"Prop_0.90",50,6.25e-05,"Medium","Beta",2000,"90% responders","Effect: 6.2e-05"
"BL290","DiD (BH)",0.07,100,0.00617943364107157,0.00152741510839477,26.6,"Prop_0.90",50,6.25e-05,"Medium","Beta",2000,"90% responders","Effect: 6.2e-05"
"BL290","DiD (BH)",0.08,100,0.00646820393846256,0.00153545862801481,27.12,"Prop_0.90",50,6.25e-05,"Medium","Beta",2000,"90% responders","Effect: 6.2e-05"
"BL290","DiD (BH)",0.09,100,0.00676599177412339,0.00154904251452549,27.76,"Prop_0.90",50,6.25e-05,"Medium","Beta",2000,"90% responders","Effect: 6.2e-05"
"BL290","DiD (BH)",0.1,100,0.00661670419608406,0.00151434827037929,28.17,"Prop_0.90",50,6.25e-05,"Medium","Beta",2000,"90% responders","Effect: 6.2e-05"
"BL290","DiD (BH)",0.11,100,0.00703823899599762,0.00149271207720089,28.57,"Prop_0.90",50,6.25e-05,"Medium","Beta",2000,"90% responders","Effect: 6.2e-05"
"BL290","DiD (BH)",0.12,100,0.00765891500091351,0.00157825266118545,29.07,"Prop_0.90",50,6.25e-05,"Medium","Beta",2000,"90% responders","Effect: 6.2e-05"
"BL290","DiD (BH)",0.13,100,0.00899932467047816,0.00165188775363105,29.44,"Prop_0.90",50,6.25e-05,"Medium","Beta",2000,"90% responders","Effect: 6.2e-05"
"BL290","DiD (BH)",0.14,100,0.00890142157939551,0.00163149474580001,29.88,"Prop_0.90",50,6.25e-05,"Medium","Beta",2000,"90% responders","Effect: 6.2e-05"
"BL290","DiD (BH)",0.15,100,0.00910175357498612,0.00162704019764564,30.4,"Prop_0.90",50,6.25e-05,"Medium","Beta",2000,"90% responders","Effect: 6.2e-05"
"BL290","DiD (BH)",0.16,100,0.00959237063874897,0.00163132650965861,30.71,"Prop_0.90",50,6.25e-05,"Medium","Beta",2000,"90% responders","Effect: 6.2e-05"
"BL290","DiD (BH)",0.17,100,0.00986522060713784,0.00163727400821228,30.94,"Prop_0.90",50,6.25e-05,"Medium","Beta",2000,"90% responders","Effect: 6.2e-05"
"BL290","DiD (BH)",0.18,100,0.0109345296481281,0.00174008087164329,31.17,"Prop_0.90",50,6.25e-05,"Medium","Beta",2000,"90% responders","Effect: 6.2e-05"
"BL290","DiD (BH)",0.19,100,0.0119432437019473,0.00183335830328549,31.54,"Prop_0.90",50,6.25e-05,"Medium","Beta",2000,"90% responders","Effect: 6.2e-05"
"BL290","DiD (BH)",0.2,100,0.0137221771768042,0.00193038467373608,31.81,"Prop_0.90",50,6.25e-05,"Medium","Beta",2000,"90% responders","Effect: 6.2e-05"
"BL290","MIMOSA2",0.01,100,0.00108823529411765,0.000768165991565639,19.57,"Prop_0.90",50,6.25e-05,"Medium","Beta",2000,"90% responders","Effect: 6.2e-05"
"BL290","MIMOSA2",0.02,100,0.00248803827751196,0.00109283466387455,21.4,"Prop_0.90",50,6.25e-05,"Medium","Beta",2000,"90% responders","Effect: 6.2e-05"
"BL290","MIMOSA2",0.03,100,0.00455062435433279,0.00138411120280221,22.69,"Prop_0.90",50,6.25e-05,"Medium","Beta",2000,"90% responders","Effect: 6.2e-05"
"BL290","MIMOSA2",0.04,100,0.0051956250673642,0.00142315271222914,23.75,"Prop_0.90",50,6.25e-05,"Medium","Beta",2000,"90% responders","Effect: 6.2e-05"
"BL290","MIMOSA2",0.05,100,0.00645528569235663,0.00149709607006475,24.72,"Prop_0.90",50,6.25e-05,"Medium","Beta",2000,"90% responders","Effect: 6.2e-05"
"BL290","MIMOSA2",0.06,100,0.00986857576420738,0.00174219113589609,25.54,"Prop_0.90",50,6.25e-05,"Medium","Beta",2000,"90% responders","Effect: 6.2e-05"
"BL290","MIMOSA2",0.07,100,0.0109410982388605,0.00181505441871256,26.32,"Prop_0.90",50,6.25e-05,"Medium","Beta",2000,"90% responders","Effect: 6.2e-05"
"BL290","MIMOSA2",0.08,100,0.0115753256173028,0.00178758022220813,27.06,"Prop_0.90",50,6.25e-05,"Medium","Beta",2000,"90% responders","Effect: 6.2e-05"
"BL290","MIMOSA2",0.09,100,0.0119756546367364,0.00182450044147257,27.76,"Prop_0.90",50,6.25e-05,"Medium","Beta",2000,"90% responders","Effect: 6.2e-05"
"BL290","MIMOSA2",0.1,100,0.0144965073856664,0.00192225778924826,28.44,"Prop_0.90",50,6.25e-05,"Medium","Beta",2000,"90% responders","Effect: 6.2e-05"
"BL290","MIMOSA2",0.11,100,0.0148730496858155,0.00189784687173585,29.01,"Prop_0.90",50,6.25e-05,"Medium","Beta",2000,"90% responders","Effect: 6.2e-05"
"BL290","MIMOSA2",0.12,100,0.0163059391961031,0.00199485426101383,29.64,"Prop_0.90",50,6.25e-05,"Medium","Beta",2000,"90% responders","Effect: 6.2e-05"
"BL290","MIMOSA2",0.13,100,0.017682198713966,0.00207109813126472,30.3,"Prop_0.90",50,6.25e-05,"Medium","Beta",2000,"90% responders","Effect: 6.2e-05"
"BL290","MIMOSA2",0.14,100,0.0182701729048896,0.0020639013345673,30.85,"Prop_0.90",50,6.25e-05,"Medium","Beta",2000,"90% responders","Effect: 6.2e-05"
"BL290","MIMOSA2",0.15,100,0.0186069203470563,0.00212324706747327,31.38,"Prop_0.90",50,6.25e-05,"Medium","Beta",2000,"90% responders","Effect: 6.2e-05"
"BL290","MIMOSA2",0.16,100,0.0207674840910379,0.00213364848789838,32.01,"Prop_0.90",50,6.25e-05,"Medium","Beta",2000,"90% responders","Effect: 6.2e-05"
"BL290","MIMOSA2",0.17,100,0.0212894485313952,0.00214893252901259,32.59,"Prop_0.90",50,6.25e-05,"Medium","Beta",2000,"90% responders","Effect: 6.2e-05"
"BL290","MIMOSA2",0.18,100,0.0243229423258691,0.00222352035063991,33.12,"Prop_0.90",50,6.25e-05,"Medium","Beta",2000,"90% responders","Effect: 6.2e-05"
"BL290","MIMOSA2",0.19,100,0.0265510576396531,0.0022753957791379,33.66,"Prop_0.90",50,6.25e-05,"Medium","Beta",2000,"90% responders","Effect: 6.2e-05"
"BL290","MIMOSA2",0.2,100,0.0274911862470417,0.00238802808554854,34.2,"Prop_0.90",50,6.25e-05,"Medium","Beta",2000,"90% responders","Effect: 6.2e-05"
"BL316","DiD (BH)",0.01,100,0,0,1.56,"Prop_0.10",50,0.001,"Low","Beta",2000,"10% responders","Effect: 1.0e-03"
"BL316","DiD (BH)",0.02,100,0,0,1.8,"Prop_0.10",50,0.001,"Low","Beta",2000,"10% responders","Effect: 1.0e-03"
"BL316","DiD (BH)",0.03,100,0.00333333333333333,0.00333333333333333,1.9,"Prop_0.10",50,0.001,"Low","Beta",2000,"10% responders","Effect: 1.0e-03"
"BL316","DiD (BH)",0.04,100,0.00333333333333333,0.00333333333333333,1.98,"Prop_0.10",50,0.001,"Low","Beta",2000,"10% responders","Effect: 1.0e-03"
"BL316","DiD (BH)",0.05,100,0.00333333333333333,0.00333333333333333,1.99,"Prop_0.10",50,0.001,"Low","Beta",2000,"10% responders","Effect: 1.0e-03"
"BL316","DiD (BH)",0.06,100,0.00666666666666667,0.00469017647120966,2.06,"Prop_0.10",50,0.001,"Low","Beta",2000,"10% responders","Effect: 1.0e-03"
"BL316","DiD (BH)",0.07,100,0.012,0.00602128659473142,2.13,"Prop_0.10",50,0.001,"Low","Beta",2000,"10% responders","Effect: 1.0e-03"
"BL316","DiD (BH)",0.08,100,0.0111666666666667,0.00561610938497622,2.17,"Prop_0.10",50,0.001,"Low","Beta",2000,"10% responders","Effect: 1.0e-03"
"BL316","DiD (BH)",0.09,100,0.0128333333333333,0.00570434591250936,2.2,"Prop_0.10",50,0.001,"Low","Beta",2000,"10% responders","Effect: 1.0e-03"
"BL316","DiD (BH)",0.1,100,0.0128333333333333,0.00570434591250936,2.25,"Prop_0.10",50,0.001,"Low","Beta",2000,"10% responders","Effect: 1.0e-03"
"BL316","DiD (BH)",0.11,100,0.0153333333333333,0.00712514398224182,2.33,"Prop_0.10",50,0.001,"Low","Beta",2000,"10% responders","Effect: 1.0e-03"
"BL316","DiD (BH)",0.12,100,0.022,0.00840834922564095,2.41,"Prop_0.10",50,0.001,"Low","Beta",2000,"10% responders","Effect: 1.0e-03"
"BL316","DiD (BH)",0.13,100,0.0252142857142857,0.00912200096099151,2.43,"Prop_0.10",50,0.001,"Low","Beta",2000,"10% responders","Effect: 1.0e-03"
"BL316","DiD (BH)",0.14,100,0.0318809523809524,0.0100902325774759,2.49,"Prop_0.10",50,0.001,"Low","Beta",2000,"10% responders","Effect: 1.0e-03"
"BL316","DiD (BH)",0.15,100,0.0388809523809524,0.0112295305225605,2.54,"Prop_0.10",50,0.001,"Low","Beta",2000,"10% responders","Effect: 1.0e-03"
"BL316","DiD (BH)",0.16,100,0.040547619047619,0.0117811016087539,2.57,"Prop_0.10",50,0.001,"Low","Beta",2000,"10% responders","Effect: 1.0e-03"
"BL316","DiD (BH)",0.17,100,0.040547619047619,0.0117811016087539,2.58,"Prop_0.10",50,0.001,"Low","Beta",2000,"10% responders","Effect: 1.0e-03"
"BL316","DiD (BH)",0.18,100,0.0447142857142857,0.011954996465636,2.67,"Prop_0.10",50,0.001,"Low","Beta",2000,"10% responders","Effect: 1.0e-03"
"BL316","DiD (BH)",0.19,100,0.048047619047619,0.0122891003980526,2.72,"Prop_0.10",50,0.001,"Low","Beta",2000,"10% responders","Effect: 1.0e-03"
"BL316","DiD (BH)",0.2,100,0.050047619047619,0.0123725773649672,2.73,"Prop_0.10",50,0.001,"Low","Beta",2000,"10% responders","Effect: 1.0e-03"
"BL316","MIMOSA2",0.01,100,0.00733333333333333,0.00518090251228016,2.01,"Prop_0.10",50,0.001,"Low","Beta",2000,"10% responders","Effect: 1.0e-03"
"BL316","MIMOSA2",0.02,100,0.0135,0.00610741394130978,2.22,"Prop_0.10",50,0.001,"Low","Beta",2000,"10% responders","Effect: 1.0e-03"
"BL316","MIMOSA2",0.03,100,0.0185,0.00695058314536313,2.32,"Prop_0.10",50,0.001,"Low","Beta",2000,"10% responders","Effect: 1.0e-03"
"BL316","MIMOSA2",0.04,100,0.0246666666666667,0.00811145702873833,2.45,"Prop_0.10",50,0.001,"Low","Beta",2000,"10% responders","Effect: 1.0e-03"
"BL316","MIMOSA2",0.05,100,0.0363333333333333,0.0099645274327724,2.59,"Prop_0.10",50,0.001,"Low","Beta",2000,"10% responders","Effect: 1.0e-03"
"BL316","MIMOSA2",0.06,100,0.0451666666666667,0.0108848039132065,2.75,"Prop_0.10",50,0.001,"Low","Beta",2000,"10% responders","Effect: 1.0e-03"
"BL316","MIMOSA2",0.07,100,0.0583333333333333,0.0124169519547819,2.88,"Prop_0.10",50,0.001,"Low","Beta",2000,"10% responders","Effect: 1.0e-03"
"BL316","MIMOSA2",0.08,100,0.0753333333333333,0.0134745884624059,3.01,"Prop_0.10",50,0.001,"Low","Beta",2000,"10% responders","Effect: 1.0e-03"
"BL316","MIMOSA2",0.09,100,0.0916666666666667,0.0145980565408523,3.17,"Prop_0.10",50,0.001,"Low","Beta",2000,"10% responders","Effect: 1.0e-03"
"BL316","MIMOSA2",0.1,100,0.105404761904762,0.0151181189187297,3.35,"Prop_0.10",50,0.001,"Low","Beta",2000,"10% responders","Effect: 1.0e-03"
"BL316","MIMOSA2",0.11,100,0.124404761904762,0.0160017998927496,3.48,"Prop_0.10",50,0.001,"Low","Beta",2000,"10% responders","Effect: 1.0e-03"
"BL316","MIMOSA2",0.12,100,0.138738095238095,0.0161103062445122,3.59,"Prop_0.10",50,0.001,"Low","Beta",2000,"10% responders","Effect: 1.0e-03"
"BL316","MIMOSA2",0.13,100,0.162392857142857,0.0164775751624351,3.8,"Prop_0.10",50,0.001,"Low","Beta",2000,"10% responders","Effect: 1.0e-03"
"BL316","MIMOSA2",0.14,100,0.16772619047619,0.0164828287440857,3.9,"Prop_0.10",50,0.001,"Low","Beta",2000,"10% responders","Effect: 1.0e-03"
"BL316","MIMOSA2",0.15,100,0.18925,0.0166570907607078,4.11,"Prop_0.10",50,0.001,"Low","Beta",2000,"10% responders","Effect: 1.0e-03"
"BL316","MIMOSA2",0.16,100,0.212297619047619,0.0170022480149407,4.28,"Prop_0.10",50,0.001,"Low","Beta",2000,"10% responders","Effect: 1.0e-03"
"BL316","MIMOSA2",0.17,100,0.240702380952381,0.0176859089690694,4.49,"Prop_0.10",50,0.001,"Low","Beta",2000,"10% responders","Effect: 1.0e-03"
"BL316","MIMOSA2",0.18,100,0.249777777777778,0.0179706919484059,4.59,"Prop_0.10",50,0.001,"Low","Beta",2000,"10% responders","Effect: 1.0e-03"
"BL316","MIMOSA2",0.19,100,0.269349206349206,0.0170248341136983,4.73,"Prop_0.10",50,0.001,"Low","Beta",2000,"10% responders","Effect: 1.0e-03"
"BL316","MIMOSA2",0.2,100,0.281710317460317,0.0163364837764432,5,"Prop_0.10",50,0.001,"Low","Beta",2000,"10% responders","Effect: 1.0e-03"
"BL318","DiD (BH)",0.01,100,0.00125,0.00125,9.85,"Prop_0.50",50,0.001,"Low","Beta",2000,"50% responders","Effect: 1.0e-03"
"BL318","DiD (BH)",0.02,100,0.00245670995670996,0.00141090291634412,11.17,"Prop_0.50",50,0.001,"Low","Beta",2000,"50% responders","Effect: 1.0e-03"
"BL318","DiD (BH)",0.03,100,0.00395670995670996,0.00199946270651249,11.87,"Prop_0.50",50,0.001,"Low","Beta",2000,"50% responders","Effect: 1.0e-03"
"BL318","DiD (BH)",0.04,100,0.0051699452508276,0.00215176473561978,12.36,"Prop_0.50",50,0.001,"Low","Beta",2000,"50% responders","Effect: 1.0e-03"
"BL318","DiD (BH)",0.05,100,0.00734094092182327,0.00243158481266522,12.88,"Prop_0.50",50,0.001,"Low","Beta",2000,"50% responders","Effect: 1.0e-03"
"BL318","DiD (BH)",0.06,100,0.0077949452508276,0.0024436818067246,13.22,"Prop_0.50",50,0.001,"Low","Beta",2000,"50% responders","Effect: 1.0e-03"
"BL318","DiD (BH)",0.07,100,0.00940063368004545,0.00251035260082504,13.64,"Prop_0.50",50,0.001,"Low","Beta",2000,"50% responders","Effect: 1.0e-03"
"BL318","DiD (BH)",0.08,100,0.0124859794917844,0.00289078463250313,13.92,"Prop_0.50",50,0.001,"Low","Beta",2000,"50% responders","Effect: 1.0e-03"
"BL318","DiD (BH)",0.09,100,0.0151703131320004,0.00330857805502176,14.18,"Prop_0.50",50,0.001,"Low","Beta",2000,"50% responders","Effect: 1.0e-03"
"BL318","DiD (BH)",0.1,100,0.0161822178939052,0.0032890048492778,14.5,"Prop_0.50",50,0.001,"Low","Beta",2000,"50% responders","Effect: 1.0e-03"
"BL318","DiD (BH)",0.11,100,0.0183915324012073,0.00344978276167562,14.75,"Prop_0.50",50,0.001,"Low","Beta",2000,"50% responders","Effect: 1.0e-03"
"BL318","DiD (BH)",0.12,100,0.02115144689332,0.00357388186411179,14.95,"Prop_0.50",50,0.001,"Low","Beta",2000,"50% responders","Effect: 1.0e-03"
"BL318","DiD (BH)",0.13,100,0.0245814082718107,0.00369651023933338,15.19,"Prop_0.50",50,0.001,"Low","Beta",2000,"50% responders","Effect: 1.0e-03"
"BL318","DiD (BH)",0.14,100,0.0256876174221375,0.00370613097985474,15.38,"Prop_0.50",50,0.001,"Low","Beta",2000,"50% responders","Effect: 1.0e-03"
"BL318","DiD (BH)",0.15,100,0.0280795063639491,0.00415284991508338,15.68,"Prop_0.50",50,0.001,"Low","Beta",2000,"50% responders","Effect: 1.0e-03"
"BL318","DiD (BH)",0.16,100,0.032609679836847,0.00448259202614225,15.94,"Prop_0.50",50,0.001,"Low","Beta",2000,"50% responders","Effect: 1.0e-03"
"BL318","DiD (BH)",0.17,100,0.0341678583714187,0.0045047473796892,16.08,"Prop_0.50",50,0.001,"Low","Beta",2000,"50% responders","Effect: 1.0e-03"
"BL318","DiD (BH)",0.18,100,0.0361831930539361,0.00468452210206427,16.25,"Prop_0.50",50,0.001,"Low","Beta",2000,"50% responders","Effect: 1.0e-03"
"BL318","DiD (BH)",0.19,100,0.0399836981044411,0.005153407759657,16.48,"Prop_0.50",50,0.001,"Low","Beta",2000,"50% responders","Effect: 1.0e-03"
"BL318","DiD (BH)",0.2,100,0.0416391848605471,0.0052406271234424,16.66,"Prop_0.50",50,0.001,"Low","Beta",2000,"50% responders","Effect: 1.0e-03"
"BL318","MIMOSA2",0.01,100,0.00755482834159305,0.00219411786144679,13.45,"Prop_0.50",50,0.001,"Low","Beta",2000,"50% responders","Effect: 1.0e-03"
"BL318","MIMOSA2",0.02,100,0.0102500297689926,0.00253944718073603,15.03,"Prop_0.50",50,0.001,"Low","Beta",2000,"50% responders","Effect: 1.0e-03"
"BL318","MIMOSA2",0.03,100,0.0171808381247236,0.00330586854654387,16.13,"Prop_0.50",50,0.001,"Low","Beta",2000,"50% responders","Effect: 1.0e-03"
"BL318","MIMOSA2",0.04,100,0.0232722622085592,0.00338069462301272,17.1,"Prop_0.50",50,0.001,"Low","Beta",2000,"50% responders","Effect: 1.0e-03"
"BL318","MIMOSA2",0.05,100,0.0290838774938586,0.00344232494659023,17.91,"Prop_0.50",50,0.001,"Low","Beta",2000,"50% responders","Effect: 1.0e-03"
"BL318","MIMOSA2",0.06,100,0.0365406706281858,0.00391376680901131,18.6,"Prop_0.50",50,0.001,"Low","Beta",2000,"50% responders","Effect: 1.0e-03"
"BL318","MIMOSA2",0.07,100,0.0429646183504206,0.00409353406613178,19.31,"Prop_0.50",50,0.001,"Low","Beta",2000,"50% responders","Effect: 1.0e-03"
"BL318","MIMOSA2",0.08,100,0.0507099525943314,0.00411784590650952,19.89,"Prop_0.50",50,0.001,"Low","Beta",2000,"50% responders","Effect: 1.0e-03"
"BL318","MIMOSA2",0.09,100,0.0611792562252214,0.00416108499308679,20.54,"Prop_0.50",50,0.001,"Low","Beta",2000,"50% responders","Effect: 1.0e-03"
"BL318","MIMOSA2",0.1,100,0.0725660869869276,0.00463700432907249,21.11,"Prop_0.50",50,0.001,"Low","Beta",2000,"50% responders","Effect: 1.0e-03"
"BL318","MIMOSA2",0.11,100,0.0823453385194097,0.00485604269498721,21.63,"Prop_0.50",50,0.001,"Low","Beta",2000,"50% responders","Effect: 1.0e-03"
"BL318","MIMOSA2",0.12,100,0.0929175919838526,0.00497753638975108,22.18,"Prop_0.50",50,0.001,"Low","Beta",2000,"50% responders","Effect: 1.0e-03"
"BL318","MIMOSA2",0.13,100,0.103444144032184,0.00484048265004907,22.66,"Prop_0.50",50,0.001,"Low","Beta",2000,"50% responders","Effect: 1.0e-03"
"BL318","MIMOSA2",0.14,100,0.113035364127355,0.00486672590159977,23.18,"Prop_0.50",50,0.001,"Low","Beta",2000,"50% responders","Effect: 1.0e-03"
"BL318","MIMOSA2",0.15,100,0.12254577890539,0.00482120879799206,23.6,"Prop_0.50",50,0.001,"Low","Beta",2000,"50% responders","Effect: 1.0e-03"
"BL318","MIMOSA2",0.16,100,0.131306134372202,0.00481917347884902,24.02,"Prop_0.50",50,0.001,"Low","Beta",2000,"50% responders","Effect: 1.0e-03"
"BL318","MIMOSA2",0.17,100,0.140660414565291,0.00504268285778985,24.52,"Prop_0.50",50,0.001,"Low","Beta",2000,"50% responders","Effect: 1.0e-03"
"BL318","MIMOSA2",0.18,100,0.150180757481243,0.00511008276306034,24.91,"Prop_0.50",50,0.001,"Low","Beta",2000,"50% responders","Effect: 1.0e-03"
"BL318","MIMOSA2",0.19,100,0.157692887039664,0.00501950018382673,25.32,"Prop_0.50",50,0.001,"Low","Beta",2000,"50% responders","Effect: 1.0e-03"
"BL318","MIMOSA2",0.2,100,0.168458592839688,0.00499737174903511,25.78,"Prop_0.50",50,0.001,"Low","Beta",2000,"50% responders","Effect: 1.0e-03"
"BL320","DiD (BH)",0.01,100,0.00111455108359133,0.000785349970444005,20.12,"Prop_0.90",50,0.001,"Low","Beta",2000,"90% responders","Effect: 1.0e-03"
"BL320","DiD (BH)",0.02,100,0.00167961019490255,0.000834684405952736,22.58,"Prop_0.90",50,0.001,"Low","Beta",2000,"90% responders","Effect: 1.0e-03"
"BL320","DiD (BH)",0.03,100,0.00235678044815976,0.000941701140295019,24.03,"Prop_0.90",50,0.001,"Low","Beta",2000,"90% responders","Effect: 1.0e-03"
"BL320","DiD (BH)",0.04,100,0.00232552334943639,0.000928790879604019,25.22,"Prop_0.90",50,0.001,"Low","Beta",2000,"90% responders","Effect: 1.0e-03"
"BL320","DiD (BH)",0.05,100,0.00295232886628882,0.00100929350465774,26.03,"Prop_0.90",50,0.001,"Low","Beta",2000,"90% responders","Effect: 1.0e-03"
"BL320","DiD (BH)",0.06,100,0.00347144171282102,0.00124363630642894,26.8,"Prop_0.90",50,0.001,"Low","Beta",2000,"90% responders","Effect: 1.0e-03"
"BL320","DiD (BH)",0.07,100,0.00416790211516378,0.00131493875462256,27.21,"Prop_0.90",50,0.001,"Low","Beta",2000,"90% responders","Effect: 1.0e-03"
"BL320","DiD (BH)",0.08,100,0.00438324963585056,0.00131256700537102,27.71,"Prop_0.90",50,0.001,"Low","Beta",2000,"90% responders","Effect: 1.0e-03"
"BL320","DiD (BH)",0.09,100,0.00563646565776792,0.00140508597463897,28.44,"Prop_0.90",50,0.001,"Low","Beta",2000,"90% responders","Effect: 1.0e-03"
"BL320","DiD (BH)",0.1,100,0.00591735579159923,0.00142096580653399,28.73,"Prop_0.90",50,0.001,"Low","Beta",2000,"90% responders","Effect: 1.0e-03"
"BL320","DiD (BH)",0.11,100,0.00615842722017066,0.00142898530261571,29.08,"Prop_0.90",50,0.001,"Low","Beta",2000,"90% responders","Effect: 1.0e-03"
"BL320","DiD (BH)",0.12,100,0.00635478389960494,0.00142558778076304,29.5,"Prop_0.90",50,0.001,"Low","Beta",2000,"90% responders","Effect: 1.0e-03"
"BL320","DiD (BH)",0.13,100,0.00781584292462392,0.00161526237233547,30.02,"Prop_0.90",50,0.001,"Low","Beta",2000,"90% responders","Effect: 1.0e-03"
"BL320","DiD (BH)",0.14,100,0.00937720231686567,0.0016831759192252,30.44,"Prop_0.90",50,0.001,"Low","Beta",2000,"90% responders","Effect: 1.0e-03"
"BL320","DiD (BH)",0.15,100,0.0103187074207734,0.00171623024930805,30.89,"Prop_0.90",50,0.001,"Low","Beta",2000,"90% responders","Effect: 1.0e-03"
"BL320","DiD (BH)",0.16,100,0.0102217630787733,0.00169383893624808,31.23,"Prop_0.90",50,0.001,"Low","Beta",2000,"90% responders","Effect: 1.0e-03"
"BL320","DiD (BH)",0.17,100,0.0110258597174288,0.00183833067224599,31.47,"Prop_0.90",50,0.001,"Low","Beta",2000,"90% responders","Effect: 1.0e-03"
"BL320","DiD (BH)",0.18,100,0.01094952379715,0.00182092943986558,31.75,"Prop_0.90",50,0.001,"Low","Beta",2000,"90% responders","Effect: 1.0e-03"
"BL320","DiD (BH)",0.19,100,0.0117510706698175,0.00191698563606501,31.97,"Prop_0.90",50,0.001,"Low","Beta",2000,"90% responders","Effect: 1.0e-03"
"BL320","DiD (BH)",0.2,100,0.0121883987542045,0.00194134018576977,32.15,"Prop_0.90",50,0.001,"Low","Beta",2000,"90% responders","Effect: 1.0e-03"
"BL320","MIMOSA2",0.01,100,0.00115651589789521,0.00066643432666854,25.91,"Prop_0.90",50,0.001,"Low","Beta",2000,"90% responders","Effect: 1.0e-03"
"BL320","MIMOSA2",0.02,100,0.00205248887652948,0.000820983627719769,28.72,"Prop_0.90",50,0.001,"Low","Beta",2000,"90% responders","Effect: 1.0e-03"
"BL320","MIMOSA2",0.03,100,0.00322564178928276,0.000976034259026485,30.68,"Prop_0.90",50,0.001,"Low","Beta",2000,"90% responders","Effect: 1.0e-03"
"BL320","MIMOSA2",0.04,100,0.00371272326134755,0.00101367933217909,32.3,"Prop_0.90",50,0.001,"Low","Beta",2000,"90% responders","Effect: 1.0e-03"
"BL320","MIMOSA2",0.05,100,0.00471101311275335,0.00108900316283145,33.55,"Prop_0.90",50,0.001,"Low","Beta",2000,"90% responders","Effect: 1.0e-03"
"BL320","MIMOSA2",0.06,100,0.00600590628494978,0.00117445241502403,34.61,"Prop_0.90",50,0.001,"Low","Beta",2000,"90% responders","Effect: 1.0e-03"
"BL320","MIMOSA2",0.07,100,0.00719264383602619,0.00128128333783285,35.49,"Prop_0.90",50,0.001,"Low","Beta",2000,"90% responders","Effect: 1.0e-03"
"BL320","MIMOSA2",0.08,100,0.00886747805114112,0.00137128136342581,36.33,"Prop_0.90",50,0.001,"Low","Beta",2000,"90% responders","Effect: 1.0e-03"
"BL320","MIMOSA2",0.09,100,0.00992280818023422,0.00137269126257385,37.09,"Prop_0.90",50,0.001,"Low","Beta",2000,"90% responders","Effect: 1.0e-03"
"BL320","MIMOSA2",0.1,100,0.0113054953504695,0.00154708710229679,37.72,"Prop_0.90",50,0.001,"Low","Beta",2000,"90% responders","Effect: 1.0e-03"
"BL320","MIMOSA2",0.11,100,0.0144046696152855,0.00170016579789813,38.34,"Prop_0.90",50,0.001,"Low","Beta",2000,"90% responders","Effect: 1.0e-03"
"BL320","MIMOSA2",0.12,100,0.0170066144872098,0.00192782991836418,38.94,"Prop_0.90",50,0.001,"Low","Beta",2000,"90% responders","Effect: 1.0e-03"
"BL320","MIMOSA2",0.13,100,0.0209498913742727,0.00207241201598068,39.46,"Prop_0.90",50,0.001,"Low","Beta",2000,"90% responders","Effect: 1.0e-03"
"BL320","MIMOSA2",0.14,100,0.0265990367540357,0.00214096896163449,40.03,"Prop_0.90",50,0.001,"Low","Beta",2000,"90% responders","Effect: 1.0e-03"
"BL320","MIMOSA2",0.15,100,0.0328568030389492,0.0024090002022744,40.6,"Prop_0.90",50,0.001,"Low","Beta",2000,"90% responders","Effect: 1.0e-03"
"BL320","MIMOSA2",0.16,100,0.0368825012012044,0.00230307422290712,41.06,"Prop_0.90",50,0.001,"Low","Beta",2000,"90% responders","Effect: 1.0e-03"
"BL320","MIMOSA2",0.17,100,0.0436767320948111,0.00236056681706468,41.66,"Prop_0.90",50,0.001,"Low","Beta",2000,"90% responders","Effect: 1.0e-03"
"BL320","MIMOSA2",0.18,100,0.0473356088958001,0.00233902882798948,42.08,"Prop_0.90",50,0.001,"Low","Beta",2000,"90% responders","Effect: 1.0e-03"
"BL320","MIMOSA2",0.19,100,0.0536491000655894,0.00243739096049949,42.75,"Prop_0.90",50,0.001,"Low","Beta",2000,"90% responders","Effect: 1.0e-03"
"BL320","MIMOSA2",0.2,100,0.0575130887975743,0.00243456276879412,43.22,"Prop_0.90",50,0.001,"Low","Beta",2000,"90% responders","Effect: 1.0e-03"
"BL376","DiD (BH)",0.01,100,0,0,0.43,"Prop_0.10",50,0.00025,"Low","Beta",2000,"10% responders","Effect: 2.5e-04"
"BL376","DiD (BH)",0.02,100,0,0,0.54,"Prop_0.10",50,0.00025,"Low","Beta",2000,"10% responders","Effect: 2.5e-04"
"BL376","DiD (BH)",0.03,100,0.00333333333333333,0.00333333333333333,0.61,"Prop_0.10",50,0.00025,"Low","Beta",2000,"10% responders","Effect: 2.5e-04"
"BL376","DiD (BH)",0.04,100,0.00333333333333333,0.00333333333333333,0.69,"Prop_0.10",50,0.00025,"Low","Beta",2000,"10% responders","Effect: 2.5e-04"
"BL376","DiD (BH)",0.05,100,0.00333333333333333,0.00333333333333333,0.7,"Prop_0.10",50,0.00025,"Low","Beta",2000,"10% responders","Effect: 2.5e-04"
"BL376","DiD (BH)",0.06,100,0.00333333333333333,0.00333333333333333,0.78,"Prop_0.10",50,0.00025,"Low","Beta",2000,"10% responders","Effect: 2.5e-04"
"BL376","DiD (BH)",0.07,100,0.00666666666666667,0.00469017647120966,0.83,"Prop_0.10",50,0.00025,"Low","Beta",2000,"10% responders","Effect: 2.5e-04"
"BL376","DiD (BH)",0.08,100,0.00666666666666667,0.00469017647120966,0.85,"Prop_0.10",50,0.00025,"Low","Beta",2000,"10% responders","Effect: 2.5e-04"
"BL376","DiD (BH)",0.09,100,0.00666666666666667,0.00469017647120966,0.87,"Prop_0.10",50,0.00025,"Low","Beta",2000,"10% responders","Effect: 2.5e-04"
"BL376","DiD (BH)",0.1,100,0.0166666666666667,0.0109841228136018,0.89,"Prop_0.10",50,0.00025,"Low","Beta",2000,"10% responders","Effect: 2.5e-04"
"BL376","DiD (BH)",0.11,100,0.025,0.0123943345371798,0.92,"Prop_0.10",50,0.00025,"Low","Beta",2000,"10% responders","Effect: 2.5e-04"
"BL376","DiD (BH)",0.12,100,0.0275,0.0125939232313407,0.97,"Prop_0.10",50,0.00025,"Low","Beta",2000,"10% responders","Effect: 2.5e-04"
"BL376","DiD (BH)",0.13,100,0.0275,0.0125939232313407,0.97,"Prop_0.10",50,0.00025,"Low","Beta",2000,"10% responders","Effect: 2.5e-04"
"BL376","DiD (BH)",0.14,100,0.0275,0.0125939232313407,0.98,"Prop_0.10",50,0.00025,"Low","Beta",2000,"10% responders","Effect: 2.5e-04"
"BL376","DiD (BH)",0.15,100,0.0295,0.0127080994348404,1.01,"Prop_0.10",50,0.00025,"Low","Beta",2000,"10% responders","Effect: 2.5e-04"
"BL376","DiD (BH)",0.16,100,0.0336666666666667,0.0133857974552474,1.03,"Prop_0.10",50,0.00025,"Low","Beta",2000,"10% responders","Effect: 2.5e-04"
"BL376","DiD (BH)",0.17,100,0.046,0.0165044632265732,1.08,"Prop_0.10",50,0.00025,"Low","Beta",2000,"10% responders","Effect: 2.5e-04"
"BL376","DiD (BH)",0.18,100,0.046,0.0148960483314286,1.16,"Prop_0.10",50,0.00025,"Low","Beta",2000,"10% responders","Effect: 2.5e-04"
"BL376","DiD (BH)",0.19,100,0.046,0.0148960483314286,1.19,"Prop_0.10",50,0.00025,"Low","Beta",2000,"10% responders","Effect: 2.5e-04"
"BL376","DiD (BH)",0.2,100,0.046,0.0148960483314286,1.2,"Prop_0.10",50,0.00025,"Low","Beta",2000,"10% responders","Effect: 2.5e-04"
"BL376","MIMOSA2",0.01,100,0.0133333333333333,0.0105089347908202,0.74,"Prop_0.10",50,0.00025,"Low","Beta",2000,"10% responders","Effect: 2.5e-04"
"BL376","MIMOSA2",0.02,100,0.015,0.00857233039988826,0.91,"Prop_0.10",50,0.00025,"Low","Beta",2000,"10% responders","Effect: 2.5e-04"
"BL376","MIMOSA2",0.03,100,0.0483333333333333,0.0177738316327429,1.04,"Prop_0.10",50,0.00025,"Low","Beta",2000,"10% responders","Effect: 2.5e-04"
"BL376","MIMOSA2",0.04,100,0.0616666666666667,0.0184492813421729,1.17,"Prop_0.10",50,0.00025,"Low","Beta",2000,"10% responders","Effect: 2.5e-04"
"BL376","MIMOSA2",0.05,100,0.08,0.0201676475260256,1.31,"Prop_0.10",50,0.00025,"Low","Beta",2000,"10% responders","Effect: 2.5e-04"
"BL376","MIMOSA2",0.06,100,0.089,0.0208034735509364,1.45,"Prop_0.10",50,0.00025,"Low","Beta",2000,"10% responders","Effect: 2.5e-04"
"BL376","MIMOSA2",0.07,100,0.0881666666666667,0.0191005593962071,1.56,"Prop_0.10",50,0.00025,"Low","Beta",2000,"10% responders","Effect: 2.5e-04"
"BL376","MIMOSA2",0.08,100,0.124333333333333,0.0227246485578175,1.69,"Prop_0.10",50,0.00025,"Low","Beta",2000,"10% responders","Effect: 2.5e-04"
"BL376","MIMOSA2",0.09,100,0.145666666666667,0.0244141455932929,1.86,"Prop_0.10",50,0.00025,"Low","Beta",2000,"10% responders","Effect: 2.5e-04"
"BL376","MIMOSA2",0.1,100,0.190166666666667,0.0292038915891464,2.03,"Prop_0.10",50,0.00025,"Low","Beta",2000,"10% responders","Effect: 2.5e-04"
"BL376","MIMOSA2",0.11,100,0.193333333333333,0.0288247150468285,2.17,"Prop_0.10",50,0.00025,"Low","Beta",2000,"10% responders","Effect: 2.5e-04"
"BL376","MIMOSA2",0.12,100,0.205777777777778,0.0295779136212531,2.35,"Prop_0.10",50,0.00025,"Low","Beta",2000,"10% responders","Effect: 2.5e-04"
"BL376","MIMOSA2",0.13,100,0.221944444444444,0.0295445300439547,2.54,"Prop_0.10",50,0.00025,"Low","Beta",2000,"10% responders","Effect: 2.5e-04"
"BL376","MIMOSA2",0.14,100,0.245238095238095,0.0302010790994601,2.7,"Prop_0.10",50,0.00025,"Low","Beta",2000,"10% responders","Effect: 2.5e-04"
"BL376","MIMOSA2",0.15,100,0.270214285714286,0.0302285114890932,2.85,"Prop_0.10",50,0.00025,"Low","Beta",2000,"10% responders","Effect: 2.5e-04"
"BL376","MIMOSA2",0.16,100,0.279824675324675,0.0288488449560099,3.05,"Prop_0.10",50,0.00025,"Low","Beta",2000,"10% responders","Effect: 2.5e-04"
"BL376","MIMOSA2",0.17,100,0.298622294372294,0.0276604547170711,3.21,"Prop_0.10",50,0.00025,"Low","Beta",2000,"10% responders","Effect: 2.5e-04"
"BL376","MIMOSA2",0.18,100,0.318821428571429,0.0263394941537965,3.4,"Prop_0.10",50,0.00025,"Low","Beta",2000,"10% responders","Effect: 2.5e-04"
"BL376","MIMOSA2",0.19,100,0.34847619047619,0.0265541946745845,3.61,"Prop_0.10",50,0.00025,"Low","Beta",2000,"10% responders","Effect: 2.5e-04"
"BL376","MIMOSA2",0.2,100,0.366263125763126,0.0269457700162334,3.82,"Prop_0.10",50,0.00025,"Low","Beta",2000,"10% responders","Effect: 2.5e-04"
"BL378","DiD (BH)",0.01,100,0,0,2.92,"Prop_0.50",50,0.00025,"Low","Beta",2000,"50% responders","Effect: 2.5e-04"
"BL378","DiD (BH)",0.02,100,0,0,3.93,"Prop_0.50",50,0.00025,"Low","Beta",2000,"50% responders","Effect: 2.5e-04"
"BL378","DiD (BH)",0.03,100,0.00311111111111111,0.00227808571458755,4.56,"Prop_0.50",50,0.00025,"Low","Beta",2000,"50% responders","Effect: 2.5e-04"
"BL378","DiD (BH)",0.04,100,0.003,0.00222701503353614,5.09,"Prop_0.50",50,0.00025,"Low","Beta",2000,"50% responders","Effect: 2.5e-04"
"BL378","DiD (BH)",0.05,100,0.00466666666666667,0.00276339711883103,5.54,"Prop_0.50",50,0.00025,"Low","Beta",2000,"50% responders","Effect: 2.5e-04"
"BL378","DiD (BH)",0.06,100,0.00966666666666667,0.00567141809118171,6.06,"Prop_0.50",50,0.00025,"Low","Beta",2000,"50% responders","Effect: 2.5e-04"
"BL378","DiD (BH)",0.07,100,0.00990909090909091,0.00446461218506882,6.35,"Prop_0.50",50,0.00025,"Low","Beta",2000,"50% responders","Effect: 2.5e-04"
"BL378","DiD (BH)",0.08,100,0.0131363636363636,0.00509694239072126,6.84,"Prop_0.50",50,0.00025,"Low","Beta",2000,"50% responders","Effect: 2.5e-04"
"BL378","DiD (BH)",0.09,100,0.0150606060606061,0.00522662701237092,7.09,"Prop_0.50",50,0.00025,"Low","Beta",2000,"50% responders","Effect: 2.5e-04"
"BL378","DiD (BH)",0.1,100,0.0150876623376623,0.00493652735276913,7.59,"Prop_0.50",50,0.00025,"Low","Beta",2000,"50% responders","Effect: 2.5e-04"
"BL378","DiD (BH)",0.11,100,0.0177748917748918,0.00485878791627467,7.97,"Prop_0.50",50,0.00025,"Low","Beta",2000,"50% responders","Effect: 2.5e-04"
"BL378","DiD (BH)",0.12,100,0.0212151182151182,0.00519436349417639,8.1,"Prop_0.50",50,0.00025,"Low","Beta",2000,"50% responders","Effect: 2.5e-04"
"BL378","DiD (BH)",0.13,100,0.0211796161354985,0.00505110366658107,8.37,"Prop_0.50",50,0.00025,"Low","Beta",2000,"50% responders","Effect: 2.5e-04"
"BL378","DiD (BH)",0.14,100,0.0236476578976579,0.00553279222084865,8.7,"Prop_0.50",50,0.00025,"Low","Beta",2000,"50% responders","Effect: 2.5e-04"
"BL378","DiD (BH)",0.15,100,0.0244736652236652,0.00547764131016153,9.01,"Prop_0.50",50,0.00025,"Low","Beta",2000,"50% responders","Effect: 2.5e-04"
"BL378","DiD (BH)",0.16,100,0.0263842627960275,0.00558712985245249,9.12,"Prop_0.50",50,0.00025,"Low","Beta",2000,"50% responders","Effect: 2.5e-04"
"BL378","DiD (BH)",0.17,100,0.0272379923997571,0.00541561118181788,9.49,"Prop_0.50",50,0.00025,"Low","Beta",2000,"50% responders","Effect: 2.5e-04"
"BL378","DiD (BH)",0.18,100,0.0299289680907328,0.00551004448206561,9.66,"Prop_0.50",50,0.00025,"Low","Beta",2000,"50% responders","Effect: 2.5e-04"
"BL378","DiD (BH)",0.19,100,0.0339755881373528,0.00551750190885661,10.14,"Prop_0.50",50,0.00025,"Low","Beta",2000,"50% responders","Effect: 2.5e-04"
"BL378","DiD (BH)",0.2,100,0.0361589325706973,0.00593956493171073,10.32,"Prop_0.50",50,0.00025,"Low","Beta",2000,"50% responders","Effect: 2.5e-04"
"BL378","MIMOSA2",0.01,100,0.00966666666666667,0.00515299047996833,5.03,"Prop_0.50",50,0.00025,"Low","Beta",2000,"50% responders","Effect: 2.5e-04"
"BL378","MIMOSA2",0.02,100,0.0115757575757576,0.00473042284751525,6.24,"Prop_0.50",50,0.00025,"Low","Beta",2000,"50% responders","Effect: 2.5e-04"
"BL378","MIMOSA2",0.03,100,0.0136399711399711,0.00437799533561369,7.16,"Prop_0.50",50,0.00025,"Low","Beta",2000,"50% responders","Effect: 2.5e-04"
"BL378","MIMOSA2",0.04,100,0.0144274614274614,0.00410291852394278,7.99,"Prop_0.50",50,0.00025,"Low","Beta",2000,"50% responders","Effect: 2.5e-04"
"BL378","MIMOSA2",0.05,100,0.0189290431790432,0.00447789007916384,8.64,"Prop_0.50",50,0.00025,"Low","Beta",2000,"50% responders","Effect: 2.5e-04"
"BL378","MIMOSA2",0.06,100,0.0248561438561439,0.00457787179113002,9.28,"Prop_0.50",50,0.00025,"Low","Beta",2000,"50% responders","Effect: 2.5e-04"
"BL378","MIMOSA2",0.07,100,0.0341008436008436,0.00511291291119188,9.91,"Prop_0.50",50,0.00025,"Low","Beta",2000,"50% responders","Effect: 2.5e-04"
"BL378","MIMOSA2",0.08,100,0.0353874032314435,0.00515943885354402,10.47,"Prop_0.50",50,0.00025,"Low","Beta",2000,"50% responders","Effect: 2.5e-04"
"BL378","MIMOSA2",0.09,100,0.0416271987816105,0.00533741006139198,11.06,"Prop_0.50",50,0.00025,"Low","Beta",2000,"50% responders","Effect: 2.5e-04"
"BL378","MIMOSA2",0.1,100,0.0513348003905279,0.00618725806905778,11.58,"Prop_0.50",50,0.00025,"Low","Beta",2000,"50% responders","Effect: 2.5e-04"
"BL378","MIMOSA2",0.11,100,0.0580189683467547,0.00612145692909001,12.16,"Prop_0.50",50,0.00025,"Low","Beta",2000,"50% responders","Effect: 2.5e-04"
"BL378","MIMOSA2",0.12,100,0.0693118473803458,0.00627941738465533,12.69,"Prop_0.50",50,0.00025,"Low","Beta",2000,"50% responders","Effect: 2.5e-04"
"BL378","MIMOSA2",0.13,100,0.0743486193888671,0.00621196453214936,13.29,"Prop_0.50",50,0.00025,"Low","Beta",2000,"50% responders","Effect: 2.5e-04"
"BL378","MIMOSA2",0.14,100,0.0773973479632047,0.00633120863131396,13.8,"Prop_0.50",50,0.00025,"Low","Beta",2000,"50% responders","Effect: 2.5e-04"
"BL378","MIMOSA2",0.15,100,0.0877932516381332,0.00666746359733059,14.39,"Prop_0.50",50,0.00025,"Low","Beta",2000,"50% responders","Effect: 2.5e-04"
"BL378","MIMOSA2",0.16,100,0.0970963309118007,0.00714477638529254,14.9,"Prop_0.50",50,0.00025,"Low","Beta",2000,"50% responders","Effect: 2.5e-04"
"BL378","MIMOSA2",0.17,100,0.103486700348155,0.00707295080976188,15.46,"Prop_0.50",50,0.00025,"Low","Beta",2000,"50% responders","Effect: 2.5e-04"
"BL378","MIMOSA2",0.18,100,0.110537473786515,0.00733193755253585,15.98,"Prop_0.50",50,0.00025,"Low","Beta",2000,"50% responders","Effect: 2.5e-04"
"BL378","MIMOSA2",0.19,100,0.116269684926133,0.00734224419661001,16.54,"Prop_0.50",50,0.00025,"Low","Beta",2000,"50% responders","Effect: 2.5e-04"
"BL378","MIMOSA2",0.2,100,0.122273060325355,0.00737678452645506,17.06,"Prop_0.50",50,0.00025,"Low","Beta",2000,"50% responders","Effect: 2.5e-04"
"BL380","DiD (BH)",0.01,100,0,0,6.37,"Prop_0.90",50,0.00025,"Low","Beta",2000,"90% responders","Effect: 2.5e-04"
"BL380","DiD (BH)",0.02,100,0,0,8.35,"Prop_0.90",50,0.00025,"Low","Beta",2000,"90% responders","Effect: 2.5e-04"
"BL380","DiD (BH)",0.03,100,0,0,9.84,"Prop_0.90",50,0.00025,"Low","Beta",2000,"90% responders","Effect: 2.5e-04"
"BL380","DiD (BH)",0.04,100,0.000909090909090909,0.000909090909090909,11.4,"Prop_0.90",50,0.00025,"Low","Beta",2000,"90% responders","Effect: 2.5e-04"
"BL380","DiD (BH)",0.05,100,0.000909090909090909,0.000909090909090909,12.68,"Prop_0.90",50,0.00025,"Low","Beta",2000,"90% responders","Effect: 2.5e-04"
"BL380","DiD (BH)",0.06,100,0.00201028138528139,0.00119062683521475,13.58,"Prop_0.90",50,0.00025,"Low","Beta",2000,"90% responders","Effect: 2.5e-04"
"BL380","DiD (BH)",0.07,100,0.00234637978345072,0.0012161343363454,14.36,"Prop_0.90",50,0.00025,"Low","Beta",2000,"90% responders","Effect: 2.5e-04"
"BL380","DiD (BH)",0.08,100,0.00402839732731037,0.00153696548488785,15.13,"Prop_0.90",50,0.00025,"Low","Beta",2000,"90% responders","Effect: 2.5e-04"
"BL380","DiD (BH)",0.09,100,0.00471006771006771,0.00167373678903476,15.77,"Prop_0.90",50,0.00025,"Low","Beta",2000,"90% responders","Effect: 2.5e-04"
"BL380","DiD (BH)",0.1,100,0.00474608724608725,0.00156950709237606,16.68,"Prop_0.90",50,0.00025,"Low","Beta",2000,"90% responders","Effect: 2.5e-04"
"BL380","DiD (BH)",0.11,100,0.00508158546246782,0.00159288329659932,17.48,"Prop_0.90",50,0.00025,"Low","Beta",2000,"90% responders","Effect: 2.5e-04"
"BL380","DiD (BH)",0.12,100,0.00538348243827783,0.00158858077301621,17.97,"Prop_0.90",50,0.00025,"Low","Beta",2000,"90% responders","Effect: 2.5e-04"
"BL380","DiD (BH)",0.13,100,0.00584671773239548,0.00163661590186279,18.43,"Prop_0.90",50,0.00025,"Low","Beta",2000,"90% responders","Effect: 2.5e-04"
"BL380","DiD (BH)",0.14,100,0.00611387076975312,0.00164101777121911,18.89,"Prop_0.90",50,0.00025,"Low","Beta",2000,"90% responders","Effect: 2.5e-04"
"BL380","DiD (BH)",0.15,100,0.006431398955312,0.00164331969147563,19.36,"Prop_0.90",50,0.00025,"Low","Beta",2000,"90% responders","Effect: 2.5e-04"
"BL380","DiD (BH)",0.16,100,0.00741647537314704,0.00176309031418409,20.22,"Prop_0.90",50,0.00025,"Low","Beta",2000,"90% responders","Effect: 2.5e-04"
"BL380","DiD (BH)",0.17,100,0.00836580382247549,0.00187038138950278,20.86,"Prop_0.90",50,0.00025,"Low","Beta",2000,"90% responders","Effect: 2.5e-04"
"BL380","DiD (BH)",0.18,100,0.00895901246568413,0.00196120435888791,21.76,"Prop_0.90",50,0.00025,"Low","Beta",2000,"90% responders","Effect: 2.5e-04"
"BL380","DiD (BH)",0.19,100,0.00935156733432595,0.00198315798369615,22.22,"Prop_0.90",50,0.00025,"Low","Beta",2000,"90% responders","Effect: 2.5e-04"
"BL380","DiD (BH)",0.2,100,0.0103833876878854,0.00209144787379392,22.88,"Prop_0.90",50,0.00025,"Low","Beta",2000,"90% responders","Effect: 2.5e-04"
"BL380","MIMOSA2",0.01,100,0.00403052503052503,0.00180072854497405,11.09,"Prop_0.90",50,0.00025,"Low","Beta",2000,"90% responders","Effect: 2.5e-04"
"BL380","MIMOSA2",0.02,100,0.00322712418300654,0.00143062248091603,13.67,"Prop_0.90",50,0.00025,"Low","Beta",2000,"90% responders","Effect: 2.5e-04"
"BL380","MIMOSA2",0.03,100,0.00285171261487051,0.00126058095237715,15.48,"Prop_0.90",50,0.00025,"Low","Beta",2000,"90% responders","Effect: 2.5e-04"
"BL380","MIMOSA2",0.04,100,0.00540951109658203,0.00165260256632994,17.13,"Prop_0.90",50,0.00025,"Low","Beta",2000,"90% responders","Effect: 2.5e-04"
"BL380","MIMOSA2",0.05,100,0.00625744482431116,0.00165690978672646,18.42,"Prop_0.90",50,0.00025,"Low","Beta",2000,"90% responders","Effect: 2.5e-04"
"BL380","MIMOSA2",0.06,100,0.00975592885234514,0.00201745464907504,19.67,"Prop_0.90",50,0.00025,"Low","Beta",2000,"90% responders","Effect: 2.5e-04"
"BL380","MIMOSA2",0.07,100,0.0101527503251474,0.00197792835081786,20.72,"Prop_0.90",50,0.00025,"Low","Beta",2000,"90% responders","Effect: 2.5e-04"
"BL380","MIMOSA2",0.08,100,0.0117026880302802,0.00211228566435865,21.85,"Prop_0.90",50,0.00025,"Low","Beta",2000,"90% responders","Effect: 2.5e-04"
"BL380","MIMOSA2",0.09,100,0.0135841483942483,0.00210902797597295,22.79,"Prop_0.90",50,0.00025,"Low","Beta",2000,"90% responders","Effect: 2.5e-04"
"BL380","MIMOSA2",0.1,100,0.0133413647046647,0.00208229056652514,23.64,"Prop_0.90",50,0.00025,"Low","Beta",2000,"90% responders","Effect: 2.5e-04"
"BL380","MIMOSA2",0.11,100,0.0139716281981596,0.00211360063214237,24.58,"Prop_0.90",50,0.00025,"Low","Beta",2000,"90% responders","Effect: 2.5e-04"
"BL380","MIMOSA2",0.12,100,0.0159871401012256,0.00211481524228012,25.51,"Prop_0.90",50,0.00025,"Low","Beta",2000,"90% responders","Effect: 2.5e-04"
"BL380","MIMOSA2",0.13,100,0.0175705611946733,0.00227393710577875,26.37,"Prop_0.90",50,0.00025,"Low","Beta",2000,"90% responders","Effect: 2.5e-04"
"BL380","MIMOSA2",0.14,100,0.0182288853461549,0.00236664288548605,27.16,"Prop_0.90",50,0.00025,"Low","Beta",2000,"90% responders","Effect: 2.5e-04"
"BL380","MIMOSA2",0.15,100,0.0183973552027986,0.00230168999569229,27.91,"Prop_0.90",50,0.00025,"Low","Beta",2000,"90% responders","Effect: 2.5e-04"
"BL380","MIMOSA2",0.16,100,0.0188889281878854,0.00230850977226277,28.65,"Prop_0.90",50,0.00025,"Low","Beta",2000,"90% responders","Effect: 2.5e-04"
"BL380","MIMOSA2",0.17,100,0.0202403318657779,0.0022854403373093,29.48,"Prop_0.90",50,0.00025,"Low","Beta",2000,"90% responders","Effect: 2.5e-04"
"BL380","MIMOSA2",0.18,100,0.0212259219448742,0.00226822142282546,30.06,"Prop_0.90",50,0.00025,"Low","Beta",2000,"90% responders","Effect: 2.5e-04"
"BL380","MIMOSA2",0.19,100,0.0216355596319203,0.00222942931298701,30.8,"Prop_0.90",50,0.00025,"Low","Beta",2000,"90% responders","Effect: 2.5e-04"
"BL380","MIMOSA2",0.2,100,0.0227832370199546,0.00221637869672828,31.44,"Prop_0.90",50,0.00025,"Low","Beta",2000,"90% responders","Effect: 2.5e-04"
"BL436","DiD (BH)",0.01,100,0,0,0.22,"Prop_0.10",50,6.25e-05,"Low","Beta",2000,"10% responders","Effect: 6.2e-05"
"BL436","DiD (BH)",0.02,100,0.01,0.01,0.35,"Prop_0.10",50,6.25e-05,"Low","Beta",2000,"10% responders","Effect: 6.2e-05"
"BL436","DiD (BH)",0.03,100,0.01,0.01,0.4,"Prop_0.10",50,6.25e-05,"Low","Beta",2000,"10% responders","Effect: 6.2e-05"
"BL436","DiD (BH)",0.04,100,0.01,0.01,0.48,"Prop_0.10",50,6.25e-05,"Low","Beta",2000,"10% responders","Effect: 6.2e-05"
"BL436","DiD (BH)",0.05,100,0.01,0.01,0.49,"Prop_0.10",50,6.25e-05,"Low","Beta",2000,"10% responders","Effect: 6.2e-05"
"BL436","DiD (BH)",0.06,100,0.01,0.01,0.56,"Prop_0.10",50,6.25e-05,"Low","Beta",2000,"10% responders","Effect: 6.2e-05"
"BL436","DiD (BH)",0.07,100,0.0133333333333333,0.0105089347908202,0.62,"Prop_0.10",50,6.25e-05,"Low","Beta",2000,"10% responders","Effect: 6.2e-05"
"BL436","DiD (BH)",0.08,100,0.0133333333333333,0.0105089347908202,0.62,"Prop_0.10",50,6.25e-05,"Low","Beta",2000,"10% responders","Effect: 6.2e-05"
"BL436","DiD (BH)",0.09,100,0.0133333333333333,0.0105089347908202,0.65,"Prop_0.10",50,6.25e-05,"Low","Beta",2000,"10% responders","Effect: 6.2e-05"
"BL436","DiD (BH)",0.1,100,0.0133333333333333,0.0105089347908202,0.68,"Prop_0.10",50,6.25e-05,"Low","Beta",2000,"10% responders","Effect: 6.2e-05"
"BL436","DiD (BH)",0.11,100,0.0166666666666667,0.0109841228136018,0.71,"Prop_0.10",50,6.25e-05,"Low","Beta",2000,"10% responders","Effect: 6.2e-05"
"BL436","DiD (BH)",0.12,100,0.02,0.0114297738665177,0.76,"Prop_0.10",50,6.25e-05,"Low","Beta",2000,"10% responders","Effect: 6.2e-05"
"BL436","DiD (BH)",0.13,100,0.02,0.0114297738665177,0.76,"Prop_0.10",50,6.25e-05,"Low","Beta",2000,"10% responders","Effect: 6.2e-05"
"BL436","DiD (BH)",0.14,100,0.0225,0.0116567418101985,0.78,"Prop_0.10",50,6.25e-05,"Low","Beta",2000,"10% responders","Effect: 6.2e-05"
"BL436","DiD (BH)",0.15,100,0.0225,0.0116567418101985,0.78,"Prop_0.10",50,6.25e-05,"Low","Beta",2000,"10% responders","Effect: 6.2e-05"
"BL436","DiD (BH)",0.16,100,0.0241666666666667,0.0122116000674158,0.79,"Prop_0.10",50,6.25e-05,"Low","Beta",2000,"10% responders","Effect: 6.2e-05"
"BL436","DiD (BH)",0.17,100,0.0381666666666667,0.0160461857948676,0.84,"Prop_0.10",50,6.25e-05,"Low","Beta",2000,"10% responders","Effect: 6.2e-05"
"BL436","DiD (BH)",0.18,100,0.0381666666666667,0.0160461857948676,0.88,"Prop_0.10",50,6.25e-05,"Low","Beta",2000,"10% responders","Effect: 6.2e-05"
"BL436","DiD (BH)",0.19,100,0.0381666666666667,0.0160461857948676,0.89,"Prop_0.10",50,6.25e-05,"Low","Beta",2000,"10% responders","Effect: 6.2e-05"
"BL436","DiD (BH)",0.2,100,0.0381666666666667,0.0160461857948676,0.9,"Prop_0.10",50,6.25e-05,"Low","Beta",2000,"10% responders","Effect: 6.2e-05"
"BL436","MIMOSA2",0.01,100,0,0,0.52,"Prop_0.10",50,6.25e-05,"Low","Beta",2000,"10% responders","Effect: 6.2e-05"
"BL436","MIMOSA2",0.02,100,0.0166666666666667,0.0109841228136018,0.63,"Prop_0.10",50,6.25e-05,"Low","Beta",2000,"10% responders","Effect: 6.2e-05"
"BL436","MIMOSA2",0.03,100,0.04,0.0179035951847309,0.74,"Prop_0.10",50,6.25e-05,"Low","Beta",2000,"10% responders","Effect: 6.2e-05"
"BL436","MIMOSA2",0.04,100,0.045,0.0184796730625386,0.86,"Prop_0.10",50,6.25e-05,"Low","Beta",2000,"10% responders","Effect: 6.2e-05"
"BL436","MIMOSA2",0.05,100,0.08,0.0230258723365145,1.01,"Prop_0.10",50,6.25e-05,"Low","Beta",2000,"10% responders","Effect: 6.2e-05"
"BL436","MIMOSA2",0.06,100,0.0883333333333333,0.0245561040205671,1.07,"Prop_0.10",50,6.25e-05,"Low","Beta",2000,"10% responders","Effect: 6.2e-05"
"BL436","MIMOSA2",0.07,100,0.106666666666667,0.0265401036994414,1.16,"Prop_0.10",50,6.25e-05,"Low","Beta",2000,"10% responders","Effect: 6.2e-05"
"BL436","MIMOSA2",0.08,100,0.131333333333333,0.0288337469073704,1.27,"Prop_0.10",50,6.25e-05,"Low","Beta",2000,"10% responders","Effect: 6.2e-05"
"BL436","MIMOSA2",0.09,100,0.168,0.0307734927549862,1.49,"Prop_0.10",50,6.25e-05,"Low","Beta",2000,"10% responders","Effect: 6.2e-05"
"BL436","MIMOSA2",0.1,100,0.193,0.0314628207716519,1.62,"Prop_0.10",50,6.25e-05,"Low","Beta",2000,"10% responders","Effect: 6.2e-05"
"BL436","MIMOSA2",0.11,100,0.2055,0.0307555940546848,1.75,"Prop_0.10",50,6.25e-05,"Low","Beta",2000,"10% responders","Effect: 6.2e-05"
"BL436","MIMOSA2",0.12,100,0.223952380952381,0.0321531581662467,1.85,"Prop_0.10",50,6.25e-05,"Low","Beta",2000,"10% responders","Effect: 6.2e-05"
"BL436","MIMOSA2",0.13,100,0.23147619047619,0.0305970760420652,2.04,"Prop_0.10",50,6.25e-05,"Low","Beta",2000,"10% responders","Effect: 6.2e-05"
"BL436","MIMOSA2",0.14,100,0.286507936507936,0.0328574333150867,2.26,"Prop_0.10",50,6.25e-05,"Low","Beta",2000,"10% responders","Effect: 6.2e-05"
"BL436","MIMOSA2",0.15,100,0.286952380952381,0.030363708369611,2.48,"Prop_0.10",50,6.25e-05,"Low","Beta",2000,"10% responders","Effect: 6.2e-05"
"BL436","MIMOSA2",0.16,100,0.320514069264069,0.0306190902263745,2.67,"Prop_0.10",50,6.25e-05,"Low","Beta",2000,"10% responders","Effect: 6.2e-05"
"BL436","MIMOSA2",0.17,100,0.340988095238095,0.0303679764266032,2.82,"Prop_0.10",50,6.25e-05,"Low","Beta",2000,"10% responders","Effect: 6.2e-05"
"BL436","MIMOSA2",0.18,100,0.37196336996337,0.03057912474974,3,"Prop_0.10",50,6.25e-05,"Low","Beta",2000,"10% responders","Effect: 6.2e-05"
"BL436","MIMOSA2",0.19,100,0.390320512820513,0.0296178384691007,3.19,"Prop_0.10",50,6.25e-05,"Low","Beta",2000,"10% responders","Effect: 6.2e-05"
"BL436","MIMOSA2",0.2,100,0.431964285714286,0.0299610096868704,3.42,"Prop_0.10",50,6.25e-05,"Low","Beta",2000,"10% responders","Effect: 6.2e-05"
"BL438","DiD (BH)",0.01,100,0,0,2.03,"Prop_0.50",50,6.25e-05,"Low","Beta",2000,"50% responders","Effect: 6.2e-05"
"BL438","DiD (BH)",0.02,100,0,0,2.72,"Prop_0.50",50,6.25e-05,"Low","Beta",2000,"50% responders","Effect: 6.2e-05"
"BL438","DiD (BH)",0.03,100,0,0,3.23,"Prop_0.50",50,6.25e-05,"Low","Beta",2000,"50% responders","Effect: 6.2e-05"
"BL438","DiD (BH)",0.04,100,0.00277777777777778,0.00199372378490354,3.55,"Prop_0.50",50,6.25e-05,"Low","Beta",2000,"50% responders","Effect: 6.2e-05"
"BL438","DiD (BH)",0.05,100,0.00277777777777778,0.00199372378490354,3.88,"Prop_0.50",50,6.25e-05,"Low","Beta",2000,"50% responders","Effect: 6.2e-05"
"BL438","DiD (BH)",0.06,100,0.00677777777777778,0.00341608834173656,4.26,"Prop_0.50",50,6.25e-05,"Low","Beta",2000,"50% responders","Effect: 6.2e-05"
"BL438","DiD (BH)",0.07,100,0.00767857142857143,0.00348354164009513,4.52,"Prop_0.50",50,6.25e-05,"Low","Beta",2000,"50% responders","Effect: 6.2e-05"
"BL438","DiD (BH)",0.08,100,0.0146590909090909,0.00614349099735054,5.03,"Prop_0.50",50,6.25e-05,"Low","Beta",2000,"50% responders","Effect: 6.2e-05"
"BL438","DiD (BH)",0.09,100,0.0173257575757576,0.00529817057267906,5.4,"Prop_0.50",50,6.25e-05,"Low","Beta",2000,"50% responders","Effect: 6.2e-05"
"BL438","DiD (BH)",0.1,100,0.0246971916971917,0.00568743245486881,5.83,"Prop_0.50",50,6.25e-05,"Low","Beta",2000,"50% responders","Effect: 6.2e-05"
"BL438","DiD (BH)",0.11,100,0.0253727661227661,0.00559020503322454,6.1,"Prop_0.50",50,6.25e-05,"Low","Beta",2000,"50% responders","Effect: 6.2e-05"
"BL438","DiD (BH)",0.12,100,0.0261707459207459,0.00560649514716517,6.28,"Prop_0.50",50,6.25e-05,"Low","Beta",2000,"50% responders","Effect: 6.2e-05"
"BL438","DiD (BH)",0.13,100,0.0312223332223332,0.00672480246559964,6.48,"Prop_0.50",50,6.25e-05,"Low","Beta",2000,"50% responders","Effect: 6.2e-05"
"BL438","DiD (BH)",0.14,100,0.0307418137418137,0.00666284170792586,6.59,"Prop_0.50",50,6.25e-05,"Low","Beta",2000,"50% responders","Effect: 6.2e-05"
"BL438","DiD (BH)",0.15,100,0.0293412698412698,0.00643325309487954,6.83,"Prop_0.50",50,6.25e-05,"Low","Beta",2000,"50% responders","Effect: 6.2e-05"
"BL438","DiD (BH)",0.16,100,0.0297936507936508,0.00655052670582189,6.94,"Prop_0.50",50,6.25e-05,"Low","Beta",2000,"50% responders","Effect: 6.2e-05"
"BL438","DiD (BH)",0.17,100,0.0330495060495061,0.00585084070731853,7.53,"Prop_0.50",50,6.25e-05,"Low","Beta",2000,"50% responders","Effect: 6.2e-05"
"BL438","DiD (BH)",0.18,100,0.0354664224664225,0.0059854880114961,7.7,"Prop_0.50",50,6.25e-05,"Low","Beta",2000,"50% responders","Effect: 6.2e-05"
"BL438","DiD (BH)",0.19,100,0.0402207237207237,0.00620659542633791,8.27,"Prop_0.50",50,6.25e-05,"Low","Beta",2000,"50% responders","Effect: 6.2e-05"
"BL438","DiD (BH)",0.2,100,0.040679554922202,0.00632479995784209,8.34,"Prop_0.50",50,6.25e-05,"Low","Beta",2000,"50% responders","Effect: 6.2e-05"
"BL438","MIMOSA2",0.01,100,0.00840909090909091,0.00562904787523028,3,"Prop_0.50",50,6.25e-05,"Low","Beta",2000,"50% responders","Effect: 6.2e-05"
"BL438","MIMOSA2",0.02,100,0.013504329004329,0.00518071125013753,3.86,"Prop_0.50",50,6.25e-05,"Low","Beta",2000,"50% responders","Effect: 6.2e-05"
"BL438","MIMOSA2",0.03,100,0.0205576923076923,0.00662407107530478,4.57,"Prop_0.50",50,6.25e-05,"Low","Beta",2000,"50% responders","Effect: 6.2e-05"
"BL438","MIMOSA2",0.04,100,0.0236056721056721,0.00656274181809474,5.18,"Prop_0.50",50,6.25e-05,"Low","Beta",2000,"50% responders","Effect: 6.2e-05"
"BL438","MIMOSA2",0.05,100,0.0310873015873016,0.00704586315004118,5.69,"Prop_0.50",50,6.25e-05,"Low","Beta",2000,"50% responders","Effect: 6.2e-05"
"BL438","MIMOSA2",0.06,100,0.0341872294372294,0.00711012389070667,6.15,"Prop_0.50",50,6.25e-05,"Low","Beta",2000,"50% responders","Effect: 6.2e-05"
"BL438","MIMOSA2",0.07,100,0.0504421411921412,0.00832506085002087,6.78,"Prop_0.50",50,6.25e-05,"Low","Beta",2000,"50% responders","Effect: 6.2e-05"
"BL438","MIMOSA2",0.08,100,0.0514946091490209,0.00827622125082878,7.27,"Prop_0.50",50,6.25e-05,"Low","Beta",2000,"50% responders","Effect: 6.2e-05"
"BL438","MIMOSA2",0.09,100,0.0537168876874759,0.00813390951768682,7.77,"Prop_0.50",50,6.25e-05,"Low","Beta",2000,"50% responders","Effect: 6.2e-05"
"BL438","MIMOSA2",0.1,100,0.06431442821884,0.00840423757956961,8.2,"Prop_0.50",50,6.25e-05,"Low","Beta",2000,"50% responders","Effect: 6.2e-05"
"BL438","MIMOSA2",0.11,100,0.0714332195582196,0.00878385148984574,8.7,"Prop_0.50",50,6.25e-05,"Low","Beta",2000,"50% responders","Effect: 6.2e-05"
"BL438","MIMOSA2",0.12,100,0.0833563201074811,0.00946929735555016,9.16,"Prop_0.50",50,6.25e-05,"Low","Beta",2000,"50% responders","Effect: 6.2e-05"
"BL438","MIMOSA2",0.13,100,0.0899779490805033,0.00958340720133985,9.6,"Prop_0.50",50,6.25e-05,"Low","Beta",2000,"50% responders","Effect: 6.2e-05"
"BL438","MIMOSA2",0.14,100,0.0992542801196052,0.00915740027216145,10.08,"Prop_0.50",50,6.25e-05,"Low","Beta",2000,"50% responders","Effect: 6.2e-05"
"BL438","MIMOSA2",0.15,100,0.105358068187403,0.00898925354697747,10.53,"Prop_0.50",50,6.25e-05,"Low","Beta",2000,"50% responders","Effect: 6.2e-05"
"BL438","MIMOSA2",0.16,100,0.116668202669364,0.00914880645212897,10.96,"Prop_0.50",50,6.25e-05,"Low","Beta",2000,"50% responders","Effect: 6.2e-05"
"BL438","MIMOSA2",0.17,100,0.120575563454433,0.00904761730605197,11.46,"Prop_0.50",50,6.25e-05,"Low","Beta",2000,"50% responders","Effect: 6.2e-05"
"BL438","MIMOSA2",0.18,100,0.121914359817207,0.008895492849619,11.89,"Prop_0.50",50,6.25e-05,"Low","Beta",2000,"50% responders","Effect: 6.2e-05"
"BL438","MIMOSA2",0.19,100,0.127174807316044,0.00886529979572831,12.4,"Prop_0.50",50,6.25e-05,"Low","Beta",2000,"50% responders","Effect: 6.2e-05"
"BL438","MIMOSA2",0.2,100,0.131748852927258,0.00903769177948759,12.74,"Prop_0.50",50,6.25e-05,"Low","Beta",2000,"50% responders","Effect: 6.2e-05"
"BL440","DiD (BH)",0.01,100,0,0,4.14,"Prop_0.90",50,6.25e-05,"Low","Beta",2000,"90% responders","Effect: 6.2e-05"
"BL440","DiD (BH)",0.02,100,0,0,5.52,"Prop_0.90",50,6.25e-05,"Low","Beta",2000,"90% responders","Effect: 6.2e-05"
"BL440","DiD (BH)",0.03,100,0.000833333333333333,0.000833333333333333,6.55,"Prop_0.90",50,6.25e-05,"Low","Beta",2000,"90% responders","Effect: 6.2e-05"
"BL440","DiD (BH)",0.04,100,0.0015,0.00106191597800024,7.54,"Prop_0.90",50,6.25e-05,"Low","Beta",2000,"90% responders","Effect: 6.2e-05"
"BL440","DiD (BH)",0.05,100,0.0015,0.00106191597800024,8.16,"Prop_0.90",50,6.25e-05,"Low","Beta",2000,"90% responders","Effect: 6.2e-05"
"BL440","DiD (BH)",0.06,100,0.00145833333333333,0.00103660385824217,8.9,"Prop_0.90",50,6.25e-05,"Low","Beta",2000,"90% responders","Effect: 6.2e-05"
"BL440","DiD (BH)",0.07,100,0.00145833333333333,0.00103660385824217,9.46,"Prop_0.90",50,6.25e-05,"Low","Beta",2000,"90% responders","Effect: 6.2e-05"
"BL440","DiD (BH)",0.08,100,0.00145833333333333,0.00103660385824217,10.09,"Prop_0.90",50,6.25e-05,"Low","Beta",2000,"90% responders","Effect: 6.2e-05"
"BL440","DiD (BH)",0.09,100,0.00191302161890397,0.00110544209161808,10.59,"Prop_0.90",50,6.25e-05,"Low","Beta",2000,"90% responders","Effect: 6.2e-05"
"BL440","DiD (BH)",0.1,100,0.00191302161890397,0.00110544209161808,11.29,"Prop_0.90",50,6.25e-05,"Low","Beta",2000,"90% responders","Effect: 6.2e-05"
"BL440","DiD (BH)",0.11,100,0.00185807656395892,0.00106853167118948,11.94,"Prop_0.90",50,6.25e-05,"Low","Beta",2000,"90% responders","Effect: 6.2e-05"
"BL440","DiD (BH)",0.12,100,0.00176984126984127,0.00102372003143663,12.57,"Prop_0.90",50,6.25e-05,"Low","Beta",2000,"90% responders","Effect: 6.2e-05"
"BL440","DiD (BH)",0.13,100,0.0028202614379085,0.00123793796994781,13.19,"Prop_0.90",50,6.25e-05,"Low","Beta",2000,"90% responders","Effect: 6.2e-05"
"BL440","DiD (BH)",0.14,100,0.0034452614379085,0.00137386537035066,13.85,"Prop_0.90",50,6.25e-05,"Low","Beta",2000,"90% responders","Effect: 6.2e-05"
"BL440","DiD (BH)",0.15,100,0.00468242296918767,0.00160477371243027,14.44,"Prop_0.90",50,6.25e-05,"Low","Beta",2000,"90% responders","Effect: 6.2e-05"
"BL440","DiD (BH)",0.16,100,0.00504565826330532,0.00162977522717277,14.76,"Prop_0.90",50,6.25e-05,"Low","Beta",2000,"90% responders","Effect: 6.2e-05"
"BL440","DiD (BH)",0.17,100,0.00495637254901961,0.00159511784220521,15.32,"Prop_0.90",50,6.25e-05,"Low","Beta",2000,"90% responders","Effect: 6.2e-05"
"BL440","DiD (BH)",0.18,100,0.00512414058474093,0.00156438023042492,16.41,"Prop_0.90",50,6.25e-05,"Low","Beta",2000,"90% responders","Effect: 6.2e-05"
"BL440","DiD (BH)",0.19,100,0.00554956912936453,0.00163412509317613,16.95,"Prop_0.90",50,6.25e-05,"Low","Beta",2000,"90% responders","Effect: 6.2e-05"
"BL440","DiD (BH)",0.2,100,0.00647425072795917,0.0018684681495287,17.48,"Prop_0.90",50,6.25e-05,"Low","Beta",2000,"90% responders","Effect: 6.2e-05"
"BL440","MIMOSA2",0.01,100,0.00166666666666667,0.00166666666666667,6.85,"Prop_0.90",50,6.25e-05,"Low","Beta",2000,"90% responders","Effect: 6.2e-05"
"BL440","MIMOSA2",0.02,100,0.00188034188034188,0.00134499709800155,8.73,"Prop_0.90",50,6.25e-05,"Low","Beta",2000,"90% responders","Effect: 6.2e-05"
"BL440","MIMOSA2",0.03,100,0.0055449452508276,0.00209926905665598,10.16,"Prop_0.90",50,6.25e-05,"Low","Beta",2000,"90% responders","Effect: 6.2e-05"
"BL440","MIMOSA2",0.04,100,0.00687474410694225,0.00211583694708762,11.34,"Prop_0.90",50,6.25e-05,"Low","Beta",2000,"90% responders","Effect: 6.2e-05"
"BL440","MIMOSA2",0.05,100,0.00834495080083315,0.00235160356133696,12.39,"Prop_0.90",50,6.25e-05,"Low","Beta",2000,"90% responders","Effect: 6.2e-05"
"BL440","MIMOSA2",0.06,100,0.00785919064595535,0.00220737714162599,13.36,"Prop_0.90",50,6.25e-05,"Low","Beta",2000,"90% responders","Effect: 6.2e-05"
"BL440","MIMOSA2",0.07,100,0.00971596749707868,0.00244780818367736,14.26,"Prop_0.90",50,6.25e-05,"Low","Beta",2000,"90% responders","Effect: 6.2e-05"
"BL440","MIMOSA2",0.08,100,0.0117881324179278,0.00277057622739178,15.15,"Prop_0.90",50,6.25e-05,"Low","Beta",2000,"90% responders","Effect: 6.2e-05"
"BL440","MIMOSA2",0.09,100,0.0142378402603308,0.00291749715100756,15.94,"Prop_0.90",50,6.25e-05,"Low","Beta",2000,"90% responders","Effect: 6.2e-05"
"BL440","MIMOSA2",0.1,100,0.015660069278174,0.0028558915035023,16.73,"Prop_0.90",50,6.25e-05,"Low","Beta",2000,"90% responders","Effect: 6.2e-05"
"BL440","MIMOSA2",0.11,100,0.0160016446843512,0.00275685275024496,17.49,"Prop_0.90",50,6.25e-05,"Low","Beta",2000,"90% responders","Effect: 6.2e-05"
"BL440","MIMOSA2",0.12,100,0.0177182413133971,0.00285778329726181,18.25,"Prop_0.90",50,6.25e-05,"Low","Beta",2000,"90% responders","Effect: 6.2e-05"
"BL440","MIMOSA2",0.13,100,0.0178517827027942,0.0027543826992232,18.98,"Prop_0.90",50,6.25e-05,"Low","Beta",2000,"90% responders","Effect: 6.2e-05"
"BL440","MIMOSA2",0.14,100,0.0194393605151597,0.00273668040564664,19.79,"Prop_0.90",50,6.25e-05,"Low","Beta",2000,"90% responders","Effect: 6.2e-05"
"BL440","MIMOSA2",0.15,100,0.0207080938697812,0.00286535131591438,20.43,"Prop_0.90",50,6.25e-05,"Low","Beta",2000,"90% responders","Effect: 6.2e-05"
"BL440","MIMOSA2",0.16,100,0.0207818227794387,0.0027723673937393,21.05,"Prop_0.90",50,6.25e-05,"Low","Beta",2000,"90% responders","Effect: 6.2e-05"
"BL440","MIMOSA2",0.17,100,0.0204856003192382,0.00270923522985922,21.69,"Prop_0.90",50,6.25e-05,"Low","Beta",2000,"90% responders","Effect: 6.2e-05"
"BL440","MIMOSA2",0.18,100,0.0219205080887596,0.00293877043118338,22.42,"Prop_0.90",50,6.25e-05,"Low","Beta",2000,"90% responders","Effect: 6.2e-05"
"BL440","MIMOSA2",0.19,100,0.0234993459729388,0.0030604571601108,23.04,"Prop_0.90",50,6.25e-05,"Low","Beta",2000,"90% responders","Effect: 6.2e-05"
"BL440","MIMOSA2",0.2,100,0.0245569872547386,0.00308608304268761,23.66,"Prop_0.90",50,6.25e-05,"Low","Beta",2000,"90% responders","Effect: 6.2e-05"
