"Scenario_ID","Method","Rule","Alpha","n_ok","TPR_mcse","TPR_n","TPR_sd","TPR","TNR_mcse","TNR","FPR_mcse","FPR","FDR_mcse","FDP_sd","FDR","Any_FP_mcse","Any_FP","Calls","AUC_mcse","AUC_n","AUC_sd","AUC","n_planned","Fail_rate","Fail_mcse","Type","Fraction","Depleted","N_depleted","Cell_range","Distribution","Phi","P","Effect","Res_prop","Fail_flag"
"CI001","DiD","BH",0.01,100,0.00785433033749568,100,0.0785433033749568,0.5908,0.000292057218076787,0.999333333333333,0.000292057218076787,0.000666666666666665,0.00138307195439334,0.0138307195439334,0.00314565826330532,0.021904291355759,0.05,14.82,0.00312051086784179,100,0.0312051086784179,0.927322666666667,100,0,0,"Reference",1,"none",0,"1.00_Count_Ref","Beta",5000,100,5e-04,"Prop_0.25",FALSE
"CI001","DiD","BH",0.05,100,0.00763394863207578,100,0.0763394863207578,0.6484,0.000886461331632891,0.995733333333333,0.000886461331632891,0.00426666666666666,0.00355067403851186,0.0355067403851186,0.0177651396591025,0.0422952584681651,0.23,16.53,0.00312051086784179,100,0.0312051086784179,0.927322666666667,100,0,0,"Reference",1,"none",0,"1.00_Count_Ref","Beta",5000,100,5e-04,"Prop_0.25",FALSE
"CI001","DiD","unadjusted",0.01,100,0.0073003113258645,100,0.073003113258645,0.6528,0.000924149136982208,0.994933333333333,0.000924149136982208,0.00506666666666666,0.00371889808146501,0.0371889808146501,0.0211059979322363,0.0451260859854213,0.28,16.7,0.00312051086784179,100,0.0312051086784179,0.927322666666667,100,0,0,"Reference",1,"none",0,"1.00_Count_Ref","Beta",5000,100,5e-04,"Prop_0.25",FALSE
"CI001","DiD","unadjusted",0.05,100,0.00705751265308712,100,0.0705751265308712,0.7364,0.00196471683289108,0.966933333333333,0.00196471683289108,0.0330666666666667,0.00630844666076692,0.0630844666076692,0.115392784497102,0.0256432399976243,0.93,20.89,0.00312051086784179,100,0.0312051086784179,0.927322666666667,100,0,0,"Reference",1,"none",0,"1.00_Count_Ref","Beta",5000,100,5e-04,"Prop_0.25",FALSE
"CI001","MIMOSA2","BFDR",0.01,100,0.00964869803327753,100,0.0964869803327753,0.7256,0.000624382972638397,0.996933333333333,0.000624382972638397,0.00306666666666666,0.00245537867679018,0.0245537867679018,0.0120983685478907,0.0409360180740332,0.21,18.37,0.00305382609347735,100,0.0305382609347735,0.946205333333333,100,0,0,"Reference",1,"none",0,"1.00_Count_Ref","Beta",5000,100,5e-04,"Prop_0.25",FALSE
"CI001","MIMOSA2","BFDR",0.05,100,0.00883848334720318,100,0.0883848334720318,0.8032,0.00122495562117556,0.9816,0.00122495562117556,0.0184,0.00388311864721505,0.0388311864721505,0.0628548750512137,0.0368452949177471,0.84,21.46,0.00305382609347735,100,0.0305382609347735,0.946205333333333,100,0,0,"Reference",1,"none",0,"1.00_Count_Ref","Beta",5000,100,5e-04,"Prop_0.25",FALSE
"CI002","DiD","BH",0.01,100,0.00785103737596427,100,0.0785103737596427,0.6076,0.000318244342101255,0.9992,0.000318244342101255,0.000799999999999999,0.00154353766438177,0.0154353766438177,0.00384972848788638,0.0238683256575942,0.06,15.25,0.00281673243204159,100,0.0281673243204159,0.929573333333333,100,0,0,"Balanced",0.9,"none",1,".90_Count_Bal_1","Beta",5000,100,5e-04,"Prop_0.25",FALSE
"CI002","DiD","BH",0.05,100,0.0072249847086623,100,0.072249847086623,0.6604,0.00076229908026086,0.9944,0.00076229908026086,0.00559999999999999,0.00328904681822843,0.0328904681822843,0.0243665782102315,0.0487831731214563,0.38,16.93,0.00281673243204159,100,0.0281673243204159,0.929573333333333,100,0,0,"Balanced",0.9,"none",1,".90_Count_Bal_1","Beta",5000,100,5e-04,"Prop_0.25",FALSE
"CI002","DiD","unadjusted",0.01,100,0.00678727270021403,100,0.0678727270021403,0.6656,0.000788696804044059,0.994133333333333,0.000788696804044059,0.00586666666666666,0.00339099604706256,0.0339099604706256,0.025265793159369,0.0490207130000197,0.39,17.08,0.00281673243204159,100,0.0281673243204159,0.929573333333333,100,0,0,"Balanced",0.9,"none",1,".90_Count_Bal_1","Beta",5000,100,5e-04,"Prop_0.25",FALSE
"CI002","DiD","unadjusted",0.05,100,0.00733333333333333,100,0.0733333333333333,0.746,0.00182143368008665,0.964666666666667,0.00182143368008665,0.0353333333333333,0.00550420854451389,0.0550420854451389,0.121542785862004,0.01,0.99,21.3,0.00281673243204159,100,0.0281673243204159,0.929573333333333,100,0,0,"Balanced",0.9,"none",1,".90_Count_Bal_1","Beta",5000,100,5e-04,"Prop_0.25",FALSE
"CI002","MIMOSA2","BFDR",0.01,100,0.00812617668247174,100,0.0812617668247174,0.7316,0.000652509616099357,0.9964,0.000652509616099357,0.00359999999999999,0.00257334286339665,0.0257334286339665,0.0141700373929476,0.0435194139889245,0.25,18.56,0.00288196112303802,100,0.0288196112303802,0.945808,100,0,0,"Balanced",0.9,"none",1,".90_Count_Bal_1","Beta",5000,100,5e-04,"Prop_0.25",FALSE
"CI002","MIMOSA2","BFDR",0.05,100,0.00723392680151638,100,0.0723392680151638,0.8156,0.00130639452948436,0.981866666666667,0.00130639452948436,0.0181333333333333,0.00420181420577145,0.0420181420577145,0.0604355176859754,0.0394277244403663,0.81,21.75,0.00288196112303802,100,0.0288196112303802,0.945808,100,0,0,"Balanced",0.9,"none",1,".90_Count_Bal_1","Beta",5000,100,5e-04,"Prop_0.25",FALSE
"CI003","DiD","BH",0.01,100,0.00894056694923411,100,0.0894056694923411,0.5716,0.000187607058848386,0.999733333333333,0.000187607058848386,0.000266666666666666,0.000963636628592574,0.00963636628592574,0.00135746606334842,0.014070529413629,0.02,14.31,0.0028829982647217,100,0.028829982647217,0.915034666666667,100,0,0,"Balanced",0.9,"none",2,".90_Count_Bal_2","Beta",5000,100,5e-04,"Prop_0.25",FALSE
"CI003","DiD","BH",0.05,100,0.00882017888455532,100,0.0882017888455532,0.6368,0.000773407636044992,0.995066666666667,0.000773407636044992,0.00493333333333332,0.00351034832302062,0.0351034832302062,0.0223460217543035,0.0468826172262151,0.32,16.29,0.0028829982647217,100,0.028829982647217,0.915034666666667,100,0,0,"Balanced",0.9,"none",2,".90_Count_Bal_2","Beta",5000,100,5e-04,"Prop_0.25",FALSE
"CI003","DiD","unadjusted",0.01,100,0.00858271695344955,100,0.0858271695344955,0.6444,0.000808040403030251,0.9944,0.000808040403030251,0.00559999999999999,0.0037676501688355,0.037676501688355,0.0254444557850131,0.0482418151324422,0.36,16.53,0.0028829982647217,100,0.028829982647217,0.915034666666667,100,0,0,"Balanced",0.9,"none",2,".90_Count_Bal_2","Beta",5000,100,5e-04,"Prop_0.25",FALSE
"CI003","DiD","unadjusted",0.05,100,0.00724464274376925,100,0.0724464274376925,0.722,0.00222347439468917,0.961733333333333,0.00222347439468917,0.0382666666666667,0.00694427749486146,0.0694427749486146,0.133316161774168,0.021904291355759,0.95,20.92,0.0028829982647217,100,0.028829982647217,0.915034666666667,100,0,0,"Balanced",0.9,"none",2,".90_Count_Bal_2","Beta",5000,100,5e-04,"Prop_0.25",FALSE
"CI003","MIMOSA2","BFDR",0.01,100,0.00860077515886407,100,0.0860077515886407,0.7092,0.000503366890758182,0.997733333333333,0.000503366890758182,0.00226666666666666,0.0021871076886387,0.021871076886387,0.0095989628706347,0.0377525168068637,0.17,17.9,0.00342736505610854,100,0.0342736505610854,0.932058666666667,100,0,0,"Balanced",0.9,"none",2,".90_Count_Bal_2","Beta",5000,100,5e-04,"Prop_0.25",FALSE
"CI003","MIMOSA2","BFDR",0.05,100,0.00845905169363301,100,0.0845905169363301,0.794,0.00114297738665177,0.982,0.00114297738665177,0.018,0.00391640721030254,0.0391640721030254,0.0629247326976429,0.0377525168068637,0.83,21.2,0.00342736505610854,100,0.0342736505610854,0.932058666666667,100,0,0,"Balanced",0.9,"none",2,".90_Count_Bal_2","Beta",5000,100,5e-04,"Prop_0.25",FALSE
"CI005","DiD","BH",0.01,100,0.00886942313043338,100,0.0886942313043338,0.598,0.000390918226082803,0.999066666666667,0.000390918226082803,0.000933333333333332,0.00171203615761323,0.0171203615761323,0.00412622465254044,0.0238683256575942,0.06,15.02,0.00304607668402868,100,0.0304607668402868,0.92148,100,0,0,"Balanced",0.75,"none",1,".75_Count_Bal_1","Beta",5000,100,5e-04,"Prop_0.25",FALSE
"CI005","DiD","BH",0.05,100,0.00866899735560665,100,0.0866899735560665,0.66,0.000894025562245493,0.994266666666667,0.000894025562245493,0.00573333333333332,0.00367399419506101,0.0367399419506101,0.0235465630430801,0.0472581562625261,0.33,16.93,0.00304607668402868,100,0.0304607668402868,0.92148,100,0,0,"Balanced",0.75,"none",1,".75_Count_Bal_1","Beta",5000,100,5e-04,"Prop_0.25",FALSE
"CI005","DiD","unadjusted",0.01,100,0.00823454168534453,100,0.0823454168534453,0.6648,0.000917127218250371,0.993866666666667,0.000917127218250371,0.00613333333333332,0.00377076708190953,0.0377076708190953,0.0252658612886941,0.0479372485441102,0.35,17.08,0.00304607668402868,100,0.0304607668402868,0.92148,100,0,0,"Balanced",0.75,"none",1,".75_Count_Bal_1","Beta",5000,100,5e-04,"Prop_0.25",FALSE
"CI005","DiD","unadjusted",0.05,100,0.00744271048704297,100,0.0744271048704297,0.73,0.00205421468688109,0.9668,0.00205421468688109,0.0332,0.00651665006823678,0.0651665006823678,0.116286637436388,0.0256432399976243,0.93,20.74,0.00304607668402868,100,0.0304607668402868,0.92148,100,0,0,"Balanced",0.75,"none",1,".75_Count_Bal_1","Beta",5000,100,5e-04,"Prop_0.25",FALSE
"CI005","MIMOSA2","BFDR",0.01,100,0.00882604044285941,100,0.0882604044285941,0.704,0.0005865687092997,0.997066666666667,0.0005865687092997,0.00293333333333333,0.00235388717360724,0.0235388717360724,0.0118448795057861,0.0409360180740332,0.21,17.82,0.00355868923523139,100,0.0355868923523139,0.937005333333333,100,0,0,"Balanced",0.75,"none",1,".75_Count_Bal_1","Beta",5000,100,5e-04,"Prop_0.25",FALSE
"CI005","MIMOSA2","BFDR",0.05,100,0.00845293565645221,100,0.0845293565645221,0.7932,0.00134399775532921,0.9828,0.00134399775532921,0.0172,0.00449046011698767,0.0449046011698767,0.0596627653977566,0.0422952584681651,0.77,21.12,0.00355868923523139,100,0.0355868923523139,0.937005333333333,100,0,0,"Balanced",0.75,"none",1,".75_Count_Bal_1","Beta",5000,100,5e-04,"Prop_0.25",FALSE
"CI006","DiD","BH",0.01,100,0.00875793435356843,100,0.0875793435356843,0.5716,0.000370397305417885,0.9992,0.000370397305417885,0.000799999999999999,0.00198557101978363,0.0198557101978363,0.00414163614163614,0.021904291355759,0.05,14.35,0.00333209917624225,100,0.0333209917624225,0.920448,100,0,0,"Balanced",0.75,"none",2,".75_Count_Bal_2","Beta",5000,100,5e-04,"Prop_0.25",FALSE
"CI006","DiD","BH",0.05,100,0.00829749871036355,100,0.0829749871036355,0.632,0.000993717639711978,0.993466666666667,0.000993717639711978,0.00653333333333332,0.00409557427911117,0.0409557427911117,0.0275270468247147,0.0482418151324422,0.36,16.29,0.00333209917624225,100,0.0333209917624225,0.920448,100,0,0,"Balanced",0.75,"none",2,".75_Count_Bal_2","Beta",5000,100,5e-04,"Prop_0.25",FALSE
"CI006","DiD","unadjusted",0.01,100,0.00802017657681128,100,0.0802017657681128,0.64,0.00102055199517698,0.992,0.00102055199517698,0.00799999999999999,0.00432950018266669,0.0432950018266669,0.0343970056431357,0.05,0.45,16.6,0.00333209917624225,100,0.0333209917624225,0.920448,100,0,0,"Balanced",0.75,"none",2,".75_Count_Bal_2","Beta",5000,100,5e-04,"Prop_0.25",FALSE
"CI006","DiD","unadjusted",0.05,100,0.00772413245757879,100,0.0772413245757879,0.7288,0.00219943876118376,0.962533333333333,0.00219943876118376,0.0374666666666667,0.00683201505375864,0.0683201505375864,0.128676018222067,0.0196946385566932,0.96,21.03,0.00333209917624225,100,0.0333209917624225,0.920448,100,0,0,"Balanced",0.75,"none",2,".75_Count_Bal_2","Beta",5000,100,5e-04,"Prop_0.25",FALSE
"CI006","MIMOSA2","BFDR",0.01,100,0.010208651510193,100,0.10208651510193,0.7016,0.000624382972638397,0.996933333333333,0.000624382972638397,0.00306666666666666,0.00247478111519886,0.0247478111519886,0.012224365358098,0.0409360180740332,0.21,17.77,0.00372607636193817,100,0.0372607636193817,0.940472,100,0,0,"Balanced",0.75,"none",2,".75_Count_Bal_2","Beta",5000,100,5e-04,"Prop_0.25",FALSE
"CI006","MIMOSA2","BFDR",0.05,100,0.00905346632651011,100,0.0905346632651011,0.7912,0.0015053365601657,0.9812,0.0015053365601657,0.0188,0.00484972550857927,0.0484972550857927,0.0641829988996162,0.0416333199893227,0.78,21.19,0.00372607636193817,100,0.0372607636193817,0.940472,100,0,0,"Balanced",0.75,"none",2,".75_Count_Bal_2","Beta",5000,100,5e-04,"Prop_0.25",FALSE
"CI008","DiD","BH",0.01,100,0.00985347193079217,100,0.0985347193079217,0.574,0.000383497988352881,0.9988,0.000383497988352881,0.0012,0.00197475920590485,0.0197475920590485,0.00598389355742297,0.0287623491264661,0.09,14.44,0.00330322726524849,100,0.0330322726524849,0.917464,100,0,0,"Balanced",0.5,"none",1,".50_Count_Bal_1","Beta",5000,100,5e-04,"Prop_0.25",FALSE
"CI008","DiD","BH",0.05,100,0.00949394277921188,100,0.0949394277921188,0.6308,0.000916245694581701,0.994,0.000916245694581701,0.00599999999999999,0.00386802470226356,0.0386802470226356,0.0254683145222585,0.0476095228569523,0.34,16.22,0.00330322726524849,100,0.0330322726524849,0.917464,100,0,0,"Balanced",0.5,"none",1,".50_Count_Bal_1","Beta",5000,100,5e-04,"Prop_0.25",FALSE
"CI008","DiD","unadjusted",0.01,100,0.00895330196975485,100,0.0895330196975485,0.64,0.00102616717920899,0.992533333333333,0.00102616717920899,0.00746666666666665,0.00434656793405754,0.0434656793405754,0.0319012834001224,0.049431107042371,0.41,16.56,0.00330322726524849,100,0.0330322726524849,0.917464,100,0,0,"Balanced",0.5,"none",1,".50_Count_Bal_1","Beta",5000,100,5e-04,"Prop_0.25",FALSE
"CI008","DiD","unadjusted",0.05,100,0.00852196212053529,100,0.0852196212053529,0.7232,0.00207854736463373,0.9628,0.00207854736463373,0.0372,0.00641164236397186,0.0641164236397186,0.130053128361222,0.0171446607997765,0.97,20.87,0.00330322726524849,100,0.0330322726524849,0.917464,100,0,0,"Balanced",0.5,"none",1,".50_Count_Bal_1","Beta",5000,100,5e-04,"Prop_0.25",FALSE
"CI008","MIMOSA2","BFDR",0.01,100,0.00945163125250522,100,0.0945163125250522,0.694,0.0005865687092997,0.997066666666667,0.0005865687092997,0.00293333333333333,0.00239702799661457,0.0239702799661457,0.0118346839909466,0.0409360180740332,0.21,17.57,0.00369249525553131,100,0.0369249525553131,0.933466666666667,100,0,0,"Balanced",0.5,"none",1,".50_Count_Bal_1","Beta",5000,100,5e-04,"Prop_0.25",FALSE
"CI008","MIMOSA2","BFDR",0.05,100,0.0086469706261847,100,0.086469706261847,0.7824,0.00136257497039388,0.982533333333333,0.00136257497039388,0.0174666666666666,0.00462013658430152,0.0462013658430152,0.060124073561831,0.0429234695990928,0.76,20.87,0.00369249525553131,100,0.0369249525553131,0.933466666666667,100,0,0,"Balanced",0.5,"none",1,".50_Count_Bal_1","Beta",5000,100,5e-04,"Prop_0.25",FALSE
"CI009","DiD","BH",0.01,100,0.00980216426318312,100,0.0980216426318312,0.5628,0.000363546565792387,0.998933333333333,0.000363546565792387,0.00106666666666666,0.00176636358670429,0.0176636358670429,0.00510410830999066,0.0272659924344291,0.08,14.15,0.00306903283331843,100,0.0306903283331843,0.917442666666667,100,0,0,"Balanced",0.5,"none",2,".50_Count_Bal_2","Beta",5000,100,5e-04,"Prop_0.25",FALSE
"CI009","DiD","BH",0.05,100,0.00901401826337873,100,0.0901401826337873,0.626,0.000993807989999905,0.993333333333333,0.000993807989999905,0.00666666666666666,0.00430851784303205,0.0430851784303205,0.0291679204718645,0.048523658709391,0.37,16.15,0.00306903283331843,100,0.0306903283331843,0.917442666666667,100,0,0,"Balanced",0.5,"none",2,".50_Count_Bal_2","Beta",5000,100,5e-04,"Prop_0.25",FALSE
"CI009","DiD","unadjusted",0.01,100,0.00850373655245359,100,0.0850373655245359,0.6336,0.00105948762577988,0.9924,0.00105948762577988,0.00759999999999999,0.0046424590575966,0.046424590575966,0.0331239195381577,0.049431107042371,0.41,16.41,0.00306903283331843,100,0.0306903283331843,0.917442666666667,100,0,0,"Balanced",0.5,"none",2,".50_Count_Bal_2","Beta",5000,100,5e-04,"Prop_0.25",FALSE
"CI009","DiD","unadjusted",0.05,100,0.0081221980405615,100,0.081221980405615,0.7164,0.00217550902231474,0.965066666666667,0.00217550902231474,0.0349333333333333,0.00678745092944841,0.0678745092944841,0.123362888434987,0.021904291355759,0.95,20.53,0.00306903283331843,100,0.0306903283331843,0.917442666666667,100,0,0,"Balanced",0.5,"none",2,".50_Count_Bal_2","Beta",5000,100,5e-04,"Prop_0.25",FALSE
"CI009","MIMOSA2","BFDR",0.01,100,0.00917299506071154,100,0.0917299506071154,0.7024,0.000577777777777777,0.9972,0.000577777777777777,0.00279999999999999,0.00227910427891705,0.0227910427891705,0.0110523897028474,0.0402015126103685,0.2,17.77,0.00347395055554937,100,0.0347395055554937,0.936192,100,0,0,"Balanced",0.5,"none",2,".50_Count_Bal_2","Beta",5000,100,5e-04,"Prop_0.25",FALSE
"CI009","MIMOSA2","BFDR",0.05,100,0.00832239281830786,100,0.0832239281830786,0.7952,0.00153229360151931,0.980666666666667,0.00153229360151931,0.0193333333333333,0.00483722910343838,0.0483722910343838,0.0654601328896995,0.0416333199893227,0.78,21.33,0.00347395055554937,100,0.0347395055554937,0.936192,100,0,0,"Balanced",0.5,"none",2,".50_Count_Bal_2","Beta",5000,100,5e-04,"Prop_0.25",FALSE
"CI011","DiD","BH",0.01,100,0.00988098878624702,100,0.0988098878624702,0.5668,0.000318244342101255,0.9992,0.000318244342101255,0.000799999999999999,0.00172565748138723,0.0172565748138723,0.00426716747304983,0.0238683256575942,0.06,14.23,0.00367236969156363,100,0.0367236969156363,0.918472,100,0,0,"Balanced",0.25,"none",1,".25_Count_Bal_1","Beta",5000,100,5e-04,"Prop_0.25",FALSE
"CI011","DiD","BH",0.05,100,0.00977318533105515,100,0.0977318533105515,0.628,0.000731402416559785,0.9948,0.000731402416559785,0.00519999999999999,0.00333715313517434,0.0333715313517434,0.0235780464805233,0.0482418151324422,0.36,16.09,0.00367236969156363,100,0.0367236969156363,0.918472,100,0,0,"Balanced",0.25,"none",1,".25_Count_Bal_1","Beta",5000,100,5e-04,"Prop_0.25",FALSE
"CI011","DiD","unadjusted",0.01,100,0.00887889336993904,100,0.0887889336993904,0.6356,0.000815010689649174,0.993466666666667,0.000815010689649174,0.00653333333333332,0.00366307324238355,0.0366307324238355,0.0295419497942718,0.0498887651569859,0.44,16.38,0.00367236969156363,100,0.0367236969156363,0.918472,100,0,0,"Balanced",0.25,"none",1,".25_Count_Bal_1","Beta",5000,100,5e-04,"Prop_0.25",FALSE
"CI011","DiD","unadjusted",0.05,100,0.00840307783920375,100,0.0840307783920375,0.7212,0.00204720937320365,0.964133333333333,0.00204720937320365,0.0358666666666667,0.00636737421485946,0.0636737421485946,0.12645137655988,0.014070529413629,0.98,20.72,0.00367236969156363,100,0.0367236969156363,0.918472,100,0,0,"Balanced",0.25,"none",1,".25_Count_Bal_1","Beta",5000,100,5e-04,"Prop_0.25",FALSE
"CI011","MIMOSA2","BFDR",0.01,100,0.010432195697489,100,0.10432195697489,0.6876,0.000502116731568677,0.998133333333333,0.000502116731568677,0.00186666666666666,0.00202834333302743,0.0202834333302743,0.00752175849830312,0.0337997668989631,0.13,17.33,0.00422037653651766,100,0.0422037653651766,0.937082666666667,100,0,0,"Balanced",0.25,"none",1,".25_Count_Bal_1","Beta",5000,100,5e-04,"Prop_0.25",FALSE
"CI011","MIMOSA2","BFDR",0.05,100,0.00972810154120318,100,0.0972810154120318,0.7848,0.00140155437200559,0.984133333333333,0.00140155437200559,0.0158666666666667,0.00457778341933069,0.0457778341933069,0.0545517580958051,0.0460566186471838,0.7,20.81,0.00422037653651766,100,0.0422037653651766,0.937082666666667,100,0,0,"Balanced",0.25,"none",1,".25_Count_Bal_1","Beta",5000,100,5e-04,"Prop_0.25",FALSE
"CI012","DiD","BH",0.01,100,0.0105872803424914,100,0.105872803424914,0.5352,0.000363546565792387,0.998933333333333,0.000363546565792387,0.00106666666666666,0.00196426609645395,0.0196426609645395,0.00570840678928914,0.0272659924344291,0.08,13.46,0.00342022338057969,100,0.0342022338057969,0.914392,100,0,0,"Balanced",0.25,"none",2,".25_Count_Bal_2","Beta",5000,100,5e-04,"Prop_0.25",FALSE
"CI012","DiD","BH",0.05,100,0.00977971514323542,100,0.0977971514323542,0.6044,0.000759348766999645,0.9956,0.000759348766999645,0.00439999999999999,0.00342036830380552,0.0342036830380552,0.0200497527068734,0.0456048021572069,0.29,15.44,0.00342022338057969,100,0.0342022338057969,0.914392,100,0,0,"Balanced",0.25,"none",2,".25_Count_Bal_2","Beta",5000,100,5e-04,"Prop_0.25",FALSE
"CI012","DiD","unadjusted",0.01,100,0.0090787797871874,100,0.090787797871874,0.616,0.000895330196975484,0.994133333333333,0.000895330196975484,0.00586666666666666,0.00402251078824612,0.0402251078824612,0.0262179198940035,0.0479372485441102,0.35,15.84,0.00342022338057969,100,0.0342022338057969,0.914392,100,0,0,"Balanced",0.25,"none",2,".25_Count_Bal_2","Beta",5000,100,5e-04,"Prop_0.25",FALSE
"CI012","DiD","unadjusted",0.05,100,0.00818720361480665,100,0.0818720361480665,0.698,0.00219637493400592,0.965866666666667,0.00219637493400592,0.0341333333333333,0.0071952084808918,0.071952084808918,0.123143538837286,0.032659863237109,0.88,20.01,0.00342022338057969,100,0.0342022338057969,0.914392,100,0,0,"Balanced",0.25,"none",2,".25_Count_Bal_2","Beta",5000,100,5e-04,"Prop_0.25",FALSE
"CI012","MIMOSA2","BFDR",0.01,100,0.010938653546673,100,0.10938653546673,0.6632,0.000608064028762757,0.9972,0.000608064028762757,0.00279999999999999,0.00282257271699817,0.0282257271699817,0.0124843710211357,0.0394277244403663,0.19,16.79,0.00350513440938203,100,0.0350513440938203,0.935386666666667,100,0,0,"Balanced",0.25,"none",2,".25_Count_Bal_2","Beta",5000,100,5e-04,"Prop_0.25",FALSE
"CI012","MIMOSA2","BFDR",0.05,100,0.00940500618894754,100,0.0940500618894753,0.7652,0.00141430879240333,0.982533333333333,0.00141430879240333,0.0174666666666666,0.00458668505493435,0.0458668505493435,0.0610957902609,0.0416333199893227,0.78,20.44,0.00350513440938203,100,0.0350513440938203,0.935386666666667,100,0,0,"Balanced",0.25,"none",2,".25_Count_Bal_2","Beta",5000,100,5e-04,"Prop_0.25",FALSE
"CI014","DiD","BH",0.01,100,0.00922175732064166,100,0.0922175732064166,0.5764,0.000262595180755909,0.999466666666667,0.000262595180755909,0.000533333333333332,0.00131949459442707,0.0131949459442707,0.0026437908496732,0.0196946385566932,0.04,14.45,0.00313840081947856,100,0.0313840081947856,0.918482666666667,100,0,0,"Balanced",0.1,"none",1,".10_Count_Bal_1","Beta",5000,100,5e-04,"Prop_0.25",FALSE
"CI014","DiD","BH",0.05,100,0.00859325551837256,100,0.0859325551837256,0.6412,0.000918692282901176,0.993333333333333,0.000918692282901176,0.00666666666666665,0.00391143053100559,0.0391143053100559,0.0286257094579042,0.0490207130000197,0.39,16.53,0.00313840081947856,100,0.0313840081947856,0.918482666666667,100,0,0,"Balanced",0.1,"none",1,".10_Count_Bal_1","Beta",5000,100,5e-04,"Prop_0.25",FALSE
"CI014","DiD","unadjusted",0.01,100,0.0081927289764039,100,0.081927289764039,0.6452,0.00107204033627649,0.992,0.00107204033627649,0.00799999999999999,0.00450363589666766,0.0450363589666766,0.0342712032979061,0.0498887651569859,0.44,16.73,0.00313840081947856,100,0.0313840081947856,0.918482666666667,100,0,0,"Balanced",0.1,"none",1,".10_Count_Bal_1","Beta",5000,100,5e-04,"Prop_0.25",FALSE
"CI014","DiD","unadjusted",0.05,100,0.00793753390193985,100,0.0793753390193985,0.7216,0.00213148067702788,0.961333333333333,0.00213148067702788,0.0386666666666667,0.00674037368498483,0.0674037368498483,0.135024932967752,0.021904291355759,0.95,20.94,0.00313840081947856,100,0.0313840081947856,0.918482666666667,100,0,0,"Balanced",0.1,"none",1,".10_Count_Bal_1","Beta",5000,100,5e-04,"Prop_0.25",FALSE
"CI014","MIMOSA2","BFDR",0.01,100,0.010061949526947,100,0.10061949526947,0.6936,0.000572312927987903,0.9968,0.000572312927987903,0.00319999999999999,0.00235453317528907,0.0235453317528907,0.0129607132633448,0.0429234695990928,0.24,17.58,0.00340907840859661,100,0.0340907840859661,0.936117333333333,100,0,0,"Balanced",0.1,"none",1,".10_Count_Bal_1","Beta",5000,100,5e-04,"Prop_0.25",FALSE
"CI014","MIMOSA2","BFDR",0.05,100,0.0092357671007553,100,0.092357671007553,0.7844,0.00130274681749088,0.979066666666667,0.00130274681749088,0.0209333333333333,0.00418987994097846,0.0418987994097846,0.0719078875821237,0.0337997668989631,0.87,21.18,0.00340907840859661,100,0.0340907840859661,0.936117333333333,100,0,0,"Balanced",0.1,"none",1,".10_Count_Bal_1","Beta",5000,100,5e-04,"Prop_0.25",FALSE
"CI015","DiD","BH",0.01,100,0.00939374388848367,100,0.0939374388848367,0.48,0.000318244342101255,0.9992,0.000318244342101255,0.000799999999999999,0.0016564274009198,0.016564274009198,0.00412240537240537,0.0238683256575942,0.06,12.06,0.00319091571389057,100,0.0319091571389057,0.906882666666667,100,0,0,"Balanced",0.1,"none",2,".10_Count_Bal_2","Beta",5000,100,5e-04,"Prop_0.25",FALSE
"CI015","DiD","BH",0.05,100,0.00819795490634491,100,0.0819795490634491,0.5616,0.000898833262940296,0.993466666666667,0.000898833262940296,0.00653333333333332,0.00433922036252248,0.0433922036252248,0.0320159170464898,0.049431107042371,0.41,14.53,0.00319091571389057,100,0.0319091571389057,0.906882666666667,100,0,0,"Balanced",0.1,"none",2,".10_Count_Bal_2","Beta",5000,100,5e-04,"Prop_0.25",FALSE
"CI015","DiD","unadjusted",0.01,100,0.0077257015633834,100,0.077257015633834,0.5748,0.000953603832500828,0.992533333333333,0.000953603832500828,0.00746666666666665,0.0045668370335404,0.045668370335404,0.0363183964298515,0.05,0.45,14.93,0.00319091571389057,100,0.0319091571389057,0.906882666666667,100,0,0,"Balanced",0.1,"none",2,".10_Count_Bal_2","Beta",5000,100,5e-04,"Prop_0.25",FALSE
"CI015","DiD","unadjusted",0.05,100,0.00773824295563302,100,0.0773824295563302,0.6772,0.00210771656913411,0.964133333333333,0.00210771656913411,0.0358666666666667,0.0070461817832345,0.070461817832345,0.131934034547287,0.0272659924344291,0.92,19.62,0.00319091571389057,100,0.0319091571389057,0.906882666666667,100,0,0,"Balanced",0.1,"none",2,".10_Count_Bal_2","Beta",5000,100,5e-04,"Prop_0.25",FALSE
"CI015","MIMOSA2","BFDR",0.01,100,0.0107013828994012,100,0.107013828994012,0.6116,0.00067947295875811,0.996933333333333,0.00067947295875811,0.00306666666666666,0.00284132303963318,0.0284132303963318,0.0131138460782424,0.0394277244403663,0.19,15.52,0.0038919657300067,100,0.038919657300067,0.928461333333333,100,0,0,"Balanced",0.1,"none",2,".10_Count_Bal_2","Beta",5000,100,5e-04,"Prop_0.25",FALSE
"CI015","MIMOSA2","BFDR",0.05,100,0.00973930908299667,100,0.0973930908299667,0.7212,0.00152853883706989,0.982266666666667,0.00152853883706989,0.0177333333333333,0.00515204395072877,0.0515204395072877,0.0645401406571921,0.0446196043338474,0.73,19.36,0.0038919657300067,100,0.038919657300067,0.928461333333333,100,0,0,"Balanced",0.1,"none",2,".10_Count_Bal_2","Beta",5000,100,5e-04,"Prop_0.25",FALSE
"CI017","DiD","BH",0.01,100,0.00884606857835328,100,0.0884606857835328,0.5564,0.000363546565792387,0.998933333333333,0.000363546565792387,0.00106666666666666,0.00181921462722814,0.0181921462722814,0.00530252100840336,0.0272659924344291,0.08,13.99,0.00297912588208762,100,0.0297912588208762,0.920293333333333,100,0,0,"Balanced",0.05,"none",1,".050_Count_Bal_1","Beta",5000,100,5e-04,"Prop_0.25",FALSE
"CI017","DiD","BH",0.05,100,0.00959427438684662,100,0.0959427438684662,0.6248,0.0007465897026231,0.9952,0.0007465897026231,0.00479999999999999,0.00325172771818578,0.0325172771818578,0.0209099629300868,0.0468826172262151,0.32,15.98,0.00297912588208762,100,0.0297912588208762,0.920293333333333,100,0,0,"Balanced",0.05,"none",1,".050_Count_Bal_1","Beta",5000,100,5e-04,"Prop_0.25",FALSE
"CI017","DiD","unadjusted",0.01,100,0.00854733699446615,100,0.0854733699446615,0.6344,0.000836861219281129,0.993333333333333,0.000836861219281129,0.00666666666666665,0.00363245506811149,0.0363245506811149,0.0289021249648185,0.0497569851956243,0.43,16.36,0.00297912588208762,100,0.0297912588208762,0.920293333333333,100,0,0,"Balanced",0.05,"none",1,".050_Count_Bal_1","Beta",5000,100,5e-04,"Prop_0.25",FALSE
"CI017","DiD","unadjusted",0.05,100,0.00807480180824423,100,0.0807480180824423,0.7136,0.00210225681736328,0.9644,0.00210225681736328,0.0356,0.00665476939702813,0.0665476939702813,0.126156713820945,0.0196946385566932,0.96,20.51,0.00297912588208762,100,0.0297912588208762,0.920293333333333,100,0,0,"Balanced",0.05,"none",1,".050_Count_Bal_1","Beta",5000,100,5e-04,"Prop_0.25",FALSE
"CI017","MIMOSA2","BFDR",0.01,100,0.0103225554740651,100,0.103225554740651,0.6948,0.000705406410705821,0.9964,0.000705406410705821,0.00359999999999999,0.00284960945241827,0.0284960945241827,0.0146152743455375,0.0429234695990928,0.24,17.64,0.0033038097248619,100,0.033038097248619,0.94364,100,0,0,"Balanced",0.05,"none",1,".050_Count_Bal_1","Beta",5000,100,5e-04,"Prop_0.25",FALSE
"CI017","MIMOSA2","BFDR",0.05,100,0.00898933149950989,100,0.0898933149950989,0.784,0.00131809473763221,0.982,0.00131809473763221,0.018,0.00425989711825562,0.0425989711825562,0.0617035924792218,0.0409360180740332,0.79,20.95,0.0033038097248619,100,0.033038097248619,0.94364,100,0,0,"Balanced",0.05,"none",1,".050_Count_Bal_1","Beta",5000,100,5e-04,"Prop_0.25",FALSE
"CI018","DiD","BH",0.01,100,0.00979003822693499,100,0.0979003822693499,0.4944,0.000318244342101255,0.9992,0.000318244342101255,0.000799999999999999,0.00191044525264675,0.0191044525264675,0.00476003163503164,0.0238683256575942,0.06,12.42,0.0037020788020773,100,0.037020788020773,0.903608,100,0,0,"Balanced",0.05,"none",2,".050_Count_Bal_2","Beta",5000,100,5e-04,"Prop_0.25",FALSE
"CI018","DiD","BH",0.05,100,0.0100213106261939,100,0.100213106261939,0.5724,0.000806149206542979,0.994533333333333,0.000806149206542979,0.00546666666666666,0.00373752219715387,0.0373752219715387,0.0264997020224507,0.0482418151324422,0.36,14.72,0.0037020788020773,100,0.037020788020773,0.903608,100,0,0,"Balanced",0.05,"none",2,".050_Count_Bal_2","Beta",5000,100,5e-04,"Prop_0.25",FALSE
"CI018","DiD","unadjusted",0.01,100,0.00915068027498226,100,0.0915068027498226,0.5868,0.000956142643233086,0.992933333333333,0.000956142643233086,0.00706666666666666,0.0043954153177743,0.043954153177743,0.0336396519418124,0.0496044963748858,0.42,15.2,0.0037020788020773,100,0.037020788020773,0.903608,100,0,0,"Balanced",0.05,"none",2,".050_Count_Bal_2","Beta",5000,100,5e-04,"Prop_0.25",FALSE
"CI018","DiD","unadjusted",0.05,100,0.00771816694624449,100,0.0771816694624449,0.6716,0.00227331170936722,0.961466666666667,0.00227331170936722,0.0385333333333333,0.00760913137312092,0.0760913137312092,0.141519770154092,0.0272659924344291,0.92,19.68,0.0037020788020773,100,0.037020788020773,0.903608,100,0,0,"Balanced",0.05,"none",2,".050_Count_Bal_2","Beta",5000,100,5e-04,"Prop_0.25",FALSE
"CI018","MIMOSA2","BFDR",0.01,100,0.0109633733656916,100,0.109633733656916,0.6292,0.000491270598903293,0.997866666666667,0.000491270598903293,0.00213333333333333,0.00238961101104962,0.0238961101104962,0.0101586432143708,0.0368452949177471,0.16,15.89,0.00388196940311089,100,0.0388196940311089,0.928274666666667,100,0,0,"Balanced",0.05,"none",2,".050_Count_Bal_2","Beta",5000,100,5e-04,"Prop_0.25",FALSE
"CI018","MIMOSA2","BFDR",0.05,100,0.0104214231564629,100,0.104214231564629,0.736,0.00143397918265793,0.980933333333333,0.00143397918265793,0.0190666666666666,0.00476652803127814,0.0476652803127814,0.0694867324122809,0.0402015126103685,0.8,19.83,0.00388196940311089,100,0.0388196940311089,0.928274666666667,100,0,0,"Balanced",0.05,"none",2,".050_Count_Bal_2","Beta",5000,100,5e-04,"Prop_0.25",FALSE
"CI020","DiD","BH",0.01,100,0.00983549539662185,100,0.0983549539662185,0.5552,0.000228595477330353,0.9996,0.000228595477330353,0.000399999999999999,0.000996657895862261,0.00996657895862261,0.00173955108359133,0.0171446607997765,0.03,13.91,0.00337691838083803,100,0.0337691838083803,0.918122666666667,100,0,0,"Balanced",0.025,"none",1,".025_Count_Bal_1","Beta",5000,100,5e-04,"Prop_0.25",FALSE
"CI020","DiD","BH",0.05,100,0.00960101004787486,100,0.0960101004787486,0.6168,0.000936502555809131,0.993866666666667,0.000936502555809131,0.00613333333333332,0.003981041152091,0.03981041152091,0.0270759403546454,0.0482418151324422,0.36,15.88,0.00337691838083803,100,0.0337691838083803,0.918122666666667,100,0,0,"Balanced",0.025,"none",1,".025_Count_Bal_1","Beta",5000,100,5e-04,"Prop_0.25",FALSE
"CI020","DiD","unadjusted",0.01,100,0.00896737070571622,100,0.0896737070571622,0.6248,0.00097409775803036,0.9928,0.00097409775803036,0.00719999999999999,0.00419367285220223,0.0419367285220223,0.0324065941779463,0.0496044963748858,0.42,16.16,0.00337691838083803,100,0.0337691838083803,0.918122666666667,100,0,0,"Balanced",0.025,"none",1,".025_Count_Bal_1","Beta",5000,100,5e-04,"Prop_0.25",FALSE
"CI020","DiD","unadjusted",0.05,100,0.00830479963453044,100,0.0830479963453044,0.71,0.00221570762271566,0.964133333333333,0.00221570762271566,0.0358666666666667,0.0071839244078833,0.071839244078833,0.127812073990133,0.0238683256575942,0.94,20.44,0.00337691838083803,100,0.0337691838083803,0.918122666666667,100,0,0,"Balanced",0.025,"none",1,".025_Count_Bal_1","Beta",5000,100,5e-04,"Prop_0.25",FALSE
"CI020","MIMOSA2","BFDR",0.01,100,0.0113567672167814,100,0.113567672167814,0.6856,0.000577777777777777,0.9972,0.000577777777777777,0.00279999999999999,0.00250327059416162,0.0250327059416162,0.0120543598128737,0.0402015126103685,0.2,17.35,0.00361829411846545,100,0.0361829411846545,0.939408,100,0,0,"Balanced",0.025,"none",1,".025_Count_Bal_1","Beta",5000,100,5e-04,"Prop_0.25",FALSE
"CI020","MIMOSA2","BFDR",0.05,100,0.010220676211593,100,0.10220676211593,0.7768,0.00140264300782751,0.9816,0.00140264300782751,0.0184,0.00471734486190395,0.0471734486190395,0.0637806677259565,0.0422952584681651,0.77,20.8,0.00361829411846545,100,0.0361829411846545,0.939408,100,0,0,"Balanced",0.025,"none",1,".025_Count_Bal_1","Beta",5000,100,5e-04,"Prop_0.25",FALSE
"CI021","DiD","BH",0.01,100,0.00917537327564796,100,0.0917537327564796,0.4812,0.000228595477330353,0.9996,0.000228595477330353,0.000399999999999999,0.00120942704539494,0.0120942704539494,0.00210851648351648,0.0171446607997765,0.03,12.06,0.00353684649434763,100,0.0353684649434763,0.906981333333333,100,0,0,"Balanced",0.025,"none",2,".025_Count_Bal_2","Beta",5000,100,5e-04,"Prop_0.25",FALSE
"CI021","DiD","BH",0.05,100,0.00859175080051684,100,0.0859175080051684,0.554,0.000973267835995627,0.995333333333333,0.000973267835995627,0.00466666666666666,0.00428884019886975,0.0428884019886975,0.0220328337812858,0.0440844002276808,0.26,14.2,0.00353684649434763,100,0.0353684649434763,0.906981333333333,100,0,0,"Balanced",0.025,"none",2,".025_Count_Bal_2","Beta",5000,100,5e-04,"Prop_0.25",FALSE
"CI021","DiD","unadjusted",0.01,100,0.00810795842977688,100,0.0810795842977688,0.5672,0.000913890807771771,0.994266666666667,0.000913890807771771,0.00573333333333332,0.00423221757265506,0.0423221757265506,0.027958487376057,0.0479372485441102,0.35,14.61,0.00353684649434763,100,0.0353684649434763,0.906981333333333,100,0,0,"Balanced",0.025,"none",2,".025_Count_Bal_2","Beta",5000,100,5e-04,"Prop_0.25",FALSE
"CI021","DiD","unadjusted",0.05,100,0.00801725412073009,100,0.0801725412073009,0.6708,0.00206258965726974,0.967066666666667,0.00206258965726974,0.0329333333333333,0.00687428614426616,0.0687428614426616,0.12392713025808,0.0272659924344291,0.92,19.24,0.00353684649434763,100,0.0353684649434763,0.906981333333333,100,0,0,"Balanced",0.025,"none",2,".025_Count_Bal_2","Beta",5000,100,5e-04,"Prop_0.25",FALSE
"CI021","MIMOSA2","BFDR",0.01,100,0.00964258232733296,100,0.0964258232733296,0.6052,0.000502116731568677,0.998133333333333,0.000502116731568677,0.00186666666666666,0.00242345056646736,0.0242345056646736,0.00909442251934512,0.0337997668989631,0.13,15.27,0.00373382145919075,100,0.0373382145919075,0.929557333333333,100,0,0,"Balanced",0.025,"none",2,".025_Count_Bal_2","Beta",5000,100,5e-04,"Prop_0.25",FALSE
"CI021","MIMOSA2","BFDR",0.05,100,0.00948713110300772,100,0.0948713110300772,0.7212,0.00158211099370699,0.984133333333333,0.00158211099370699,0.0158666666666667,0.0052493283217112,0.052493283217112,0.0580743181165614,0.0468826172262151,0.68,19.22,0.00373382145919075,100,0.0373382145919075,0.929557333333333,100,0,0,"Balanced",0.025,"none",2,".025_Count_Bal_2","Beta",5000,100,5e-04,"Prop_0.25",FALSE
"CI023","DiD","BH",0.01,100,0.00780561828221678,100,0.0780561828221678,0.5804,0.00034190986663499,0.999066666666667,0.00034190986663499,0.000933333333333332,0.00170176219062106,0.0170176219062106,0.00462240537240537,0.0256432399976243,0.07,14.58,0.00309275994918047,100,0.0309275994918047,0.925090666666667,100,0,0,"Imbalanced",0.9,"s1",1,".90_Count_Imb_s1","Beta",5000,100,5e-04,"Prop_0.25",FALSE
"CI023","DiD","BH",0.05,100,0.0091916518997656,100,0.091916518997656,0.6472,0.000861288675078327,0.995066666666667,0.000861288675078327,0.00493333333333333,0.00349318275328584,0.0349318275328584,0.020727298973816,0.0456048021572069,0.29,16.55,0.00309275994918047,100,0.0309275994918047,0.925090666666667,100,0,0,"Imbalanced",0.9,"s1",1,".90_Count_Imb_s1","Beta",5000,100,5e-04,"Prop_0.25",FALSE
"CI023","DiD","unadjusted",0.01,100,0.00829545330012444,100,0.0829545330012444,0.6556,0.000912415917132169,0.9944,0.000912415917132169,0.00559999999999999,0.00375262332222839,0.0375262332222839,0.0236276886168527,0.0468826172262151,0.32,16.81,0.00309275994918047,100,0.0309275994918047,0.925090666666667,100,0,0,"Imbalanced",0.9,"s1",1,".90_Count_Imb_s1","Beta",5000,100,5e-04,"Prop_0.25",FALSE
"CI023","DiD","unadjusted",0.05,100,0.00819519445292253,100,0.0819519445292252,0.7352,0.00225904839773292,0.965466666666667,0.00225904839773292,0.0345333333333333,0.00722225985081113,0.0722225985081113,0.119672785494587,0.032659863237109,0.88,20.97,0.00309275994918047,100,0.0309275994918047,0.925090666666667,100,0,0,"Imbalanced",0.9,"s1",1,".90_Count_Imb_s1","Beta",5000,100,5e-04,"Prop_0.25",FALSE
"CI023","MIMOSA2","BFDR",0.01,100,0.00927697268629278,100,0.0927697268629278,0.7228,0.000619764264948975,0.997466666666667,0.000619764264948975,0.00253333333333333,0.00238243055493327,0.0238243055493327,0.00976707176178841,0.0368452949177471,0.16,18.26,0.00341025850562628,100,0.0341025850562628,0.9412,100,0,0,"Imbalanced",0.9,"s1",1,".90_Count_Imb_s1","Beta",5000,100,5e-04,"Prop_0.25",FALSE
"CI023","MIMOSA2","BFDR",0.05,100,0.0079040713201706,100,0.079040713201706,0.8048,0.0012878435328904,0.981066666666667,0.0012878435328904,0.0189333333333333,0.00404992615108526,0.0404992615108526,0.0638190884418573,0.0377525168068637,0.83,21.54,0.00341025850562628,100,0.0341025850562628,0.9412,100,0,0,"Imbalanced",0.9,"s1",1,".90_Count_Imb_s1","Beta",5000,100,5e-04,"Prop_0.25",FALSE
"CI024","DiD","BH",0.01,100,0.00869124719345721,100,0.0869124719345721,0.6124,0.000402015126103684,0.998666666666667,0.000402015126103684,0.00133333333333333,0.00186381348054488,0.0186381348054488,0.00613564926645422,0.0301511344577764,0.1,15.41,0.00327172102350854,100,0.0327172102350854,0.924368,100,0,0,"Imbalanced",0.9,"u1",1,".90_Count_Imb_u1","Beta",5000,100,5e-04,"Prop_0.25",FALSE
"CI024","DiD","BH",0.05,100,0.00821243206389194,100,0.0821243206389194,0.6652,0.000947558739358268,0.994666666666667,0.000947558739358268,0.00533333333333333,0.00383731642697657,0.0383731642697657,0.0220765499979896,0.0456048021572069,0.29,17.03,0.00327172102350854,100,0.0327172102350854,0.924368,100,0,0,"Imbalanced",0.9,"u1",1,".90_Count_Imb_u1","Beta",5000,100,5e-04,"Prop_0.25",FALSE
"CI024","DiD","unadjusted",0.01,100,0.00775493326205906,100,0.0775493326205905,0.6732,0.000949357393861479,0.994533333333333,0.000949357393861479,0.00546666666666666,0.00382944922221371,0.0382944922221371,0.022566746076421,0.0460566186471838,0.3,17.24,0.00327172102350854,100,0.0327172102350854,0.924368,100,0,0,"Imbalanced",0.9,"u1",1,".90_Count_Imb_u1","Beta",5000,100,5e-04,"Prop_0.25",FALSE
"CI024","DiD","unadjusted",0.05,100,0.00681044948753181,100,0.0681044948753181,0.7396,0.00236457203270858,0.958933333333333,0.00236457203270858,0.0410666666666667,0.00721955671393137,0.0721955671393137,0.138628386355796,0.0196946385566932,0.96,21.57,0.00327172102350854,100,0.0327172102350854,0.924368,100,0,0,"Imbalanced",0.9,"u1",1,".90_Count_Imb_u1","Beta",5000,100,5e-04,"Prop_0.25",FALSE
"CI024","MIMOSA2","BFDR",0.01,100,0.00941402349603178,100,0.0941402349603178,0.7368,0.000686440746071766,0.9968,0.000686440746071766,0.00319999999999999,0.00257379485502865,0.0257379485502865,0.0120184727104905,0.0402015126103685,0.2,18.66,0.0035218937768668,100,0.035218937768668,0.942722666666667,100,0,0,"Imbalanced",0.9,"u1",1,".90_Count_Imb_u1","Beta",5000,100,5e-04,"Prop_0.25",FALSE
"CI024","MIMOSA2","BFDR",0.05,100,0.00852224658577108,100,0.0852224658577108,0.8124,0.00150635019470603,0.981066666666667,0.00150635019470603,0.0189333333333333,0.00470352761095136,0.0470352761095136,0.0626922773532984,0.0416333199893227,0.78,21.73,0.0035218937768668,100,0.035218937768668,0.942722666666667,100,0,0,"Imbalanced",0.9,"u1",1,".90_Count_Imb_u1","Beta",5000,100,5e-04,"Prop_0.25",FALSE
"CI025","DiD","BH",0.01,100,0.0087910882331616,100,0.087910882331616,0.6036,0.000292057218076787,0.999333333333333,0.000292057218076787,0.000666666666666665,0.00131115313133485,0.0131115313133485,0.00298692810457516,0.021904291355759,0.05,15.14,0.00300656883832277,100,0.0300656883832277,0.925304,100,0,0,"Imbalanced",0.9,"s0",1,".90_Count_Imb_s0","Beta",5000,100,5e-04,"Prop_0.25",FALSE
"CI025","DiD","BH",0.05,100,0.0081425680311198,100,0.081425680311198,0.6704,0.000937173437324907,0.993733333333333,0.000937173437324907,0.00626666666666665,0.00382759550122653,0.0382759550122653,0.025580243372039,0.0479372485441102,0.35,17.23,0.00300656883832277,100,0.0300656883832277,0.925304,100,0,0,"Imbalanced",0.9,"s0",1,".90_Count_Imb_s0","Beta",5000,100,5e-04,"Prop_0.25",FALSE
"CI025","DiD","unadjusted",0.01,100,0.00763363106472426,100,0.0763363106472426,0.6752,0.000975203222079713,0.993066666666667,0.000975203222079713,0.00693333333333332,0.00396900276278172,0.0396900276278172,0.0283735709594843,0.0490207130000197,0.39,17.4,0.00300656883832277,100,0.0300656883832277,0.925304,100,0,0,"Imbalanced",0.9,"s0",1,".90_Count_Imb_s0","Beta",5000,100,5e-04,"Prop_0.25",FALSE
"CI025","DiD","unadjusted",0.05,100,0.00731126155013931,100,0.0731126155013931,0.746,0.00236988210459392,0.9576,0.00236988210459392,0.0424,0.00714956960414695,0.0714956960414695,0.140682837356528,0.0238683256575942,0.94,21.83,0.00300656883832277,100,0.0300656883832277,0.925304,100,0,0,"Imbalanced",0.9,"s0",1,".90_Count_Imb_s0","Beta",5000,100,5e-04,"Prop_0.25",FALSE
"CI025","MIMOSA2","BFDR",0.01,100,0.00940784113107119,100,0.0940784113107118,0.7224,0.000537859581389909,0.997733333333333,0.000537859581389909,0.00226666666666666,0.00212323029316613,0.0212323029316613,0.00894426462770116,0.0368452949177471,0.16,18.23,0.00331657301798316,100,0.0331657301798316,0.943824,100,0,0,"Imbalanced",0.9,"s0",1,".90_Count_Imb_s0","Beta",5000,100,5e-04,"Prop_0.25",FALSE
"CI025","MIMOSA2","BFDR",0.05,100,0.00878603115373167,100,0.0878603115373167,0.8024,0.00135894591751622,0.980533333333333,0.00135894591751622,0.0194666666666666,0.0045179211827641,0.045179211827641,0.0664675002634553,0.0358870281282637,0.85,21.52,0.00331657301798316,100,0.0331657301798316,0.943824,100,0,0,"Imbalanced",0.9,"s0",1,".90_Count_Imb_s0","Beta",5000,100,5e-04,"Prop_0.25",FALSE
"CI026","DiD","BH",0.01,100,0.0073909581669945,100,0.0739095816699449,0.592,0.000363546565792387,0.998933333333333,0.000363546565792387,0.00106666666666666,0.00164022954206705,0.0164022954206705,0.00478758169934641,0.0272659924344291,0.08,14.88,0.00307797926336079,100,0.0307797926336079,0.923621333333333,100,0,0,"Imbalanced",0.9,"u0",1,".90_Count_Imb_u0","Beta",5000,100,5e-04,"Prop_0.25",FALSE
"CI026","DiD","BH",0.05,100,0.00855867449380505,100,0.0855867449380505,0.6504,0.000855430923625863,0.994,0.000855430923625863,0.00599999999999999,0.00346789675368613,0.0346789675368613,0.0249369513206167,0.0487831731214563,0.38,16.71,0.00307797926336079,100,0.0307797926336079,0.923621333333333,100,0,0,"Imbalanced",0.9,"u0",1,".90_Count_Imb_u0","Beta",5000,100,5e-04,"Prop_0.25",FALSE
"CI026","DiD","unadjusted",0.01,100,0.00793702486051062,100,0.0793702486051062,0.6556,0.000898933149950988,0.993333333333333,0.000898933149950988,0.00666666666666665,0.00373682433969926,0.0373682433969926,0.0282675006022529,0.049431107042371,0.41,16.89,0.00307797926336079,100,0.0307797926336079,0.923621333333333,100,0,0,"Imbalanced",0.9,"u0",1,".90_Count_Imb_u0","Beta",5000,100,5e-04,"Prop_0.25",FALSE
"CI026","DiD","unadjusted",0.05,100,0.00748180284004956,100,0.0748180284004956,0.7368,0.00212096583466811,0.965733333333333,0.00212096583466811,0.0342666666666667,0.00661076928078318,0.0661076928078318,0.118561631323588,0.0287623491264661,0.91,20.99,0.00307797926336079,100,0.0307797926336079,0.923621333333333,100,0,0,"Imbalanced",0.9,"u0",1,".90_Count_Imb_u0","Beta",5000,100,5e-04,"Prop_0.25",FALSE
"CI026","MIMOSA2","BFDR",0.01,100,0.00862226387577151,100,0.0862226387577151,0.72,0.00055881869953054,0.997466666666667,0.00055881869953054,0.00253333333333333,0.00216797394691633,0.0216797394691633,0.00988890173294198,0.0386122919665369,0.18,18.19,0.00370373423718054,100,0.0370373423718054,0.939272,100,0,0,"Imbalanced",0.9,"u0",1,".90_Count_Imb_u0","Beta",5000,100,5e-04,"Prop_0.25",FALSE
"CI026","MIMOSA2","BFDR",0.05,100,0.00820504895066619,100,0.0820504895066619,0.7952,0.00135835114941529,0.982,0.00135835114941529,0.018,0.00449809892934192,0.0449809892934192,0.0616854658520562,0.0422952584681651,0.77,21.23,0.00370373423718054,100,0.0370373423718054,0.939272,100,0,0,"Imbalanced",0.9,"u0",1,".90_Count_Imb_u0","Beta",5000,100,5e-04,"Prop_0.25",FALSE
"CI029","DiD","BH",0.01,100,0.00833015697040069,100,0.0833015697040069,0.5968,0.000390918226082803,0.999066666666667,0.000390918226082803,0.000933333333333332,0.00177453644213125,0.0177453644213125,0.00425530738611234,0.0238683256575942,0.06,14.99,0.0032211222532133,100,0.032211222532133,0.927237333333333,100,0,0,"Imbalanced",0.9,"s1_u1",2,".90_Count_Imb_s1_u1","Beta",5000,100,5e-04,"Prop_0.25",FALSE
"CI029","DiD","BH",0.05,100,0.00831267743032328,100,0.0831267743032328,0.6552,0.000890806013414453,0.994533333333333,0.000890806013414453,0.00546666666666666,0.00368844014801912,0.0368844014801912,0.0230115610653536,0.0464823198711732,0.31,16.79,0.0032211222532133,100,0.032211222532133,0.927237333333333,100,0,0,"Imbalanced",0.9,"s1_u1",2,".90_Count_Imb_s1_u1","Beta",5000,100,5e-04,"Prop_0.25",FALSE
"CI029","DiD","unadjusted",0.01,100,0.00782381755999724,100,0.0782381755999724,0.662,0.000955485080793208,0.993866666666667,0.000955485080793208,0.00613333333333332,0.0039164918953989,0.039164918953989,0.0255826480021526,0.0476095228569523,0.34,17.01,0.0032211222532133,100,0.032211222532133,0.927237333333333,100,0,0,"Imbalanced",0.9,"s1_u1",2,".90_Count_Imb_s1_u1","Beta",5000,100,5e-04,"Prop_0.25",FALSE
"CI029","DiD","unadjusted",0.05,100,0.00822423125878521,100,0.0822423125878521,0.7428,0.00195922520703893,0.964266666666667,0.00195922520703893,0.0357333333333333,0.00609768431290844,0.0609768431290844,0.123420770425364,0.0171446607997765,0.97,21.25,0.0032211222532133,100,0.032211222532133,0.927237333333333,100,0,0,"Imbalanced",0.9,"s1_u1",2,".90_Count_Imb_s1_u1","Beta",5000,100,5e-04,"Prop_0.25",FALSE
"CI029","MIMOSA2","BFDR",0.01,100,0.00929655089728758,100,0.0929655089728758,0.7272,0.000608064028762757,0.9972,0.000608064028762757,0.00279999999999999,0.00231476321623337,0.0231476321623337,0.0107273214812588,0.0394277244403663,0.19,18.39,0.00376506925753421,100,0.0376506925753421,0.941138666666667,100,0,0,"Imbalanced",0.9,"s1_u1",2,".90_Count_Imb_s1_u1","Beta",5000,100,5e-04,"Prop_0.25",FALSE
"CI029","MIMOSA2","BFDR",0.05,100,0.00912662881546924,100,0.0912662881546924,0.8124,0.00129756743833012,0.9824,0.00129756743833012,0.0176,0.00424128765531249,0.0424128765531249,0.0597307510559765,0.0416333199893227,0.78,21.63,0.00376506925753421,100,0.0376506925753421,0.941138666666667,100,0,0,"Imbalanced",0.9,"s1_u1",2,".90_Count_Imb_s1_u1","Beta",5000,100,5e-04,"Prop_0.25",FALSE
"CI030","DiD","BH",0.01,100,0.0088570236923511,100,0.088570236923511,0.5924,0.000318244342101255,0.9992,0.000318244342101255,0.000799999999999999,0.001513711463661,0.01513711463661,0.00378559757236228,0.0238683256575942,0.06,14.87,0.00324848936730175,100,0.0324848936730175,0.922421333333333,100,0,0,"Imbalanced",0.9,"s0_u0",2,".90_Count_Imb_s0_u0","Beta",5000,100,5e-04,"Prop_0.25",FALSE
"CI030","DiD","BH",0.05,100,0.00966509914145434,100,0.0966509914145434,0.648,0.000955485080793208,0.9928,0.000955485080793208,0.00719999999999999,0.0038955271826203,0.038955271826203,0.0301281288501809,0.0496044963748858,0.42,16.74,0.00324848936730175,100,0.0324848936730175,0.922421333333333,100,0,0,"Imbalanced",0.9,"s0_u0",2,".90_Count_Imb_s0_u0","Beta",5000,100,5e-04,"Prop_0.25",FALSE
"CI030","DiD","unadjusted",0.01,100,0.00882411754823396,100,0.0882411754823396,0.6556,0.000952379028377084,0.9924,0.000952379028377084,0.00759999999999999,0.00386058105354604,0.0386058105354604,0.0316632264924767,0.05,0.45,16.96,0.00324848936730175,100,0.0324848936730175,0.922421333333333,100,0,0,"Imbalanced",0.9,"s0_u0",2,".90_Count_Imb_s0_u0","Beta",5000,100,5e-04,"Prop_0.25",FALSE
"CI030","DiD","unadjusted",0.05,100,0.00833355151229539,100,0.0833355151229539,0.7308,0.00228501191709791,0.9624,0.00228501191709791,0.0376,0.00696554583372411,0.0696554583372411,0.128828937122812,0.0287623491264661,0.91,21.09,0.00324848936730175,100,0.0324848936730175,0.922421333333333,100,0,0,"Imbalanced",0.9,"s0_u0",2,".90_Count_Imb_s0_u0","Beta",5000,100,5e-04,"Prop_0.25",FALSE
"CI030","MIMOSA2","BFDR",0.01,100,0.00928681045810931,100,0.0928681045810931,0.7224,0.000673233649320114,0.996533333333333,0.000673233649320114,0.00346666666666666,0.00245964477789284,0.0245964477789284,0.0128891713123777,0.0422952584681651,0.23,18.32,0.0036685891109656,100,0.036685891109656,0.935472,100,0,0,"Imbalanced",0.9,"s0_u0",2,".90_Count_Imb_s0_u0","Beta",5000,100,5e-04,"Prop_0.25",FALSE
"CI030","MIMOSA2","BFDR",0.05,100,0.00865033426107239,100,0.0865033426107239,0.804,0.00164580887975696,0.980533333333333,0.00164580887975696,0.0194666666666667,0.00496656543331837,0.0496656543331837,0.0638027376934498,0.0416333199893227,0.78,21.56,0.0036685891109656,100,0.036685891109656,0.935472,100,0,0,"Imbalanced",0.9,"s0_u0",2,".90_Count_Imb_s0_u0","Beta",5000,100,5e-04,"Prop_0.25",FALSE
"CI037","DiD","BH",0.01,100,0.00975323826047824,100,0.0975323826047824,0.5884,0.000228595477330353,0.9996,0.000228595477330353,0.000399999999999999,0.00114108756409979,0.0114108756409979,0.00198246606334842,0.0171446607997765,0.03,14.74,0.00310963630267345,100,0.0310963630267345,0.92316,100,0,0,"Imbalanced",0.75,"s1",1,".75_Count_Imb_s1","Beta",5000,100,5e-04,"Prop_0.25",FALSE
"CI037","DiD","BH",0.05,100,0.00912352935430077,100,0.0912352935430077,0.6544,0.000786416669743958,0.995466666666667,0.000786416669743958,0.00453333333333333,0.00316624284953425,0.0316624284953425,0.0186689424117409,0.0456048021572069,0.29,16.7,0.00310963630267345,100,0.0310963630267345,0.92316,100,0,0,"Imbalanced",0.75,"s1",1,".75_Count_Imb_s1","Beta",5000,100,5e-04,"Prop_0.25",FALSE
"CI037","DiD","unadjusted",0.01,100,0.00870583224921748,100,0.0870583224921748,0.6592,0.000832989828192429,0.994133333333333,0.000832989828192429,0.00586666666666666,0.00336977720380683,0.0336977720380683,0.0243405871155064,0.0487831731214563,0.38,16.92,0.00310963630267345,100,0.0310963630267345,0.92316,100,0,0,"Imbalanced",0.75,"s1",1,".75_Count_Imb_s1","Beta",5000,100,5e-04,"Prop_0.25",FALSE
"CI037","DiD","unadjusted",0.05,100,0.00825169710123348,100,0.0825169710123348,0.7348,0.00204510309987378,0.967066666666667,0.00204510309987378,0.0329333333333333,0.00667668085479118,0.0667668085479118,0.115110133232108,0.0256432399976243,0.93,20.84,0.00310963630267345,100,0.0310963630267345,0.92316,100,0,0,"Imbalanced",0.75,"s1",1,".75_Count_Imb_s1","Beta",5000,100,5e-04,"Prop_0.25",FALSE
"CI037","MIMOSA2","BFDR",0.01,100,0.0103947150518954,100,0.103947150518954,0.7248,0.000699398490960802,0.996533333333333,0.000699398490960802,0.00346666666666666,0.00271484919809405,0.0271484919809405,0.0136816742750078,0.0416333199893227,0.22,18.38,0.00366156801060643,100,0.0366156801060643,0.940938666666667,100,0,0,"Imbalanced",0.75,"s1",1,".75_Count_Imb_s1","Beta",5000,100,5e-04,"Prop_0.25",FALSE
"CI037","MIMOSA2","BFDR",0.05,100,0.0090613174951259,100,0.090613174951259,0.8056,0.00158981042711509,0.980666666666667,0.00158981042711509,0.0193333333333333,0.0049421908074305,0.049421908074305,0.0639129450152805,0.0416333199893227,0.78,21.59,0.00366156801060643,100,0.0366156801060643,0.940938666666667,100,0,0,"Imbalanced",0.75,"s1",1,".75_Count_Imb_s1","Beta",5000,100,5e-04,"Prop_0.25",FALSE
"CI038","DiD","BH",0.01,100,0.00915888926263728,100,0.0915888926263728,0.5856,0.000444444444444444,0.998666666666667,0.000444444444444444,0.00133333333333333,0.00201307205286265,0.0201307205286265,0.00623679506767742,0.0287623491264661,0.09,14.74,0.00302531387914379,100,0.0302531387914379,0.923338666666667,100,0,0,"Imbalanced",0.75,"u1",1,".75_Count_Imb_u1","Beta",5000,100,5e-04,"Prop_0.25",FALSE
"CI038","DiD","BH",0.05,100,0.00827516669550432,100,0.0827516669550432,0.6508,0.00101162712995259,0.993466666666667,0.00101162712995259,0.00653333333333332,0.00409648842969152,0.0409648842969152,0.0273919284619749,0.0482418151324422,0.36,16.76,0.00302531387914379,100,0.0302531387914379,0.923338666666667,100,0,0,"Imbalanced",0.75,"u1",1,".75_Count_Imb_u1","Beta",5000,100,5e-04,"Prop_0.25",FALSE
"CI038","DiD","unadjusted",0.01,100,0.00773667639339798,100,0.0773667639339798,0.6568,0.00102712919748575,0.992666666666667,0.00102712919748575,0.00733333333333332,0.00431194855969669,0.0431194855969669,0.0310072298272763,0.049431107042371,0.41,16.97,0.00302531387914379,100,0.0302531387914379,0.923338666666667,100,0,0,"Imbalanced",0.75,"u1",1,".75_Count_Imb_u1","Beta",5000,100,5e-04,"Prop_0.25",FALSE
"CI038","DiD","unadjusted",0.05,100,0.00714762092227091,100,0.0714762092227091,0.7332,0.00227350918087231,0.960533333333333,0.00227350918087231,0.0394666666666667,0.00703923989106917,0.0703923989106917,0.134770590681211,0.0272659924344291,0.92,21.29,0.00302531387914379,100,0.0302531387914379,0.923338666666667,100,0,0,"Imbalanced",0.75,"u1",1,".75_Count_Imb_u1","Beta",5000,100,5e-04,"Prop_0.25",FALSE
"CI038","MIMOSA2","BFDR",0.01,100,0.00940887180733528,100,0.0940887180733528,0.7072,0.000617587355290035,0.996533333333333,0.000617587355290035,0.00346666666666666,0.00248655794734109,0.0248655794734109,0.0139808493879701,0.0435194139889245,0.25,17.94,0.0034728552997008,100,0.034728552997008,0.941341333333333,100,0,0,"Imbalanced",0.75,"u1",1,".75_Count_Imb_u1","Beta",5000,100,5e-04,"Prop_0.25",FALSE
"CI038","MIMOSA2","BFDR",0.05,100,0.0095143485474744,100,0.095143485474744,0.7932,0.00141817606260883,0.981333333333333,0.00141817606260883,0.0186666666666667,0.00468437516013617,0.0468437516013617,0.0640961692534145,0.0422952584681651,0.77,21.23,0.0034728552997008,100,0.034728552997008,0.941341333333333,100,0,0,"Imbalanced",0.75,"u1",1,".75_Count_Imb_u1","Beta",5000,100,5e-04,"Prop_0.25",FALSE
"CI039","DiD","BH",0.01,100,0.00952114075161801,100,0.0952114075161801,0.5812,0.000363546565792387,0.998933333333333,0.000363546565792387,0.00106666666666666,0.0018081928380205,0.018081928380205,0.00527068661472686,0.0272659924344291,0.08,14.61,0.0025906429225125,100,0.025906429225125,0.92136,100,0,0,"Imbalanced",0.75,"s0",1,".75_Count_Imb_s0","Beta",5000,100,5e-04,"Prop_0.25",FALSE
"CI039","DiD","BH",0.05,100,0.00906764700582363,100,0.0906764700582363,0.642,0.00101162712995259,0.9932,0.00101162712995259,0.00679999999999999,0.0042278473726376,0.042278473726376,0.028916353310619,0.0487831731214563,0.38,16.56,0.0025906429225125,100,0.025906429225125,0.92136,100,0,0,"Imbalanced",0.75,"s0",1,".75_Count_Imb_s0","Beta",5000,100,5e-04,"Prop_0.25",FALSE
"CI039","DiD","unadjusted",0.01,100,0.00857895004288892,100,0.0857895004288892,0.6476,0.00108866210790363,0.992,0.00108866210790363,0.00799999999999999,0.00460983397373243,0.0460983397373243,0.0343049712286487,0.0498887651569859,0.44,16.79,0.0025906429225125,100,0.025906429225125,0.92136,100,0,0,"Imbalanced",0.75,"s0",1,".75_Count_Imb_s0","Beta",5000,100,5e-04,"Prop_0.25",FALSE
"CI039","DiD","unadjusted",0.05,100,0.00686210498669941,100,0.068621049866994,0.7168,0.00227331170936722,0.961466666666667,0.00227331170936722,0.0385333333333333,0.00676620173652799,0.0676620173652799,0.133887145375451,0.0171446607997765,0.97,20.81,0.0025906429225125,100,0.025906429225125,0.92136,100,0,0,"Imbalanced",0.75,"s0",1,".75_Count_Imb_s0","Beta",5000,100,5e-04,"Prop_0.25",FALSE
"CI039","MIMOSA2","BFDR",0.01,100,0.00975696591356062,100,0.0975696591356062,0.7056,0.000705406410705821,0.9964,0.000705406410705821,0.00359999999999999,0.0026122506482036,0.026122506482036,0.0135146445233772,0.0422952584681651,0.23,17.91,0.00320887098123099,100,0.0320887098123099,0.939973333333333,100,0,0,"Imbalanced",0.75,"s0",1,".75_Count_Imb_s0","Beta",5000,100,5e-04,"Prop_0.25",FALSE
"CI039","MIMOSA2","BFDR",0.05,100,0.00862779159917461,100,0.086277915991746,0.7884,0.00139126665151685,0.981466666666667,0.00139126665151685,0.0185333333333333,0.00436394599797128,0.0436394599797128,0.0629435577875408,0.0394277244403663,0.81,21.1,0.00320887098123099,100,0.0320887098123099,0.939973333333333,100,0,0,"Imbalanced",0.75,"s0",1,".75_Count_Imb_s0","Beta",5000,100,5e-04,"Prop_0.25",FALSE
"CI040","DiD","BH",0.01,100,0.00867263197965563,100,0.0867263197965563,0.5924,0.000292057218076787,0.999333333333333,0.000292057218076787,0.000666666666666665,0.00153056586385528,0.0153056586385528,0.00346918767507003,0.021904291355759,0.05,14.86,0.00300913476458356,100,0.0300913476458356,0.928093333333333,100,0,0,"Imbalanced",0.75,"u0",1,".75_Count_Imb_u0","Beta",5000,100,5e-04,"Prop_0.25",FALSE
"CI040","DiD","BH",0.05,100,0.00843992436176553,100,0.0843992436176553,0.658,0.0007465897026231,0.9952,0.0007465897026231,0.00479999999999999,0.00311002451415811,0.0311002451415811,0.0200817899271426,0.0468826172262151,0.32,16.81,0.00300913476458356,100,0.0300913476458356,0.928093333333333,100,0,0,"Imbalanced",0.75,"u0",1,".75_Count_Imb_u0","Beta",5000,100,5e-04,"Prop_0.25",FALSE
"CI040","DiD","unadjusted",0.01,100,0.00822747307083488,100,0.0822747307083488,0.6616,0.00078137695377025,0.994666666666667,0.00078137695377025,0.00533333333333332,0.00340164732327027,0.0340164732327027,0.0230488513894087,0.0479372485441102,0.35,16.94,0.00300913476458356,100,0.0300913476458356,0.928093333333333,100,0,0,"Imbalanced",0.75,"u0",1,".75_Count_Imb_u0","Beta",5000,100,5e-04,"Prop_0.25",FALSE
"CI040","DiD","unadjusted",0.05,100,0.00741922155518006,100,0.0741922155518006,0.7484,0.00211184463598875,0.967733333333333,0.00211184463598875,0.0322666666666667,0.00639810773800565,0.0639810773800565,0.109605872394582,0.0287623491264661,0.91,21.13,0.00300913476458356,100,0.0300913476458356,0.928093333333333,100,0,0,"Imbalanced",0.75,"u0",1,".75_Count_Imb_u0","Beta",5000,100,5e-04,"Prop_0.25",FALSE
"CI040","MIMOSA2","BFDR",0.01,100,0.0101870188738096,100,0.101870188738096,0.7268,0.000548602959918987,0.9976,0.000548602959918987,0.0024,0.00203301857809743,0.0203301857809743,0.00895821487183043,0.0377525168068637,0.17,18.35,0.00348209233125243,100,0.0348209233125243,0.944866666666667,100,0,0,"Imbalanced",0.75,"u0",1,".75_Count_Imb_u0","Beta",5000,100,5e-04,"Prop_0.25",FALSE
"CI040","MIMOSA2","BFDR",0.05,100,0.00912096043144137,100,0.0912096043144137,0.806,0.0016068875324949,0.978533333333333,0.0016068875324949,0.0214666666666666,0.00490557702710434,0.0490557702710434,0.0708192572258261,0.0377525168068637,0.83,21.76,0.00348209233125243,100,0.0348209233125243,0.944866666666667,100,0,0,"Imbalanced",0.75,"u0",1,".75_Count_Imb_u0","Beta",5000,100,5e-04,"Prop_0.25",FALSE
"CI043","DiD","BH",0.01,100,0.00927766950883418,100,0.0927766950883418,0.5716,0.000390918226082803,0.999066666666667,0.000390918226082803,0.000933333333333332,0.00214213153075518,0.0214213153075518,0.00511284548784549,0.0238683256575942,0.06,14.36,0.00373259733004818,100,0.0373259733004818,0.92008,100,0,0,"Imbalanced",0.75,"s1_u1",2,".75_Count_Imb_s1_u1","Beta",5000,100,5e-04,"Prop_0.25",FALSE
"CI043","DiD","BH",0.05,100,0.0100049280786313,100,0.100049280786313,0.6368,0.000778960140258942,0.9948,0.000778960140258942,0.00519999999999999,0.00345775125516579,0.0345775125516579,0.0230849550346454,0.0476095228569523,0.34,16.31,0.00373259733004818,100,0.0373259733004818,0.92008,100,0,0,"Imbalanced",0.75,"s1_u1",2,".75_Count_Imb_s1_u1","Beta",5000,100,5e-04,"Prop_0.25",FALSE
"CI043","DiD","unadjusted",0.01,100,0.00932501794078486,100,0.0932501794078486,0.6456,0.000811145702873831,0.994133333333333,0.000811145702873831,0.00586666666666666,0.00366293335904923,0.0366293335904923,0.0260894468448648,0.0487831731214563,0.38,16.58,0.00373259733004818,100,0.0373259733004818,0.92008,100,0,0,"Imbalanced",0.75,"s1_u1",2,".75_Count_Imb_s1_u1","Beta",5000,100,5e-04,"Prop_0.25",FALSE
"CI043","DiD","unadjusted",0.05,100,0.00833093298763377,100,0.0833093298763377,0.7264,0.00235097706363967,0.961466666666667,0.00235097706363967,0.0385333333333333,0.00743636652864054,0.0743636652864054,0.133796178664169,0.0196946385566932,0.96,21.05,0.00373259733004818,100,0.0373259733004818,0.92008,100,0,0,"Imbalanced",0.75,"s1_u1",2,".75_Count_Imb_s1_u1","Beta",5000,100,5e-04,"Prop_0.25",FALSE
"CI043","MIMOSA2","BFDR",0.01,100,0.010789894261846,100,0.10789894261846,0.7032,0.000624382972638397,0.9964,0.000624382972638397,0.00359999999999999,0.00267570544924985,0.0267570544924985,0.0152142101964083,0.0440844002276808,0.26,17.85,0.00405913637406466,100,0.0405913637406466,0.93632,100,0,0,"Imbalanced",0.75,"s1_u1",2,".75_Count_Imb_s1_u1","Beta",5000,100,5e-04,"Prop_0.25",FALSE
"CI043","MIMOSA2","BFDR",0.05,100,0.0100695761398563,100,0.100695761398563,0.7924,0.00144725445397327,0.9808,0.00144725445397327,0.0192,0.0048412176028026,0.048412176028026,0.066212569312502,0.0377525168068637,0.83,21.25,0.00405913637406466,100,0.0405913637406466,0.93632,100,0,0,"Imbalanced",0.75,"s1_u1",2,".75_Count_Imb_s1_u1","Beta",5000,100,5e-04,"Prop_0.25",FALSE
"CI044","DiD","BH",0.01,100,0.00832316955943777,100,0.0832316955943777,0.5824,0.00034190986663499,0.999066666666667,0.00034190986663499,0.000933333333333332,0.00170773207891107,0.0170773207891107,0.00463325971414207,0.0256432399976243,0.07,14.63,0.00299062761637802,100,0.0299062761637802,0.926621333333333,100,0,0,"Imbalanced",0.75,"s0_u0",2,".75_Count_Imb_s0_u0","Beta",5000,100,5e-04,"Prop_0.25",FALSE
"CI044","DiD","BH",0.05,100,0.00760765165056627,100,0.0760765165056627,0.6468,0.000755555555555554,0.9948,0.000755555555555554,0.00519999999999999,0.00328582341461826,0.0328582341461826,0.022570265218098,0.0479372485441102,0.35,16.56,0.00299062761637802,100,0.0299062761637802,0.926621333333333,100,0,0,"Imbalanced",0.75,"s0_u0",2,".75_Count_Imb_s0_u0","Beta",5000,100,5e-04,"Prop_0.25",FALSE
"CI044","DiD","unadjusted",0.01,100,0.00703652806949047,100,0.0703652806949047,0.6568,0.000760294112858396,0.994533333333333,0.000760294112858396,0.00546666666666666,0.00326976592209711,0.0326976592209711,0.0235295261154394,0.048523658709391,0.37,16.83,0.00299062761637802,100,0.0299062761637802,0.926621333333333,100,0,0,"Imbalanced",0.75,"s0_u0",2,".75_Count_Imb_s0_u0","Beta",5000,100,5e-04,"Prop_0.25",FALSE
"CI044","DiD","unadjusted",0.05,100,0.00681898715782526,100,0.0681898715782526,0.7292,0.00184999772499633,0.969466666666667,0.00184999772499633,0.0305333333333333,0.00581761625482755,0.0581761625482755,0.10814231847033,0.0196946385566932,0.96,20.52,0.00299062761637802,100,0.0299062761637802,0.926621333333333,100,0,0,"Imbalanced",0.75,"s0_u0",2,".75_Count_Imb_s0_u0","Beta",5000,100,5e-04,"Prop_0.25",FALSE
"CI044","MIMOSA2","BFDR",0.01,100,0.00831879944718132,100,0.0831879944718132,0.7164,0.000577777777777777,0.9972,0.000577777777777777,0.00279999999999999,0.00234876548317335,0.0234876548317335,0.0113637156617033,0.0402015126103685,0.2,18.12,0.00321025186085158,100,0.0321025186085158,0.945696,100,0,0,"Imbalanced",0.75,"s0_u0",2,".75_Count_Imb_s0_u0","Beta",5000,100,5e-04,"Prop_0.25",FALSE
"CI044","MIMOSA2","BFDR",0.05,100,0.00784455031834009,100,0.0784455031834009,0.8072,0.00123364724369875,0.983333333333333,0.00123364724369875,0.0166666666666666,0.00402603629734653,0.0402603629734653,0.0570514199632049,0.0394277244403663,0.81,21.43,0.00321025186085158,100,0.0321025186085158,0.945696,100,0,0,"Imbalanced",0.75,"s0_u0",2,".75_Count_Imb_s0_u0","Beta",5000,100,5e-04,"Prop_0.25",FALSE
"CI051","DiD","BH",0.01,100,0.00890842298052804,100,0.0890842298052804,0.5344,0.000370397305417885,0.9992,0.000370397305417885,0.000799999999999999,0.00198322777338891,0.0198322777338891,0.00436446886446886,0.021904291355759,0.05,13.42,0.00335235441394892,100,0.0335235441394892,0.920098666666667,100,0,0,"Imbalanced",0.5,"s1",1,".50_Count_Imb_s1","Beta",5000,100,5e-04,"Prop_0.25",FALSE
"CI051","DiD","BH",0.05,100,0.00827907182617896,100,0.0827907182617896,0.6068,0.000763240771886439,0.995466666666667,0.000763240771886439,0.00453333333333333,0.00329584562021517,0.0329584562021517,0.0199482589993426,0.0460566186471838,0.3,15.51,0.00335235441394892,100,0.0335235441394892,0.920098666666667,100,0,0,"Imbalanced",0.5,"s1",1,".50_Count_Imb_s1","Beta",5000,100,5e-04,"Prop_0.25",FALSE
"CI051","DiD","unadjusted",0.01,100,0.00802662236975595,100,0.0802662236975595,0.6176,0.000856375050262184,0.993866666666667,0.000856375050262184,0.00613333333333332,0.00379418172005132,0.0379418172005132,0.0274313271867451,0.0490207130000197,0.39,15.9,0.00335235441394892,100,0.0335235441394892,0.920098666666667,100,0,0,"Imbalanced",0.5,"s1",1,".50_Count_Imb_s1","Beta",5000,100,5e-04,"Prop_0.25",FALSE
"CI051","DiD","unadjusted",0.05,100,0.00736675579268723,100,0.0736675579268723,0.7044,0.00183440128062575,0.9708,0.00183440128062575,0.0292,0.00619713465825798,0.0619713465825798,0.107403616758722,0.0301511344577764,0.9,19.8,0.00335235441394892,100,0.0335235441394892,0.920098666666667,100,0,0,"Imbalanced",0.5,"s1",1,".50_Count_Imb_s1","Beta",5000,100,5e-04,"Prop_0.25",FALSE
"CI051","MIMOSA2","BFDR",0.01,100,0.00909265437792307,100,0.0909265437792307,0.6952,0.000652509616099357,0.9964,0.000652509616099357,0.00359999999999999,0.00247706168165003,0.0247706168165003,0.0137491581196656,0.0435194139889245,0.25,17.65,0.00397493643569165,100,0.0397493643569165,0.939608,100,0,0,"Imbalanced",0.5,"s1",1,".50_Count_Imb_s1","Beta",5000,100,5e-04,"Prop_0.25",FALSE
"CI051","MIMOSA2","BFDR",0.05,100,0.00917396403751487,100,0.0917396403751487,0.794,0.00148080119060781,0.982266666666667,0.00148080119060781,0.0177333333333333,0.0047092632882309,0.047092632882309,0.0601139961906148,0.0429234695990928,0.76,21.18,0.00397493643569165,100,0.0397493643569165,0.939608,100,0,0,"Imbalanced",0.5,"s1",1,".50_Count_Imb_s1","Beta",5000,100,5e-04,"Prop_0.25",FALSE
"CI052","DiD","BH",0.01,100,0.00808040403030253,100,0.0808040403030253,0.576,0.000419288050313626,0.998533333333333,0.000419288050313626,0.00146666666666666,0.00207091920157062,0.0207091920157062,0.00721574155978181,0.031446603773522,0.11,14.51,0.00313676395330688,100,0.0313676395330688,0.915917333333333,100,0,0,"Imbalanced",0.5,"u1",1,".50_Count_Imb_u1","Beta",5000,100,5e-04,"Prop_0.25",FALSE
"CI052","DiD","BH",0.05,100,0.00808550267672663,100,0.0808550267672663,0.6372,0.000897333623505938,0.9928,0.000897333623505938,0.00719999999999999,0.00393917899284387,0.0393917899284387,0.0316169457757659,0.05,0.45,16.47,0.00313676395330688,100,0.0313676395330688,0.915917333333333,100,0,0,"Imbalanced",0.5,"u1",1,".50_Count_Imb_u1","Beta",5000,100,5e-04,"Prop_0.25",FALSE
"CI052","DiD","unadjusted",0.01,100,0.00777657710790239,100,0.0777657710790239,0.6436,0.00093024983670952,0.992133333333333,0.00093024983670952,0.00786666666666665,0.00404184854269708,0.0404184854269708,0.034411609331501,0.0502116731568678,0.48,16.68,0.00313676395330688,100,0.0313676395330688,0.915917333333333,100,0,0,"Imbalanced",0.5,"u1",1,".50_Count_Imb_u1","Beta",5000,100,5e-04,"Prop_0.25",FALSE
"CI052","DiD","unadjusted",0.05,100,0.00734038228713002,100,0.0734038228713002,0.7276,0.00235097706363967,0.958533333333333,0.00235097706363967,0.0414666666666667,0.00738383873422323,0.0738383873422323,0.141647747055002,0.0256432399976243,0.93,21.3,0.00313676395330688,100,0.0313676395330688,0.915917333333333,100,0,0,"Imbalanced",0.5,"u1",1,".50_Count_Imb_u1","Beta",5000,100,5e-04,"Prop_0.25",FALSE
"CI052","MIMOSA2","BFDR",0.01,100,0.00978962551259075,100,0.0978962551259075,0.6796,0.000514656129408363,0.998,0.000514656129408363,0.002,0.00201981480350498,0.0201981480350498,0.00792813441512795,0.0348735088019777,0.14,17.14,0.00354031030616994,100,0.0354031030616994,0.934234666666667,100,0,0,"Imbalanced",0.5,"u1",1,".50_Count_Imb_u1","Beta",5000,100,5e-04,"Prop_0.25",FALSE
"CI052","MIMOSA2","BFDR",0.05,100,0.00864799854231479,100,0.0864799854231479,0.774,0.00136501090468957,0.9824,0.00136501090468957,0.0176,0.00434931562298,0.0434931562298,0.0607464595683602,0.0416333199893227,0.78,20.67,0.00354031030616994,100,0.0354031030616994,0.934234666666667,100,0,0,"Imbalanced",0.5,"u1",1,".50_Count_Imb_u1","Beta",5000,100,5e-04,"Prop_0.25",FALSE
"CI053","DiD","BH",0.01,100,0.00873178334614644,100,0.0873178334614644,0.5872,0.000467867622553052,0.9988,0.000467867622553052,0.0012,0.0021602792787501,0.021602792787501,0.0055672268907563,0.0256432399976243,0.07,14.77,0.00315593311157157,100,0.0315593311157157,0.912013333333333,100,0,0,"Imbalanced",0.5,"s0",1,".50_Count_Imb_s0","Beta",5000,100,5e-04,"Prop_0.25",FALSE
"CI053","DiD","BH",0.05,100,0.00844231764817738,100,0.0844231764817738,0.636,0.00113793875123895,0.991066666666667,0.00113793875123895,0.00893333333333332,0.00472476392182575,0.0472476392182575,0.0381815640929418,0.0501613558046592,0.47,16.57,0.00315593311157157,100,0.0315593311157157,0.912013333333333,100,0,0,"Imbalanced",0.5,"s0",1,".50_Count_Imb_s0","Beta",5000,100,5e-04,"Prop_0.25",FALSE
"CI053","DiD","unadjusted",0.01,100,0.00789179346159059,100,0.0789179346159059,0.6432,0.00113896402807071,0.989866666666667,0.00113896402807071,0.0101333333333333,0.00471874377353315,0.0471874377353315,0.0434846355914467,0.0500908265962033,0.54,16.84,0.00315593311157157,100,0.0315593311157157,0.912013333333333,100,0,0,"Imbalanced",0.5,"s0",1,".50_Count_Imb_s0","Beta",5000,100,5e-04,"Prop_0.25",FALSE
"CI053","DiD","unadjusted",0.05,100,0.00686916694697796,100,0.0686916694697796,0.7192,0.00239250607050821,0.9576,0.00239250607050821,0.0424,0.00740652880345814,0.0740652880345814,0.146293801514553,0.0196946385566932,0.96,21.16,0.00315593311157157,100,0.0315593311157157,0.912013333333333,100,0,0,"Imbalanced",0.5,"s0",1,".50_Count_Imb_s0","Beta",5000,100,5e-04,"Prop_0.25",FALSE
"CI053","MIMOSA2","BFDR",0.01,100,0.0102317390920842,100,0.102317390920842,0.7072,0.000580413568253915,0.9976,0.000580413568253915,0.0024,0.00225447597286042,0.0225447597286042,0.00933495272805745,0.0368452949177471,0.16,17.86,0.0038752791672366,100,0.038752791672366,0.930581333333333,100,0,0,"Imbalanced",0.5,"s0",1,".50_Count_Imb_s0","Beta",5000,100,5e-04,"Prop_0.25",FALSE
"CI053","MIMOSA2","BFDR",0.05,100,0.00903192989209712,100,0.0903192989209712,0.786,0.00143303966923554,0.981066666666667,0.00143303966923554,0.0189333333333333,0.00462626399928636,0.0462626399928636,0.0648234465167902,0.0409360180740332,0.79,21.07,0.0038752791672366,100,0.038752791672366,0.930581333333333,100,0,0,"Imbalanced",0.5,"s0",1,".50_Count_Imb_s0","Beta",5000,100,5e-04,"Prop_0.25",FALSE
"CI054","DiD","BH",0.01,100,0.0101546824547878,100,0.101546824547878,0.5656,0.000318244342101255,0.9992,0.000318244342101255,0.000799999999999999,0.00168586412180149,0.0168586412180149,0.00418650793650794,0.0238683256575942,0.06,14.2,0.00293666684170497,100,0.0293666684170498,0.922376,100,0,0,"Imbalanced",0.5,"u0",1,".50_Count_Imb_u0","Beta",5000,100,5e-04,"Prop_0.25",FALSE
"CI054","DiD","BH",0.05,100,0.00891812364194001,100,0.0891812364194001,0.6332,0.0007216392363431,0.996,0.0007216392363431,0.00399999999999999,0.0032123866360168,0.032123866360168,0.0178625338799487,0.0440844002276808,0.26,16.13,0.00293666684170497,100,0.0293666684170498,0.922376,100,0,0,"Imbalanced",0.5,"u0",1,".50_Count_Imb_u0","Beta",5000,100,5e-04,"Prop_0.25",FALSE
"CI054","DiD","unadjusted",0.01,100,0.00838459385667631,100,0.0838459385667631,0.6404,0.00073103404463183,0.995733333333333,0.00073103404463183,0.00426666666666666,0.00329381081976264,0.0329381081976264,0.0193296490661042,0.0451260859854213,0.28,16.33,0.00293666684170497,100,0.0293666684170498,0.922376,100,0,0,"Imbalanced",0.5,"u0",1,".50_Count_Imb_u0","Beta",5000,100,5e-04,"Prop_0.25",FALSE
"CI054","DiD","unadjusted",0.05,100,0.00713913669341558,100,0.0713913669341558,0.7232,0.00208996318817967,0.969866666666667,0.00208996318817967,0.0301333333333333,0.00687114119497445,0.0687114119497445,0.107264765206924,0.032659863237109,0.88,20.34,0.00293666684170497,100,0.0293666684170498,0.922376,100,0,0,"Imbalanced",0.5,"u0",1,".50_Count_Imb_u0","Beta",5000,100,5e-04,"Prop_0.25",FALSE
"CI054","MIMOSA2","BFDR",0.01,100,0.0101275900789912,100,0.101275900789912,0.7024,0.000545813574320442,0.9972,0.000545813574320442,0.00279999999999999,0.0021725468286129,0.021725468286129,0.011076337233458,0.0409360180740332,0.21,17.77,0.00348031306304979,100,0.0348031306304979,0.939421333333333,100,0,0,"Imbalanced",0.5,"u0",1,".50_Count_Imb_u0","Beta",5000,100,5e-04,"Prop_0.25",FALSE
"CI054","MIMOSA2","BFDR",0.05,100,0.00920254685871627,100,0.0920254685871627,0.792,0.00140647851678645,0.982933333333333,0.00140647851678645,0.0170666666666667,0.00445953660999328,0.0445953660999328,0.0574526283952956,0.0440844002276808,0.74,21.08,0.00348031306304979,100,0.0348031306304979,0.939421333333333,100,0,0,"Imbalanced",0.5,"u0",1,".50_Count_Imb_u0","Beta",5000,100,5e-04,"Prop_0.25",FALSE
"CI057","DiD","BH",0.01,100,0.00899831634083271,100,0.0899831634083271,0.516,0.000262595180755909,0.999466666666667,0.000262595180755909,0.000533333333333332,0.00153305348055388,0.0153305348055388,0.00308170995670996,0.0196946385566932,0.04,12.94,0.00350672180827458,100,0.0350672180827458,0.912322666666667,100,0,0,"Imbalanced",0.5,"s1_u1",2,".50_Count_Imb_s1_u1","Beta",5000,100,5e-04,"Prop_0.25",FALSE
"CI057","DiD","BH",0.05,100,0.0099651108545482,100,0.099651108545482,0.5864,0.000735930509577533,0.996266666666667,0.000735930509577533,0.00373333333333333,0.00328603413930296,0.0328603413930296,0.0173540589097865,0.0429234695990928,0.24,14.94,0.00350672180827458,100,0.0350672180827458,0.912322666666667,100,0,0,"Imbalanced",0.5,"s1_u1",2,".50_Count_Imb_s1_u1","Beta",5000,100,5e-04,"Prop_0.25",FALSE
"CI057","DiD","unadjusted",0.01,100,0.00922806435376194,100,0.0922806435376194,0.6012,0.000818528421409691,0.995066666666667,0.000818528421409691,0.00493333333333333,0.00372200950506395,0.0372200950506395,0.0229293612304448,0.0464823198711732,0.31,15.4,0.00350672180827458,100,0.0350672180827458,0.912322666666667,100,0,0,"Imbalanced",0.5,"s1_u1",2,".50_Count_Imb_s1_u1","Beta",5000,100,5e-04,"Prop_0.25",FALSE
"CI057","DiD","unadjusted",0.05,100,0.00851892723364399,100,0.0851892723364399,0.7056,0.00197401753540301,0.966666666666667,0.00197401753540301,0.0333333333333333,0.00649864461353178,0.0649864461353178,0.120894030254456,0.0301511344577764,0.9,20.14,0.00350672180827458,100,0.0350672180827458,0.912322666666667,100,0,0,"Imbalanced",0.5,"s1_u1",2,".50_Count_Imb_s1_u1","Beta",5000,100,5e-04,"Prop_0.25",FALSE
"CI057","MIMOSA2","BFDR",0.01,100,0.0111568432594149,100,0.111568432594149,0.6564,0.000616423193358982,0.997066666666667,0.000616423193358982,0.00293333333333333,0.00257591279185004,0.0257591279185004,0.0122038582612852,0.0402015126103685,0.2,16.63,0.00363787149074359,100,0.0363787149074359,0.931245333333333,100,0,0,"Imbalanced",0.5,"s1_u1",2,".50_Count_Imb_s1_u1","Beta",5000,100,5e-04,"Prop_0.25",FALSE
"CI057","MIMOSA2","BFDR",0.05,100,0.00974138313867931,100,0.097413831386793,0.7512,0.00159437845215912,0.9816,0.00159437845215912,0.0184,0.00513346367591913,0.0513346367591913,0.064498308697878,0.0409360180740332,0.79,20.16,0.00363787149074359,100,0.0363787149074359,0.931245333333333,100,0,0,"Imbalanced",0.5,"s1_u1",2,".50_Count_Imb_s1_u1","Beta",5000,100,5e-04,"Prop_0.25",FALSE
"CI058","DiD","BH",0.01,100,0.00896809158442679,100,0.0896809158442679,0.5624,0.000318244342101255,0.9992,0.000318244342101255,0.000799999999999999,0.00165271119136089,0.0165271119136089,0.00413095238095238,0.0238683256575942,0.06,14.12,0.00345819902396288,100,0.0345819902396288,0.914056,100,0,0,"Imbalanced",0.5,"s0_u0",2,".50_Count_Imb_s0_u0","Beta",5000,100,5e-04,"Prop_0.25",FALSE
"CI058","DiD","BH",0.05,100,0.00873132061007724,100,0.0873132061007724,0.6292,0.000873708763471559,0.994266666666667,0.000873708763471559,0.00573333333333332,0.00368049571436923,0.0368049571436923,0.0247956677395532,0.0479372485441102,0.35,16.16,0.00345819902396288,100,0.0345819902396288,0.914056,100,0,0,"Imbalanced",0.5,"s0_u0",2,".50_Count_Imb_s0_u0","Beta",5000,100,5e-04,"Prop_0.25",FALSE
"CI058","DiD","unadjusted",0.01,100,0.00848051837561784,100,0.0848051837561784,0.636,0.000975479392346848,0.9932,0.000975479392346848,0.00679999999999999,0.00410614842509471,0.0410614842509471,0.0292846843988485,0.0490207130000197,0.39,16.41,0.00345819902396288,100,0.0345819902396288,0.914056,100,0,0,"Imbalanced",0.5,"s0_u0",2,".50_Count_Imb_s0_u0","Beta",5000,100,5e-04,"Prop_0.25",FALSE
"CI058","DiD","unadjusted",0.05,100,0.00755307148707656,100,0.0755307148707656,0.7196,0.00198196130003521,0.962,0.00198196130003521,0.038,0.0062475791247085,0.062475791247085,0.133645449466105,0.014070529413629,0.98,20.84,0.00345819902396288,100,0.0345819902396288,0.914056,100,0,0,"Imbalanced",0.5,"s0_u0",2,".50_Count_Imb_s0_u0","Beta",5000,100,5e-04,"Prop_0.25",FALSE
"CI058","MIMOSA2","BFDR",0.01,100,0.0101384357170068,100,0.101384357170068,0.688,0.000580413568253915,0.9976,0.000580413568253915,0.0024,0.00241431344187158,0.0241431344187158,0.00992011494286363,0.0368452949177471,0.16,17.38,0.00351213892129414,100,0.0351213892129414,0.933861333333333,100,0,0,"Imbalanced",0.5,"s0_u0",2,".50_Count_Imb_s0_u0","Beta",5000,100,5e-04,"Prop_0.25",FALSE
"CI058","MIMOSA2","BFDR",0.05,100,0.0092462605053791,100,0.092462605053791,0.7796,0.00132766471772568,0.982933333333333,0.00132766471772568,0.0170666666666666,0.00445681780744783,0.0445681780744783,0.0593223981350109,0.0422952584681651,0.77,20.77,0.00351213892129414,100,0.0351213892129414,0.933861333333333,100,0,0,"Imbalanced",0.5,"s0_u0",2,".50_Count_Imb_s0_u0","Beta",5000,100,5e-04,"Prop_0.25",FALSE
"CI065","DiD","BH",0.01,100,0.0101578650425285,100,0.101578650425285,0.3864,0.000133333333333333,0.999866666666667,0.000133333333333333,0.000133333333333333,0.00111111111111111,0.0111111111111111,0.00111111111111111,0.01,0.01,9.67,0.00355667670202656,100,0.0355667670202656,0.900845333333333,100,0,0,"Imbalanced",0.25,"s1",1,".25_Count_Imb_s1","Beta",5000,100,5e-04,"Prop_0.25",FALSE
"CI065","DiD","BH",0.05,100,0.00967337280446388,100,0.0967337280446388,0.4796,0.000444444444444444,0.998666666666667,0.000444444444444444,0.00133333333333333,0.00248628694331263,0.0248628694331263,0.00756360306360306,0.0287623491264661,0.09,12.09,0.00355667670202656,100,0.0355667670202656,0.900845333333333,100,0,0,"Imbalanced",0.25,"s1",1,".25_Count_Imb_s1","Beta",5000,100,5e-04,"Prop_0.25",FALSE
"CI065","DiD","unadjusted",0.01,100,0.00818967075471945,100,0.0818967075471945,0.508,0.000580413568253915,0.9976,0.000580413568253915,0.0024,0.0033597739318557,0.033597739318557,0.0137838411588412,0.0368452949177471,0.16,12.88,0.00355667670202656,100,0.0355667670202656,0.900845333333333,100,0,0,"Imbalanced",0.25,"s1",1,".25_Count_Imb_s1","Beta",5000,100,5e-04,"Prop_0.25",FALSE
"CI065","DiD","unadjusted",0.05,100,0.00769719875583765,100,0.0769719875583765,0.6316,0.00167608115433433,0.977866666666667,0.00167608115433433,0.0221333333333333,0.00661099140815609,0.0661099140815609,0.0924751611477618,0.0416333199893227,0.78,17.45,0.00355667670202656,100,0.0355667670202656,0.900845333333333,100,0,0,"Imbalanced",0.25,"s1",1,".25_Count_Imb_s1","Beta",5000,100,5e-04,"Prop_0.25",FALSE
"CI065","MIMOSA2","BFDR",0.01,100,0.010421733313251,100,0.10421733313251,0.5944,0.000524334862716929,0.998266666666667,0.000524334862716929,0.00173333333333333,0.00230041474943104,0.0230041474943104,0.00777484808792858,0.031446603773522,0.11,14.99,0.00432257872903281,100,0.0432257872903281,0.91292,100,0,0,"Imbalanced",0.25,"s1",1,".25_Count_Imb_s1","Beta",5000,100,5e-04,"Prop_0.25",FALSE
"CI065","MIMOSA2","BFDR",0.05,100,0.00959553768344137,100,0.0959553768344137,0.7092,0.00125679298992659,0.9864,0.00125679298992659,0.0136,0.00449584311521954,0.0449584311521954,0.051483195462126,0.0479372485441102,0.65,18.75,0.00432257872903281,100,0.0432257872903281,0.91292,100,0,0,"Imbalanced",0.25,"s1",1,".25_Count_Imb_s1","Beta",5000,100,5e-04,"Prop_0.25",FALSE
"CI066","DiD","BH",0.01,100,0.00850250111746686,100,0.0850250111746686,0.5652,0.000842848039126557,0.994933333333333,0.000842848039126557,0.00506666666666666,0.00371831508665683,0.0371831508665683,0.0235307130949546,0.0468826172262151,0.32,14.51,0.0030285790662444,100,0.030285790662444,0.914408,100,0,0,"Imbalanced",0.25,"u1",1,".25_Count_Imb_u1","Beta",5000,100,5e-04,"Prop_0.25",FALSE
"CI066","DiD","BH",0.05,100,0.00895330196975485,100,0.0895330196975485,0.632,0.00167372243856226,0.984,0.00167372243856226,0.016,0.00595526728282036,0.0595526728282036,0.0652772104710623,0.0468826172262151,0.68,17,0.0030285790662444,100,0.030285790662444,0.914408,100,0,0,"Imbalanced",0.25,"u1",1,".25_Count_Imb_u1","Beta",5000,100,5e-04,"Prop_0.25",FALSE
"CI066","DiD","unadjusted",0.01,100,0.00824856277655616,100,0.0824856277655616,0.6396,0.00165532843672957,0.983866666666667,0.00165532843672957,0.0161333333333333,0.00601149194990547,0.0601149194990547,0.0657506922677538,0.0468826172262151,0.68,17.2,0.0030285790662444,100,0.030285790662444,0.914408,100,0,0,"Imbalanced",0.25,"u1",1,".25_Count_Imb_u1","Beta",5000,100,5e-04,"Prop_0.25",FALSE
"CI066","DiD","unadjusted",0.05,100,0.00820849522990627,100,0.0820849522990627,0.7212,0.00257150054234521,0.943466666666667,0.00257150054234521,0.0565333333333333,0.00727268763196849,0.0727268763196849,0.186262416854028,0.01,0.99,22.27,0.0030285790662444,100,0.030285790662444,0.914408,100,0,0,"Imbalanced",0.25,"u1",1,".25_Count_Imb_u1","Beta",5000,100,5e-04,"Prop_0.25",FALSE
"CI066","MIMOSA2","BFDR",0.01,100,0.00944555905484614,100,0.0944555905484614,0.6456,0.000652509616099357,0.996933333333333,0.000652509616099357,0.00306666666666666,0.00264868032557797,0.0264868032557797,0.0126549875327705,0.0402015126103685,0.2,16.37,0.00338041615193594,100,0.0338041615193594,0.933178666666667,100,0,0,"Imbalanced",0.25,"u1",1,".25_Count_Imb_u1","Beta",5000,100,5e-04,"Prop_0.25",FALSE
"CI066","MIMOSA2","BFDR",0.05,100,0.00883738614859586,100,0.0883738614859586,0.7496,0.00159932645755803,0.977866666666667,0.00159932645755803,0.0221333333333333,0.00510934122040743,0.0510934122040743,0.0772680772622154,0.0386122919665369,0.82,20.4,0.00338041615193594,100,0.0338041615193594,0.933178666666667,100,0,0,"Imbalanced",0.25,"u1",1,".25_Count_Imb_u1","Beta",5000,100,5e-04,"Prop_0.25",FALSE
"CI067","DiD","BH",0.01,100,0.00875350434876446,100,0.0875350434876446,0.5068,0.000684738228960362,0.9956,0.000684738228960362,0.00439999999999999,0.00379205573337289,0.0379205573337289,0.023934582359505,0.0464823198711732,0.31,13,0.00373709609320881,100,0.0373709609320881,0.890378666666667,100,0,0,"Imbalanced",0.25,"s0",1,".25_Count_Imb_s0","Beta",5000,100,5e-04,"Prop_0.25",FALSE
"CI067","DiD","BH",0.05,100,0.00844911088502659,100,0.0844911088502659,0.5692,0.00169631541018152,0.983466666666667,0.00169631541018152,0.0165333333333333,0.00735933990930104,0.0735933990930104,0.0751066704455115,0.0468826172262151,0.68,15.47,0.00373709609320881,100,0.0373709609320881,0.890378666666667,100,0,0,"Imbalanced",0.25,"s0",1,".25_Count_Imb_s0","Beta",5000,100,5e-04,"Prop_0.25",FALSE
"CI067","DiD","unadjusted",0.01,100,0.00765931135971443,100,0.0765931135971443,0.5796,0.00168542973768514,0.9812,0.00168542973768514,0.0188,0.00727641537787275,0.0727641537787275,0.0851380809854359,0.0435194139889245,0.75,15.9,0.00373709609320881,100,0.0373709609320881,0.890378666666667,100,0,0,"Imbalanced",0.25,"s0",1,".25_Count_Imb_s0","Beta",5000,100,5e-04,"Prop_0.25",FALSE
"CI067","DiD","unadjusted",0.05,100,0.00771198725846636,100,0.0771198725846636,0.672,0.00238589194205166,0.937333333333333,0.00238589194205166,0.0626666666666667,0.00707370048339564,0.0707370048339564,0.214836380065122,0,1,21.5,0.00373709609320881,100,0.0373709609320881,0.890378666666667,100,0,0,"Imbalanced",0.25,"s0",1,".25_Count_Imb_s0","Beta",5000,100,5e-04,"Prop_0.25",FALSE
"CI067","MIMOSA2","BFDR",0.01,100,0.0102319760229065,100,0.102319760229065,0.6356,0.000577777777777777,0.9972,0.000577777777777777,0.00279999999999999,0.00251660529778891,0.0251660529778891,0.0122785240775886,0.0402015126103685,0.2,16.1,0.00402632228999872,100,0.0402632228999872,0.922141333333333,100,0,0,"Imbalanced",0.25,"s0",1,".25_Count_Imb_s0","Beta",5000,100,5e-04,"Prop_0.25",FALSE
"CI067","MIMOSA2","BFDR",0.05,100,0.00970006768694493,100,0.0970006768694493,0.7436,0.00137150739979747,0.983333333333333,0.00137150739979747,0.0166666666666666,0.00465773021159579,0.0465773021159579,0.0607236021299859,0.0422952584681651,0.77,19.84,0.00402632228999872,100,0.0402632228999872,0.922141333333333,100,0,0,"Imbalanced",0.25,"s0",1,".25_Count_Imb_s0","Beta",5000,100,5e-04,"Prop_0.25",FALSE
"CI068","DiD","BH",0.01,100,0.00966309233813656,100,0.0966309233813656,0.5472,0.000228595477330353,0.9996,0.000228595477330353,0.000399999999999999,0.00111122113908013,0.0111122113908013,0.00192054655870445,0.0171446607997765,0.03,13.71,0.00310062453142081,100,0.0310062453142081,0.921965333333333,100,0,0,"Imbalanced",0.25,"u0",1,".25_Count_Imb_u0","Beta",5000,100,5e-04,"Prop_0.25",FALSE
"CI068","DiD","BH",0.05,100,0.00958947234199983,100,0.0958947234199983,0.6204,0.0006028737762778,0.9968,0.0006028737762778,0.00319999999999999,0.0029333542880642,0.029333542880642,0.0154133640547694,0.0422952584681651,0.23,15.75,0.00310062453142081,100,0.0310062453142081,0.921965333333333,100,0,0,"Imbalanced",0.25,"u0",1,".25_Count_Imb_u0","Beta",5000,100,5e-04,"Prop_0.25",FALSE
"CI068","DiD","unadjusted",0.01,100,0.00911218520399576,100,0.0911218520399576,0.6272,0.000680133346666692,0.995733333333333,0.000680133346666692,0.00426666666666666,0.00326257325063681,0.0326257325063681,0.0204744703610803,0.0460566186471838,0.3,16,0.00310062453142081,100,0.0310062453142081,0.921965333333333,100,0,0,"Imbalanced",0.25,"u0",1,".25_Count_Imb_u0","Beta",5000,100,5e-04,"Prop_0.25",FALSE
"CI068","DiD","unadjusted",0.05,100,0.00817693232344638,100,0.0817693232344638,0.7092,0.00163568510685862,0.973466666666667,0.00163568510685862,0.0265333333333333,0.0056580887857023,0.056580887857023,0.0979538236414229,0.031446603773522,0.89,19.72,0.00310062453142081,100,0.0310062453142081,0.921965333333333,100,0,0,"Imbalanced",0.25,"u0",1,".25_Count_Imb_u0","Beta",5000,100,5e-04,"Prop_0.25",FALSE
"CI068","MIMOSA2","BFDR",0.01,100,0.0102654859612296,100,0.102654859612296,0.6856,0.00074610849747957,0.996,0.00074610849747957,0.00399999999999999,0.00307333415896313,0.0307333415896313,0.0164404022534053,0.0435194139889245,0.25,17.44,0.00347220174539417,100,0.0347220174539417,0.938,100,0,0,"Imbalanced",0.25,"u0",1,".25_Count_Imb_u0","Beta",5000,100,5e-04,"Prop_0.25",FALSE
"CI068","MIMOSA2","BFDR",0.05,100,0.00925822593560707,100,0.0925822593560707,0.7832,0.00148322456378722,0.979066666666667,0.00148322456378722,0.0209333333333333,0.00484752546582995,0.0484752546582995,0.0719554944017759,0.0394277244403663,0.81,21.15,0.00347220174539417,100,0.0347220174539417,0.938,100,0,0,"Imbalanced",0.25,"u0",1,".25_Count_Imb_u0","Beta",5000,100,5e-04,"Prop_0.25",FALSE
"CI071","DiD","BH",0.01,100,0.0110958359647922,100,0.110958359647922,0.3644,0.000187607058848386,0.999733333333333,0.000187607058848386,0.000266666666666666,0.00134464895347478,0.0134464895347478,0.00190909090909091,0.014070529413629,0.02,9.13,0.00393688932677415,100,0.0393688932677415,0.894936,100,0,0,"Imbalanced",0.25,"s1_u1",2,".25_Count_Imb_s1_u1","Beta",5000,100,5e-04,"Prop_0.25",FALSE
"CI071","DiD","BH",0.05,100,0.0102066724066251,100,0.102066724066251,0.4684,0.000559621485032105,0.997866666666667,0.000559621485032105,0.00213333333333333,0.00294491316421925,0.0294491316421925,0.0115241270167741,0.0348735088019777,0.14,11.87,0.00393688932677415,100,0.0393688932677415,0.894936,100,0,0,"Imbalanced",0.25,"s1_u1",2,".25_Count_Imb_s1_u1","Beta",5000,100,5e-04,"Prop_0.25",FALSE
"CI071","DiD","unadjusted",0.01,100,0.00903192989209712,100,0.0903192989209712,0.498,0.000823449807053381,0.995733333333333,0.000823449807053381,0.00426666666666666,0.00464692583020109,0.0464692583020109,0.0236816680051974,0.0435194139889245,0.25,12.77,0.00393688932677415,100,0.0393688932677415,0.894936,100,0,0,"Imbalanced",0.25,"s1_u1",2,".25_Count_Imb_s1_u1","Beta",5000,100,5e-04,"Prop_0.25",FALSE
"CI071","DiD","unadjusted",0.05,100,0.00926023321476944,100,0.0926023321476944,0.6284,0.00226508164030825,0.9636,0.00226508164030825,0.0364,0.00853840995656535,0.0853840995656535,0.144047305250425,0.0287623491264661,0.91,18.44,0.00393688932677415,100,0.0393688932677415,0.894936,100,0,0,"Imbalanced",0.25,"s1_u1",2,".25_Count_Imb_s1_u1","Beta",5000,100,5e-04,"Prop_0.25",FALSE
"CI071","MIMOSA2","BFDR",0.01,100,0.0114055453462982,100,0.114055453462982,0.5188,0.000580258853185659,0.998,0.000580258853185659,0.002,0.00289288328211285,0.0289288328211285,0.010158570187982,0.0337997668989631,0.13,13.12,0.00427012701430462,100,0.0427012701430462,0.915168,100,0,0,"Imbalanced",0.25,"s1_u1",2,".25_Count_Imb_s1_u1","Beta",5000,100,5e-04,"Prop_0.25",FALSE
"CI071","MIMOSA2","BFDR",0.05,100,0.0120638704277263,100,0.120638704277263,0.6572,0.0014179227942681,0.9864,0.0014179227942681,0.0136,0.00552154871144877,0.0552154871144877,0.0550900955881438,0.0490207130000197,0.61,17.45,0.00427012701430462,100,0.0427012701430462,0.915168,100,0,0,"Imbalanced",0.25,"s1_u1",2,".25_Count_Imb_s1_u1","Beta",5000,100,5e-04,"Prop_0.25",FALSE
"CI072","DiD","BH",0.01,100,0.0100420127565155,100,0.100420127565155,0.4792,0.000363546565792387,0.998933333333333,0.000363546565792387,0.00106666666666666,0.00212662347939165,0.0212662347939165,0.00618860306360306,0.0272659924344291,0.08,12.06,0.00351021649259926,100,0.0351021649259926,0.896114666666667,100,0,0,"Imbalanced",0.25,"s0_u0",2,".25_Count_Imb_s0_u0","Beta",5000,100,5e-04,"Prop_0.25",FALSE
"CI072","DiD","BH",0.05,100,0.00973308426414409,100,0.0973308426414409,0.5488,0.000849532782400193,0.994533333333333,0.000849532782400193,0.00546666666666666,0.00409660716256931,0.0409660716256931,0.0267910859350488,0.0476095228569523,0.34,14.13,0.00351021649259926,100,0.0351021649259926,0.896114666666667,100,0,0,"Imbalanced",0.25,"s0_u0",2,".25_Count_Imb_s0_u0","Beta",5000,100,5e-04,"Prop_0.25",FALSE
"CI072","DiD","unadjusted",0.01,100,0.00823993723620306,100,0.0823993723620306,0.5668,0.0010187027687646,0.991866666666667,0.0010187027687646,0.00813333333333332,0.0051261731883595,0.051261731883595,0.0401984593923448,0.0501613558046592,0.47,14.78,0.00351021649259926,100,0.0351021649259926,0.896114666666667,100,0,0,"Imbalanced",0.25,"s0_u0",2,".25_Count_Imb_s0_u0","Beta",5000,100,5e-04,"Prop_0.25",FALSE
"CI072","DiD","unadjusted",0.05,100,0.00813065032746303,100,0.0813065032746303,0.6544,0.00215243969323106,0.962666666666667,0.00215243969323106,0.0373333333333333,0.00765532314227693,0.0765532314227693,0.14268815230551,0.0238683256575942,0.94,19.16,0.00351021649259926,100,0.0351021649259926,0.896114666666667,100,0,0,"Imbalanced",0.25,"s0_u0",2,".25_Count_Imb_s0_u0","Beta",5000,100,5e-04,"Prop_0.25",FALSE
"CI072","MIMOSA2","BFDR",0.01,100,0.0127176644828754,100,0.127176644828754,0.5928,0.000514830559553824,0.9976,0.000514830559553824,0.0024,0.00255328396270375,0.0255328396270375,0.0114512393952796,0.0386122919665369,0.18,15,0.00365591694139505,100,0.0365591694139505,0.920304,100,0,0,"Imbalanced",0.25,"s0_u0",2,".25_Count_Imb_s0_u0","Beta",5000,100,5e-04,"Prop_0.25",FALSE
"CI072","MIMOSA2","BFDR",0.05,100,0.0111967527760183,100,0.111967527760183,0.7108,0.00146892999529884,0.982933333333333,0.00146892999529884,0.0170666666666666,0.00492295851317335,0.0492295851317335,0.0641847125869315,0.0435194139889245,0.75,19.05,0.00365591694139505,100,0.0365591694139505,0.920304,100,0,0,"Imbalanced",0.25,"s0_u0",2,".25_Count_Imb_s0_u0","Beta",5000,100,5e-04,"Prop_0.25",FALSE
"CI079","DiD","BH",0.01,100,0.00847584804016684,100,0.0847584804016684,0.1172,0,1,0,0,0,0,0,0,0,2.93,0.00368952983600545,100,0.0368952983600545,0.879117333333333,100,0,0,"Imbalanced",0.1,"s1",1,".10_Count_Imb_s1","Beta",5000,100,5e-04,"Prop_0.25",FALSE
"CI079","DiD","BH",0.05,100,0.0109613830875451,100,0.109613830875451,0.2336,0,1,0,0,0,0,0,0,0,5.84,0.00368952983600545,100,0.0368952983600545,0.879117333333333,100,0,0,"Imbalanced",0.1,"s1",1,".10_Count_Imb_s1","Beta",5000,100,5e-04,"Prop_0.25",FALSE
"CI079","DiD","unadjusted",0.01,100,0.0091412264057959,100,0.091412264057959,0.3344,0.000318244342101255,0.9992,0.000318244342101255,0.000799999999999999,0.00257414798819145,0.0257414798819145,0.00617038517038517,0.0238683256575942,0.06,8.42,0.00368952983600545,100,0.0368952983600545,0.879117333333333,100,0,0,"Imbalanced",0.1,"s1",1,".10_Count_Imb_s1","Beta",5000,100,5e-04,"Prop_0.25",FALSE
"CI079","DiD","unadjusted",0.05,100,0.00874362105142424,100,0.0874362105142424,0.4944,0.00133897795084981,0.9872,0.00133897795084981,0.0128,0.00695798279664397,0.0695798279664397,0.0687658780847635,0.0492365963917331,0.6,13.32,0.00368952983600545,100,0.0368952983600545,0.879117333333333,100,0,0,"Imbalanced",0.1,"s1",1,".10_Count_Imb_s1","Beta",5000,100,5e-04,"Prop_0.25",FALSE
"CI079","MIMOSA2","BFDR",0.01,100,0.0106529457205626,100,0.106529457205626,0.4564,0.000525702992538216,0.997466666666667,0.000525702992538216,0.00253333333333333,0.00350720618925647,0.0350720618925647,0.0161677432045079,0.0394277244403663,0.19,11.6,0.00440352768695585,100,0.0440352768695585,0.885410666666667,100,0,0,"Imbalanced",0.1,"s1",1,".10_Count_Imb_s1","Beta",5000,100,5e-04,"Prop_0.25",FALSE
"CI079","MIMOSA2","BFDR",0.05,100,0.0103506989955737,100,0.103506989955737,0.5812,0.00123807895797192,0.987733333333333,0.00123807895797192,0.0122666666666667,0.00581450535123515,0.0581450535123515,0.0566226335583921,0.0487831731214563,0.62,15.45,0.00440352768695585,100,0.0440352768695585,0.885410666666667,100,0,0,"Imbalanced",0.1,"s1",1,".10_Count_Imb_s1","Beta",5000,100,5e-04,"Prop_0.25",FALSE
"CI080","DiD","BH",0.01,100,0.00857895004288892,100,0.0857895004288892,0.5324,0.00158556904002817,0.981333333333333,0.00158556904002817,0.0186666666666667,0.00749220009917761,0.0749220009917761,0.0911193856453144,0.0451260859854213,0.72,14.71,0.00394365818540061,100,0.0394365818540061,0.882469333333333,100,0,0,"Imbalanced",0.1,"u1",1,".10_Count_Imb_u1","Beta",5000,100,5e-04,"Prop_0.25",FALSE
"CI080","DiD","BH",0.05,100,0.00890579200931233,100,0.0890579200931233,0.602,0.00268023484238331,0.958133333333333,0.00268023484238331,0.0418666666666667,0.00912275548942205,0.0912275548942205,0.164133176954886,0.0256432399976243,0.93,18.19,0.00394365818540061,100,0.0394365818540061,0.882469333333333,100,0,0,"Imbalanced",0.1,"u1",1,".10_Count_Imb_u1","Beta",5000,100,5e-04,"Prop_0.25",FALSE
"CI080","DiD","unadjusted",0.01,100,0.00845370040308092,100,0.0845370040308092,0.6036,0.00246379849628638,0.958133333333333,0.00246379849628638,0.0418666666666667,0.00860357087454449,0.0860357087454449,0.166187567825453,0.021904291355759,0.95,18.23,0.00394365818540061,100,0.0394365818540061,0.882469333333333,100,0,0,"Imbalanced",0.1,"u1",1,".10_Count_Imb_u1","Beta",5000,100,5e-04,"Prop_0.25",FALSE
"CI080","DiD","unadjusted",0.05,100,0.0081927289764039,100,0.081927289764039,0.6852,0.00305022675832742,0.902266666666667,0.00305022675832742,0.0977333333333333,0.00704132050385972,0.0704132050385972,0.295883769805562,0,1,24.46,0.00394365818540061,100,0.0394365818540061,0.882469333333333,100,0,0,"Imbalanced",0.1,"u1",1,".10_Count_Imb_u1","Beta",5000,100,5e-04,"Prop_0.25",FALSE
"CI080","MIMOSA2","BFDR",0.01,100,0.00980092759988471,100,0.0980092759988471,0.5368,0.00055881869953054,0.997466666666667,0.00055881869953054,0.00253333333333333,0.00294690333022041,0.0294690333022041,0.0133267271943743,0.0386122919665369,0.18,13.61,0.00431543684676895,100,0.0431543684676895,0.917421333333333,100,0,0,"Imbalanced",0.1,"u1",1,".10_Count_Imb_u1","Beta",5000,100,5e-04,"Prop_0.25",FALSE
"CI080","MIMOSA2","BFDR",0.05,100,0.00990255553181127,100,0.0990255553181127,0.666,0.00169377284256177,0.9824,0.00169377284256177,0.0176,0.00598391736832008,0.0598391736832008,0.0694994731846428,0.0451260859854213,0.72,17.97,0.00431543684676895,100,0.0431543684676895,0.917421333333333,100,0,0,"Imbalanced",0.1,"u1",1,".10_Count_Imb_u1","Beta",5000,100,5e-04,"Prop_0.25",FALSE
"CI081","DiD","BH",0.01,100,0.0102345029437218,100,0.102345029437218,0.4468,0.00185542550805392,0.9764,0.00185542550805392,0.0236,0.00865599747185164,0.0865599747185164,0.129693697556314,0.0337997668989631,0.87,12.94,0.00420900514169659,100,0.0420900514169658,0.856397333333333,100,0,0,"Imbalanced",0.1,"s0",1,".10_Count_Imb_s0","Beta",5000,100,5e-04,"Prop_0.25",FALSE
"CI081","DiD","BH",0.05,100,0.0104414867937783,100,0.104414867937783,0.5316,0.00303680380150645,0.951733333333333,0.00303680380150645,0.0482666666666667,0.00971852650818277,0.0971852650818277,0.203388811828112,0.0196946385566932,0.96,16.91,0.00420900514169659,100,0.0420900514169658,0.856397333333333,100,0,0,"Imbalanced",0.1,"s0",1,".10_Count_Imb_s0","Beta",5000,100,5e-04,"Prop_0.25",FALSE
"CI081","DiD","unadjusted",0.01,100,0.00951978269847913,100,0.0951978269847913,0.538,0.00282909367886096,0.949733333333333,0.00282909367886096,0.0502666666666667,0.00952223968337926,0.0952223968337926,0.21120485914845,0.0171446607997765,0.97,17.22,0.00420900514169659,100,0.0420900514169658,0.856397333333333,100,0,0,"Imbalanced",0.1,"s0",1,".10_Count_Imb_s0","Beta",5000,100,5e-04,"Prop_0.25",FALSE
"CI081","DiD","unadjusted",0.05,100,0.0094564178410135,100,0.094564178410135,0.6348,0.00340857833782252,0.894666666666667,0.00340857833782252,0.105333333333333,0.0082791448195484,0.082791448195484,0.328411536122227,0,1,23.77,0.00420900514169659,100,0.0420900514169658,0.856397333333333,100,0,0,"Imbalanced",0.1,"s0",1,".10_Count_Imb_s0","Beta",5000,100,5e-04,"Prop_0.25",FALSE
"CI081","MIMOSA2","BFDR",0.01,100,0.0119186467945879,100,0.119186467945879,0.5392,0.00067947295875811,0.996933333333333,0.00067947295875811,0.00306666666666666,0.00329660386444571,0.0329660386444571,0.0148878398862919,0.0402015126103685,0.2,13.71,0.00442786158875345,100,0.0442786158875345,0.90808,100,0,0,"Imbalanced",0.1,"s0",1,".10_Count_Imb_s0","Beta",5000,100,5e-04,"Prop_0.25",FALSE
"CI081","MIMOSA2","BFDR",0.05,100,0.0117164479051951,100,0.117164479051951,0.6876,0.00130721901333386,0.983733333333333,0.00130721901333386,0.0162666666666666,0.00452306053325731,0.0452306053325731,0.0624550980480311,0.0422952584681651,0.77,18.41,0.00442786158875345,100,0.0442786158875345,0.90808,100,0,0,"Imbalanced",0.1,"s0",1,".10_Count_Imb_s0","Beta",5000,100,5e-04,"Prop_0.25",FALSE
"CI082","DiD","BH",0.01,100,0.00879522368083721,100,0.0879522368083721,0.4976,0.000187607058848386,0.999733333333333,0.000187607058848386,0.000266666666666666,0.00103660385824217,0.0103660385824217,0.00145833333333333,0.014070529413629,0.02,12.46,0.00277446653874853,100,0.0277446653874853,0.922202666666667,100,0,0,"Imbalanced",0.1,"u0",1,".10_Count_Imb_u0","Beta",5000,100,5e-04,"Prop_0.25",FALSE
"CI082","DiD","BH",0.05,100,0.00783455180723199,100,0.0783455180723199,0.5644,0.00034190986663499,0.999066666666667,0.00034190986663499,0.000933333333333332,0.00167446666975798,0.0167446666975798,0.00454397399985635,0.0256432399976243,0.07,14.18,0.00277446653874853,100,0.0277446653874853,0.922202666666667,100,0,0,"Imbalanced",0.1,"u0",1,".10_Count_Imb_u0","Beta",5000,100,5e-04,"Prop_0.25",FALSE
"CI082","DiD","unadjusted",0.01,100,0.0070437593268471,100,0.070437593268471,0.5804,0.000450663558652841,0.998266666666667,0.000450663558652841,0.00173333333333333,0.00223878767058811,0.0223878767058811,0.00854887596064067,0.0337997668989631,0.13,14.64,0.00277446653874853,100,0.0277446653874853,0.922202666666667,100,0,0,"Imbalanced",0.1,"u0",1,".10_Count_Imb_u0","Beta",5000,100,5e-04,"Prop_0.25",FALSE
"CI082","DiD","unadjusted",0.05,100,0.00724464274376925,100,0.0724464274376925,0.678,0.00129812089002444,0.986133333333333,0.00129812089002444,0.0138666666666666,0.00484433950169016,0.0484433950169016,0.0550634993231742,0.0472581562625261,0.67,17.99,0.00277446653874853,100,0.0277446653874853,0.922202666666667,100,0,0,"Imbalanced",0.1,"u0",1,".10_Count_Imb_u0","Beta",5000,100,5e-04,"Prop_0.25",FALSE
"CI082","MIMOSA2","BFDR",0.01,100,0.00944521684304395,100,0.0944521684304395,0.68,0.000526556268529936,0.997866666666667,0.000526556268529936,0.00213333333333333,0.00216551312677168,0.0216551312677168,0.00870809599756968,0.0358870281282637,0.15,17.16,0.00347219177425034,100,0.0347219177425034,0.937045333333333,100,0,0,"Imbalanced",0.1,"u0",1,".10_Count_Imb_u0","Beta",5000,100,5e-04,"Prop_0.25",FALSE
"CI082","MIMOSA2","BFDR",0.05,100,0.00905480507517942,100,0.0905480507517942,0.7748,0.00148642944763814,0.981866666666667,0.00148642944763814,0.0181333333333333,0.00497102824192698,0.0497102824192698,0.0628397897293475,0.0435194139889245,0.75,20.73,0.00347219177425034,100,0.0347219177425034,0.937045333333333,100,0,0,"Imbalanced",0.1,"u0",1,".10_Count_Imb_u0","Beta",5000,100,5e-04,"Prop_0.25",FALSE
"CI085","DiD","BH",0.01,100,0.00688796344386644,100,0.0688796344386644,0.1048,0.000187607058848386,0.999733333333333,0.000187607058848386,0.000266666666666666,0.00234776381893387,0.0234776381893387,0.00325,0.014070529413629,0.02,2.64,0.004725817670567,100,0.04725817670567,0.857642666666667,100,0,0,"Imbalanced",0.1,"s1_u1",2,".10_Count_Imb_s1_u1","Beta",5000,100,5e-04,"Prop_0.25",FALSE
"CI085","DiD","BH",0.05,100,0.0104532436607162,100,0.104532436607162,0.2332,0.00042776793901843,0.9988,0.00042776793901843,0.0012,0.00516522493760046,0.0516522493760046,0.0139844877344877,0.0272659924344291,0.08,5.92,0.004725817670567,100,0.04725817670567,0.857642666666667,100,0,0,"Imbalanced",0.1,"s1_u1",2,".10_Count_Imb_s1_u1","Beta",5000,100,5e-04,"Prop_0.25",FALSE
"CI085","DiD","unadjusted",0.01,100,0.00803467233905401,100,0.0803467233905401,0.3264,0.000659762226325662,0.9968,0.000659762226325662,0.00319999999999999,0.0064576161040728,0.064576161040728,0.029239898989899,0.0409360180740332,0.21,8.4,0.004725817670567,100,0.04725817670567,0.857642666666667,100,0,0,"Imbalanced",0.1,"s1_u1",2,".10_Count_Imb_s1_u1","Beta",5000,100,5e-04,"Prop_0.25",FALSE
"CI085","DiD","unadjusted",0.05,100,0.00845608979052698,100,0.0845608979052698,0.4936,0.00185953423322461,0.971733333333333,0.00185953423322461,0.0282666666666667,0.00910053462318791,0.0910053462318791,0.143346634488662,0.031446603773522,0.89,14.46,0.004725817670567,100,0.04725817670567,0.857642666666667,100,0,0,"Imbalanced",0.1,"s1_u1",2,".10_Count_Imb_s1_u1","Beta",5000,100,5e-04,"Prop_0.25",FALSE
"CI085","MIMOSA2","BFDR",0.01,100,0.0100699773805329,100,0.100699773805329,0.3136,0.000419288050313626,0.998533333333333,0.000419288050313626,0.00146666666666666,0.00359387189906727,0.0359387189906727,0.0121304528804529,0.031446603773522,0.11,7.95,0.00492020543948918,100,0.0492020543948918,0.877442666666667,100,0,0,"Imbalanced",0.1,"s1_u1",2,".10_Count_Imb_s1_u1","Beta",5000,100,5e-04,"Prop_0.25",FALSE
"CI085","MIMOSA2","BFDR",0.05,100,0.0119943421005173,100,0.119943421005173,0.4688,0.00143103331239691,0.988533333333333,0.00143103331239691,0.0114666666666667,0.00730794918219761,0.0730794918219761,0.061905635601069,0.0502418393795691,0.51,12.58,0.00492020543948918,100,0.0492020543948918,0.877442666666667,100,0,0,"Imbalanced",0.1,"s1_u1",2,".10_Count_Imb_s1_u1","Beta",5000,100,5e-04,"Prop_0.25",FALSE
"CI086","DiD","BH",0.01,100,0.00800918664453955,100,0.0800918664453955,0.3988,0.000898533535283563,0.9936,0.000898533535283563,0.00639999999999999,0.00623287181655634,0.0623287181655634,0.0437298812298812,0.0487831731214563,0.38,10.45,0.00356120838518873,100,0.0356120838518873,0.872653333333333,100,0,0,"Imbalanced",0.1,"s0_u0",2,".10_Count_Imb_s0_u0","Beta",5000,100,5e-04,"Prop_0.25",FALSE
"CI086","DiD","BH",0.05,100,0.00842996099778892,100,0.0842996099778892,0.4692,0.0012,0.987866666666667,0.0012,0.0121333333333333,0.00650468116569616,0.0650468116569616,0.0685421075742283,0.0492365963917331,0.6,12.64,0.00356120838518873,100,0.0356120838518873,0.872653333333333,100,0,0,"Imbalanced",0.1,"s0_u0",2,".10_Count_Imb_s0_u0","Beta",5000,100,5e-04,"Prop_0.25",FALSE
"CI086","DiD","unadjusted",0.01,100,0.00784279892318393,100,0.0784279892318393,0.4916,0.00134346320315322,0.985733333333333,0.00134346320315322,0.0142666666666666,0.0069303784308566,0.069303784308566,0.0766033142983607,0.0476095228569523,0.66,13.36,0.00356120838518873,100,0.0356120838518873,0.872653333333333,100,0,0,"Imbalanced",0.1,"s0_u0",2,".10_Count_Imb_s0_u0","Beta",5000,100,5e-04,"Prop_0.25",FALSE
"CI086","DiD","unadjusted",0.05,100,0.00831073298983205,100,0.0831073298983205,0.5968,0.00244943475923133,0.9556,0.00244943475923133,0.0444,0.00850815938781322,0.0850815938781322,0.176184304601487,0.0256432399976243,0.93,18.25,0.00356120838518873,100,0.0356120838518873,0.872653333333333,100,0,0,"Imbalanced",0.1,"s0_u0",2,".10_Count_Imb_s0_u0","Beta",5000,100,5e-04,"Prop_0.25",FALSE
"CI086","MIMOSA2","BFDR",0.01,100,0.0103650539523122,100,0.103650539523122,0.45,0.00047491507894675,0.9984,0.00047491507894675,0.0016,0.00302878720660507,0.0302878720660507,0.00992179062767298,0.031446603773522,0.11,11.37,0.00358115467462542,100,0.0358115467462542,0.908688,100,0,0,"Imbalanced",0.1,"s0_u0",2,".10_Count_Imb_s0_u0","Beta",5000,100,5e-04,"Prop_0.25",FALSE
"CI086","MIMOSA2","BFDR",0.05,100,0.0113334046343568,100,0.113334046343568,0.6328,0.00147253189043571,0.983333333333333,0.00147253189043571,0.0166666666666666,0.00567497725415276,0.0567497725415276,0.0687888323089393,0.0456048021572069,0.71,17.07,0.00358115467462542,100,0.0358115467462542,0.908688,100,0,0,"Imbalanced",0.1,"s0_u0",2,".10_Count_Imb_s0_u0","Beta",5000,100,5e-04,"Prop_0.25",FALSE
"CI093","DiD","BH",0.01,100,0.00237835356004225,100,0.0237835356004225,0.012,0,1,0,0,0,0,0,0,0,0.3,0.00445082740841842,100,0.0445082740841842,0.851389333333333,100,0,0,"Imbalanced",0.05,"s1",1,".050_Count_Imb_s1","Beta",5000,100,5e-04,"Prop_0.25",FALSE
"CI093","DiD","BH",0.05,100,0.00504300695933678,100,0.0504300695933678,0.0368,0,1,0,0,0,0,0,0,0,0.92,0.00445082740841842,100,0.0445082740841842,0.851389333333333,100,0,0,"Imbalanced",0.05,"s1",1,".050_Count_Imb_s1","Beta",5000,100,5e-04,"Prop_0.25",FALSE
"CI093","DiD","unadjusted",0.01,100,0.006964962819047,100,0.06964962819047,0.1488,0.000348155311911395,0.999333333333333,0.000348155311911395,0.000666666666666665,0.00365444429224497,0.0365444429224497,0.00731746031746032,0.0196946385566932,0.04,3.77,0.00445082740841842,100,0.0445082740841842,0.851389333333333,100,0,0,"Imbalanced",0.05,"s1",1,".050_Count_Imb_s1","Beta",5000,100,5e-04,"Prop_0.25",FALSE
"CI093","DiD","unadjusted",0.05,100,0.00989283997789729,100,0.0989283997789729,0.3448,0.000935639287022981,0.991333333333333,0.000935639287022981,0.00866666666666665,0.00733936505508798,0.0733936505508798,0.0689444999444999,0.0501613558046592,0.53,9.27,0.00445082740841842,100,0.0445082740841842,0.851389333333333,100,0,0,"Imbalanced",0.05,"s1",1,".050_Count_Imb_s1","Beta",5000,100,5e-04,"Prop_0.25",FALSE
"CI093","MIMOSA2","BFDR",0.01,100,0.0117709452260705,100,0.117709452260705,0.3252,0.000383497988352881,0.9988,0.000383497988352881,0.0012,0.00286561164423382,0.0286561164423382,0.00878210678210678,0.0287623491264661,0.09,8.22,0.00497860901429021,100,0.0497860901429021,0.850909333333333,100,0,0,"Imbalanced",0.05,"s1",1,".050_Count_Imb_s1","Beta",5000,100,5e-04,"Prop_0.25",FALSE
"CI093","MIMOSA2","BFDR",0.05,100,0.0131993265821489,100,0.131993265821489,0.464,0.00113359078082057,0.991733333333333,0.00113359078082057,0.00826666666666665,0.00604318264521878,0.0604318264521878,0.0457587796620304,0.05,0.45,12.22,0.00497860901429021,100,0.0497860901429021,0.850909333333333,100,0,0,"Imbalanced",0.05,"s1",1,".050_Count_Imb_s1","Beta",5000,100,5e-04,"Prop_0.25",FALSE
"CI094","DiD","BH",0.01,100,0.00968339200941905,100,0.0968339200941905,0.5364,0.00245035099068548,0.952266666666667,0.00245035099068548,0.0477333333333333,0.00877135647677606,0.0877135647677606,0.20615053297348,0.014070529413629,0.98,16.99,0.00441854517652498,100,0.0441854517652498,0.859562666666667,100,0,0,"Imbalanced",0.05,"u1",1,".050_Count_Imb_u1","Beta",5000,100,5e-04,"Prop_0.25",FALSE
"CI094","DiD","BH",0.05,100,0.0100747910222205,100,0.100747910222205,0.5944,0.00328243975944887,0.92,0.00328243975944887,0.08,0.00804583975229402,0.0804583975229402,0.281952816669759,0,1,20.86,0.00441854517652498,100,0.0441854517652498,0.859562666666667,100,0,0,"Imbalanced",0.05,"u1",1,".050_Count_Imb_u1","Beta",5000,100,5e-04,"Prop_0.25",FALSE
"CI094","DiD","unadjusted",0.01,100,0.00960774098676098,100,0.0960774098676098,0.5912,0.00294981595043049,0.9216,0.00294981595043049,0.0784,0.00795353954386967,0.0795353954386967,0.28103782923826,0,1,20.66,0.00441854517652498,100,0.0441854517652498,0.859562666666667,100,0,0,"Imbalanced",0.05,"u1",1,".050_Count_Imb_u1","Beta",5000,100,5e-04,"Prop_0.25",FALSE
"CI094","DiD","unadjusted",0.05,100,0.00882338490671926,100,0.0882338490671926,0.6692,0.0035639043395431,0.858266666666667,0.0035639043395431,0.141733333333333,0.00655474928638402,0.0655474928638402,0.385778589827657,0,1,27.36,0.00441854517652498,100,0.0441854517652498,0.859562666666667,100,0,0,"Imbalanced",0.05,"u1",1,".050_Count_Imb_u1","Beta",5000,100,5e-04,"Prop_0.25",FALSE
"CI094","MIMOSA2","BFDR",0.01,100,0.0103981350309184,100,0.103981350309184,0.476,0.00055881869953054,0.997466666666667,0.00055881869953054,0.00253333333333333,0.00301009526313822,0.0301009526313822,0.0136392063818534,0.0386122919665369,0.18,12.09,0.00451875019420422,100,0.0451875019420422,0.910096,100,0,0,"Imbalanced",0.05,"u1",1,".050_Count_Imb_u1","Beta",5000,100,5e-04,"Prop_0.25",FALSE
"CI094","MIMOSA2","BFDR",0.05,100,0.0106153310134566,100,0.106153310134566,0.6296,0.00153983397300553,0.9848,0.00153983397300553,0.0152,0.0057848169000333,0.057848169000333,0.0626422056316726,0.0468826172262151,0.68,16.88,0.00451875019420422,100,0.0451875019420422,0.910096,100,0,0,"Imbalanced",0.05,"u1",1,".050_Count_Imb_u1","Beta",5000,100,5e-04,"Prop_0.25",FALSE
"CI095","DiD","BH",0.01,100,0.00867607880521745,100,0.0867607880521745,0.4272,0.00330128703263279,0.932933333333333,0.00330128703263279,0.0670666666666667,0.0113083305245664,0.113083305245664,0.3097740493604,0,1,15.71,0.00491408377330797,100,0.0491408377330797,0.798125333333333,100,0,0,"Imbalanced",0.05,"s0",1,".050_Count_Imb_s0","Beta",5000,100,5e-04,"Prop_0.25",FALSE
"CI095","DiD","BH",0.05,100,0.00865033426107239,100,0.0865033426107239,0.492,0.00413517934230687,0.896533333333333,0.00413517934230687,0.103466666666667,0.0101738711001054,0.101738711001054,0.376740850806744,0,1,20.06,0.00491408377330797,100,0.0491408377330797,0.798125333333333,100,0,0,"Imbalanced",0.05,"s0",1,".050_Count_Imb_s0","Beta",5000,100,5e-04,"Prop_0.25",FALSE
"CI095","DiD","unadjusted",0.01,100,0.00810277418511398,100,0.0810277418511398,0.4896,0.00366348806209939,0.897466666666667,0.00366348806209939,0.102533333333333,0.00983593727065817,0.0983593727065817,0.378485994616278,0,1,19.93,0.00491408377330797,100,0.0491408377330797,0.798125333333333,100,0,0,"Imbalanced",0.05,"s0",1,".050_Count_Imb_s0","Beta",5000,100,5e-04,"Prop_0.25",FALSE
"CI095","DiD","unadjusted",0.05,100,0.00837302064654535,100,0.0837302064654535,0.5756,0.00404828322649619,0.832533333333333,0.00404828322649619,0.167466666666667,0.00666212640672969,0.0666212640672969,0.46224527175397,0,1,26.95,0.00491408377330797,100,0.0491408377330797,0.798125333333333,100,0,0,"Imbalanced",0.05,"s0",1,".050_Count_Imb_s0","Beta",5000,100,5e-04,"Prop_0.25",FALSE
"CI095","MIMOSA2","BFDR",0.01,100,0.0107188873235306,100,0.107188873235306,0.4412,0.00055881869953054,0.997466666666667,0.00055881869953054,0.00253333333333333,0.00367603008733836,0.0367603008733836,0.0161212953712954,0.0386122919665369,0.18,11.22,0.00534286374742694,100,0.0534286374742694,0.881965333333333,100,0,0,"Imbalanced",0.05,"s0",1,".050_Count_Imb_s0","Beta",5000,100,5e-04,"Prop_0.25",FALSE
"CI095","MIMOSA2","BFDR",0.05,100,0.010974644790736,100,0.10974644790736,0.5896,0.00135841724761973,0.984266666666667,0.00135841724761973,0.0157333333333333,0.00536324585396782,0.0536324585396782,0.0698743153990832,0.0440844002276808,0.74,15.92,0.00534286374742694,100,0.0534286374742694,0.881965333333333,100,0,0,"Imbalanced",0.05,"s0",1,".050_Count_Imb_s0","Beta",5000,100,5e-04,"Prop_0.25",FALSE
"CI096","DiD","BH",0.01,100,0.00932501794078486,100,0.0932501794078486,0.4456,0,1,0,0,0,0,0,0,0,11.14,0.00343120132816966,100,0.0343120132816966,0.911490666666667,100,0,0,"Imbalanced",0.05,"u0",1,".050_Count_Imb_u0","Beta",5000,100,5e-04,"Prop_0.25",FALSE
"CI096","DiD","BH",0.05,100,0.00883802619767033,100,0.0883802619767033,0.5052,0.000318244342101255,0.9992,0.000318244342101255,0.000799999999999999,0.00154405771197446,0.0154405771197446,0.00386236802413273,0.0238683256575942,0.06,12.69,0.00343120132816966,100,0.0343120132816966,0.911490666666667,100,0,0,"Imbalanced",0.05,"u0",1,".050_Count_Imb_u0","Beta",5000,100,5e-04,"Prop_0.25",FALSE
"CI096","DiD","unadjusted",0.01,100,0.0085435544846582,100,0.085435544846582,0.5224,0.000444444444444444,0.998666666666667,0.000444444444444444,0.00133333333333333,0.00224097649714624,0.0224097649714624,0.00659346046110752,0.0287623491264661,0.09,13.16,0.00343120132816966,100,0.0343120132816966,0.911490666666667,100,0,0,"Imbalanced",0.05,"u0",1,".050_Count_Imb_u0","Beta",5000,100,5e-04,"Prop_0.25",FALSE
"CI096","DiD","unadjusted",0.05,100,0.0077257015633834,100,0.077257015633834,0.6252,0.0011166729483717,0.9888,0.0011166729483717,0.0112,0.00485370796904397,0.0485370796904397,0.0493858954083412,0.0492365963917331,0.6,16.47,0.00343120132816966,100,0.0343120132816966,0.911490666666667,100,0,0,"Imbalanced",0.05,"u0",1,".050_Count_Imb_u0","Beta",5000,100,5e-04,"Prop_0.25",FALSE
"CI096","MIMOSA2","BFDR",0.01,100,0.00925508323336779,100,0.0925508323336779,0.64,0.000686440746071766,0.9968,0.000686440746071766,0.00319999999999999,0.0030645806242803,0.030645806242803,0.014111491836337,0.0402015126103685,0.2,16.24,0.00394370987611677,100,0.0394370987611677,0.922666666666667,100,0,0,"Imbalanced",0.05,"u0",1,".050_Count_Imb_u0","Beta",5000,100,5e-04,"Prop_0.25",FALSE
"CI096","MIMOSA2","BFDR",0.05,100,0.00925822593560707,100,0.0925822593560707,0.7368,0.00130605084093313,0.979866666666667,0.00130605084093313,0.0201333333333333,0.00475823129098655,0.0475823129098655,0.0742010331086183,0.0358870281282637,0.85,19.93,0.00394370987611677,100,0.0394370987611677,0.922666666666667,100,0,0,"Imbalanced",0.05,"u0",1,".050_Count_Imb_u0","Beta",5000,100,5e-04,"Prop_0.25",FALSE
"CI099","DiD","BH",0.01,100,0.00307850153762699,100,0.0307850153762699,0.0176,0.000318244342101255,0.9992,0.000318244342101255,0.000799999999999999,0.0189296944860009,0.189296944860009,0.045,0.0238683256575942,0.06,0.5,0.00443142311495906,100,0.0443142311495906,0.807672,100,0,0,"Imbalanced",0.05,"s1_u1",2,".050_Count_Imb_s1_u1","Beta",5000,100,5e-04,"Prop_0.25",FALSE
"CI099","DiD","BH",0.05,100,0.00697458590060001,100,0.0697458590060001,0.0604,0.000502116731568677,0.998133333333333,0.000502116731568677,0.00186666666666666,0.0174947696742728,0.174947696742728,0.0547777777777778,0.0337997668989631,0.13,1.65,0.00443142311495906,100,0.0443142311495906,0.807672,100,0,0,"Imbalanced",0.05,"s1_u1",2,".050_Count_Imb_s1_u1","Beta",5000,100,5e-04,"Prop_0.25",FALSE
"CI099","DiD","unadjusted",0.01,100,0.00769058193539673,100,0.0769058193539673,0.1592,0.0007216392363431,0.996,0.0007216392363431,0.00399999999999999,0.0128760111512582,0.128760111512582,0.0651428571428571,0.0440844002276808,0.26,4.28,0.00443142311495906,100,0.0443142311495906,0.807672,100,0,0,"Imbalanced",0.05,"s1_u1",2,".050_Count_Imb_s1_u1","Beta",5000,100,5e-04,"Prop_0.25",FALSE
"CI099","DiD","unadjusted",0.05,100,0.00847203361273747,100,0.0847203361273747,0.3532,0.0019368712549204,0.973733333333333,0.0019368712549204,0.0262666666666667,0.0110648730019297,0.110648730019297,0.173948596338302,0.032659863237109,0.88,10.8,0.00443142311495906,100,0.0443142311495906,0.807672,100,0,0,"Imbalanced",0.05,"s1_u1",2,".050_Count_Imb_s1_u1","Beta",5000,100,5e-04,"Prop_0.25",FALSE
"CI099","MIMOSA2","BFDR",0.01,100,0.00838892969419469,100,0.0838892969419469,0.1536,0.000318244342101255,0.9992,0.000318244342101255,0.000799999999999999,0.00395303116711739,0.0395303116711739,0.00956349206349206,0.0238683256575942,0.06,3.9,0.00485888797464691,100,0.0485888797464691,0.830965333333333,100,0,0,"Imbalanced",0.05,"s1_u1",2,".050_Count_Imb_s1_u1","Beta",5000,100,5e-04,"Prop_0.25",FALSE
"CI099","MIMOSA2","BFDR",0.05,100,0.0100400008048613,100,0.100400008048613,0.2908,0.000956142643233086,0.993733333333333,0.000956142643233086,0.00626666666666666,0.00760970360460835,0.0760970360460835,0.0503568653568654,0.0479372485441102,0.35,7.74,0.00485888797464691,100,0.0485888797464691,0.830965333333333,100,0,0,"Imbalanced",0.05,"s1_u1",2,".050_Count_Imb_s1_u1","Beta",5000,100,5e-04,"Prop_0.25",FALSE
"CI100","DiD","BH",0.01,100,0.00904310664416702,100,0.0904310664416702,0.352,0.00160560186574714,0.9816,0.00160560186574714,0.0184,0.0103278437013193,0.103278437013193,0.128302281052281,0.0435194139889245,0.75,10.18,0.00453277818743878,100,0.0453277818743878,0.833432,100,0,0,"Imbalanced",0.05,"s0_u0",2,".050_Count_Imb_s0_u0","Beta",5000,100,5e-04,"Prop_0.25",FALSE
"CI100","DiD","BH",0.05,100,0.0100291292913909,100,0.100291292913909,0.4168,0.00187889214438607,0.976133333333333,0.00187889214438607,0.0238666666666667,0.00975708627102615,0.0975708627102615,0.139315334991806,0.0368452949177471,0.84,12.21,0.00453277818743878,100,0.0453277818743878,0.833432,100,0,0,"Imbalanced",0.05,"s0_u0",2,".050_Count_Imb_s0_u0","Beta",5000,100,5e-04,"Prop_0.25",FALSE
"CI100","DiD","unadjusted",0.01,100,0.00958146358571823,100,0.0958146358571823,0.4344,0.00187300511161827,0.9744,0.00187300511161827,0.0256,0.00974320948478518,0.0974320948478518,0.145347664590312,0.0348735088019777,0.86,12.78,0.00453277818743878,100,0.0453277818743878,0.833432,100,0,0,"Imbalanced",0.05,"s0_u0",2,".050_Count_Imb_s0_u0","Beta",5000,100,5e-04,"Prop_0.25",FALSE
"CI100","DiD","unadjusted",0.05,100,0.00936824638894817,100,0.0936824638894817,0.5456,0.00287018029130603,0.943333333333333,0.00287018029130603,0.0566666666666667,0.00940977943129617,0.0940977943129617,0.23025028320418,0.014070529413629,0.98,17.89,0.00453277818743878,100,0.0453277818743878,0.833432,100,0,0,"Imbalanced",0.05,"s0_u0",2,".050_Count_Imb_s0_u0","Beta",5000,100,5e-04,"Prop_0.25",FALSE
"CI100","MIMOSA2","BFDR",0.01,100,0.0137615479514552,100,0.137615479514552,0.3044,0.000716519834617767,0.9972,0.000716519834617767,0.0028,0.00493078247757723,0.0493078247757723,0.0206065641874465,0.0386122919665369,0.18,7.82,0.00496869775024939,100,0.0496869775024939,0.877301333333333,100,0,0,"Imbalanced",0.05,"s0_u0",2,".050_Count_Imb_s0_u0","Beta",5000,100,5e-04,"Prop_0.25",FALSE
"CI100","MIMOSA2","BFDR",0.05,100,0.0149092338007442,100,0.149092338007442,0.5124,0.00190734889256785,0.9828,0.00190734889256785,0.0172,0.00776331024172498,0.0776331024172498,0.0776710392018206,0.0490207130000197,0.61,14.1,0.00496869775024939,100,0.0496869775024939,0.877301333333333,100,0,0,"Imbalanced",0.05,"s0_u0",2,".050_Count_Imb_s0_u0","Beta",5000,100,5e-04,"Prop_0.25",FALSE
"CI107","DiD","BH",0.01,100,0.000876171654230361,100,0.00876171654230361,0.002,0,1,0,0,0,0,0,0,0,0.05,0.00514374044269956,100,0.0514374044269956,0.801456,100,0,0,"Imbalanced",0.025,"s1",1,".025_Count_Imb_s1","Beta",5000,100,5e-04,"Prop_0.25",FALSE
"CI107","DiD","BH",0.05,100,0.00176658090129155,100,0.0176658090129155,0.0052,0,1,0,0,0,0,0,0,0,0.13,0.00514374044269956,100,0.0514374044269956,0.801456,100,0,0,"Imbalanced",0.025,"s1",1,".025_Count_Imb_s1","Beta",5000,100,5e-04,"Prop_0.25",FALSE
"CI107","DiD","unadjusted",0.01,100,0.00370443359811298,100,0.0370443359811298,0.0412,0.000228595477330353,0.9996,0.000228595477330353,0.000399999999999999,0.0109841228136018,0.109841228136018,0.0166666666666667,0.0171446607997765,0.03,1.06,0.00514374044269956,100,0.0514374044269956,0.801456,100,0,0,"Imbalanced",0.025,"s1",1,".025_Count_Imb_s1","Beta",5000,100,5e-04,"Prop_0.25",FALSE
"CI107","DiD","unadjusted",0.05,100,0.00644867851155991,100,0.0644867851155991,0.1948,0.000836431949584107,0.9936,0.000836431949584107,0.00639999999999999,0.0111466780263108,0.111466780263108,0.0845476190476191,0.049431107042371,0.41,5.35,0.00514374044269956,100,0.0514374044269956,0.801456,100,0,0,"Imbalanced",0.025,"s1",1,".025_Count_Imb_s1","Beta",5000,100,5e-04,"Prop_0.25",FALSE
"CI107","MIMOSA2","BFDR",0.01,100,0.00814574314063065,100,0.0814574314063065,0.1952,0.000318244342101255,0.9992,0.000318244342101255,0.000799999999999999,0.00379868588198793,0.0379868588198793,0.00952380952380952,0.0238683256575942,0.06,4.94,0.00503765784568046,100,0.0503765784568046,0.807605333333333,100,0,0,"Imbalanced",0.025,"s1",1,".025_Count_Imb_s1","Beta",5000,100,5e-04,"Prop_0.25",FALSE
"CI107","MIMOSA2","BFDR",0.05,100,0.0102224945066942,100,0.102224945066942,0.3284,0.000898533535283563,0.9936,0.000898533535283563,0.00639999999999999,0.00736363855922593,0.0736363855922593,0.0507638554256201,0.0487831731214563,0.38,8.69,0.00503765784568046,100,0.0503765784568046,0.807605333333333,100,0,0,"Imbalanced",0.025,"s1",1,".025_Count_Imb_s1","Beta",5000,100,5e-04,"Prop_0.25",FALSE
"CI108","DiD","BH",0.01,100,0.00995050376878102,100,0.0995050376878102,0.5424,0.00329783114117297,0.9192,0.00329783114117297,0.0808,0.00919472651906743,0.0919472651906743,0.30161134530095,0,1,19.62,0.0043230514309366,100,0.043230514309366,0.832738666666667,100,0,0,"Imbalanced",0.025,"u1",1,".025_Count_Imb_u1","Beta",5000,100,5e-04,"Prop_0.25",FALSE
"CI108","DiD","BH",0.05,100,0.0102414487611506,100,0.102414487611506,0.5996,0.00398918853155523,0.872133333333333,0.00398918853155523,0.127866666666667,0.00844841996498945,0.0844841996498945,0.384224853973294,0,1,24.58,0.0043230514309366,100,0.043230514309366,0.832738666666667,100,0,0,"Imbalanced",0.025,"u1",1,".025_Count_Imb_u1","Beta",5000,100,5e-04,"Prop_0.25",FALSE
"CI108","DiD","unadjusted",0.01,100,0.00959553768344137,100,0.0959553768344137,0.5908,0.00357296244117687,0.8796,0.00357296244117687,0.1204,0.00827932612487321,0.0827932612487321,0.375386812817107,0,1,23.8,0.0043230514309366,100,0.043230514309366,0.832738666666667,100,0,0,"Imbalanced",0.025,"u1",1,".025_Count_Imb_u1","Beta",5000,100,5e-04,"Prop_0.25",FALSE
"CI108","DiD","unadjusted",0.05,100,0.0086783138519606,100,0.086783138519606,0.664,0.00371607361909536,0.804,0.00371607361909536,0.196,0.00584735055234177,0.0584735055234177,0.467609603285418,0,1,31.3,0.0043230514309366,100,0.043230514309366,0.832738666666667,100,0,0,"Imbalanced",0.025,"u1",1,".025_Count_Imb_u1","Beta",5000,100,5e-04,"Prop_0.25",FALSE
"CI108","MIMOSA2","BFDR",0.01,100,0.0125986050213843,100,0.125986050213843,0.3468,0.000444444444444444,0.998666666666667,0.000444444444444444,0.00133333333333333,0.00265789669639767,0.0265789669639767,0.00802846173434409,0.0287623491264661,0.09,8.77,0.00457316288714585,100,0.0457316288714585,0.892594666666667,100,0,0,"Imbalanced",0.025,"u1",1,".025_Count_Imb_u1","Beta",5000,100,5e-04,"Prop_0.25",FALSE
"CI108","MIMOSA2","BFDR",0.05,100,0.0115966557352723,100,0.115966557352723,0.5468,0.00132631147640193,0.986933333333333,0.00132631147640193,0.0130666666666667,0.00587334821169703,0.0587334821169703,0.0617030641768157,0.048523658709391,0.63,14.65,0.00457316288714585,100,0.0457316288714585,0.892594666666667,100,0,0,"Imbalanced",0.025,"u1",1,".025_Count_Imb_u1","Beta",5000,100,5e-04,"Prop_0.25",FALSE
"CI109","DiD","BH",0.01,100,0.00923270427788242,100,0.0923270427788242,0.4864,0.00419354428764981,0.855066666666667,0.00419354428764981,0.144933333333333,0.00838420449723198,0.0838420449723198,0.467096435092818,0,1,23.03,0.00521625345552087,100,0.0521625345552087,0.75532,100,0,0,"Imbalanced",0.025,"s0",1,".025_Count_Imb_s0","Beta",5000,100,5e-04,"Prop_0.25",FALSE
"CI109","DiD","BH",0.05,100,0.00941127627966161,100,0.0941127627966161,0.5256,0.00464383061044393,0.8004,0.00464383061044393,0.1996,0.00754216325341149,0.0754216325341149,0.52911444213246,0,1,28.11,0.00521625345552087,100,0.0521625345552087,0.75532,100,0,0,"Imbalanced",0.025,"s0",1,".025_Count_Imb_s0","Beta",5000,100,5e-04,"Prop_0.25",FALSE
"CI109","DiD","unadjusted",0.01,100,0.0092843737516106,100,0.092843737516106,0.5168,0.00419467890173544,0.813866666666667,0.00419467890173544,0.186133333333333,0.00756965366002407,0.0756965366002407,0.516673271626201,0,1,26.88,0.00521625345552087,100,0.0521625345552087,0.75532,100,0,0,"Imbalanced",0.025,"s0",1,".025_Count_Imb_s0","Beta",5000,100,5e-04,"Prop_0.25",FALSE
"CI109","DiD","unadjusted",0.05,100,0.00903416634870986,100,0.0903416634870986,0.564,0.00464933771516702,0.7376,0.00464933771516702,0.2624,0.00621615270983327,0.0621615270983327,0.580570037256603,0,1,33.78,0.00521625345552087,100,0.0521625345552087,0.75532,100,0,0,"Imbalanced",0.025,"s0",1,".025_Count_Imb_s0","Beta",5000,100,5e-04,"Prop_0.25",FALSE
"CI109","MIMOSA2","BFDR",0.01,100,0.0114129821526261,100,0.114129821526261,0.3608,0.000570269788674008,0.997733333333333,0.000570269788674008,0.00226666666666666,0.00417014138442323,0.0417014138442323,0.0159165279165279,0.0358870281282637,0.15,9.19,0.00579324279316913,100,0.0579324279316913,0.854517333333333,100,0,0,"Imbalanced",0.025,"s0",1,".025_Count_Imb_s0","Beta",5000,100,5e-04,"Prop_0.25",FALSE
"CI109","MIMOSA2","BFDR",0.05,100,0.0125007312917398,100,0.125007312917398,0.5188,0.00145140513982492,0.9884,0.00145140513982492,0.0116,0.00623518407242096,0.0623518407242096,0.0580669457933222,0.0497569851956243,0.57,13.84,0.00579324279316913,100,0.0579324279316913,0.854517333333333,100,0,0,"Imbalanced",0.025,"s0",1,".025_Count_Imb_s0","Beta",5000,100,5e-04,"Prop_0.25",FALSE
"CI110","DiD","BH",0.01,100,0.00851702988017525,100,0.0851702988017525,0.4216,0.000133333333333333,0.999866666666667,0.000133333333333333,0.000133333333333333,0.000833333333333333,0.00833333333333333,0.000833333333333333,0.01,0.01,10.55,0.00340402666424107,100,0.0340402666424107,0.9052,100,0,0,"Imbalanced",0.025,"u0",1,".025_Count_Imb_u0","Beta",5000,100,5e-04,"Prop_0.25",FALSE
"CI110","DiD","BH",0.05,100,0.00870768846387136,100,0.0870768846387136,0.4712,0.000292057218076787,0.999333333333333,0.000292057218076787,0.000666666666666665,0.00177627147191907,0.0177627147191907,0.00402197802197802,0.021904291355759,0.05,11.83,0.00340402666424107,100,0.0340402666424107,0.9052,100,0,0,"Imbalanced",0.025,"u0",1,".025_Count_Imb_u0","Beta",5000,100,5e-04,"Prop_0.25",FALSE
"CI110","DiD","unadjusted",0.01,100,0.0082192186706253,100,0.082192186706253,0.488,0.000483162050226318,0.998666666666667,0.000483162050226318,0.00133333333333333,0.00317945996847476,0.0317945996847476,0.00876140526140526,0.0272659924344291,0.08,12.3,0.00340402666424107,100,0.0340402666424107,0.9052,100,0,0,"Imbalanced",0.025,"u0",1,".025_Count_Imb_u0","Beta",5000,100,5e-04,"Prop_0.25",FALSE
"CI110","DiD","unadjusted",0.05,100,0.00754793436188426,100,0.0754793436188426,0.5772,0.00110981742869179,0.990533333333333,0.00110981742869179,0.00946666666666665,0.00510226206859394,0.0510226206859394,0.0448051198887112,0.0502418393795691,0.51,15.14,0.00340402666424107,100,0.0340402666424107,0.9052,100,0,0,"Imbalanced",0.025,"u0",1,".025_Count_Imb_u0","Beta",5000,100,5e-04,"Prop_0.25",FALSE
"CI110","MIMOSA2","BFDR",0.01,100,0.00872761783829431,100,0.0872761783829431,0.6252,0.00056853524361496,0.997333333333333,0.00056853524361496,0.00266666666666666,0.0026592119570219,0.026592119570219,0.0125251486559536,0.0394277244403663,0.19,15.83,0.00407051763130397,100,0.0407051763130397,0.909965333333333,100,0,0,"Imbalanced",0.025,"u0",1,".025_Count_Imb_u0","Beta",5000,100,5e-04,"Prop_0.25",FALSE
"CI110","MIMOSA2","BFDR",0.05,100,0.00903738587393188,100,0.0903738587393188,0.7168,0.00132732653673807,0.982266666666667,0.00132732653673807,0.0177333333333333,0.00470442549060124,0.0470442549060124,0.0672499503450439,0.0409360180740332,0.79,19.25,0.00407051763130397,100,0.0407051763130397,0.909965333333333,100,0,0,"Imbalanced",0.025,"u0",1,".025_Count_Imb_u0","Beta",5000,100,5e-04,"Prop_0.25",FALSE
"CI113","DiD","BH",0.01,100,0.00139494035207911,100,0.0139494035207911,0.0056,0.000464980117359702,0.998133333333333,0.000464980117359702,0.00186666666666666,0.033044200579212,0.33044200579212,0.13,0.0348735088019777,0.14,0.28,0.00542815804257108,100,0.0542815804257108,0.749218666666667,100,0,0,"Imbalanced",0.025,"s1_u1",2,".025_Count_Imb_s1_u1","Beta",5000,100,5e-04,"Prop_0.25",FALSE
"CI113","DiD","BH",0.05,100,0.00167886445509632,100,0.0167886445509632,0.0064,0.000555110933190968,0.997066666666667,0.000555110933190968,0.00293333333333333,0.0396289609434129,0.396289609434129,0.205,0.0416333199893227,0.22,0.38,0.00542815804257108,100,0.0542815804257108,0.749218666666667,100,0,0,"Imbalanced",0.025,"s1_u1",2,".025_Count_Imb_s1_u1","Beta",5000,100,5e-04,"Prop_0.25",FALSE
"CI113","DiD","unadjusted",0.01,100,0.00381385035698237,100,0.0381385035698237,0.04,0.000918594544480462,0.993466666666667,0.000918594544480462,0.00653333333333332,0.0355665860415181,0.355665860415181,0.250333333333333,0.0490207130000197,0.39,1.49,0.00542815804257108,100,0.0542815804257108,0.749218666666667,100,0,0,"Imbalanced",0.025,"s1_u1",2,".025_Count_Imb_s1_u1","Beta",5000,100,5e-04,"Prop_0.25",FALSE
"CI113","DiD","unadjusted",0.05,100,0.00713687252898281,100,0.0713687252898281,0.1912,0.00187626201449206,0.9752,0.00187626201449206,0.0248,0.0184068467745937,0.184068467745937,0.268211038961039,0.0386122919665369,0.82,6.64,0.00542815804257108,100,0.0542815804257108,0.749218666666667,100,0,0,"Imbalanced",0.025,"s1_u1",2,".025_Count_Imb_s1_u1","Beta",5000,100,5e-04,"Prop_0.25",FALSE
"CI113","MIMOSA2","BFDR",0.01,100,0.00447665098487743,100,0.0447665098487743,0.04,0.000228595477330353,0.9996,0.000228595477330353,0.000399999999999999,0.0113790299776529,0.113790299776529,0.0175,0.0171446607997765,0.03,1.03,0.00594736901530962,100,0.0594736901530962,0.77808,100,0,0,"Imbalanced",0.025,"s1_u1",2,".025_Count_Imb_s1_u1","Beta",5000,100,5e-04,"Prop_0.25",FALSE
"CI113","MIMOSA2","BFDR",0.05,100,0.00818730231467723,100,0.0818730231467723,0.1272,0.000644897089381131,0.997066666666667,0.000644897089381131,0.00293333333333333,0.0126184981056294,0.126184981056294,0.0544960317460317,0.0394277244403663,0.19,3.4,0.00594736901530962,100,0.0594736901530962,0.77808,100,0,0,"Imbalanced",0.025,"s1_u1",2,".025_Count_Imb_s1_u1","Beta",5000,100,5e-04,"Prop_0.25",FALSE
"CI114","DiD","BH",0.01,100,0.00932631770958946,100,0.0932631770958946,0.3764,0.00220045908892217,0.9608,0.00220045908892217,0.0392,0.0110334877131826,0.110334877131826,0.231016074353923,0.0256432399976243,0.93,12.35,0.0050922659272518,100,0.050922659272518,0.799682666666667,100,0,0,"Imbalanced",0.025,"s0_u0",2,".025_Count_Imb_s0_u0","Beta",5000,100,5e-04,"Prop_0.25",FALSE
"CI114","DiD","BH",0.05,100,0.0102035050424604,100,0.102035050424604,0.4236,0.00254383787044519,0.952266666666667,0.00254383787044519,0.0477333333333333,0.0103368681308231,0.103368681308231,0.245773434379219,0.0196946385566932,0.96,14.17,0.0050922659272518,100,0.050922659272518,0.799682666666667,100,0,0,"Imbalanced",0.025,"s0_u0",2,".025_Count_Imb_s0_u0","Beta",5000,100,5e-04,"Prop_0.25",FALSE
"CI114","DiD","unadjusted",0.01,100,0.00947391954341768,100,0.0947391954341768,0.4368,0.00254154260888386,0.950266666666667,0.00254154260888386,0.0497333333333333,0.0105131785745224,0.105131785745224,0.248469322641284,0.0196946385566932,0.96,14.65,0.0050922659272518,100,0.050922659272518,0.799682666666667,100,0,0,"Imbalanced",0.025,"s0_u0",2,".025_Count_Imb_s0_u0","Beta",5000,100,5e-04,"Prop_0.25",FALSE
"CI114","DiD","unadjusted",0.05,100,0.0096559815553873,100,0.096559815553873,0.5188,0.00314166811796089,0.9208,0.00314166811796089,0.0792,0.00935695454828126,0.0935695454828126,0.309512474276401,0,1,18.91,0.0050922659272518,100,0.050922659272518,0.799682666666667,100,0,0,"Imbalanced",0.025,"s0_u0",2,".025_Count_Imb_s0_u0","Beta",5000,100,5e-04,"Prop_0.25",FALSE
"CI114","MIMOSA2","BFDR",0.01,100,0.0101016250317871,100,0.101016250317871,0.1476,0.000552516942673832,0.998666666666667,0.000552516942673832,0.00133333333333333,0.00491392290752335,0.0491392290752335,0.0119603174603175,0.0256432399976243,0.07,3.79,0.00543555043484483,100,0.0543555043484483,0.850213333333333,100,0,0,"Imbalanced",0.025,"s0_u0",2,".025_Count_Imb_s0_u0","Beta",5000,100,5e-04,"Prop_0.25",FALSE
"CI114","MIMOSA2","BFDR",0.05,100,0.0142771414392646,100,0.142771414392646,0.3704,0.0014166557733786,0.990933333333333,0.0014166557733786,0.00906666666666666,0.00885135638280585,0.0885135638280585,0.0620104104701628,0.049431107042371,0.41,9.94,0.00543555043484483,100,0.0543555043484483,0.850213333333333,100,0,0,"Imbalanced",0.025,"s0_u0",2,".025_Count_Imb_s0_u0","Beta",5000,100,5e-04,"Prop_0.25",FALSE
