"Scenario_ID","Method","Rule","Alpha","n_ok","TPR_mcse","TPR_n","TPR_sd","TPR","TNR_mcse","TNR","FPR_mcse","FPR","FDR_mcse","FDP_sd","FDR","Any_FP_mcse","Any_FP","Calls","AUC_mcse","AUC_n","AUC_sd","AUC","n_planned","Fail_rate","Fail_mcse","Distribution","P","Effect","Cell_range","Res_prop","Phi","Fail_flag"
"PF006","DiD","BH",0.01,100,0.00521365727893791,100,0.0521365727893791,0.7564,0.00078778554226773,0.9984,0.00078778554226773,0.0016,0.00102385916267384,0.0102385916267384,0.00207894736842105,0.0196946385566932,0.04,18.95,0.00247730110557372,100,0.0247730110557372,0.941488,100,0,0,"Beta",50,0.001,"High","Prop_0.50",10000,FALSE
"PF006","DiD","BH",0.05,100,0.0054796593568092,100,0.054796593568092,0.7844,0.00261649777490076,0.9832,0.00261649777490076,0.0168,0.00313154647260505,0.0313154647260505,0.0202117943079041,0.0476095228569523,0.34,20.03,0.00247730110557372,100,0.0247730110557372,0.941488,100,0,0,"Beta",50,0.001,"High","Prop_0.50",10000,FALSE
"PF006","DiD","unadjusted",0.01,100,0.0051575579531794,100,0.051575579531794,0.7716,0.00209511215678182,0.9912,0.00209511215678182,0.0088,0.00258573708030922,0.0258573708030922,0.0109461912356649,0.0386122919665369,0.18,19.51,0.00247730110557372,100,0.0247730110557372,0.941488,100,0,0,"Beta",50,0.001,"High","Prop_0.50",10000,FALSE
"PF006","DiD","unadjusted",0.05,100,0.00547154254098218,100,0.0547154254098218,0.8104,0.00368365211838644,0.9608,0.00368365211838644,0.0392,0.00404898799947272,0.0404898799947272,0.044534301663249,0.0479372485441102,0.65,21.24,0.00247730110557372,100,0.0247730110557372,0.941488,100,0,0,"Beta",50,0.001,"High","Prop_0.50",10000,FALSE
"PF006","MIMOSA2","BFDR",0.01,100,0.00560865132602925,100,0.0560865132602925,0.9024,0.00122992978365729,0.9968,0.00122992978365729,0.0032,0.0013099050367611,0.013099050367611,0.00345484660267269,0.0256432399976243,0.07,22.64,0.00258022315220051,100,0.0258022315220051,0.96528,100,0,0,"Beta",50,0.001,"High","Prop_0.50",10000,FALSE
"PF006","MIMOSA2","BFDR",0.05,100,0.00430644337539164,100,0.0430644337539164,0.93,0.00258636674299932,0.9676,0.00258636674299932,0.0324,0.00261819388167989,0.0261819388167989,0.0329824707498621,0.0468826172262151,0.68,24.06,0.00258022315220051,100,0.0258022315220051,0.96528,100,0,0,"Beta",50,0.001,"High","Prop_0.50",10000,FALSE
"PF007","DiD","BH",0.01,100,0.00482485149193132,100,0.0482485149193132,0.7544,0.00115049396505865,0.9964,0.00115049396505865,0.0036,0.00146659996519167,0.0146659996519167,0.00457486854390879,0.0287623491264661,0.09,18.95,0.00257123745706344,100,0.0257123745706344,0.938384,100,0,0,"EG",50,0.001,"High","Prop_0.50",10000,FALSE
"PF007","DiD","BH",0.05,100,0.00522062730856642,100,0.0522062730856642,0.7776,0.00247818767275889,0.984,0.00247818767275889,0.016,0.00297286711577945,0.0297286711577945,0.0192970164211583,0.0472581562625261,0.33,19.84,0.00257123745706344,100,0.0257123745706344,0.938384,100,0,0,"EG",50,0.001,"High","Prop_0.50",10000,FALSE
"PF007","DiD","unadjusted",0.01,100,0.00476960070751115,100,0.0476960070751115,0.7672,0.00143548112513055,0.994,0.00143548112513055,0.00600000000000001,0.00180966060086613,0.0180966060086613,0.00753951500855526,0.0358870281282637,0.15,19.33,0.00257123745706344,100,0.0257123745706344,0.938384,100,0,0,"EG",50,0.001,"High","Prop_0.50",10000,FALSE
"PF007","DiD","unadjusted",0.05,100,0.00494592986426438,100,0.0494592986426437,0.8032,0.00371423687391576,0.9632,0.00371423687391576,0.0368,0.00415044515390057,0.0415044515390057,0.0421664027429474,0.0490207130000197,0.61,21,0.00257123745706344,100,0.0257123745706344,0.938384,100,0,0,"EG",50,0.001,"High","Prop_0.50",10000,FALSE
"PF007","MIMOSA2","BFDR",0.01,100,0.00629137617230238,100,0.0629137617230238,0.8988,0.000954733026303769,0.9976,0.000954733026303769,0.0024,0.00101491672907876,0.0101491672907876,0.00254558846950151,0.0238683256575942,0.06,22.53,0.00300462942470415,100,0.0300462942470415,0.96276,100,0,0,"EG",50,0.001,"High","Prop_0.50",10000,FALSE
"PF007","MIMOSA2","BFDR",0.05,100,0.00493284190836573,100,0.0493284190836573,0.9248,0.00237971223113853,0.9744,0.00237971223113853,0.0256,0.00236401093522219,0.0236401093522219,0.0260587803500847,0.049431107042371,0.59,23.76,0.00300462942470415,100,0.0300462942470415,0.96276,100,0,0,"EG",50,0.001,"High","Prop_0.50",10000,FALSE
"PF008","DiD","BH",0.01,100,0.00410449371870255,100,0.0410449371870255,0.7504,0.000876171654230362,0.998,0.000876171654230362,0.002,0.00113179556188449,0.0113179556188449,0.00258145363408521,0.021904291355759,0.05,18.81,0.00274772265667039,100,0.0274772265667039,0.9382,100,0,0,"LN",50,0.001,"High","Prop_0.50",10000,FALSE
"PF008","DiD","BH",0.05,100,0.0046536615322309,100,0.046536615322309,0.776,0.00226559689550663,0.9872,0.00226559689550663,0.0128,0.00277260132019958,0.0277260132019958,0.0158069036226931,0.0446196043338474,0.27,19.72,0.00274772265667039,100,0.0274772265667039,0.9382,100,0,0,"LN",50,0.001,"High","Prop_0.50",10000,FALSE
"PF008","DiD","unadjusted",0.01,100,0.0044,100,0.044,0.7644,0.00139494035207911,0.9944,0.00139494035207911,0.00560000000000001,0.00178214682250471,0.0178214682250471,0.00714452798663325,0.0348735088019777,0.14,19.25,0.00274772265667039,100,0.0274772265667039,0.9382,100,0,0,"LN",50,0.001,"High","Prop_0.50",10000,FALSE
"PF008","DiD","unadjusted",0.05,100,0.00468826172262151,100,0.0468826172262151,0.8,0.0034251594374156,0.9684,0.0034251594374156,0.0316,0.00392599407982045,0.0392599407982045,0.0367458369243266,0.0498887651569859,0.56,20.79,0.00274772265667039,100,0.0274772265667039,0.9382,100,0,0,"LN",50,0.001,"High","Prop_0.50",10000,FALSE
"PF008","MIMOSA2","BFDR",0.01,100,0.0056309390644434,100,0.056309390644434,0.8964,0.00102572959990497,0.9972,0.00102572959990497,0.0028,0.00105191686300148,0.0105191686300148,0.00286939799331104,0.0256432399976243,0.07,22.48,0.00281570188963838,100,0.0281570188963838,0.964792,100,0,0,"LN",50,0.001,"High","Prop_0.50",10000,FALSE
"PF008","MIMOSA2","BFDR",0.05,100,0.00451260859854213,100,0.0451260859854213,0.928,0.0024023557462027,0.9708,0.0024023557462027,0.0292,0.00242120594335522,0.0242120594335522,0.0298802758433193,0.0479372485441102,0.65,23.93,0.00281570188963838,100,0.0281570188963838,0.964792,100,0,0,"LN",50,0.001,"High","Prop_0.50",10000,FALSE
"PF009","DiD","BH",0.01,100,0.00482819999083666,100,0.0482819999083666,0.7504,0.00078778554226773,0.9984,0.00078778554226773,0.0016,0.0010260783451025,0.010260783451025,0.00208187134502924,0.0196946385566932,0.04,18.8,0.00280733975949697,100,0.0280733975949697,0.942352,100,0,0,"SX",50,0.001,"High","Prop_0.50",10000,FALSE
"PF009","DiD","BH",0.05,100,0.00561153213741959,100,0.0561153213741959,0.7816,0.00236984421769905,0.986,0.00236984421769905,0.014,0.00280617571600935,0.0280617571600935,0.0167416986141242,0.0460566186471838,0.3,19.89,0.00280733975949697,100,0.0280733975949697,0.942352,100,0,0,"SX",50,0.001,"High","Prop_0.50",10000,FALSE
"PF009","DiD","unadjusted",0.01,100,0.00499793896915458,100,0.0499793896915458,0.7648,0.00115049396505865,0.9964,0.00115049396505865,0.0036,0.0014369874290219,0.014369874290219,0.00448879775195565,0.0287623491264661,0.09,19.21,0.00280733975949697,100,0.0280733975949697,0.942352,100,0,0,"SX",50,0.001,"High","Prop_0.50",10000,FALSE
"PF009","DiD","unadjusted",0.05,100,0.00578049664078628,100,0.0578049664078627,0.806,0.00379920246814241,0.9652,0.00379920246814241,0.0348,0.00422152334960372,0.0422152334960372,0.0401420219622737,0.0497569851956243,0.57,21.02,0.00280733975949697,100,0.0280733975949697,0.942352,100,0,0,"SX",50,0.001,"High","Prop_0.50",10000,FALSE
"PF009","MIMOSA2","BFDR",0.01,100,0.00597422071330756,100,0.0597422071330756,0.8984,0.00109063969737716,0.9968,0.00109063969737716,0.0032,0.00116580382193457,0.0116580382193457,0.00340820845820846,0.0272659924344291,0.08,22.54,0.00277004221971253,100,0.0277004221971253,0.967288,100,0,0,"SX",50,0.001,"High","Prop_0.50",10000,FALSE
"PF009","MIMOSA2","BFDR",0.05,100,0.00472449024560408,100,0.0472449024560408,0.9332,0.00241577308453414,0.9732,0.00241577308453414,0.0268,0.00243061050699577,0.0243061050699577,0.0271653885566929,0.0492365963917331,0.6,24,0.00277004221971253,100,0.0277004221971253,0.967288,100,0,0,"SX",50,0.001,"High","Prop_0.50",10000,FALSE
"PF010","DiD","BH",0.01,100,0.00528753059546513,100,0.0528753059546513,0.7396,0.00115049396505865,0.9964,0.00115049396505865,0.0036,0.0014400924048277,0.014400924048277,0.00449535069557953,0.0287623491264661,0.09,18.58,0.00230496991369308,100,0.0230496991369308,0.942184,100,0,0,"BB",50,0.001,"High","Prop_0.50",10000,FALSE
"PF010","DiD","BH",0.05,100,0.00573854590387749,100,0.0573854590387749,0.7728,0.00233688042077683,0.9844,0.00233688042077683,0.0156,0.00277453906697663,0.0277453906697663,0.0188868288144604,0.0476095228569523,0.34,19.71,0.00230496991369308,100,0.0230496991369308,0.942184,100,0,0,"BB",50,0.001,"High","Prop_0.50",10000,FALSE
"PF010","DiD","unadjusted",0.01,100,0.00544296413600701,100,0.0544296413600701,0.7548,0.0017847841733539,0.9908,0.0017847841733539,0.00920000000000001,0.00221252192987879,0.0221252192987879,0.0114751107016553,0.0416333199893227,0.22,19.1,0.00230496991369308,100,0.0230496991369308,0.942184,100,0,0,"BB",50,0.001,"High","Prop_0.50",10000,FALSE
"PF010","DiD","unadjusted",0.05,100,0.00556990470150418,100,0.0556990470150418,0.8008,0.00335845082131508,0.9644,0.00335845082131508,0.0356,0.00379679039112582,0.0379679039112582,0.0410654287718832,0.048523658709391,0.63,20.91,0.00230496991369308,100,0.0230496991369308,0.942184,100,0,0,"BB",50,0.001,"High","Prop_0.50",10000,FALSE
"PF010","MIMOSA2","BFDR",0.01,100,0.00551449879587411,100,0.0551449879587411,0.9088,0.00078778554226773,0.9984,0.00078778554226773,0.0016,0.000806419287326131,0.0080641928732613,0.0016360646599777,0.0196946385566932,0.04,22.76,0.00226041204789362,100,0.0226041204789362,0.97064,100,0,0,"BB",50,0.001,"High","Prop_0.50",10000,FALSE
"PF010","MIMOSA2","BFDR",0.05,100,0.00391319962602616,100,0.0391319962602616,0.938,0.00233411242404491,0.9692,0.00233411242404491,0.0308,0.00230252286462837,0.0230252286462837,0.0309765689222211,0.0464823198711732,0.69,24.22,0.00226041204789362,100,0.0226041204789362,0.97064,100,0,0,"BB",50,0.001,"High","Prop_0.50",10000,FALSE
"PF021","DiD","BH",0.01,100,0.0106377638722628,100,0.106377638722628,0.5236,0.00078778554226773,0.9984,0.00078778554226773,0.0016,0.00119094840933395,0.0119094840933395,0.00239775910364146,0.0196946385566932,0.04,13.13,0.00360332380790937,100,0.0360332380790937,0.919936,100,0,0,"Beta",50,0.00025,"High","Prop_0.50",10000,FALSE
"PF021","DiD","BH",0.05,100,0.0111754420516821,100,0.111754420516821,0.6072,0.00213636148721147,0.9904,0.00213636148721147,0.0096,0.0030281804551925,0.030281804551925,0.0142666016474066,0.0402015126103685,0.2,15.42,0.00360332380790937,100,0.0360332380790937,0.919936,100,0,0,"Beta",50,0.00025,"High","Prop_0.50",10000,FALSE
"PF021","DiD","unadjusted",0.01,100,0.00991886275657842,100,0.0991886275657842,0.586,0.00161006932531591,0.9944,0.00161006932531591,0.0056,0.00253905284435867,0.0253905284435867,0.00889598146951088,0.032659863237109,0.12,14.79,0.00360332380790937,100,0.0360332380790937,0.919936,100,0,0,"Beta",50,0.00025,"High","Prop_0.50",10000,FALSE
"PF021","DiD","unadjusted",0.05,100,0.00872067090366911,100,0.0872067090366911,0.6848,0.00370094173109625,0.97,0.00370094173109625,0.03,0.00493510666348381,0.049351066634838,0.0404544822222841,0.0502418393795691,0.49,17.87,0.00360332380790937,100,0.0360332380790937,0.919936,100,0,0,"Beta",50,0.00025,"High","Prop_0.50",10000,FALSE
"PF021","MIMOSA2","BFDR",0.01,100,0.00922009224520563,100,0.0922009224520563,0.672,0.00109063969737716,0.9968,0.00109063969737716,0.0032,0.00142933996104581,0.0142933996104581,0.00415250626566416,0.0272659924344291,0.08,16.88,0.00372031279232369,100,0.0372031279232369,0.93196,100,0,0,"Beta",50,0.00025,"High","Prop_0.50",10000,FALSE
"PF021","MIMOSA2","BFDR",0.05,100,0.00862638658156157,100,0.0862638658156157,0.7736,0.00263496305534448,0.9792,0.00263496305534448,0.0208,0.00313731895650696,0.0313731895650696,0.0248205214138449,0.0497569851956243,0.43,19.86,0.00372031279232369,100,0.0372031279232369,0.93196,100,0,0,"Beta",50,0.00025,"High","Prop_0.50",10000,FALSE
"PF022","DiD","BH",0.01,100,0.010413588636144,100,0.10413588636144,0.4996,0.000876171654230362,0.998,0.000876171654230362,0.002,0.00143615038945606,0.0143615038945606,0.0032378079436903,0.021904291355759,0.05,12.54,0.00371587006546708,100,0.0371587006546708,0.913384,100,0,0,"EG",50,0.00025,"High","Prop_0.50",10000,FALSE
"PF022","DiD","BH",0.05,100,0.0102809031557043,100,0.102809031557043,0.6,0.00227981923791685,0.9888,0.00227981923791685,0.0112,0.00329403062993066,0.0329403062993066,0.0167532516503105,0.0422952584681651,0.23,15.28,0.00371587006546708,100,0.0371587006546708,0.913384,100,0,0,"EG",50,0.00025,"High","Prop_0.50",10000,FALSE
"PF022","DiD","unadjusted",0.01,100,0.00953411736551391,100,0.0953411736551391,0.5736,0.00177023653044936,0.9924,0.00177023653044936,0.0076,0.0029626531310532,0.029626531310532,0.0128025944643592,0.0377525168068637,0.17,14.53,0.00371587006546708,100,0.0371587006546708,0.913384,100,0,0,"EG",50,0.00025,"High","Prop_0.50",10000,FALSE
"PF022","DiD","unadjusted",0.05,100,0.00936712497530754,100,0.0936712497530754,0.6788,0.00381385035698237,0.96,0.00381385035698237,0.04,0.00522398660611931,0.0522398660611931,0.0552662026487743,0.0482418151324422,0.64,17.97,0.00371587006546708,100,0.0371587006546708,0.913384,100,0,0,"EG",50,0.00025,"High","Prop_0.50",10000,FALSE
"PF022","MIMOSA2","BFDR",0.01,100,0.0101674068284967,100,0.101674068284967,0.6424,0.00115049396505865,0.9964,0.00115049396505865,0.0036,0.00172810556667143,0.0172810556667143,0.00539232886136911,0.0287623491264661,0.09,16.15,0.00358791092532699,100,0.0358791092532699,0.934032,100,0,0,"EG",50,0.00025,"High","Prop_0.50",10000,FALSE
"PF022","MIMOSA2","BFDR",0.05,100,0.00912592046000973,100,0.0912592046000973,0.7548,0.00308138759245725,0.974,0.00308138759245725,0.026,0.00378800002876445,0.0378800002876445,0.0319283422250713,0.0502418393795691,0.49,19.52,0.00358791092532699,100,0.0358791092532699,0.934032,100,0,0,"EG",50,0.00025,"High","Prop_0.50",10000,FALSE
"PF023","DiD","BH",0.01,100,0.00996284004780674,100,0.0996284004780674,0.5088,0.000954733026303769,0.9976,0.000954733026303769,0.0024,0.0020056810372651,0.020056810372651,0.00492796092796093,0.0238683256575942,0.06,12.78,0.00386596975955816,100,0.0386596975955816,0.909648,100,0,0,"LN",50,0.00025,"High","Prop_0.50",10000,FALSE
"PF023","DiD","BH",0.05,100,0.0100965040454305,100,0.100965040454305,0.598,0.0030202013445491,0.9864,0.0030202013445491,0.0136,0.00412339336950119,0.0412339336950119,0.0201424531351002,0.0429234695990928,0.24,15.29,0.00386596975955816,100,0.0386596975955816,0.909648,100,0,0,"LN",50,0.00025,"High","Prop_0.50",10000,FALSE
"PF023","DiD","unadjusted",0.01,100,0.00884533775499839,100,0.0884533775499839,0.5732,0.00210396451174127,0.9924,0.00210396451174127,0.0076,0.00322283232451116,0.0322283232451116,0.0121539340432529,0.0358870281282637,0.15,14.52,0.00386596975955816,100,0.0386596975955816,0.909648,100,0,0,"LN",50,0.00025,"High","Prop_0.50",10000,FALSE
"PF023","DiD","unadjusted",0.05,100,0.00870388279778489,100,0.0870388279778489,0.678,0.00405935756473655,0.9608,0.00405935756473655,0.0392,0.00523197001102508,0.0523197001102508,0.0531634580272183,0.048523658709391,0.63,17.93,0.00386596975955816,100,0.0386596975955816,0.909648,100,0,0,"LN",50,0.00025,"High","Prop_0.50",10000,FALSE
"PF023","MIMOSA2","BFDR",0.01,100,0.00956922677179828,100,0.0956922677179828,0.6484,0.00161006932531591,0.9944,0.00161006932531591,0.0056,0.00212845574727056,0.0212845574727056,0.00749788687404786,0.032659863237109,0.12,16.35,0.00404802874585553,100,0.0404802874585553,0.926192,100,0,0,"LN",50,0.00025,"High","Prop_0.50",10000,FALSE
"PF023","MIMOSA2","BFDR",0.05,100,0.00929646397423463,100,0.0929646397423463,0.758,0.00345148189517594,0.9708,0.00345148189517594,0.0292,0.00405973440720495,0.0405973440720495,0.0355035291233198,0.0502116731568678,0.52,19.68,0.00404802874585553,100,0.0404802874585553,0.926192,100,0,0,"LN",50,0.00025,"High","Prop_0.50",10000,FALSE
"PF024","DiD","BH",0.01,100,0.00960429196986557,100,0.0960429196986557,0.502,0.000562821176545159,0.9992,0.000562821176545159,0.000800000000000001,0.000944357094860781,0.00944357094860781,0.00133928571428571,0.014070529413629,0.02,12.57,0.00327703980735509,100,0.0327703980735509,0.90772,100,0,0,"SX",50,0.00025,"High","Prop_0.50",10000,FALSE
"PF024","DiD","BH",0.05,100,0.00985256978220055,100,0.0985256978220055,0.5824,0.00170560573084488,0.992,0.00170560573084488,0.00800000000000001,0.00276759836836533,0.0276759836836533,0.0128371787311416,0.0394277244403663,0.19,14.76,0.00327703980735509,100,0.0327703980735509,0.90772,100,0,0,"SX",50,0.00025,"High","Prop_0.50",10000,FALSE
"PF024","DiD","unadjusted",0.01,100,0.00906764700582363,100,0.0906764700582363,0.558,0.00120604537831106,0.996,0.00120604537831106,0.004,0.00223208719045059,0.0223208719045059,0.00708417867821893,0.0301511344577764,0.1,14.05,0.00327703980735509,100,0.0327703980735509,0.90772,100,0,0,"SX",50,0.00025,"High","Prop_0.50",10000,FALSE
"PF024","DiD","unadjusted",0.05,100,0.00792245243123949,100,0.0792245243123949,0.6632,0.00372466526189016,0.9616,0.00372466526189016,0.0384,0.00487656513747094,0.0487656513747094,0.052665047369062,0.0479372485441102,0.65,17.54,0.00327703980735509,100,0.0327703980735509,0.90772,100,0,0,"SX",50,0.00025,"High","Prop_0.50",10000,FALSE
"PF024","MIMOSA2","BFDR",0.01,100,0.00974204674324008,100,0.0974204674324008,0.6296,0.00111119191625366,0.9976,0.00111119191625366,0.0024,0.00171143529698834,0.0171143529698834,0.00371355850032321,0.021904291355759,0.05,15.8,0.00351664155671058,100,0.0351664155671058,0.922128,100,0,0,"SX",50,0.00025,"High","Prop_0.50",10000,FALSE
"PF024","MIMOSA2","BFDR",0.05,100,0.00832656694993304,100,0.0832656694993304,0.7396,0.00312926880154506,0.9716,0.00312926880154506,0.0284,0.00381124630082394,0.0381124630082394,0.0352419576755187,0.0500908265962033,0.54,19.2,0.00351664155671058,100,0.0351664155671058,0.922128,100,0,0,"SX",50,0.00025,"High","Prop_0.50",10000,FALSE
"PF025","DiD","BH",0.01,100,0.0098940651530362,100,0.098940651530362,0.5108,0.000685786431991062,0.9988,0.000685786431991062,0.0012,0.00129166666666667,0.0129166666666667,0.00218055555555556,0.0171446607997765,0.03,12.8,0.00341152831061702,100,0.0341152831061702,0.907872,100,0,0,"BB",50,0.00025,"High","Prop_0.50",10000,FALSE
"PF025","DiD","BH",0.05,100,0.00986502852904075,100,0.0986502852904075,0.5888,0.00207923839980708,0.99,0.00207923839980708,0.01,0.00312376514417118,0.0312376514417118,0.015369732993185,0.0409360180740332,0.21,14.97,0.00341152831061702,100,0.0341152831061702,0.907872,100,0,0,"BB",50,0.00025,"High","Prop_0.50",10000,FALSE
"PF025","DiD","unadjusted",0.01,100,0.00928507001871958,100,0.0928507001871958,0.5664,0.00164531781339372,0.994,0.00164531781339372,0.006,0.00272834276980141,0.0272834276980141,0.0098927118203434,0.0337997668989631,0.13,14.31,0.00341152831061702,100,0.0341152831061702,0.907872,100,0,0,"BB",50,0.00025,"High","Prop_0.50",10000,FALSE
"PF025","DiD","unadjusted",0.05,100,0.00804221186721487,100,0.0804221186721487,0.6636,0.00373051841930417,0.9668,0.00373051841930417,0.0332,0.00489828578760927,0.0489828578760927,0.0456707459618349,0.0500908265962033,0.54,17.42,0.00341152831061702,100,0.0341152831061702,0.907872,100,0,0,"BB",50,0.00025,"High","Prop_0.50",10000,FALSE
"PF025","MIMOSA2","BFDR",0.01,100,0.00959621137362411,100,0.0959621137362411,0.6444,0.00144948615067896,0.996,0.00144948615067896,0.004,0.00216836116400603,0.0216836116400603,0.0058656015037594,0.0272659924344291,0.08,16.21,0.00377486474973447,100,0.0377486474973447,0.923504,100,0,0,"BB",50,0.00025,"High","Prop_0.50",10000,FALSE
"PF025","MIMOSA2","BFDR",0.05,100,0.00913866245766587,100,0.0913866245766587,0.734,0.00316010484418834,0.9756,0.00316010484418834,0.0244,0.00384898335255114,0.0384898335255114,0.0305585200261368,0.0500908265962033,0.46,18.96,0.00377486474973447,100,0.0377486474973447,0.923504,100,0,0,"BB",50,0.00025,"High","Prop_0.50",10000,FALSE
"PF036","DiD","BH",0.01,100,0.0113179217851756,100,0.113179217851756,0.4484,0.00111119191625366,0.9976,0.00111119191625366,0.0024,0.00233214478935008,0.0233214478935008,0.00512175324675325,0.021904291355759,0.05,11.27,0.00439707340687582,100,0.0439707340687582,0.90676,100,0,0,"Beta",50,0.000125,"High","Prop_0.50",10000,FALSE
"PF036","DiD","BH",0.05,100,0.0119145781174648,100,0.119145781174648,0.5432,0.00202569354627849,0.9924,0.00202569354627849,0.0076,0.00353138656480707,0.0353138656480707,0.0134466987261105,0.0348735088019777,0.14,13.77,0.00439707340687582,100,0.0439707340687582,0.90676,100,0,0,"Beta",50,0.000125,"High","Prop_0.50",10000,FALSE
"PF036","DiD","unadjusted",0.01,100,0.0106802186638229,100,0.106802186638229,0.5244,0.00153399195341153,0.9952,0.00153399195341153,0.0048,0.0029182712027239,0.029182712027239,0.00944123931623932,0.0301511344577764,0.1,13.23,0.00439707340687582,100,0.0439707340687582,0.90676,100,0,0,"Beta",50,0.000125,"High","Prop_0.50",10000,FALSE
"PF036","DiD","unadjusted",0.05,100,0.010427237061047,100,0.10427237061047,0.646,0.00392639346685551,0.9676,0.00392639346685551,0.0324,0.00548909278805825,0.0548909278805825,0.0457537725992767,0.0502116731568678,0.52,16.96,0.00439707340687582,100,0.0439707340687582,0.90676,100,0,0,"Beta",50,0.000125,"High","Prop_0.50",10000,FALSE
"PF036","MIMOSA2","BFDR",0.01,100,0.0120615257758048,100,0.120615257758048,0.5312,0.000685786431991062,0.9988,0.000685786431991062,0.0012,0.00117687030145733,0.0117687030145733,0.0020021645021645,0.0171446607997765,0.03,13.31,0.00435710299454242,100,0.0435710299454242,0.914136,100,0,0,"Beta",50,0.000125,"High","Prop_0.50",10000,FALSE
"PF036","MIMOSA2","BFDR",0.05,100,0.0116744389694976,100,0.116744389694976,0.6548,0.0024582164841259,0.9876,0.0024582164841259,0.0124,0.00352720821774451,0.0352720821774451,0.0172343102654215,0.0429234695990928,0.24,16.68,0.00435710299454242,100,0.0435710299454242,0.914136,100,0,0,"Beta",50,0.000125,"High","Prop_0.50",10000,FALSE
"PF037","DiD","BH",0.01,100,0.0104581899664205,100,0.104581899664205,0.402,0.000562821176545159,0.9992,0.000562821176545159,0.000800000000000001,0.00157035688674105,0.0157035688674105,0.0020952380952381,0.014070529413629,0.02,10.07,0.0044332667846452,100,0.044332667846452,0.884096,100,0,0,"EG",50,0.000125,"High","Prop_0.50",10000,FALSE
"PF037","DiD","BH",0.05,100,0.0121173387750735,100,0.121173387750735,0.5028,0.0018731489179152,0.9908,0.0018731489179152,0.00920000000000001,0.00358713162434478,0.0358713162434478,0.0164612393110845,0.0409360180740332,0.21,12.8,0.0044332667846452,100,0.044332667846452,0.884096,100,0,0,"EG",50,0.000125,"High","Prop_0.50",10000,FALSE
"PF037","DiD","unadjusted",0.01,100,0.0109415342487775,100,0.109415342487775,0.482,0.00153399195341153,0.9952,0.00153399195341153,0.0048,0.00327861776152336,0.0327861776152336,0.00996143562320033,0.0301511344577764,0.1,12.17,0.0044332667846452,100,0.044332667846452,0.884096,100,0,0,"EG",50,0.000125,"High","Prop_0.50",10000,FALSE
"PF037","DiD","unadjusted",0.05,100,0.0096063110568632,100,0.096063110568632,0.5996,0.00453600634207598,0.9548,0.00453600634207598,0.0452,0.00669507454926885,0.0669507454926885,0.0681559551989118,0.0476095228569523,0.66,16.12,0.0044332667846452,100,0.044332667846452,0.884096,100,0,0,"EG",50,0.000125,"High","Prop_0.50",10000,FALSE
"PF037","MIMOSA2","BFDR",0.01,100,0.0114228903628821,100,0.114228903628821,0.4832,0.00078778554226773,0.9984,0.00078778554226773,0.0016,0.00139137766614252,0.0139137766614252,0.00280252100840336,0.0196946385566932,0.04,12.12,0.00489217484428661,100,0.0489217484428661,0.889352,100,0,0,"EG",50,0.000125,"High","Prop_0.50",10000,FALSE
"PF037","MIMOSA2","BFDR",0.05,100,0.0116555964794999,100,0.116555964794998,0.6116,0.00263128036583644,0.9816,0.00263128036583644,0.0184,0.00389223161213416,0.0389223161213416,0.0275724234485844,0.048523658709391,0.37,15.75,0.00489217484428661,100,0.0489217484428661,0.889352,100,0,0,"EG",50,0.000125,"High","Prop_0.50",10000,FALSE
"PF038","DiD","BH",0.01,100,0.0112973403502727,100,0.112973403502727,0.3692,0.000562821176545159,0.9992,0.000562821176545159,0.000800000000000001,0.00115044868103189,0.0115044868103189,0.00162337662337662,0.014070529413629,0.02,9.25,0.00480878092449614,100,0.0480878092449614,0.880624,100,0,0,"LN",50,0.000125,"High","Prop_0.50",10000,FALSE
"PF038","DiD","BH",0.05,100,0.0129021179061674,100,0.129021179061674,0.472,0.00182419208628828,0.9916,0.00182419208628828,0.0084,0.0035356405921394,0.035356405921394,0.015994782994783,0.0394277244403663,0.19,12.01,0.00480878092449614,100,0.0480878092449614,0.880624,100,0,0,"LN",50,0.000125,"High","Prop_0.50",10000,FALSE
"PF038","DiD","unadjusted",0.01,100,0.0101578650425285,100,0.101578650425285,0.4536,0.00161357874416973,0.9932,0.00161357874416973,0.0068,0.0033020606894384,0.033020606894384,0.013543623043623,0.0368452949177471,0.16,11.51,0.00480878092449614,100,0.0480878092449614,0.880624,100,0,0,"LN",50,0.000125,"High","Prop_0.50",10000,FALSE
"PF038","DiD","unadjusted",0.05,100,0.0107421571108386,100,0.107421571108386,0.576,0.00395448856338968,0.9672,0.00395448856338968,0.0328,0.00619810739395098,0.0619810739395098,0.0528099004109066,0.0502116731568678,0.52,15.22,0.00480878092449614,100,0.0480878092449614,0.880624,100,0,0,"LN",50,0.000125,"High","Prop_0.50",10000,FALSE
"PF038","MIMOSA2","BFDR",0.01,100,0.011844105212418,100,0.11844105212418,0.44,0.00150635019470604,0.9944,0.00150635019470604,0.0056,0.00312958333292719,0.0312958333292719,0.0114556595365419,0.0337997668989631,0.13,11.14,0.00499237780233148,100,0.0499237780233148,0.887368,100,0,0,"LN",50,0.000125,"High","Prop_0.50",10000,FALSE
"PF038","MIMOSA2","BFDR",0.05,100,0.0115192592354428,100,0.115192592354428,0.5744,0.00235925000923188,0.9864,0.00235925000923188,0.0136,0.00377923090295304,0.0377923090295304,0.0220769223466592,0.0456048021572069,0.29,14.7,0.00499237780233148,100,0.0499237780233148,0.887368,100,0,0,"LN",50,0.000125,"High","Prop_0.50",10000,FALSE
"PF039","DiD","BH",0.01,100,0.0113282698135989,100,0.113282698135989,0.3944,0.000685786431991062,0.9988,0.000685786431991062,0.0012,0.00145607842140418,0.0145607842140418,0.00253246753246753,0.0171446607997765,0.03,9.89,0.00395926376178116,100,0.0395926376178116,0.886304,100,0,0,"SX",50,0.000125,"High","Prop_0.50",10000,FALSE
"PF039","DiD","BH",0.05,100,0.0113959766070435,100,0.113959766070435,0.4952,0.00157710897761465,0.9924,0.00157710897761465,0.00760000000000001,0.0031262105900897,0.031262105900897,0.0144631920367214,0.0394277244403663,0.19,12.57,0.00395926376178116,100,0.0395926376178116,0.886304,100,0,0,"SX",50,0.000125,"High","Prop_0.50",10000,FALSE
"PF039","DiD","unadjusted",0.01,100,0.00986240694288523,100,0.0986240694288523,0.4784,0.00180280365267575,0.9932,0.00180280365267575,0.0068,0.0042436086947112,0.042436086947112,0.0142795121545122,0.0358870281282637,0.15,12.13,0.00395926376178116,100,0.0395926376178116,0.886304,100,0,0,"SX",50,0.000125,"High","Prop_0.50",10000,FALSE
"PF039","DiD","unadjusted",0.05,100,0.00933125517989532,100,0.0933125517989532,0.6072,0.00369679085508805,0.9648,0.00369679085508805,0.0352,0.00563147569912844,0.0563147569912844,0.0535404274088485,0.0496044963748858,0.58,16.06,0.00395926376178116,100,0.0395926376178116,0.886304,100,0,0,"SX",50,0.000125,"High","Prop_0.50",10000,FALSE
"PF039","MIMOSA2","BFDR",0.01,100,0.0100242937230742,100,0.100242937230742,0.4672,0.00109063969737716,0.9968,0.00109063969737716,0.0032,0.00239900413909345,0.0239900413909345,0.0068452380952381,0.0272659924344291,0.08,11.76,0.00448601753150044,100,0.0448601753150044,0.890232,100,0,0,"SX",50,0.000125,"High","Prop_0.50",10000,FALSE
"PF039","MIMOSA2","BFDR",0.05,100,0.00962916445392891,100,0.0962916445392891,0.5908,0.00269200087051782,0.9816,0.00269200087051782,0.0184,0.0043532267353125,0.043532267353125,0.0294438322685227,0.0482418151324422,0.36,15.23,0.00448601753150044,100,0.0448601753150044,0.890232,100,0,0,"SX",50,0.000125,"High","Prop_0.50",10000,FALSE
"PF040","DiD","BH",0.01,100,0.0112744280241938,100,0.112744280241938,0.4828,0.00078778554226773,0.9984,0.00078778554226773,0.0016,0.00153305348055388,0.0153305348055388,0.00308170995670996,0.0196946385566932,0.04,12.11,0.00335983106838436,100,0.0335983106838436,0.914928,100,0,0,"BB",50,0.000125,"High","Prop_0.50",10000,FALSE
"PF040","DiD","BH",0.05,100,0.00967337280446388,100,0.0967337280446388,0.5804,0.0022077915287326,0.9888,0.0022077915287326,0.0112,0.00340398587800023,0.0340398587800023,0.0173241788741015,0.0422952584681651,0.23,14.79,0.00335983106838436,100,0.0335983106838436,0.914928,100,0,0,"BB",50,0.000125,"High","Prop_0.50",10000,FALSE
"PF040","DiD","unadjusted",0.01,100,0.00874731704899025,100,0.0874731704899025,0.5536,0.00157966880558981,0.9936,0.00157966880558981,0.0064,0.00284838631242171,0.0284838631242171,0.0113336565395389,0.0358870281282637,0.15,14,0.00335983106838436,100,0.0335983106838436,0.914928,100,0,0,"BB",50,0.000125,"High","Prop_0.50",10000,FALSE
"PF040","DiD","unadjusted",0.05,100,0.00889635040367962,100,0.0889635040367962,0.6708,0.00387167909180229,0.966,0.00387167909180229,0.034,0.00505708952822455,0.0505708952822455,0.0467715043776761,0.0500908265962033,0.54,17.62,0.00335983106838436,100,0.0335983106838436,0.914928,100,0,0,"BB",50,0.000125,"High","Prop_0.50",10000,FALSE
"PF040","MIMOSA2","BFDR",0.01,100,0.0111028251932887,100,0.111028251932887,0.586,0.00133333333333333,0.996,0.00133333333333333,0.004,0.00209132495089892,0.0209132495089892,0.00634550434086038,0.0287623491264661,0.09,14.75,0.00399646518561065,100,0.0399646518561065,0.920656,100,0,0,"BB",50,0.000125,"High","Prop_0.50",10000,FALSE
"PF040","MIMOSA2","BFDR",0.05,100,0.0102947274923338,100,0.102947274923338,0.7072,0.00291315372860147,0.9772,0.00291315372860147,0.0228,0.00362564272015796,0.0362564272015796,0.0292991872555138,0.05,0.45,18.25,0.00399646518561065,100,0.0399646518561065,0.920656,100,0,0,"BB",50,0.000125,"High","Prop_0.50",10000,FALSE
"PF051","DiD","BH",0.01,100,0.00979292674032713,100,0.0979292674032713,0.3924,0.000954733026303769,0.9976,0.000954733026303769,0.0024,0.00238702714966599,0.0238702714966599,0.00576190476190476,0.0238683256575942,0.06,9.87,0.00410272742984912,100,0.0410272742984912,0.889344,100,0,0,"Beta",50,6.25e-05,"High","Prop_0.50",10000,FALSE
"PF051","DiD","BH",0.05,100,0.0105720041963325,100,0.105720041963325,0.4952,0.00239156767823868,0.9876,0.00239156767823868,0.0124,0.00429674114215631,0.0429674114215631,0.0222348335788738,0.0435194139889245,0.25,12.69,0.00410272742984912,100,0.0410272742984912,0.889344,100,0,0,"Beta",50,6.25e-05,"High","Prop_0.50",10000,FALSE
"PF051","DiD","unadjusted",0.01,100,0.00929785464556749,100,0.0929785464556749,0.4812,0.00207301079046245,0.9916,0.00207301079046245,0.0084,0.00400939586594994,0.0400939586594994,0.016228798978799,0.0377525168068637,0.17,12.24,0.00410272742984912,100,0.0410272742984912,0.889344,100,0,0,"Beta",50,6.25e-05,"High","Prop_0.50",10000,FALSE
"PF051","DiD","unadjusted",0.05,100,0.00924250173837357,100,0.0924250173837357,0.6048,0.00397548040423349,0.9556,0.00397548040423349,0.0444,0.00555718503800317,0.0555718503800317,0.0658633161475906,0.0451260859854213,0.72,16.23,0.00410272742984912,100,0.0410272742984912,0.889344,100,0,0,"Beta",50,6.25e-05,"High","Prop_0.50",10000,FALSE
"PF051","MIMOSA2","BFDR",0.01,100,0.011038957643663,100,0.11038957643663,0.44,0.000954733026303769,0.9976,0.000954733026303769,0.0024,0.00202541744987017,0.0202541744987017,0.00505927405927406,0.0238683256575942,0.06,11.06,0.00454680522316205,100,0.0454680522316205,0.886592,100,0,0,"Beta",50,6.25e-05,"High","Prop_0.50",10000,FALSE
"PF051","MIMOSA2","BFDR",0.05,100,0.0109515738456612,100,0.109515738456612,0.5668,0.00247818767275889,0.984,0.00247818767275889,0.016,0.00407059563898434,0.0407059563898434,0.0258277055761576,0.0472581562625261,0.33,14.57,0.00454680522316205,100,0.0454680522316205,0.886592,100,0,0,"Beta",50,6.25e-05,"High","Prop_0.50",10000,FALSE
"PF052","DiD","BH",0.01,100,0.0105511931442694,100,0.105511931442694,0.3384,0.000685786431991062,0.9988,0.000685786431991062,0.0012,0.00197357705072923,0.0197357705072924,0.00337301587301587,0.0171446607997765,0.03,8.49,0.00458788398222355,100,0.0458788398222355,0.886544,100,0,0,"EG",50,6.25e-05,"High","Prop_0.50",10000,FALSE
"PF052","DiD","BH",0.05,100,0.010767628252397,100,0.10767628252397,0.4476,0.00179786629990198,0.992,0.00179786629990198,0.00800000000000001,0.00370469903874711,0.0370469903874711,0.0164391760200584,0.0386122919665369,0.18,11.39,0.00458788398222355,100,0.0458788398222355,0.886544,100,0,0,"EG",50,6.25e-05,"High","Prop_0.50",10000,FALSE
"PF052","DiD","unadjusted",0.01,100,0.00917616587698916,100,0.0917616587698916,0.436,0.00161357874416973,0.9932,0.00161357874416973,0.0068,0.00359563545912514,0.0359563545912514,0.0149951714951715,0.0368452949177471,0.16,11.07,0.00458788398222355,100,0.0458788398222355,0.886544,100,0,0,"EG",50,6.25e-05,"High","Prop_0.50",10000,FALSE
"PF052","DiD","unadjusted",0.05,100,0.00877268487978452,100,0.0877268487978452,0.5636,0.00363951378704087,0.9608,0.00363951378704087,0.0392,0.0060498910845484,0.060498910845484,0.0639454941343486,0.0479372485441102,0.65,15.07,0.00458788398222355,100,0.0458788398222355,0.886544,100,0,0,"EG",50,6.25e-05,"High","Prop_0.50",10000,FALSE
"PF052","MIMOSA2","BFDR",0.01,100,0.0109267533784715,100,0.109267533784715,0.374,0.000685786431991062,0.9988,0.000685786431991062,0.0012,0.00184293648423552,0.0184293648423552,0.00310689310689311,0.0171446607997765,0.03,9.38,0.00508687129339396,100,0.0508687129339396,0.887352,100,0,0,"EG",50,6.25e-05,"High","Prop_0.50",10000,FALSE
"PF052","MIMOSA2","BFDR",0.05,100,0.0123697251792472,100,0.123697251792472,0.506,0.00160806050441474,0.992,0.00160806050441474,0.00800000000000001,0.00350969917960335,0.0350969917960334,0.0164932320431546,0.0402015126103685,0.2,12.85,0.00508687129339396,100,0.0508687129339396,0.887352,100,0,0,"EG",50,6.25e-05,"High","Prop_0.50",10000,FALSE
"PF053","DiD","BH",0.01,100,0.010404272626613,100,0.10404272626613,0.3356,4e-04,0.9996,4e-04,4e-04,0.000909090909090909,0.00909090909090909,0.000909090909090909,0.01,0.01,8.4,0.00396329103119867,100,0.0396329103119867,0.884536,100,0,0,"LN",50,6.25e-05,"High","Prop_0.50",10000,FALSE
"PF053","DiD","BH",0.05,100,0.0113519277052958,100,0.113519277052958,0.4432,0.00185929279484693,0.9924,0.00185929279484693,0.00760000000000001,0.00401881030548084,0.0401881030548084,0.0163698842007666,0.0377525168068637,0.17,11.27,0.00396329103119867,100,0.0396329103119867,0.884536,100,0,0,"LN",50,6.25e-05,"High","Prop_0.50",10000,FALSE
"PF053","DiD","unadjusted",0.01,100,0.00940569352610804,100,0.0940569352610804,0.4324,0.00135199067595853,0.9948,0.00135199067595853,0.0052,0.00337271458362916,0.0337271458362915,0.0124241036741037,0.0337997668989631,0.13,10.94,0.00396329103119867,100,0.0396329103119867,0.884536,100,0,0,"LN",50,6.25e-05,"High","Prop_0.50",10000,FALSE
"PF053","DiD","unadjusted",0.05,100,0.0106856648994545,100,0.106856648994545,0.5628,0.00380090366713874,0.9676,0.00380090366713874,0.0324,0.00586670681056066,0.0586670681056066,0.0524510986949067,0.0502116731568678,0.52,14.88,0.00396329103119867,100,0.0396329103119867,0.884536,100,0,0,"LN",50,6.25e-05,"High","Prop_0.50",10000,FALSE
"PF053","MIMOSA2","BFDR",0.01,100,0.0101384357170068,100,0.101384357170068,0.36,0.00122992978365729,0.9968,0.00122992978365729,0.0032,0.00276596239111283,0.0276596239111283,0.00721836496836497,0.0256432399976243,0.07,9.08,0.00474320466189753,100,0.0474320466189753,0.873288,100,0,0,"LN",50,6.25e-05,"High","Prop_0.50",10000,FALSE
"PF053","MIMOSA2","BFDR",0.05,100,0.011281951260417,100,0.11281951260417,0.4952,0.00197601783004265,0.9888,0.00197601783004265,0.0112,0.00353209359933905,0.0353209359933905,0.019683095069705,0.0440844002276808,0.26,12.66,0.00474320466189753,100,0.0474320466189753,0.873288,100,0,0,"LN",50,6.25e-05,"High","Prop_0.50",10000,FALSE
"PF054","DiD","BH",0.01,100,0.0110754255225274,100,0.110754255225274,0.3204,0.000890806013414455,0.9988,0.000890806013414455,0.0012,0.00227808571458755,0.0227808571458755,0.00311111111111111,0.014070529413629,0.02,8.04,0.00427469993748749,100,0.0427469993748749,0.880152,100,0,0,"SX",50,6.25e-05,"High","Prop_0.50",10000,FALSE
"PF054","DiD","BH",0.05,100,0.0131517329963804,100,0.131517329963804,0.4304,0.00183170726786556,0.9928,0.00183170726786556,0.0072,0.00363418747802377,0.0363418747802377,0.0142323273132097,0.0358870281282637,0.15,10.94,0.00427469993748749,100,0.0427469993748749,0.880152,100,0,0,"SX",50,6.25e-05,"High","Prop_0.50",10000,FALSE
"PF054","DiD","unadjusted",0.01,100,0.0113610356619954,100,0.113610356619954,0.4224,0.00164531781339372,0.994,0.00164531781339372,0.006,0.00356203729021509,0.0356203729021509,0.0128907342657343,0.0337997668989631,0.13,10.71,0.00427469993748749,100,0.0427469993748749,0.880152,100,0,0,"SX",50,6.25e-05,"High","Prop_0.50",10000,FALSE
"PF054","DiD","unadjusted",0.05,100,0.0106769647258748,100,0.106769647258748,0.5568,0.00415361592501344,0.962,0.00415361592501344,0.038,0.00632418489150242,0.0632418489150242,0.0606988253834229,0.0490207130000197,0.61,14.87,0.00427469993748749,100,0.0427469993748749,0.880152,100,0,0,"SX",50,6.25e-05,"High","Prop_0.50",10000,FALSE
"PF054","MIMOSA2","BFDR",0.01,100,0.0121120025619468,100,0.121120025619468,0.3692,0.00120604537831106,0.996,0.00120604537831106,0.004,0.0026500792776305,0.026500792776305,0.00859996947496947,0.0301511344577764,0.1,9.33,0.0043895822308753,100,0.043895822308753,0.877696,100,0,0,"SX",50,6.25e-05,"High","Prop_0.50",10000,FALSE
"PF054","MIMOSA2","BFDR",0.05,100,0.0126498133495233,100,0.126498133495233,0.4868,0.00193802982328952,0.9896,0.00193802982328952,0.0104,0.00343235206978391,0.0343235206978391,0.0184798144751705,0.0429234695990928,0.24,12.43,0.0043895822308753,100,0.043895822308753,0.877696,100,0,0,"SX",50,6.25e-05,"High","Prop_0.50",10000,FALSE
"PF055","DiD","BH",0.01,100,0.0114627195461609,100,0.114627195461609,0.388,0.00078778554226773,0.9984,0.00078778554226773,0.0016,0.00180673273004811,0.0180673273004811,0.00356684981684982,0.0196946385566932,0.04,9.74,0.00436334965388063,100,0.0436334965388063,0.8974,100,0,0,"BB",50,6.25e-05,"High","Prop_0.50",10000,FALSE
"PF055","DiD","BH",0.05,100,0.0105373985250994,100,0.105373985250994,0.5056,0.0018731489179152,0.9908,0.0018731489179152,0.00920000000000001,0.00332799016000225,0.0332799016000225,0.016031844746241,0.0409360180740332,0.21,12.87,0.00436334965388063,100,0.0436334965388063,0.8974,100,0,0,"BB",50,6.25e-05,"High","Prop_0.50",10000,FALSE
"PF055","DiD","unadjusted",0.01,100,0.00909691922542678,100,0.0909691922542678,0.4856,0.00150635019470604,0.9944,0.00150635019470604,0.0056,0.00301349247889651,0.0301349247889651,0.0109703115511939,0.0337997668989631,0.13,12.28,0.00436334965388063,100,0.0436334965388063,0.8974,100,0,0,"BB",50,6.25e-05,"High","Prop_0.50",10000,FALSE
"PF055","DiD","unadjusted",0.05,100,0.00886769189789314,100,0.0886769189789314,0.6048,0.00333357574876097,0.9672,0.00333357574876097,0.0328,0.00533350506491013,0.0533350506491013,0.0505958419805169,0.0496044963748858,0.58,15.94,0.00436334965388063,100,0.0436334965388063,0.8974,100,0,0,"BB",50,6.25e-05,"High","Prop_0.50",10000,FALSE
"PF055","MIMOSA2","BFDR",0.01,100,0.0109007644991838,100,0.109007644991838,0.4504,0.000562821176545159,0.9992,0.000562821176545159,0.000800000000000001,0.00118491981605024,0.0118491981605024,0.00167832167832168,0.014070529413629,0.02,11.28,0.00446563490571174,100,0.0446563490571174,0.887528,100,0,0,"BB",50,6.25e-05,"High","Prop_0.50",10000,FALSE
"PF055","MIMOSA2","BFDR",0.05,100,0.0114666666666667,100,0.114666666666667,0.5848,0.00211812762752027,0.9872,0.00211812762752027,0.0128,0.00338256139543154,0.0338256139543154,0.0203953048155835,0.0456048021572069,0.29,14.94,0.00446563490571174,100,0.0446563490571174,0.887528,100,0,0,"BB",50,6.25e-05,"High","Prop_0.50",10000,FALSE
"PF066","DiD","BH",0.01,100,0.00570748224135244,100,0.0570748224135244,0.7048,0.00120604537831106,0.996,0.00120604537831106,0.004,0.00164302252920937,0.0164302252920937,0.00543304953560371,0.0301511344577764,0.1,17.72,0.00272267295876755,100,0.0272267295876755,0.920512,100,0,0,"Beta",50,0.001,"Medium","Prop_0.50",10000,FALSE
"PF066","DiD","BH",0.05,100,0.00506267785571105,100,0.0506267785571105,0.7316,0.00231080028989915,0.9856,0.00231080028989915,0.0144,0.00294175268677162,0.0294175268677162,0.0184240097259346,0.0464823198711732,0.31,18.65,0.00272267295876755,100,0.0272267295876755,0.920512,100,0,0,"Beta",50,0.001,"Medium","Prop_0.50",10000,FALSE
"PF066","DiD","unadjusted",0.01,100,0.00491774769831093,100,0.0491774769831093,0.7224,0.00157966880558981,0.9936,0.00157966880558981,0.0064,0.00208073467016831,0.0208073467016831,0.00840580003931397,0.0358870281282637,0.15,18.22,0.00272267295876755,100,0.0272267295876755,0.920512,100,0,0,"Beta",50,0.001,"Medium","Prop_0.50",10000,FALSE
"PF066","DiD","unadjusted",0.05,100,0.00490705532057587,100,0.0490705532057587,0.7596,0.00352216645910675,0.9672,0.00352216645910675,0.0328,0.00408574568972229,0.0408574568972229,0.0396500853583233,0.049431107042371,0.59,19.81,0.00272267295876755,100,0.0272267295876755,0.920512,100,0,0,"Beta",50,0.001,"Medium","Prop_0.50",10000,FALSE
"PF066","MIMOSA2","BFDR",0.01,100,0.00628109235819067,100,0.0628109235819067,0.8532,0.00120604537831106,0.996,0.00120604537831106,0.004,0.00133918677712911,0.0133918677712911,0.00442879005052918,0.0301511344577764,0.1,21.43,0.00295528972754574,100,0.0295528972754574,0.95648,100,0,0,"Beta",50,0.001,"Medium","Prop_0.50",10000,FALSE
"PF066","MIMOSA2","BFDR",0.05,100,0.00522372211428525,100,0.0522372211428525,0.9016,0.0026799668322989,0.9736,0.0026799668322989,0.0264,0.00273833979895821,0.0273833979895821,0.0273377317529491,0.05,0.55,23.2,0.00295528972754574,100,0.0295528972754574,0.95648,100,0,0,"Beta",50,0.001,"Medium","Prop_0.50",10000,FALSE
"PF067","DiD","BH",0.01,100,0.00605483361464294,100,0.0605483361464294,0.7016,0.00102572959990497,0.9972,0.00102572959990497,0.0028,0.00131265897766403,0.0131265897766403,0.00357160280380095,0.0256432399976243,0.07,17.61,0.00280837811492036,100,0.0280837811492036,0.928832,100,0,0,"EG",50,0.001,"Medium","Prop_0.50",10000,FALSE
"PF067","DiD","BH",0.05,100,0.00525641503212018,100,0.0525641503212018,0.7408,0.00300840573236142,0.984,0.00300840573236142,0.016,0.00354396541913951,0.0354396541913951,0.0195911179463811,0.0451260859854213,0.28,18.92,0.00280837811492036,100,0.0280837811492036,0.928832,100,0,0,"EG",50,0.001,"Medium","Prop_0.50",10000,FALSE
"PF067","DiD","unadjusted",0.01,100,0.00503723509216488,100,0.0503723509216488,0.724,0.00196946385566932,0.992,0.00196946385566932,0.008,0.0024904738859378,0.024904738859378,0.0102106022632338,0.0368452949177471,0.16,18.3,0.00280837811492036,100,0.0280837811492036,0.928832,100,0,0,"EG",50,0.001,"Medium","Prop_0.50",10000,FALSE
"PF067","DiD","unadjusted",0.05,100,0.00512612638521249,100,0.0512612638521249,0.7684,0.00409661106552992,0.9616,0.00409661106552992,0.0384,0.00466949489650259,0.0466949489650259,0.0454293370943829,0.0492365963917331,0.6,20.17,0.00280837811492036,100,0.0280837811492036,0.928832,100,0,0,"EG",50,0.001,"Medium","Prop_0.50",10000,FALSE
"PF067","MIMOSA2","BFDR",0.01,100,0.00717740562565273,100,0.0717740562565273,0.858,0.00146666666666667,0.9948,0.00146666666666667,0.0052,0.00167916309924943,0.0167916309924943,0.00589510634293243,0.032659863237109,0.12,21.58,0.00280765982572136,100,0.0280765982572136,0.960928,100,0,0,"EG",50,0.001,"Medium","Prop_0.50",10000,FALSE
"PF067","MIMOSA2","BFDR",0.05,100,0.00559942276967326,100,0.0559942276967326,0.912,0.00260876533357383,0.9732,0.00260876533357383,0.0268,0.00264779404762477,0.0264779404762477,0.0276661099769795,0.0496044963748858,0.58,23.47,0.00280765982572136,100,0.0280765982572136,0.960928,100,0,0,"EG",50,0.001,"Medium","Prop_0.50",10000,FALSE
"PF068","DiD","BH",0.01,100,0.00491363799885974,100,0.0491363799885974,0.7076,0.00115049396505865,0.9964,0.00115049396505865,0.0036,0.00151033337939677,0.0151033337939677,0.00471981424148607,0.0287623491264661,0.09,17.78,0.00311710572826976,100,0.0311710572826976,0.924544,100,0,0,"LN",50,0.001,"Medium","Prop_0.50",10000,FALSE
"PF068","DiD","BH",0.05,100,0.00438528300919189,100,0.0438528300919189,0.7404,0.00232891356298133,0.9848,0.00232891356298133,0.0152,0.00291011476969123,0.0291011476969123,0.0193076854346204,0.0472581562625261,0.33,18.89,0.00311710572826976,100,0.0311710572826976,0.924544,100,0,0,"LN",50,0.001,"Medium","Prop_0.50",10000,FALSE
"PF068","DiD","unadjusted",0.01,100,0.00461512664391715,100,0.0461512664391715,0.7244,0.00161357874416973,0.9932,0.00161357874416973,0.0068,0.00207990941114412,0.0207990941114412,0.00883886186053369,0.0368452949177471,0.16,18.28,0.00311710572826976,100,0.0311710572826976,0.924544,100,0,0,"LN",50,0.001,"Medium","Prop_0.50",10000,FALSE
"PF068","DiD","unadjusted",0.05,100,0.0050434876501056,100,0.050434876501056,0.7676,0.00342893215995531,0.966,0.00342893215995531,0.034,0.00394991805749707,0.0394991805749707,0.0407033856049874,0.0492365963917331,0.6,20.04,0.00311710572826976,100,0.0311710572826976,0.924544,100,0,0,"LN",50,0.001,"Medium","Prop_0.50",10000,FALSE
"PF068","MIMOSA2","BFDR",0.01,100,0.00678191296275199,100,0.0678191296275199,0.8516,0.00109063969737716,0.9968,0.00109063969737716,0.0032,0.0012066148098285,0.012066148098285,0.00353175230566535,0.0272659924344291,0.08,21.37,0.00295530066494122,100,0.0295530066494122,0.95608,100,0,0,"LN",50,0.001,"Medium","Prop_0.50",10000,FALSE
"PF068","MIMOSA2","BFDR",0.05,100,0.00544296413600701,100,0.0544296413600701,0.9052,0.00283014080386418,0.9752,0.00283014080386418,0.0248,0.00288272233098438,0.0288272233098438,0.0257198686938962,0.0502418393795691,0.51,23.25,0.00295530066494122,100,0.0295530066494122,0.95608,100,0,0,"LN",50,0.001,"Medium","Prop_0.50",10000,FALSE
"PF069","DiD","BH",0.01,100,0.00591713826545614,100,0.0591713826545614,0.6976,0.000685786431991062,0.9988,0.000685786431991062,0.0012,0.00088757413820325,0.0088757413820325,0.00155263157894737,0.0171446607997765,0.03,17.47,0.0031016214983766,100,0.031016214983766,0.926592,100,0,0,"SX",50,0.001,"Medium","Prop_0.50",10000,FALSE
"PF069","DiD","BH",0.05,100,0.0063537470055158,100,0.063537470055158,0.7356,0.00267755353434678,0.9832,0.00267755353434678,0.0168,0.00322904542658531,0.0322904542658531,0.0208639868436106,0.0476095228569523,0.34,18.81,0.0031016214983766,100,0.031016214983766,0.926592,100,0,0,"SX",50,0.001,"Medium","Prop_0.50",10000,FALSE
"PF069","DiD","unadjusted",0.01,100,0.00607029528511462,100,0.0607029528511462,0.72,0.00146666666666667,0.9948,0.00146666666666667,0.0052,0.00189342913260509,0.0189342913260509,0.00667669172932331,0.032659863237109,0.12,18.13,0.0031016214983766,100,0.031016214983766,0.926592,100,0,0,"SX",50,0.001,"Medium","Prop_0.50",10000,FALSE
"PF069","DiD","unadjusted",0.05,100,0.00615739680007187,100,0.0615739680007187,0.7684,0.00363240188227341,0.9624,0.00363240188227341,0.0376,0.00424274857012618,0.0424274857012618,0.0449133177291442,0.0487831731214563,0.62,20.15,0.0031016214983766,100,0.031016214983766,0.926592,100,0,0,"SX",50,0.001,"Medium","Prop_0.50",10000,FALSE
"PF069","MIMOSA2","BFDR",0.01,100,0.00818967075471945,100,0.0818967075471945,0.844,0.00109063969737716,0.9968,0.00109063969737716,0.0032,0.00117824687507384,0.0117824687507384,0.00344430641821946,0.0272659924344291,0.08,21.18,0.00269149844487933,100,0.0269149844487933,0.960576,100,0,0,"SX",50,0.001,"Medium","Prop_0.50",10000,FALSE
"PF069","MIMOSA2","BFDR",0.05,100,0.00547257625886482,100,0.0547257625886482,0.9052,0.00291121134841693,0.9736,0.00291121134841693,0.0264,0.00295688500162257,0.0295688500162257,0.0272466757075453,0.0502116731568678,0.52,23.29,0.00269149844487933,100,0.0269149844487933,0.960576,100,0,0,"SX",50,0.001,"Medium","Prop_0.50",10000,FALSE
"PF070","DiD","BH",0.01,100,0.00602700991245646,100,0.0602700991245646,0.6872,0.00104446593573419,0.998,0.00104446593573419,0.002,0.00135317698928611,0.0135317698928611,0.00261998132586368,0.0196946385566932,0.04,17.23,0.00325871150095627,100,0.0325871150095627,0.929856,100,0,0,"BB",50,0.001,"Medium","Prop_0.50",10000,FALSE
"PF070","DiD","BH",0.05,100,0.00536520778213244,100,0.0536520778213244,0.7332,0.00219125903571809,0.9892,0.00219125903571809,0.0108,0.00269014253529877,0.0269014253529877,0.0135192750146311,0.0422952584681651,0.23,18.6,0.00325871150095627,100,0.0325871150095627,0.929856,100,0,0,"BB",50,0.001,"Medium","Prop_0.50",10000,FALSE
"PF070","DiD","unadjusted",0.01,100,0.00563896974614865,100,0.0563896974614865,0.714,0.00176658090129155,0.9948,0.00176658090129155,0.0052,0.00216980797055729,0.0216980797055729,0.00654160970608339,0.0301511344577764,0.1,17.98,0.00325871150095627,100,0.0325871150095627,0.929856,100,0,0,"BB",50,0.001,"Medium","Prop_0.50",10000,FALSE
"PF070","DiD","unadjusted",0.05,100,0.00502502826767264,100,0.0502502826767264,0.7696,0.00351826403474523,0.9684,0.00351826403474523,0.0316,0.00421977219522096,0.0421977219522096,0.0381677437995516,0.0501613558046592,0.53,20.03,0.00325871150095627,100,0.0325871150095627,0.929856,100,0,0,"BB",50,0.001,"Medium","Prop_0.50",10000,FALSE
"PF070","MIMOSA2","BFDR",0.01,100,0.00752101433090355,100,0.0752101433090355,0.872,0.000954733026303769,0.9976,0.000954733026303769,0.0024,0.00106260796758055,0.0106260796758055,0.00265639433030737,0.0238683256575942,0.06,21.86,0.00319621786592601,100,0.0319621786592601,0.964712,100,0,0,"BB",50,0.001,"Medium","Prop_0.50",10000,FALSE
"PF070","MIMOSA2","BFDR",0.05,100,0.00546430104025994,100,0.0546430104025994,0.926,0.0026235914932078,0.9716,0.0026235914932078,0.0284,0.0026215507527392,0.026215507527392,0.028969095558226,0.0492365963917331,0.6,23.86,0.00319621786592601,100,0.0319621786592601,0.964712,100,0,0,"BB",50,0.001,"Medium","Prop_0.50",10000,FALSE
"PF081","DiD","BH",0.01,100,0.0101762250149825,100,0.101762250149825,0.314,0.00104446593573419,0.998,0.00104446593573419,0.002,0.00299522521840015,0.0299522521840015,0.00576190476190476,0.0196946385566932,0.04,7.9,0.00506085816973183,100,0.0506085816973183,0.871312,100,0,0,"Beta",50,0.00025,"Medium","Prop_0.50",10000,FALSE
"PF081","DiD","BH",0.05,100,0.0107032705282077,100,0.107032705282077,0.4184,0.00179786629990198,0.992,0.00179786629990198,0.00800000000000001,0.00368326937618333,0.0368326937618333,0.0165157342657343,0.0386122919665369,0.18,10.66,0.00506085816973183,100,0.0506085816973183,0.871312,100,0,0,"Beta",50,0.00025,"Medium","Prop_0.50",10000,FALSE
"PF081","DiD","unadjusted",0.01,100,0.00886942313043338,100,0.0886942313043338,0.41,0.00177023653044936,0.9924,0.00177023653044936,0.0076,0.00395932054014608,0.0395932054014609,0.0169881091131091,0.0377525168068637,0.17,10.44,0.00506085816973183,100,0.0506085816973183,0.871312,100,0,0,"Beta",50,0.00025,"Medium","Prop_0.50",10000,FALSE
"PF081","DiD","unadjusted",0.05,100,0.0101774954748904,100,0.101774954748904,0.5412,0.00384255807051143,0.9632,0.00384255807051143,0.0368,0.00606773221946724,0.0606773221946724,0.0616589888439734,0.0492365963917331,0.6,14.45,0.00506085816973183,100,0.0506085816973183,0.871312,100,0,0,"Beta",50,0.00025,"Medium","Prop_0.50",10000,FALSE
"PF081","MIMOSA2","BFDR",0.01,100,0.0108018703954641,100,0.108018703954641,0.4808,0.00128330381705529,0.9964,0.00128330381705529,0.0036,0.0021800841227427,0.021800841227427,0.00617921784098255,0.0272659924344291,0.08,12.11,0.00473121762361659,100,0.0473121762361659,0.89912,100,0,0,"Beta",50,0.00025,"Medium","Prop_0.50",10000,FALSE
"PF081","MIMOSA2","BFDR",0.05,100,0.0101801152977138,100,0.101801152977138,0.6296,0.00288668136324903,0.9752,0.00288668136324903,0.0248,0.0041176769147746,0.041176769147746,0.036438663581001,0.0502518907629606,0.5,16.36,0.00473121762361659,100,0.0473121762361659,0.89912,100,0,0,"Beta",50,0.00025,"Medium","Prop_0.50",10000,FALSE
"PF082","DiD","BH",0.01,100,0.0113578344784736,100,0.113578344784736,0.3164,4e-04,0.9996,4e-04,4e-04,0.000714285714285714,0.00714285714285714,0.000714285714285714,0.01,0.01,7.92,0.00472079459156587,100,0.0472079459156587,0.865088,100,0,0,"EG",50,0.00025,"Medium","Prop_0.50",10000,FALSE
"PF082","DiD","BH",0.05,100,0.0108084516126329,100,0.108084516126329,0.4184,0.00161357874416973,0.9932,0.00161357874416973,0.0068,0.00332070466295282,0.0332070466295282,0.0139603313353313,0.0368452949177471,0.16,10.63,0.00472079459156587,100,0.0472079459156587,0.865088,100,0,0,"EG",50,0.00025,"Medium","Prop_0.50",10000,FALSE
"PF082","DiD","unadjusted",0.01,100,0.00960168335409595,100,0.0960168335409595,0.4136,0.00125786415094088,0.9956,0.00125786415094088,0.0044,0.00280374340289619,0.0280374340289619,0.00973892773892774,0.031446603773522,0.11,10.45,0.00472079459156587,100,0.0472079459156587,0.865088,100,0,0,"EG",50,0.00025,"Medium","Prop_0.50",10000,FALSE
"PF082","DiD","unadjusted",0.05,100,0.00954089549616213,100,0.0954089549616213,0.5304,0.00349799365293301,0.9692,0.00349799365293301,0.0308,0.00578822990077424,0.0578822990077424,0.0523011548994521,0.0500908265962033,0.54,14.03,0.00472079459156587,100,0.0472079459156587,0.865088,100,0,0,"EG",50,0.00025,"Medium","Prop_0.50",10000,FALSE
"PF082","MIMOSA2","BFDR",0.01,100,0.0121455815634803,100,0.121455815634803,0.454,0.000954733026303769,0.9976,0.000954733026303769,0.0024,0.00188600409356396,0.0188600409356396,0.00463095238095238,0.0238683256575942,0.06,11.41,0.00467149872777852,100,0.0467149872777852,0.890392,100,0,0,"EG",50,0.00025,"Medium","Prop_0.50",10000,FALSE
"PF082","MIMOSA2","BFDR",0.05,100,0.0115020595432894,100,0.115020595432894,0.6116,0.00302554778411107,0.9776,0.00302554778411107,0.0224,0.00442722366232014,0.0442722366232014,0.0330109515527472,0.0496044963748858,0.42,15.85,0.00467149872777852,100,0.0467149872777852,0.890392,100,0,0,"EG",50,0.00025,"Medium","Prop_0.50",10000,FALSE
"PF083","DiD","BH",0.01,100,0.0107219024393618,100,0.107219024393618,0.3148,0.00078778554226773,0.9984,0.00078778554226773,0.0016,0.00208786264102347,0.0208786264102347,0.00419444444444444,0.0196946385566932,0.04,7.91,0.00450840425530951,100,0.0450840425530951,0.868504,100,0,0,"LN",50,0.00025,"Medium","Prop_0.50",10000,FALSE
"PF083","DiD","BH",0.05,100,0.0123320392441474,100,0.123320392441474,0.4196,0.00195752884829808,0.9908,0.00195752884829808,0.00920000000000001,0.00402259943800009,0.0402259943800009,0.0183426157176157,0.0402015126103685,0.2,10.72,0.00450840425530951,100,0.0450840425530951,0.868504,100,0,0,"LN",50,0.00025,"Medium","Prop_0.50",10000,FALSE
"PF083","DiD","unadjusted",0.01,100,0.0109687526799329,100,0.109687526799329,0.4136,0.00174124070476175,0.9928,0.00174124070476175,0.0072,0.00389373533526986,0.0389373533526986,0.0154400501459325,0.0368452949177471,0.16,10.52,0.00450840425530951,100,0.0450840425530951,0.868504,100,0,0,"LN",50,0.00025,"Medium","Prop_0.50",10000,FALSE
"PF083","DiD","unadjusted",0.05,100,0.0103600631798705,100,0.103600631798705,0.5532,0.00372032365269583,0.9624,0.00372032365269583,0.0376,0.00600750639412631,0.0600750639412631,0.0627926849981804,0.0487831731214563,0.62,14.77,0.00450840425530951,100,0.0450840425530951,0.868504,100,0,0,"LN",50,0.00025,"Medium","Prop_0.50",10000,FALSE
"PF083","MIMOSA2","BFDR",0.01,100,0.011924069537848,100,0.11924069537848,0.4528,0.00164531781339372,0.994,0.00164531781339372,0.006,0.00297455322695111,0.0297455322695111,0.0111655729891024,0.0337997668989631,0.13,11.47,0.00432578109254341,100,0.0432578109254341,0.895376,100,0,0,"LN",50,0.00025,"Medium","Prop_0.50",10000,FALSE
"PF083","MIMOSA2","BFDR",0.05,100,0.0118047413860668,100,0.118047413860668,0.6096,0.00288668136324903,0.9752,0.00288668136324903,0.0248,0.00419279396226087,0.0419279396226087,0.037142280449169,0.0502518907629606,0.5,15.86,0.00432578109254341,100,0.0432578109254341,0.895376,100,0,0,"LN",50,0.00025,"Medium","Prop_0.50",10000,FALSE
"PF084","DiD","BH",0.01,100,0.0104507696299644,100,0.104507696299644,0.3044,0.000562821176545159,0.9992,0.000562821176545159,0.000800000000000001,0.00168553440120622,0.0168553440120622,0.00233766233766234,0.014070529413629,0.02,7.63,0.00430815247847355,100,0.0430815247847355,0.87324,100,0,0,"SX",50,0.00025,"Medium","Prop_0.50",10000,FALSE
"PF084","DiD","BH",0.05,100,0.010356396549715,100,0.10356396549715,0.4024,0.0019346912681434,0.9912,0.0019346912681434,0.00880000000000001,0.00383958143813648,0.0383958143813648,0.0181456721383192,0.0402015126103685,0.2,10.28,0.00430815247847355,100,0.0430815247847355,0.87324,100,0,0,"SX",50,0.00025,"Medium","Prop_0.50",10000,FALSE
"PF084","DiD","unadjusted",0.01,100,0.00915844810637543,100,0.0915844810637543,0.3996,0.00160806050441474,0.992,0.00160806050441474,0.00800000000000001,0.00374900181238967,0.0374900181238967,0.0181986346986347,0.0402015126103685,0.2,10.19,0.00430815247847355,100,0.0430815247847355,0.87324,100,0,0,"SX",50,0.00025,"Medium","Prop_0.50",10000,FALSE
"PF084","DiD","unadjusted",0.05,100,0.00900334393546098,100,0.0900334393546098,0.5352,0.00358132078790194,0.9632,0.00358132078790194,0.0368,0.00588277793080366,0.0588277793080366,0.0618034078924172,0.0487831731214563,0.62,14.3,0.00430815247847355,100,0.0430815247847355,0.87324,100,0,0,"SX",50,0.00025,"Medium","Prop_0.50",10000,FALSE
"PF084","MIMOSA2","BFDR",0.01,100,0.00995147824154377,100,0.0995147824154377,0.4328,0.00102572959990497,0.9972,0.00102572959990497,0.0028,0.00219233684857572,0.0219233684857572,0.00588034188034188,0.0256432399976243,0.07,10.89,0.0046377145189841,100,0.046377145189841,0.89872,100,0,0,"SX",50,0.00025,"Medium","Prop_0.50",10000,FALSE
"PF084","MIMOSA2","BFDR",0.05,100,0.0106128186261671,100,0.106128186261671,0.5812,0.00285289149793502,0.9768,0.00285289149793502,0.0232,0.00439024261658813,0.0439024261658813,0.0364730440268366,0.0501613558046592,0.47,15.11,0.0046377145189841,100,0.046377145189841,0.89872,100,0,0,"SX",50,0.00025,"Medium","Prop_0.50",10000,FALSE
"PF085","DiD","BH",0.01,100,0.00892971432800613,100,0.0892971432800613,0.3524,0.000685786431991062,0.9988,0.000685786431991062,0.0012,0.00157219784087941,0.0157219784087941,0.00271367521367521,0.0171446607997765,0.03,8.84,0.00381121161571986,100,0.0381121161571986,0.874544,100,0,0,"BB",50,0.00025,"Medium","Prop_0.50",10000,FALSE
"PF085","DiD","BH",0.05,100,0.00862779159917461,100,0.086277915991746,0.4516,0.00184926958007695,0.9912,0.00184926958007695,0.00880000000000001,0.00356780174259305,0.0356780174259305,0.0172007714507715,0.0402015126103685,0.2,11.51,0.00381121161571986,100,0.0381121161571986,0.874544,100,0,0,"BB",50,0.00025,"Medium","Prop_0.50",10000,FALSE
"PF085","DiD","unadjusted",0.01,100,0.00753164368286608,100,0.0753164368286608,0.4404,0.00151010067227455,0.9932,0.00151010067227455,0.00680000000000001,0.00325059219793776,0.0325059219793776,0.0142920412920413,0.0377525168068637,0.17,11.18,0.00381121161571986,100,0.0381121161571986,0.874544,100,0,0,"BB",50,0.00025,"Medium","Prop_0.50",10000,FALSE
"PF085","DiD","unadjusted",0.05,100,0.00696124916225456,100,0.0696124916225457,0.5616,0.00397548040423349,0.9644,0.00397548040423349,0.0356,0.00592612407228522,0.0592612407228522,0.0563490075885587,0.0496044963748858,0.58,14.93,0.00381121161571986,100,0.0381121161571986,0.874544,100,0,0,"BB",50,0.00025,"Medium","Prop_0.50",10000,FALSE
"PF085","MIMOSA2","BFDR",0.01,100,0.00995139703912486,100,0.0995139703912486,0.51,0.00154396838822509,0.994,0.00154396838822509,0.006,0.00256542782434046,0.0256542782434046,0.0100028011204482,0.0348735088019777,0.14,12.9,0.00370367954631852,100,0.0370367954631852,0.902632,100,0,0,"BB",50,0.00025,"Medium","Prop_0.50",10000,FALSE
"PF085","MIMOSA2","BFDR",0.05,100,0.00947417542586161,100,0.0947417542586161,0.6476,0.00289897230135791,0.976,0.00289897230135791,0.024,0.00391646016409746,0.0391646016409746,0.0336111736560653,0.0501613558046592,0.47,16.79,0.00370367954631852,100,0.0370367954631852,0.902632,100,0,0,"BB",50,0.00025,"Medium","Prop_0.50",10000,FALSE
"PF096","DiD","BH",0.01,100,0.00838844804514283,100,0.0838844804514283,0.2324,0.000685786431991062,0.9988,0.000685786431991062,0.0012,0.00264431923988467,0.0264431923988467,0.0045,0.0171446607997765,0.03,5.84,0.00543892627549804,100,0.0543892627549804,0.858504,100,0,0,"Beta",50,0.000125,"Medium","Prop_0.50",10000,FALSE
"PF096","DiD","BH",0.05,100,0.0107271015223455,100,0.107271015223455,0.352,0.00197397205060397,0.9932,0.00197397205060397,0.0068,0.00439785976690503,0.0439785976690503,0.015536075036075,0.0337997668989631,0.13,8.97,0.00543892627549804,100,0.0543892627549804,0.858504,100,0,0,"Beta",50,0.000125,"Medium","Prop_0.50",10000,FALSE
"PF096","DiD","unadjusted",0.01,100,0.00835224520712844,100,0.0835224520712844,0.3576,0.00180280365267575,0.9932,0.00180280365267575,0.0068,0.00472891341989089,0.0472891341989089,0.0179805194805195,0.0348735088019777,0.14,9.11,0.00543892627549804,100,0.0543892627549804,0.858504,100,0,0,"Beta",50,0.000125,"Medium","Prop_0.50",10000,FALSE
"PF096","DiD","unadjusted",0.05,100,0.00997281152418764,100,0.0997281152418764,0.4924,0.00421560353108699,0.9608,0.00421560353108699,0.0392,0.00714841376859703,0.0714841376859703,0.0704262419726816,0.0490207130000197,0.61,13.29,0.00543892627549804,100,0.0543892627549804,0.858504,100,0,0,"Beta",50,0.000125,"Medium","Prop_0.50",10000,FALSE
"PF096","MIMOSA2","BFDR",0.01,100,0.0105609151730771,100,0.105609151730771,0.3268,0.00078778554226773,0.9984,0.00078778554226773,0.0016,0.0023123850368753,0.023123850368753,0.00465079365079365,0.0196946385566932,0.04,8.21,0.00509613097844776,100,0.0509613097844776,0.869584,100,0,0,"Beta",50,0.000125,"Medium","Prop_0.50",10000,FALSE
"PF096","MIMOSA2","BFDR",0.05,100,0.0113373255000882,100,0.113373255000882,0.4852,0.00232300745508137,0.9876,0.00232300745508137,0.0124,0.00412269789693904,0.0412269789693904,0.022992002278767,0.0440844002276808,0.26,12.44,0.00509613097844776,100,0.0509613097844776,0.869584,100,0,0,"Beta",50,0.000125,"Medium","Prop_0.50",10000,FALSE
"PF097","DiD","BH",0.01,100,0.00987509877204151,100,0.0987509877204151,0.1924,0,1,0,0,0,0,0,0,0,4.81,0.00481660555272124,100,0.0481660555272124,0.848328,100,0,0,"EG",50,0.000125,"Medium","Prop_0.50",10000,FALSE
"PF097","DiD","BH",0.05,100,0.0124385195130597,100,0.124385195130597,0.3052,0.00157966880558981,0.9936,0.00157966880558981,0.0064,0.00532576353254978,0.0532576353254978,0.020200428656311,0.0358870281282637,0.15,7.79,0.00481660555272124,100,0.0481660555272124,0.848328,100,0,0,"EG",50,0.000125,"Medium","Prop_0.50",10000,FALSE
"PF097","DiD","unadjusted",0.01,100,0.00946871510061242,100,0.0946871510061242,0.322,0.00182419208628828,0.9916,0.00182419208628828,0.0084,0.00574776904334724,0.0574776904334724,0.0252867965367965,0.0394277244403663,0.19,8.26,0.00481660555272124,100,0.0481660555272124,0.848328,100,0,0,"EG",50,0.000125,"Medium","Prop_0.50",10000,FALSE
"PF097","DiD","unadjusted",0.05,100,0.0107910175889978,100,0.107910175889978,0.4628,0.00327068398616768,0.9636,0.00327068398616768,0.0364,0.0061799187769244,0.061799187769244,0.0713733239584633,0.0468826172262151,0.68,12.48,0.00481660555272124,100,0.0481660555272124,0.848328,100,0,0,"EG",50,0.000125,"Medium","Prop_0.50",10000,FALSE
"PF097","MIMOSA2","BFDR",0.01,100,0.0103173091786022,100,0.103173091786022,0.2624,0.00144948615067896,0.996,0.00144948615067896,0.004,0.00608220530358552,0.0608220530358552,0.0167348484848485,0.0272659924344291,0.08,6.66,0.00530110407406235,100,0.0530110407406235,0.850208,100,0,0,"EG",50,0.000125,"Medium","Prop_0.50",10000,FALSE
"PF097","MIMOSA2","BFDR",0.05,100,0.0118110374675812,100,0.118110374675812,0.4088,0.00248989878501034,0.9832,0.00248989878501034,0.0168,0.00615533734554698,0.0615533734554698,0.0397042756864738,0.0479372485441102,0.35,10.64,0.00530110407406235,100,0.0530110407406235,0.850208,100,0,0,"EG",50,0.000125,"Medium","Prop_0.50",10000,FALSE
"PF098","DiD","BH",0.01,100,0.0103010051485623,100,0.103010051485623,0.2048,0.000562821176545159,0.9992,0.000562821176545159,0.000800000000000001,0.00299058567735531,0.0299058567735531,0.00416666666666667,0.014070529413629,0.02,5.14,0.00506631935013731,100,0.0506631935013731,0.847696,100,0,0,"LN",50,0.000125,"Medium","Prop_0.50",10000,FALSE
"PF098","DiD","BH",0.05,100,0.0101526928308293,100,0.101526928308293,0.3044,0.00164531781339372,0.994,0.00164531781339372,0.006,0.00406526128952456,0.0406526128952456,0.0151868686868687,0.0337997668989631,0.13,7.76,0.00506631935013731,100,0.0506631935013731,0.847696,100,0,0,"LN",50,0.000125,"Medium","Prop_0.50",10000,FALSE
"PF098","DiD","unadjusted",0.01,100,0.00843762616815508,100,0.0843762616815508,0.3172,0.00161357874416973,0.9932,0.00161357874416973,0.0068,0.00456984249393571,0.0456984249393571,0.0189838772338772,0.0368452949177471,0.16,8.1,0.00506631935013731,100,0.0506631935013731,0.847696,100,0,0,"LN",50,0.000125,"Medium","Prop_0.50",10000,FALSE
"PF098","DiD","unadjusted",0.05,100,0.00966509914145434,100,0.0966509914145434,0.464,0.00361254827656393,0.966,0.00361254827656393,0.034,0.00675462682956836,0.0675462682956836,0.0651567668227885,0.0498887651569859,0.56,12.45,0.00506631935013731,100,0.0506631935013731,0.847696,100,0,0,"LN",50,0.000125,"Medium","Prop_0.50",10000,FALSE
"PF098","MIMOSA2","BFDR",0.01,100,0.00957268842260959,100,0.0957268842260959,0.276,0.00155699788832305,0.996,0.00155699788832305,0.004,0.00468641833352958,0.0468641833352958,0.012254329004329,0.0272659924344291,0.08,7,0.00511651870282555,100,0.0511651870282555,0.85716,100,0,0,"LN",50,0.000125,"Medium","Prop_0.50",10000,FALSE
"PF098","MIMOSA2","BFDR",0.05,100,0.0110426903470581,100,0.110426903470581,0.4228,0.00284267621807481,0.984,0.00284267621807481,0.016,0.00559542018451299,0.0559542018451299,0.0317012293262293,0.0456048021572069,0.29,10.97,0.00511651870282555,100,0.0511651870282555,0.85716,100,0,0,"LN",50,0.000125,"Medium","Prop_0.50",10000,FALSE
"PF099","DiD","BH",0.01,100,0.0092105341535624,100,0.092105341535624,0.2188,0.000562821176545159,0.9992,0.000562821176545159,0.000800000000000001,0.00166403411618959,0.0166403411618959,0.00236111111111111,0.014070529413629,0.02,5.49,0.00454922448269366,100,0.0454922448269366,0.846848,100,0,0,"SX",50,0.000125,"Medium","Prop_0.50",10000,FALSE
"PF099","DiD","BH",0.05,100,0.0109540085370746,100,0.109540085370746,0.3336,0.00157966880558981,0.9936,0.00157966880558981,0.0064,0.00499011509997188,0.0499011509997188,0.0186404428904429,0.0358870281282637,0.15,8.5,0.00454922448269366,100,0.0454922448269366,0.846848,100,0,0,"SX",50,0.000125,"Medium","Prop_0.50",10000,FALSE
"PF099","DiD","unadjusted",0.01,100,0.00890225258067311,100,0.0890225258067311,0.3432,0.00154396838822509,0.994,0.00154396838822509,0.006,0.00476889807813224,0.0476889807813224,0.0175378787878788,0.0348735088019777,0.14,8.73,0.00454922448269366,100,0.0454922448269366,0.846848,100,0,0,"SX",50,0.000125,"Medium","Prop_0.50",10000,FALSE
"PF099","DiD","unadjusted",0.05,100,0.00866666666666667,100,0.0866666666666667,0.474,0.00375921762760779,0.9664,0.00375921762760779,0.0336,0.00666454450497073,0.0666454450497073,0.0612741104784448,0.05,0.55,12.69,0.00454922448269366,100,0.0454922448269366,0.846848,100,0,0,"SX",50,0.000125,"Medium","Prop_0.50",10000,FALSE
"PF099","MIMOSA2","BFDR",0.01,100,0.00986789509142419,100,0.0986789509142419,0.2828,0.00155699788832305,0.996,0.00155699788832305,0.004,0.00465272607040493,0.0465272607040493,0.0125169552669553,0.0272659924344291,0.08,7.17,0.00444160866299042,100,0.0444160866299042,0.854944,100,0,0,"SX",50,0.000125,"Medium","Prop_0.50",10000,FALSE
"PF099","MIMOSA2","BFDR",0.05,100,0.0115933802079663,100,0.115933802079663,0.4376,0.00232022290813498,0.9852,0.00232022290813498,0.0148,0.00497276966642886,0.0497276966642886,0.0318354870104096,0.0472581562625261,0.33,11.31,0.00444160866299042,100,0.0444160866299042,0.854944,100,0,0,"SX",50,0.000125,"Medium","Prop_0.50",10000,FALSE
"PF100","DiD","BH",0.01,100,0.010234897718743,100,0.10234897718743,0.2288,0.00078778554226773,0.9984,0.00078778554226773,0.0016,0.00258888657751982,0.0258888657751982,0.00505952380952381,0.0196946385566932,0.04,5.76,0.00522570182807626,100,0.0522570182807626,0.87104,100,0,0,"BB",50,0.000125,"Medium","Prop_0.50",10000,FALSE
"PF100","DiD","BH",0.05,100,0.0118355738382559,100,0.118355738382559,0.354,0.00164580887975696,0.9928,0.00164580887975696,0.00720000000000001,0.00435087343204443,0.0435087343204443,0.0172380299439123,0.0377525168068637,0.17,9.03,0.00522570182807626,100,0.0522570182807626,0.87104,100,0,0,"BB",50,0.000125,"Medium","Prop_0.50",10000,FALSE
"PF100","DiD","unadjusted",0.01,100,0.00955164589973578,100,0.0955164589973578,0.3628,0.00164580887975696,0.9928,0.00164580887975696,0.00720000000000001,0.00454669907491683,0.0454669907491683,0.0188024932583756,0.0377525168068637,0.17,9.25,0.00522570182807626,100,0.0522570182807626,0.87104,100,0,0,"BB",50,0.000125,"Medium","Prop_0.50",10000,FALSE
"PF100","DiD","unadjusted",0.05,100,0.00887752809347878,100,0.0887752809347878,0.5176,0.00334688155775136,0.9652,0.00334688155775136,0.0348,0.00594665330511619,0.0594665330511619,0.0611753132488427,0.0487831731214563,0.62,13.81,0.00522570182807626,100,0.0522570182807626,0.87104,100,0,0,"BB",50,0.000125,"Medium","Prop_0.50",10000,FALSE
"PF100","MIMOSA2","BFDR",0.01,100,0.0122334200310692,100,0.122334200310692,0.344,0.000876171654230362,0.998,0.000876171654230362,0.002,0.00262413905493778,0.0262413905493778,0.00540018315018315,0.021904291355759,0.05,8.65,0.00582751253828238,100,0.0582751253828238,0.878608,100,0,0,"BB",50,0.000125,"Medium","Prop_0.50",10000,FALSE
"PF100","MIMOSA2","BFDR",0.05,100,0.0121386601693544,100,0.121386601693544,0.5108,0.00263128036583644,0.9816,0.00263128036583644,0.0184,0.00472039591359156,0.0472039591359156,0.0325399953074102,0.0487831731214563,0.38,13.23,0.00582751253828238,100,0.0582751253828238,0.878608,100,0,0,"BB",50,0.000125,"Medium","Prop_0.50",10000,FALSE
"PF111","DiD","BH",0.01,100,0.00894210333876835,100,0.0894210333876835,0.1672,4e-04,0.9996,4e-04,4e-04,0.00142857142857143,0.0142857142857143,0.00142857142857143,0.01,0.01,4.19,0.00517891975788251,100,0.0517891975788251,0.844168,100,0,0,"Beta",50,6.25e-05,"Medium","Prop_0.50",10000,FALSE
"PF111","DiD","BH",0.05,100,0.0118645554812507,100,0.118645554812507,0.276,0.00188561808316413,0.992,0.00188561808316413,0.00800000000000001,0.00689203172347992,0.0689203172347992,0.0283767343767344,0.0386122919665369,0.18,7.1,0.00517891975788251,100,0.0517891975788251,0.844168,100,0,0,"Beta",50,6.25e-05,"Medium","Prop_0.50",10000,FALSE
"PF111","DiD","unadjusted",0.01,100,0.00939813005256091,100,0.0939813005256091,0.2972,0.00213333333333333,0.9888,0.00213333333333333,0.0112,0.00683224386053229,0.0683224386053229,0.035729908979909,0.0435194139889245,0.25,7.71,0.00517891975788251,100,0.0517891975788251,0.844168,100,0,0,"Beta",50,6.25e-05,"Medium","Prop_0.50",10000,FALSE
"PF111","DiD","unadjusted",0.05,100,0.0121657907530281,100,0.121657907530281,0.4444,0.00366936539802762,0.9652,0.00366936539802762,0.0348,0.0083900323748832,0.083900323748832,0.0771842724269195,0.0496044963748858,0.58,11.98,0.00517891975788251,100,0.0517891975788251,0.844168,100,0,0,"Beta",50,6.25e-05,"Medium","Prop_0.50",10000,FALSE
"PF111","MIMOSA2","BFDR",0.01,100,0.0102224945066942,100,0.102224945066942,0.2316,4e-04,0.9996,4e-04,4e-04,0.0025,0.025,0.0025,0.01,0.01,5.8,0.00535270004933789,100,0.0535270004933789,0.837896,100,0,0,"Beta",50,6.25e-05,"Medium","Prop_0.50",10000,FALSE
"PF111","MIMOSA2","BFDR",0.05,100,0.011447482189759,100,0.11447482189759,0.3784,0.0018731489179152,0.9908,0.0018731489179152,0.00920000000000001,0.00436800840148525,0.0436800840148525,0.0214998196248196,0.0409360180740332,0.21,9.69,0.00535270004933789,100,0.0535270004933789,0.837896,100,0,0,"Beta",50,6.25e-05,"Medium","Prop_0.50",10000,FALSE
"PF112","DiD","BH",0.01,100,0.00949607042598956,100,0.0949607042598956,0.1592,4e-04,0.9996,4e-04,4e-04,0.001,0.01,0.001,0.01,0.01,3.99,0.00483170030510832,100,0.0483170030510832,0.839712,100,0,0,"EG",50,6.25e-05,"Medium","Prop_0.50",10000,FALSE
"PF112","DiD","BH",0.05,100,0.010952164123583,100,0.10952164123583,0.2564,0.00138038202880744,0.9956,0.00138038202880744,0.0044,0.00444266557399522,0.0444266557399522,0.0140427905427905,0.0301511344577764,0.1,6.52,0.00483170030510832,100,0.0483170030510832,0.839712,100,0,0,"EG",50,6.25e-05,"Medium","Prop_0.50",10000,FALSE
"PF112","DiD","unadjusted",0.01,100,0.00892392086676947,100,0.0892392086676947,0.282,0.00161357874416973,0.9932,0.00161357874416973,0.0068,0.00733710936040664,0.0733710936040664,0.0271261238761239,0.0368452949177471,0.16,7.22,0.00483170030510832,100,0.0483170030510832,0.839712,100,0,0,"EG",50,6.25e-05,"Medium","Prop_0.50",10000,FALSE
"PF112","DiD","unadjusted",0.05,100,0.00982258786284105,100,0.0982258786284105,0.4396,0.00331607654259723,0.9656,0.00331607654259723,0.0344,0.00727786009714626,0.0727786009714626,0.0724985092307074,0.048523658709391,0.63,11.85,0.00483170030510832,100,0.0483170030510832,0.839712,100,0,0,"EG",50,6.25e-05,"Medium","Prop_0.50",10000,FALSE
"PF112","MIMOSA2","BFDR",0.01,100,0.00968005342668285,100,0.0968005342668285,0.2044,0.000876171654230362,0.998,0.000876171654230362,0.002,0.00487836915495104,0.0487836915495104,0.0103730158730159,0.021904291355759,0.05,5.16,0.00503856320709775,100,0.0503856320709775,0.83048,100,0,0,"EG",50,6.25e-05,"Medium","Prop_0.50",10000,FALSE
"PF112","MIMOSA2","BFDR",0.05,100,0.011962162569257,100,0.11962162569257,0.3324,0.00203841887627433,0.9892,0.00203841887627433,0.0108,0.00593560526190774,0.0593560526190774,0.0309000444000444,0.0429234695990928,0.24,8.58,0.00503856320709775,100,0.0503856320709775,0.83048,100,0,0,"EG",50,6.25e-05,"Medium","Prop_0.50",10000,FALSE
"PF113","DiD","BH",0.01,100,0.00924416277737175,100,0.0924416277737175,0.166,4e-04,0.9996,4e-04,4e-04,0.0025,0.025,0.0025,0.01,0.01,4.16,0.00536902451497702,100,0.0536902451497702,0.8274,100,0,0,"LN",50,6.25e-05,"Medium","Prop_0.50",10000,FALSE
"PF113","DiD","BH",0.05,100,0.0115565189963557,100,0.115565189963557,0.2568,0.00174077655955698,0.994,0.00174077655955698,0.006,0.00574204579329835,0.0574204579329835,0.0186886446886447,0.032659863237109,0.12,6.57,0.00536902451497702,100,0.0536902451497702,0.8274,100,0,0,"LN",50,6.25e-05,"Medium","Prop_0.50",10000,FALSE
"PF113","DiD","unadjusted",0.01,100,0.00992936670852292,100,0.0992936670852292,0.2744,0.00171080936602203,0.9932,0.00171080936602203,0.0068,0.0062087512940296,0.062087512940296,0.0239130591630592,0.0358870281282637,0.15,7.03,0.00536902451497702,100,0.0536902451497702,0.8274,100,0,0,"LN",50,6.25e-05,"Medium","Prop_0.50",10000,FALSE
"PF113","DiD","unadjusted",0.05,100,0.0103980573166143,100,0.103980573166143,0.4196,0.00423549217203785,0.964,0.00423549217203785,0.036,0.00899020060411528,0.0899020060411528,0.0767965270024094,0.0500908265962033,0.54,11.39,0.00536902451497702,100,0.0536902451497702,0.8274,100,0,0,"LN",50,6.25e-05,"Medium","Prop_0.50",10000,FALSE
"PF113","MIMOSA2","BFDR",0.01,100,0.00938505151393384,100,0.0938505151393384,0.1996,0.00102572959990497,0.9972,0.00102572959990497,0.0028,0.00581941667779316,0.0581941667779316,0.0126071428571429,0.0256432399976243,0.07,5.06,0.00559386047286657,100,0.0559386047286657,0.824376,100,0,0,"LN",50,6.25e-05,"Medium","Prop_0.50",10000,FALSE
"PF113","MIMOSA2","BFDR",0.05,100,0.0118961159946251,100,0.118961159946251,0.3224,0.00210396451174127,0.9876,0.00210396451174127,0.0124,0.006627387761298,0.06627387761298,0.035831820956821,0.0451260859854213,0.28,8.37,0.00559386047286657,100,0.0559386047286657,0.824376,100,0,0,"LN",50,6.25e-05,"Medium","Prop_0.50",10000,FALSE
"PF114","DiD","BH",0.01,100,0.00986789509142419,100,0.0986789509142419,0.1572,0.000562821176545159,0.9992,0.000562821176545159,0.000800000000000001,0.00193496970108261,0.0193496970108261,0.00266666666666667,0.014070529413629,0.02,3.95,0.00556293093302951,100,0.0556293093302951,0.832288,100,0,0,"SX",50,6.25e-05,"Medium","Prop_0.50",10000,FALSE
"PF114","DiD","BH",0.05,100,0.0109362893269346,100,0.109362893269346,0.2456,0.00142474523684025,0.9952,0.00142474523684025,0.0048,0.00435291606680673,0.0435291606680673,0.0140791153291153,0.031446603773522,0.11,6.26,0.00556293093302951,100,0.0556293093302951,0.832288,100,0,0,"SX",50,6.25e-05,"Medium","Prop_0.50",10000,FALSE
"PF114","DiD","unadjusted",0.01,100,0.00907201268415197,100,0.0907201268415196,0.2696,0.00167645609859163,0.9924,0.00167645609859163,0.00760000000000001,0.00564059833036069,0.0564059833036069,0.0248092740592741,0.0386122919665369,0.18,6.93,0.00556293093302951,100,0.0556293093302951,0.832288,100,0,0,"SX",50,6.25e-05,"Medium","Prop_0.50",10000,FALSE
"PF114","DiD","unadjusted",0.05,100,0.0104414867937783,100,0.104414867937783,0.4116,0.00361813613493316,0.964,0.00361813613493316,0.036,0.00834227790371674,0.0834227790371674,0.0807503827871475,0.0492365963917331,0.6,11.19,0.00556293093302951,100,0.0556293093302951,0.832288,100,0,0,"SX",50,6.25e-05,"Medium","Prop_0.50",10000,FALSE
"PF114","MIMOSA2","BFDR",0.01,100,0.0086170139429462,100,0.086170139429462,0.1936,0.000954733026303769,0.9976,0.000954733026303769,0.0024,0.0109377082774968,0.109377082774968,0.0198730158730159,0.0238683256575942,0.06,4.9,0.00604334918181411,100,0.0604334918181411,0.827056,100,0,0,"SX",50,6.25e-05,"Medium","Prop_0.50",10000,FALSE
"PF114","MIMOSA2","BFDR",0.05,100,0.0109401309245577,100,0.109401309245577,0.3152,0.00228972231565932,0.9864,0.00228972231565932,0.0136,0.00778855293667687,0.0778855293667687,0.0421830114330114,0.0456048021572069,0.29,8.22,0.00604334918181411,100,0.0604334918181411,0.827056,100,0,0,"SX",50,6.25e-05,"Medium","Prop_0.50",10000,FALSE
"PF115","DiD","BH",0.01,100,0.00920702410821721,100,0.0920702410821721,0.1628,0,1,0,0,0,0,0,0,0,4.07,0.00434648633200927,100,0.0434648633200927,0.85244,100,0,0,"BB",50,6.25e-05,"Medium","Prop_0.50",10000,FALSE
"PF115","DiD","BH",0.05,100,0.0110462754818175,100,0.110462754818175,0.268,0.00154396838822509,0.994,0.00154396838822509,0.006,0.00537494767977179,0.0537494767977179,0.0195138888888889,0.0348735088019777,0.14,6.85,0.00434648633200927,100,0.0434648633200927,0.85244,100,0,0,"BB",50,6.25e-05,"Medium","Prop_0.50",10000,FALSE
"PF115","DiD","unadjusted",0.01,100,0.00869422192893044,100,0.0869422192893044,0.2908,0.00164580887975696,0.9928,0.00164580887975696,0.00720000000000001,0.00549519587901697,0.0549519587901697,0.0233253968253968,0.0377525168068637,0.17,7.45,0.00434648633200927,100,0.0434648633200927,0.85244,100,0,0,"BB",50,6.25e-05,"Medium","Prop_0.50",10000,FALSE
"PF115","DiD","unadjusted",0.05,100,0.0092147444430931,100,0.092147444430931,0.4524,0.00364128959284893,0.9656,0.00364128959284893,0.0344,0.00700682148341886,0.0700682148341886,0.0676472775590423,0.0498887651569859,0.56,12.17,0.00434648633200927,100,0.0434648633200927,0.85244,100,0,0,"BB",50,6.25e-05,"Medium","Prop_0.50",10000,FALSE
"PF115","MIMOSA2","BFDR",0.01,100,0.0109904641862982,100,0.109904641862982,0.2524,0.00144948615067896,0.996,0.00144948615067896,0.004,0.00467811487030161,0.0467811487030161,0.0127864357864358,0.0272659924344291,0.08,6.41,0.00556990795129135,100,0.0556990795129135,0.839296,100,0,0,"BB",50,6.25e-05,"Medium","Prop_0.50",10000,FALSE
"PF115","MIMOSA2","BFDR",0.05,100,0.012037919884744,100,0.12037919884744,0.4176,0.00338743966363203,0.98,0.00338743966363203,0.02,0.00601288312434189,0.0601288312434189,0.0392278595587419,0.0482418151324422,0.36,10.94,0.00556990795129135,100,0.0556990795129135,0.839296,100,0,0,"BB",50,6.25e-05,"Medium","Prop_0.50",10000,FALSE
"PF126","DiD","BH",0.01,100,0.00798169623247307,100,0.0798169623247307,0.3364,4e-04,0.9996,4e-04,4e-04,0.00125,0.0125,0.00125,0.01,0.01,8.42,0.00442680357583097,100,0.0442680357583097,0.87164,100,0,0,"Beta",50,0.001,"Low","Prop_0.50",10000,FALSE
"PF126","DiD","BH",0.05,100,0.00882604044285941,100,0.0882604044285941,0.48,0.00146666666666667,0.9948,0.00146666666666667,0.0052,0.0026707934816316,0.026707934816316,0.0095461107519931,0.032659863237109,0.12,12.13,0.00442680357583097,100,0.0442680357583097,0.87164,100,0,0,"Beta",50,0.001,"Low","Prop_0.50",10000,FALSE
"PF126","DiD","unadjusted",0.01,100,0.00740013649887758,100,0.0740013649887759,0.4616,0.00115049396505865,0.9964,0.00115049396505865,0.0036,0.0022505874607808,0.022505874607808,0.00702197802197802,0.0287623491264661,0.09,11.63,0.00442680357583097,100,0.0442680357583097,0.87164,100,0,0,"Beta",50,0.001,"Low","Prop_0.50",10000,FALSE
"PF126","DiD","unadjusted",0.05,100,0.00767111860200718,100,0.0767111860200718,0.5932,0.00329652403405022,0.9704,0.00329652403405022,0.0296,0.0048687543169416,0.048687543169416,0.0448312376907578,0.0500908265962033,0.54,15.57,0.00442680357583097,100,0.0442680357583097,0.87164,100,0,0,"Beta",50,0.001,"Low","Prop_0.50",10000,FALSE
"PF126","MIMOSA2","BFDR",0.01,100,0.0111220229247828,100,0.111220229247828,0.5924,0.00120604537831106,0.996,0.00120604537831106,0.004,0.00174150916247849,0.0174150916247849,0.00571883976876237,0.0301511344577764,0.1,14.91,0.00351043291238036,100,0.0351043291238036,0.930096,100,0,0,"Beta",50,0.001,"Low","Prop_0.50",10000,FALSE
"PF126","MIMOSA2","BFDR",0.05,100,0.00882091179235371,100,0.0882091179235372,0.7936,0.00267755353434678,0.9768,0.00267755353434678,0.0232,0.00314693126511501,0.0314693126511501,0.0277076045065647,0.0502116731568678,0.48,20.42,0.00351043291238036,100,0.0351043291238036,0.930096,100,0,0,"Beta",50,0.001,"Low","Prop_0.50",10000,FALSE
"PF127","DiD","BH",0.01,100,0.00881458845874098,100,0.0881458845874098,0.322,4e-04,0.9996,4e-04,4e-04,0.00111111111111111,0.0111111111111111,0.00111111111111111,0.01,0.01,8.06,0.00457490889018955,100,0.0457490889018955,0.861384,100,0,0,"EG",50,0.001,"Low","Prop_0.50",10000,FALSE
"PF127","DiD","BH",0.05,100,0.00929863680679305,100,0.0929863680679305,0.46,0.00202569354627849,0.9924,0.00202569354627849,0.0076,0.00363249254199522,0.0363249254199522,0.0141222666222666,0.0358870281282637,0.15,11.69,0.00457490889018955,100,0.0457490889018955,0.861384,100,0,0,"EG",50,0.001,"Low","Prop_0.50",10000,FALSE
"PF127","DiD","unadjusted",0.01,100,0.00778042090731276,100,0.0778042090731276,0.4448,0.00130639452948436,0.9952,0.00130639452948436,0.0048,0.00294878482912472,0.0294878482912472,0.0106744644244644,0.032659863237109,0.12,11.24,0.00457490889018955,100,0.0457490889018955,0.861384,100,0,0,"EG",50,0.001,"Low","Prop_0.50",10000,FALSE
"PF127","DiD","unadjusted",0.05,100,0.00814921450016485,100,0.0814921450016485,0.5788,0.00430644337539164,0.962,0.00430644337539164,0.038,0.00631734050240905,0.0631734050240905,0.0577164484552255,0.0496044963748858,0.58,15.42,0.00457490889018955,100,0.0457490889018955,0.861384,100,0,0,"EG",50,0.001,"Low","Prop_0.50",10000,FALSE
"PF127","MIMOSA2","BFDR",0.01,100,0.0100731867305779,100,0.100731867305779,0.5616,0.00102572959990497,0.9972,0.00102572959990497,0.0028,0.00167865441166867,0.0167865441166867,0.00451465201465201,0.0256432399976243,0.07,14.11,0.00396225414876355,100,0.0396225414876355,0.927592,100,0,0,"EG",50,0.001,"Low","Prop_0.50",10000,FALSE
"PF127","MIMOSA2","BFDR",0.05,100,0.0103047699066152,100,0.103047699066152,0.7744,0.00325085847247782,0.9724,0.00325085847247782,0.0276,0.00398215399472488,0.0398215399472488,0.033598544943413,0.0501613558046592,0.53,20.05,0.00396225414876355,100,0.0396225414876355,0.927592,100,0,0,"EG",50,0.001,"Low","Prop_0.50",10000,FALSE
"PF128","DiD","BH",0.01,100,0.0099838253027969,100,0.099838253027969,0.326,0,1,0,0,0,0,0,0,0,8.15,0.00420970115784765,100,0.0420970115784765,0.87252,100,0,0,"LN",50,0.001,"Low","Prop_0.50",10000,FALSE
"PF128","DiD","BH",0.05,100,0.010375651373005,100,0.10375651373005,0.4732,0.00211621923211747,0.9908,0.00211621923211747,0.00920000000000001,0.00403402040174867,0.0403402040174867,0.0179102147852148,0.0394277244403663,0.19,12.06,0.00420970115784765,100,0.0420970115784765,0.87252,100,0,0,"LN",50,0.001,"Low","Prop_0.50",10000,FALSE
"PF128","DiD","unadjusted",0.01,100,0.00907691043418976,100,0.0907691043418977,0.4556,0.00135199067595853,0.9948,0.00135199067595853,0.0052,0.00303969245389451,0.0303969245389451,0.0115911310911311,0.0337997668989631,0.13,11.52,0.00420970115784765,100,0.0420970115784765,0.87252,100,0,0,"LN",50,0.001,"Low","Prop_0.50",10000,FALSE
"PF128","DiD","unadjusted",0.05,100,0.00826392916550749,100,0.0826392916550749,0.5952,0.00374457182890356,0.9672,0.00374457182890356,0.0328,0.00557663851433463,0.0557663851433463,0.0501526383403318,0.05,0.55,15.7,0.00420970115784765,100,0.0420970115784765,0.87252,100,0,0,"LN",50,0.001,"Low","Prop_0.50",10000,FALSE
"PF128","MIMOSA2","BFDR",0.01,100,0.0114672304301158,100,0.114672304301158,0.5976,0.00146666666666667,0.9948,0.00146666666666667,0.0052,0.00230544532641875,0.0230544532641875,0.00822700746965453,0.032659863237109,0.12,15.07,0.00334873522936102,100,0.0334873522936102,0.935208,100,0,0,"LN",50,0.001,"Low","Prop_0.50",10000,FALSE
"PF128","MIMOSA2","BFDR",0.05,100,0.00897952778223439,100,0.0897952778223439,0.8012,0.00289311268534446,0.9756,0.00289311268534446,0.0244,0.00332752398893058,0.0332752398893058,0.028299989862966,0.0502116731568678,0.48,20.64,0.00334873522936102,100,0.0334873522936102,0.935208,100,0,0,"LN",50,0.001,"Low","Prop_0.50",10000,FALSE
"PF129","DiD","BH",0.01,100,0.00943117546793986,100,0.0943117546793986,0.3368,0.000685786431991062,0.9988,0.000685786431991062,0.0012,0.0016122858715802,0.016122858715802,0.00281818181818182,0.0171446607997765,0.03,8.45,0.00386801857244348,100,0.0386801857244348,0.86828,100,0,0,"SX",50,0.001,"Low","Prop_0.50",10000,FALSE
"PF129","DiD","BH",0.05,100,0.00928681045810931,100,0.0928681045810931,0.4824,0.00143548112513055,0.994,0.00143548112513055,0.00600000000000001,0.00261999614902263,0.0261999614902263,0.0108604214413038,0.0358870281282637,0.15,12.21,0.00386801857244348,100,0.0386801857244348,0.86828,100,0,0,"SX",50,0.001,"Low","Prop_0.50",10000,FALSE
"PF129","DiD","unadjusted",0.01,100,0.00735105297205644,100,0.0735105297205644,0.4568,0.00120604537831106,0.996,0.00120604537831106,0.004,0.00251819939309321,0.0251819939309321,0.00826562326562327,0.0301511344577764,0.1,11.52,0.00386801857244348,100,0.0386801857244348,0.86828,100,0,0,"SX",50,0.001,"Low","Prop_0.50",10000,FALSE
"PF129","DiD","unadjusted",0.05,100,0.00672507744688986,100,0.0672507744688986,0.6016,0.0033099787908625,0.9644,0.0033099787908625,0.0356,0.00494343775589508,0.0494343775589508,0.0540059037110121,0.048523658709391,0.63,15.93,0.00386801857244348,100,0.0386801857244348,0.86828,100,0,0,"SX",50,0.001,"Low","Prop_0.50",10000,FALSE
"PF129","MIMOSA2","BFDR",0.01,100,0.010977000749501,100,0.10977000749501,0.5752,0.00122992978365729,0.9968,0.00122992978365729,0.0032,0.00186356991993369,0.0186356991993369,0.00494642242862057,0.0256432399976243,0.07,14.46,0.00322900030812928,100,0.0322900030812928,0.931312,100,0,0,"SX",50,0.001,"Low","Prop_0.50",10000,FALSE
"PF129","MIMOSA2","BFDR",0.05,100,0.00924556131559377,100,0.0924556131559377,0.7988,0.00263128036583644,0.9784,0.00263128036583644,0.0216,0.00308665827893085,0.0308665827893085,0.0254733402181343,0.0500908265962033,0.46,20.51,0.00322900030812928,100,0.0322900030812928,0.931312,100,0,0,"SX",50,0.001,"Low","Prop_0.50",10000,FALSE
"PF130","DiD","BH",0.01,100,0.0108626689058249,100,0.108626689058249,0.3132,0,1,0,0,0,0,0,0,0,7.83,0.00431212330926928,100,0.0431212330926928,0.870592,100,0,0,"BB",50,0.001,"Low","Prop_0.50",10000,FALSE
"PF130","DiD","BH",0.05,100,0.0100888176920907,100,0.100888176920907,0.4644,0.00188561808316413,0.992,0.00188561808316413,0.00800000000000001,0.003651899413926,0.03651899413926,0.0155887445887446,0.0386122919665369,0.18,11.81,0.00431212330926928,100,0.0431212330926928,0.870592,100,0,0,"BB",50,0.001,"Low","Prop_0.50",10000,FALSE
"PF130","DiD","unadjusted",0.01,100,0.0084135532795531,100,0.084135532795531,0.448,0.00150635019470604,0.9944,0.00150635019470604,0.0056,0.00311651396077084,0.0311651396077084,0.0115052031302031,0.0337997668989631,0.13,11.34,0.00431212330926928,100,0.0431212330926928,0.870592,100,0,0,"BB",50,0.001,"Low","Prop_0.50",10000,FALSE
"PF130","DiD","unadjusted",0.05,100,0.00781389593589329,100,0.0781389593589329,0.5844,0.00414894412757479,0.9628,0.00414894412757479,0.0372,0.00587325852860701,0.0587325852860701,0.0570769350188855,0.0490207130000197,0.61,15.54,0.00431212330926928,100,0.0431212330926928,0.870592,100,0,0,"BB",50,0.001,"Low","Prop_0.50",10000,FALSE
"PF130","MIMOSA2","BFDR",0.01,100,0.0113618180363404,100,0.113618180363404,0.554,0.00102572959990497,0.9972,0.00102572959990497,0.0028,0.00162627736011233,0.0162627736011233,0.00437353801169591,0.0256432399976243,0.07,13.92,0.00317084282203016,100,0.0317084282203016,0.935032,100,0,0,"BB",50,0.001,"Low","Prop_0.50",10000,FALSE
"PF130","MIMOSA2","BFDR",0.05,100,0.0106025344787809,100,0.106025344787809,0.7848,0.0031542179552293,0.9752,0.0031542179552293,0.0248,0.00350730579387079,0.0350730579387079,0.028575546095569,0.05,0.45,20.24,0.00317084282203016,100,0.0317084282203016,0.935032,100,0,0,"BB",50,0.001,"Low","Prop_0.50",10000,FALSE
"PF141","DiD","BH",0.01,100,0.00197928667897699,100,0.0197928667897699,0.0096,0,1,0,0,0,0,0,0,0,0.24,0.00594292753760062,100,0.0594292753760062,0.756696,100,0,0,"Beta",50,0.00025,"Low","Prop_0.50",10000,FALSE
"PF141","DiD","BH",0.05,100,0.00568535243614961,100,0.0568535243614961,0.04,0,1,0,0,0,0,0,0,0,1,0.00594292753760062,100,0.0594292753760062,0.756696,100,0,0,"Beta",50,0.00025,"Low","Prop_0.50",10000,FALSE
"PF141","DiD","unadjusted",0.01,100,0.0055437288257029,100,0.055437288257029,0.1088,0.00109063969737716,0.9968,0.00109063969737716,0.0032,0.0129693046056009,0.129693046056009,0.0325,0.0272659924344291,0.08,2.8,0.00594292753760062,100,0.0594292753760062,0.756696,100,0,0,"Beta",50,0.00025,"Low","Prop_0.50",10000,FALSE
"PF141","DiD","unadjusted",0.05,100,0.0082502280348038,100,0.082502280348038,0.2712,0.00346386833444688,0.9696,0.00346386833444688,0.0304,0.0122931027476609,0.122931027476609,0.101454184704185,0.0502418393795691,0.51,7.54,0.00594292753760062,100,0.0594292753760062,0.756696,100,0,0,"Beta",50,0.00025,"Low","Prop_0.50",10000,FALSE
"PF141","MIMOSA2","BFDR",0.01,100,0.00508513380930983,100,0.0508513380930983,0.04,0.000685786431991062,0.9988,0.000685786431991062,0.0012,0.00457788932883602,0.0457788932883602,0.00783333333333333,0.0171446607997765,0.03,1.03,0.00548240419133538,100,0.0548240419133538,0.800272,100,0,0,"Beta",50,0.00025,"Low","Prop_0.50",10000,FALSE
"PF141","MIMOSA2","BFDR",0.05,100,0.0116666839826711,100,0.116666839826711,0.1564,0.00164531781339372,0.994,0.00164531781339372,0.006,0.011451170103752,0.11451170103752,0.0302176434676435,0.0337997668989631,0.13,4.06,0.00548240419133538,100,0.0548240419133538,0.800272,100,0,0,"Beta",50,0.00025,"Low","Prop_0.50",10000,FALSE
"PF142","DiD","BH",0.01,100,0.0023094010767585,100,0.023094010767585,0.012,0,1,0,0,0,0,0,0,0,0.3,0.00636636103978473,100,0.0636636103978473,0.756008,100,0,0,"EG",50,0.00025,"Low","Prop_0.50",10000,FALSE
"PF142","DiD","BH",0.05,100,0.00508815221168677,100,0.0508815221168677,0.0364,0.000876171654230362,0.998,0.000876171654230362,0.002,0.00704522826471279,0.0704522826471279,0.015,0.021904291355759,0.05,0.96,0.00636636103978473,100,0.0636636103978473,0.756008,100,0,0,"EG",50,0.00025,"Low","Prop_0.50",10000,FALSE
"PF142","DiD","unadjusted",0.01,100,0.00549379815626841,100,0.0549379815626841,0.102,0.00135199067595853,0.9948,0.00135199067595853,0.0052,0.0110968636752056,0.110968636752056,0.0400952380952381,0.0337997668989631,0.13,2.68,0.00636636103978473,100,0.0636636103978473,0.756008,100,0,0,"EG",50,0.00025,"Low","Prop_0.50",10000,FALSE
"PF142","DiD","unadjusted",0.05,100,0.00838469023298001,100,0.0838469023298001,0.236,0.00354389502090453,0.9692,0.00354389502090453,0.0308,0.0114968491568114,0.114968491568114,0.105100288600289,0.0500908265962033,0.54,6.67,0.00636636103978473,100,0.0636636103978473,0.756008,100,0,0,"EG",50,0.00025,"Low","Prop_0.50",10000,FALSE
"PF142","MIMOSA2","BFDR",0.01,100,0.00521985332043619,100,0.0521985332043619,0.0516,0.000954733026303769,0.9976,0.000954733026303769,0.0024,0.00959521661132159,0.0959521661132159,0.0228333333333333,0.0238683256575942,0.06,1.35,0.00610650781849772,100,0.0610650781849772,0.792792,100,0,0,"EG",50,0.00025,"Low","Prop_0.50",10000,FALSE
"PF142","MIMOSA2","BFDR",0.05,100,0.0101367617804671,100,0.101367617804671,0.1644,0.0022077915287326,0.9888,0.0022077915287326,0.0112,0.00993230154344799,0.0993230154344799,0.0479296536796537,0.0422952584681651,0.23,4.39,0.00610650781849772,100,0.0610650781849772,0.792792,100,0,0,"EG",50,0.00025,"Low","Prop_0.50",10000,FALSE
"PF143","DiD","BH",0.01,100,0.0018731489179152,100,0.018731489179152,0.0092,0,1,0,0,0,0,0,0,0,0.23,0.00688349354571786,100,0.0688349354571786,0.733688,100,0,0,"LN",50,0.00025,"Low","Prop_0.50",10000,FALSE
"PF143","DiD","BH",0.05,100,0.00513242809806608,100,0.0513242809806608,0.0396,4e-04,0.9996,4e-04,4e-04,0.01,0.1,0.01,0.01,0.01,1,0.00688349354571786,100,0.0688349354571786,0.733688,100,0,0,"LN",50,0.00025,"Low","Prop_0.50",10000,FALSE
"PF143","DiD","unadjusted",0.01,100,0.00572726952060196,100,0.0572726952060196,0.1008,0.00115049396505865,0.9964,0.00115049396505865,0.0036,0.00991788677665147,0.0991788677665147,0.0295,0.0287623491264661,0.09,2.61,0.00688349354571786,100,0.0688349354571786,0.733688,100,0,0,"LN",50,0.00025,"Low","Prop_0.50",10000,FALSE
"PF143","DiD","unadjusted",0.05,100,0.0082682305461106,100,0.082682305461106,0.244,0.00422001005312604,0.9636,0.00422001005312604,0.0364,0.0123843052801841,0.123843052801841,0.118707792207792,0.0496044963748858,0.58,7.01,0.00688349354571786,100,0.0688349354571786,0.733688,100,0,0,"LN",50,0.00025,"Low","Prop_0.50",10000,FALSE
"PF143","MIMOSA2","BFDR",0.01,100,0.00489996907844294,100,0.0489996907844294,0.0448,0.00109063969737716,0.9968,0.00109063969737716,0.0032,0.0126458272663468,0.126458272663468,0.0306666666666667,0.0272659924344291,0.08,1.2,0.00648153372546525,100,0.0648153372546525,0.773256,100,0,0,"LN",50,0.00025,"Low","Prop_0.50",10000,FALSE
"PF143","MIMOSA2","BFDR",0.05,100,0.0095283521633856,100,0.0952835216338559,0.1472,0.00251058365784339,0.988,0.00251058365784339,0.012,0.0121128216782933,0.121128216782933,0.0568015873015873,0.0422952584681651,0.23,3.98,0.00648153372546525,100,0.0648153372546525,0.773256,100,0,0,"LN",50,0.00025,"Low","Prop_0.50",10000,FALSE
"PF144","DiD","BH",0.01,100,0.00209511215678182,100,0.0209511215678182,0.0088,0,1,0,0,0,0,0,0,0,0.22,0.00670886600482578,100,0.0670886600482578,0.750224,100,0,0,"SX",50,0.00025,"Low","Prop_0.50",10000,FALSE
"PF144","DiD","BH",0.05,100,0.00516256924526163,100,0.0516256924526163,0.0388,0.000562821176545159,0.9992,0.000562821176545159,0.000800000000000001,0.0101213179695669,0.101213179695669,0.0116666666666667,0.014070529413629,0.02,0.99,0.00670886600482578,100,0.0670886600482578,0.750224,100,0,0,"SX",50,0.00025,"Low","Prop_0.50",10000,FALSE
"PF144","DiD","unadjusted",0.01,100,0.00546799688176483,100,0.0546799688176483,0.1,0.000954733026303769,0.9976,0.000954733026303769,0.0024,0.0134798348792786,0.134798348792786,0.03,0.0238683256575942,0.06,2.56,0.00670886600482578,100,0.0670886600482578,0.750224,100,0,0,"SX",50,0.00025,"Low","Prop_0.50",10000,FALSE
"PF144","DiD","unadjusted",0.05,100,0.00850867649858518,100,0.0850867649858518,0.2408,0.00370617829789091,0.9604,0.00370617829789091,0.0396,0.0138124624097932,0.138124624097932,0.146022005772006,0.0472581562625261,0.67,7.01,0.00670886600482578,100,0.0670886600482578,0.750224,100,0,0,"SX",50,0.00025,"Low","Prop_0.50",10000,FALSE
"PF144","MIMOSA2","BFDR",0.01,100,0.00530461967524439,100,0.0530461967524439,0.0468,0,1,0,0,0,0,0,0,0,1.17,0.00687127899229095,100,0.0687127899229096,0.793976,100,0,0,"SX",50,0.00025,"Low","Prop_0.50",10000,FALSE
"PF144","MIMOSA2","BFDR",0.05,100,0.0101221629021757,100,0.101221629021757,0.1592,0.0017597061278991,0.9912,0.0017597061278991,0.00880000000000001,0.0133765003591253,0.133765003591253,0.0484007936507937,0.0409360180740332,0.21,4.2,0.00687127899229095,100,0.0687127899229096,0.793976,100,0,0,"SX",50,0.00025,"Low","Prop_0.50",10000,FALSE
"PF145","DiD","BH",0.01,100,0.00209819547288241,100,0.0209819547288241,0.0104,0,1,0,0,0,0,0,0,0,0.26,0.0062090556220066,100,0.062090556220066,0.7516,100,0,0,"BB",50,0.00025,"Low","Prop_0.50",10000,FALSE
"PF145","DiD","BH",0.05,100,0.00506523105658228,100,0.0506523105658228,0.046,0.000562821176545159,0.9992,0.000562821176545159,0.000800000000000001,0.00351763235340724,0.0351763235340724,0.005,0.014070529413629,0.02,1.17,0.0062090556220066,100,0.062090556220066,0.7516,100,0,0,"BB",50,0.00025,"Low","Prop_0.50",10000,FALSE
"PF145","DiD","unadjusted",0.01,100,0.0058328224884543,100,0.058328224884543,0.1028,0.000954733026303769,0.9976,0.000954733026303769,0.0024,0.00600175339138853,0.0600175339138853,0.0148333333333333,0.0238683256575942,0.06,2.63,0.0062090556220066,100,0.062090556220066,0.7516,100,0,0,"BB",50,0.00025,"Low","Prop_0.50",10000,FALSE
"PF145","DiD","unadjusted",0.05,100,0.00887525216600075,100,0.0887525216600075,0.2524,0.00372900181623106,0.9656,0.00372900181623106,0.0344,0.0124538297533591,0.124538297533591,0.114943223443223,0.0496044963748858,0.58,7.17,0.0062090556220066,100,0.062090556220066,0.7516,100,0,0,"BB",50,0.00025,"Low","Prop_0.50",10000,FALSE
"PF145","MIMOSA2","BFDR",0.01,100,0.00564598722254769,100,0.0564598722254768,0.0504,0.00124819060963452,0.9976,0.00124819060963452,0.0024,0.00753180685347908,0.0753180685347908,0.0148333333333333,0.0196946385566932,0.04,1.32,0.00563831945734102,100,0.0563831945734102,0.791504,100,0,0,"BB",50,0.00025,"Low","Prop_0.50",10000,FALSE
"PF145","MIMOSA2","BFDR",0.05,100,0.0115463755299569,100,0.115463755299569,0.1612,0.00195752884829808,0.9908,0.00195752884829808,0.00920000000000001,0.00917020236761501,0.0917020236761501,0.0398777056277056,0.0402015126103685,0.2,4.26,0.00563831945734102,100,0.0563831945734102,0.791504,100,0,0,"BB",50,0.00025,"Low","Prop_0.50",10000,FALSE
"PF156","DiD","BH",0.01,100,0.00142474523684025,100,0.0142474523684025,0.0048,0,1,0,0,0,0,0,0,0,0.12,0.00671907814744814,100,0.0671907814744814,0.732464,100,0,0,"Beta",50,0.000125,"Low","Prop_0.50",10000,FALSE
"PF156","DiD","BH",0.05,100,0.00374974746624437,100,0.0374974746624437,0.02,4e-04,0.9996,4e-04,4e-04,0.01,0.1,0.01,0.01,0.01,0.51,0.00671907814744814,100,0.0671907814744814,0.732464,100,0,0,"Beta",50,0.000125,"Low","Prop_0.50",10000,FALSE
"PF156","DiD","unadjusted",0.01,100,0.00530538129704838,100,0.0530538129704838,0.0688,0.000954733026303769,0.9976,0.000954733026303769,0.0024,0.0158989866902824,0.158989866902824,0.035,0.0238683256575942,0.06,1.78,0.00671907814744814,100,0.0671907814744814,0.732464,100,0,0,"Beta",50,0.000125,"Low","Prop_0.50",10000,FALSE
"PF156","DiD","unadjusted",0.05,100,0.00775993335387397,100,0.0775993335387397,0.2084,0.00330802513639638,0.9708,0.00330802513639638,0.0292,0.0120302941113918,0.120302941113918,0.113363275613276,0.0500908265962033,0.54,5.94,0.00671907814744814,100,0.0671907814744814,0.732464,100,0,0,"Beta",50,0.000125,"Low","Prop_0.50",10000,FALSE
"PF156","MIMOSA2","BFDR",0.01,100,0.00347946356018664,100,0.0347946356018664,0.0212,0.00078778554226773,0.9984,0.00078778554226773,0.0016,0.0110211000569202,0.110211000569202,0.0183333333333333,0.0196946385566932,0.04,0.57,0.00649236475882372,100,0.0649236475882372,0.736328,100,0,0,"Beta",50,0.000125,"Low","Prop_0.50",10000,FALSE
"PF156","MIMOSA2","BFDR",0.05,100,0.00714762092227091,100,0.0714762092227091,0.0668,0.00179966326816654,0.9944,0.00179966326816654,0.0056,0.0149996862170722,0.149996862170722,0.0444801587301587,0.031446603773522,0.11,1.81,0.00649236475882372,100,0.0649236475882372,0.736328,100,0,0,"Beta",50,0.000125,"Low","Prop_0.50",10000,FALSE
"PF157","DiD","BH",0.01,100,0.00117275467824841,100,0.0117275467824841,0.0028,0,1,0,0,0,0,0,0,0,0.07,0.00734791084443584,100,0.0734791084443584,0.724496,100,0,0,"EG",50,0.000125,"Low","Prop_0.50",10000,FALSE
"PF157","DiD","BH",0.05,100,0.00391505769659615,100,0.0391505769659615,0.0216,4e-04,0.9996,4e-04,4e-04,0.005,0.05,0.005,0.01,0.01,0.55,0.00734791084443584,100,0.0734791084443584,0.724496,100,0,0,"EG",50,0.000125,"Low","Prop_0.50",10000,FALSE
"PF157","DiD","unadjusted",0.01,100,0.00571710175921791,100,0.0571710175921791,0.0704,0.00157966880558981,0.9936,0.00157966880558981,0.0064,0.0226282353937959,0.226282353937959,0.0816666666666667,0.0358870281282637,0.15,1.92,0.00734791084443584,100,0.0734791084443584,0.724496,100,0,0,"EG",50,0.000125,"Low","Prop_0.50",10000,FALSE
"PF157","DiD","unadjusted",0.05,100,0.00760340168422774,100,0.0760340168422774,0.1892,0.00339601668030787,0.9632,0.00339601668030787,0.0368,0.0163698603664519,0.163698603664519,0.162726551226551,0.0482418151324422,0.64,5.65,0.00734791084443584,100,0.0734791084443584,0.724496,100,0,0,"EG",50,0.000125,"Low","Prop_0.50",10000,FALSE
"PF157","MIMOSA2","BFDR",0.01,100,0.0039520356600853,100,0.039520356600853,0.0224,0.00117275467824841,0.9972,0.00117275467824841,0.0028,0.0125939232313407,0.125939232313407,0.0275,0.0238683256575942,0.06,0.63,0.00685680256490891,100,0.0685680256490891,0.73604,100,0,0,"EG",50,0.000125,"Low","Prop_0.50",10000,FALSE
"PF157","MIMOSA2","BFDR",0.05,100,0.00788800393386097,100,0.0788800393386097,0.0804,0.00221071769506482,0.9904,0.00221071769506482,0.0096,0.0139906070404315,0.139906070404315,0.0599166666666667,0.0386122919665369,0.18,2.25,0.00685680256490891,100,0.0685680256490891,0.73604,100,0,0,"EG",50,0.000125,"Low","Prop_0.50",10000,FALSE
"PF158","DiD","BH",0.01,100,0.00222347439468917,100,0.0222347439468917,0.0084,0,1,0,0,0,0,0,0,0,0.21,0.00650944178276696,100,0.0650944178276696,0.72628,100,0,0,"LN",50,0.000125,"Low","Prop_0.50",10000,FALSE
"PF158","DiD","BH",0.05,100,0.00399008873094422,100,0.0399008873094422,0.0228,4e-04,0.9996,4e-04,4e-04,0.00333333333333333,0.0333333333333333,0.00333333333333333,0.01,0.01,0.58,0.00650944178276696,100,0.0650944178276696,0.72628,100,0,0,"LN",50,0.000125,"Low","Prop_0.50",10000,FALSE
"PF158","DiD","unadjusted",0.01,100,0.00551376605974684,100,0.0551376605974684,0.0732,0.00109063969737716,0.9968,0.00109063969737716,0.0032,0.012994298100994,0.12994298100994,0.0314285714285714,0.0272659924344291,0.08,1.91,0.00650944178276696,100,0.0650944178276696,0.72628,100,0,0,"LN",50,0.000125,"Low","Prop_0.50",10000,FALSE
"PF158","DiD","unadjusted",0.05,100,0.00765931135971443,100,0.0765931135971443,0.2004,0.00434381017871256,0.966,0.00434381017871256,0.034,0.0152185556151377,0.152185556151377,0.132019452769453,0.0502418393795691,0.51,5.86,0.00650944178276696,100,0.0650944178276696,0.72628,100,0,0,"LN",50,0.000125,"Low","Prop_0.50",10000,FALSE
"PF158","MIMOSA2","BFDR",0.01,100,0.00501649803401262,100,0.0501649803401262,0.0308,0.000685786431991062,0.9988,0.000685786431991062,0.0012,0.00743235487513204,0.0743235487513204,0.0125,0.0171446607997765,0.03,0.8,0.0060800346091519,100,0.060800346091519,0.742744,100,0,0,"LN",50,0.000125,"Low","Prop_0.50",10000,FALSE
"PF158","MIMOSA2","BFDR",0.05,100,0.00900109982056626,100,0.0900109982056626,0.0852,0.00146666666666667,0.9948,0.00146666666666667,0.0052,0.00774811320697541,0.0774811320697541,0.0259329004329004,0.032659863237109,0.12,2.26,0.0060800346091519,100,0.060800346091519,0.742744,100,0,0,"LN",50,0.000125,"Low","Prop_0.50",10000,FALSE
"PF159","DiD","BH",0.01,100,0.00153399195341153,100,0.0153399195341153,0.0048,0,1,0,0,0,0,0,0,0,0.12,0.00721615247660806,100,0.0721615247660806,0.71664,100,0,0,"SX",50,0.000125,"Low","Prop_0.50",10000,FALSE
"PF159","DiD","BH",0.05,100,0.00379239004088744,100,0.0379239004088744,0.0204,4e-04,0.9996,4e-04,4e-04,0.01,0.1,0.01,0.01,0.01,0.52,0.00721615247660806,100,0.0721615247660806,0.71664,100,0,0,"SX",50,0.000125,"Low","Prop_0.50",10000,FALSE
"PF159","DiD","unadjusted",0.01,100,0.00552328404725546,100,0.0552328404725546,0.0728,0.00139494035207911,0.9944,0.00139494035207911,0.00560000000000001,0.0257026672619225,0.257026672619225,0.0925,0.0348735088019777,0.14,1.96,0.00721615247660806,100,0.0721615247660806,0.71664,100,0,0,"SX",50,0.000125,"Low","Prop_0.50",10000,FALSE
"PF159","DiD","unadjusted",0.05,100,0.00710054770970365,100,0.0710054770970365,0.2008,0.00347574568701568,0.966,0.00347574568701568,0.034,0.0140156923136346,0.140156923136346,0.139341380841381,0.0492365963917331,0.6,5.87,0.00721615247660806,100,0.0721615247660806,0.71664,100,0,0,"SX",50,0.000125,"Low","Prop_0.50",10000,FALSE
"PF159","MIMOSA2","BFDR",0.01,100,0.00388334959028981,100,0.0388334959028981,0.0252,0.000876171654230362,0.998,0.000876171654230362,0.002,0.0127401179767146,0.127401179767146,0.0258333333333333,0.021904291355759,0.05,0.68,0.00689392337900238,100,0.0689392337900238,0.717768,100,0,0,"SX",50,0.000125,"Low","Prop_0.50",10000,FALSE
"PF159","MIMOSA2","BFDR",0.05,100,0.00786512568368758,100,0.0786512568368758,0.0728,0.00195752884829808,0.9908,0.00195752884829808,0.00920000000000001,0.0159951067539304,0.159951067539304,0.0640079365079365,0.0402015126103685,0.2,2.05,0.00689392337900238,100,0.0689392337900238,0.717768,100,0,0,"SX",50,0.000125,"Low","Prop_0.50",10000,FALSE
"PF160","DiD","BH",0.01,100,0.000876171654230361,100,0.00876171654230361,0.002,0,1,0,0,0,0,0,0,0,0.05,0.0073643124827396,100,0.073643124827396,0.730592,100,0,0,"BB",50,0.000125,"Low","Prop_0.50",10000,FALSE
"PF160","DiD","BH",0.05,100,0.00366164945996702,100,0.0366164945996702,0.0192,4e-04,0.9996,4e-04,4e-04,0.01,0.1,0.01,0.01,0.01,0.49,0.0073643124827396,100,0.073643124827396,0.730592,100,0,0,"BB",50,0.000125,"Low","Prop_0.50",10000,FALSE
"PF160","DiD","unadjusted",0.01,100,0.00485939681171824,100,0.0485939681171824,0.0668,0.000954733026303769,0.9976,0.000954733026303769,0.0024,0.0132700518497207,0.132700518497207,0.03,0.0238683256575942,0.06,1.73,0.0073643124827396,100,0.073643124827396,0.730592,100,0,0,"BB",50,0.000125,"Low","Prop_0.50",10000,FALSE
"PF160","DiD","unadjusted",0.05,100,0.0077632649592992,100,0.077632649592992,0.2012,0.00332945228607537,0.9684,0.00332945228607537,0.0316,0.0146986661460868,0.146986661460868,0.134426046176046,0.0497569851956243,0.57,5.82,0.0073643124827396,100,0.073643124827396,0.730592,100,0,0,"BB",50,0.000125,"Low","Prop_0.50",10000,FALSE
"PF160","MIMOSA2","BFDR",0.01,100,0.00262851496269108,100,0.0262851496269108,0.014,0.000685786431991062,0.9988,0.000685786431991062,0.0012,0.014255514616095,0.14255514616095,0.0225,0.0171446607997765,0.03,0.38,0.00732282800148918,100,0.0732282800148917,0.740696,100,0,0,"BB",50,0.000125,"Low","Prop_0.50",10000,FALSE
"PF160","MIMOSA2","BFDR",0.05,100,0.00797359277980647,100,0.0797359277980647,0.0724,0.00202768714340136,0.9936,0.00202768714340136,0.0064,0.0156047989503416,0.156047989503416,0.0473611111111111,0.0337997668989631,0.13,1.97,0.00732282800148918,100,0.0732282800148917,0.740696,100,0,0,"BB",50,0.000125,"Low","Prop_0.50",10000,FALSE
"PF171","DiD","BH",0.01,100,0.00122992978365729,100,0.0122992978365729,0.0032,0,1,0,0,0,0,0,0,0,0.08,0.00648392822697208,100,0.0648392822697208,0.72268,100,0,0,"Beta",50,6.25e-05,"Low","Prop_0.50",10000,FALSE
"PF171","DiD","BH",0.05,100,0.00254606053392771,100,0.0254606053392771,0.0132,0,1,0,0,0,0,0,0,0,0.33,0.00648392822697208,100,0.0648392822697208,0.72268,100,0,0,"Beta",50,6.25e-05,"Low","Prop_0.50",10000,FALSE
"PF171","DiD","unadjusted",0.01,100,0.00430062245905794,100,0.0430062245905794,0.0536,0.00120604537831106,0.996,0.00120604537831106,0.004,0.0182043210913592,0.182043210913592,0.055,0.0301511344577764,0.1,1.44,0.00648392822697208,100,0.0648392822697208,0.72268,100,0,0,"Beta",50,6.25e-05,"Low","Prop_0.50",10000,FALSE
"PF171","DiD","unadjusted",0.05,100,0.00770475387817368,100,0.0770475387817368,0.1852,0.00334688155775136,0.9652,0.00334688155775136,0.0348,0.0151466466902938,0.151466466902938,0.152507936507937,0.0490207130000197,0.61,5.5,0.00648392822697208,100,0.0648392822697208,0.72268,100,0,0,"Beta",50,6.25e-05,"Low","Prop_0.50",10000,FALSE
"PF171","MIMOSA2","BFDR",0.01,100,0.00227981923791685,100,0.0227981923791685,0.0112,0.000562821176545159,0.9992,0.000562821176545159,0.000800000000000001,0.0111350751676807,0.111350751676807,0.015,0.014070529413629,0.02,0.3,0.00655244201219914,100,0.0655244201219914,0.706792,100,0,0,"Beta",50,6.25e-05,"Low","Prop_0.50",10000,FALSE
"PF171","MIMOSA2","BFDR",0.05,100,0.00506778297112497,100,0.0506778297112497,0.0412,0.00146666666666667,0.9948,0.00146666666666667,0.0052,0.0192632247924682,0.192632247924682,0.0583333333333333,0.032659863237109,0.12,1.16,0.00655244201219914,100,0.0655244201219914,0.706792,100,0,0,"Beta",50,6.25e-05,"Low","Prop_0.50",10000,FALSE
"PF172","DiD","BH",0.01,100,0.00122992978365729,100,0.0122992978365729,0.0032,0,1,0,0,0,0,0,0,0,0.08,0.00710618525858234,100,0.0710618525858234,0.716376,100,0,0,"EG",50,6.25e-05,"Low","Prop_0.50",10000,FALSE
"PF172","DiD","BH",0.05,100,0.00217385753113137,100,0.0217385753113137,0.0104,0,1,0,0,0,0,0,0,0,0.26,0.00710618525858234,100,0.0710618525858234,0.716376,100,0,0,"EG",50,6.25e-05,"Low","Prop_0.50",10000,FALSE
"PF172","DiD","unadjusted",0.01,100,0.00391835875763506,100,0.0391835875763506,0.044,0.000562821176545159,0.9992,0.000562821176545159,0.000800000000000001,0.0111350751676807,0.111350751676807,0.015,0.014070529413629,0.02,1.12,0.00710618525858234,100,0.0710618525858234,0.716376,100,0,0,"EG",50,6.25e-05,"Low","Prop_0.50",10000,FALSE
"PF172","DiD","unadjusted",0.05,100,0.00728257918569785,100,0.0728257918569785,0.1712,0.00282528268005561,0.9724,0.00282528268005561,0.0276,0.0169326390687235,0.169326390687235,0.14056746031746,0.0498887651569859,0.56,4.97,0.00710618525858234,100,0.0710618525858234,0.716376,100,0,0,"EG",50,6.25e-05,"Low","Prop_0.50",10000,FALSE
"PF172","MIMOSA2","BFDR",0.01,100,0.0022077915287326,100,0.022077915287326,0.0112,0,1,0,0,0,0,0,0,0,0.28,0.0070156351102377,100,0.070156351102377,0.705544,100,0,0,"EG",50,6.25e-05,"Low","Prop_0.50",10000,FALSE
"PF172","MIMOSA2","BFDR",0.05,100,0.0053785958138991,100,0.053785958138991,0.044,0.00140360286765916,0.9964,0.00140360286765916,0.0036,0.0121912359502752,0.121912359502752,0.027452380952381,0.0256432399976243,0.07,1.19,0.0070156351102377,100,0.070156351102377,0.705544,100,0,0,"EG",50,6.25e-05,"Low","Prop_0.50",10000,FALSE
"PF173","DiD","BH",0.01,100,0.00125786415094088,100,0.0125786415094088,0.0044,4e-04,0.9996,4e-04,4e-04,0.01,0.1,0.01,0.01,0.01,0.12,0.00636015881893056,100,0.0636015881893056,0.70496,100,0,0,"LN",50,6.25e-05,"Low","Prop_0.50",10000,FALSE
"PF173","DiD","BH",0.05,100,0.00289311268534446,100,0.0289311268534446,0.0156,0.000562821176545159,0.9992,0.000562821176545159,0.000800000000000001,0.0111350751676807,0.111350751676807,0.015,0.014070529413629,0.02,0.41,0.00636015881893056,100,0.0636015881893056,0.70496,100,0,0,"LN",50,6.25e-05,"Low","Prop_0.50",10000,FALSE
"PF173","DiD","unadjusted",0.01,100,0.00454045785970507,100,0.0454045785970507,0.0552,0.00122992978365729,0.9968,0.00122992978365729,0.0032,0.0161719506099909,0.161719506099909,0.0383333333333333,0.0256432399976243,0.07,1.46,0.00636015881893056,100,0.0636015881893056,0.70496,100,0,0,"LN",50,6.25e-05,"Low","Prop_0.50",10000,FALSE
"PF173","DiD","unadjusted",0.05,100,0.00771816694624449,100,0.0771816694624449,0.1684,0.00322214559295855,0.9696,0.00322214559295855,0.0304,0.0155046306260288,0.155046306260288,0.144797619047619,0.0498887651569859,0.56,4.97,0.00636015881893056,100,0.0636015881893056,0.70496,100,0,0,"LN",50,6.25e-05,"Low","Prop_0.50",10000,FALSE
"PF173","MIMOSA2","BFDR",0.01,100,0.00300275967346134,100,0.0300275967346134,0.0156,0.000562821176545159,0.9992,0.000562821176545159,0.000800000000000001,0.0111350751676807,0.111350751676807,0.015,0.014070529413629,0.02,0.41,0.00783481580813964,100,0.0783481580813964,0.700008,100,0,0,"LN",50,6.25e-05,"Low","Prop_0.50",10000,FALSE
"PF173","MIMOSA2","BFDR",0.05,100,0.00551274006554844,100,0.0551274006554844,0.0456,0.00115049396505865,0.9964,0.00115049396505865,0.0036,0.0137774799373151,0.137774799373151,0.03575,0.0287623491264661,0.09,1.23,0.00783481580813964,100,0.0783481580813964,0.700008,100,0,0,"LN",50,6.25e-05,"Low","Prop_0.50",10000,FALSE
"PF174","DiD","BH",0.01,100,0.00142474523684025,100,0.0142474523684025,0.0048,0,1,0,0,0,0,0,0,0,0.12,0.00628693048708946,100,0.0628693048708946,0.70176,100,0,0,"SX",50,6.25e-05,"Low","Prop_0.50",10000,FALSE
"PF174","DiD","BH",0.05,100,0.00268929790694955,100,0.0268929790694955,0.014,0.000562821176545159,0.9992,0.000562821176545159,0.000800000000000001,0.0111350751676807,0.111350751676807,0.015,0.014070529413629,0.02,0.37,0.00628693048708946,100,0.0628693048708946,0.70176,100,0,0,"SX",50,6.25e-05,"Low","Prop_0.50",10000,FALSE
"PF174","DiD","unadjusted",0.01,100,0.00443512153500927,100,0.0443512153500928,0.0508,0.00133333333333333,0.996,0.00133333333333333,0.004,0.0162541542648087,0.162541542648087,0.0466666666666667,0.0287623491264661,0.09,1.37,0.00628693048708946,100,0.0628693048708946,0.70176,100,0,0,"SX",50,6.25e-05,"Low","Prop_0.50",10000,FALSE
"PF174","DiD","unadjusted",0.05,100,0.00706392170815829,100,0.0706392170815829,0.162,0.00326499648088662,0.9608,0.00326499648088662,0.0392,0.0184830562272331,0.184830562272331,0.195508297258297,0.0468826172262151,0.68,5.03,0.00628693048708946,100,0.0628693048708946,0.70176,100,0,0,"SX",50,6.25e-05,"Low","Prop_0.50",10000,FALSE
"PF174","MIMOSA2","BFDR",0.01,100,0.00250252397843183,100,0.0250252397843183,0.014,0.00078778554226773,0.9984,0.00078778554226773,0.0016,0.0151785113033922,0.151785113033922,0.0283333333333333,0.0196946385566932,0.04,0.39,0.00642831609664489,100,0.0642831609664489,0.690392,100,0,0,"SX",50,6.25e-05,"Low","Prop_0.50",10000,FALSE
"PF174","MIMOSA2","BFDR",0.05,100,0.00498547384858746,100,0.0498547384858746,0.0444,0.00138038202880744,0.9956,0.00138038202880744,0.0044,0.018248771924918,0.18248771924918,0.0541666666666667,0.0301511344577764,0.1,1.22,0.00642831609664489,100,0.0642831609664489,0.690392,100,0,0,"SX",50,6.25e-05,"Low","Prop_0.50",10000,FALSE
"PF175","DiD","BH",0.01,100,0.00078778554226773,100,0.0078778554226773,0.0016,0,1,0,0,0,0,0,0,0,0.04,0.00668546315039979,100,0.0668546315039979,0.723008,100,0,0,"BB",50,6.25e-05,"Low","Prop_0.50",10000,FALSE
"PF175","DiD","BH",0.05,100,0.00209511215678182,100,0.0209511215678182,0.0088,4e-04,0.9996,4e-04,4e-04,0.01,0.1,0.01,0.01,0.01,0.23,0.00668546315039979,100,0.0668546315039979,0.723008,100,0,0,"BB",50,6.25e-05,"Low","Prop_0.50",10000,FALSE
"PF175","DiD","unadjusted",0.01,100,0.00491643296825179,100,0.0491643296825179,0.0552,0.00138038202880744,0.9956,0.00138038202880744,0.0044,0.0197733722820089,0.197733722820089,0.0575,0.0301511344577764,0.1,1.49,0.00668546315039979,100,0.0668546315039979,0.723008,100,0,0,"BB",50,6.25e-05,"Low","Prop_0.50",10000,FALSE
"PF175","DiD","unadjusted",0.05,100,0.00744271048704297,100,0.0744271048704297,0.186,0.00333357574876097,0.9672,0.00333357574876097,0.0328,0.0147620044924686,0.147620044924686,0.149695165945166,0.0490207130000197,0.61,5.47,0.00668546315039979,100,0.0668546315039979,0.723008,100,0,0,"BB",50,6.25e-05,"Low","Prop_0.50",10000,FALSE
"PF175","MIMOSA2","BFDR",0.01,100,0.00189032625050104,100,0.0189032625050104,0.0068,0.00078778554226773,0.9984,0.00078778554226773,0.0016,0.0177738316327429,0.177738316327429,0.035,0.0196946385566932,0.04,0.21,0.00684818691333699,100,0.0684818691333699,0.714208,100,0,0,"BB",50,6.25e-05,"Low","Prop_0.50",10000,FALSE
"PF175","MIMOSA2","BFDR",0.05,100,0.00711509989140325,100,0.0711509989140325,0.0504,0.00167886445509632,0.9936,0.00167886445509632,0.0064,0.0183425989966236,0.183425989966236,0.0535238095238095,0.0348735088019777,0.14,1.42,0.00684818691333699,100,0.0684818691333699,0.714208,100,0,0,"BB",50,6.25e-05,"Low","Prop_0.50",10000,FALSE
"PF186","DiD","BH",0.01,100,0.00612014392119676,100,0.0612014392119676,0.0528,0,1,0,0,0,0,0,0,0,1.32,0.00499610605543675,100,0.0499610605543675,0.832352,100,0,0,"Beta",50,0.001,"Very Low","Prop_0.50",10000,FALSE
"PF186","DiD","BH",0.05,100,0.0116877904004326,100,0.116877904004326,0.2104,0.00104446593573419,0.998,0.00104446593573419,0.002,0.00267713445502148,0.0267713445502148,0.00534523809523809,0.0196946385566932,0.04,5.31,0.00499610605543675,100,0.0499610605543675,0.832352,100,0,0,"Beta",50,0.001,"Very Low","Prop_0.50",10000,FALSE
"PF186","DiD","unadjusted",0.01,100,0.00824856277655616,100,0.0824856277655616,0.2604,0.00117275467824841,0.9972,0.00117275467824841,0.0028,0.00333920409968178,0.0333920409968178,0.00826190476190476,0.0238683256575942,0.06,6.58,0.00499610605543675,100,0.0499610605543675,0.832352,100,0,0,"Beta",50,0.001,"Very Low","Prop_0.50",10000,FALSE
"PF186","DiD","unadjusted",0.05,100,0.0089247357995018,100,0.089247357995018,0.4584,0.00319089614086986,0.972,0.00319089614086986,0.028,0.00665619868312447,0.0665619868312447,0.0567506105006105,0.0502116731568678,0.52,12.16,0.00499610605543675,100,0.0499610605543675,0.832352,100,0,0,"Beta",50,0.001,"Very Low","Prop_0.50",10000,FALSE
"PF186","MIMOSA2","BFDR",0.01,100,0.0125603834465048,100,0.125603834465048,0.2912,0.000685786431991062,0.9988,0.000685786431991062,0.0012,0.00116394055912927,0.0116394055912927,0.00202413273001508,0.0171446607997765,0.03,7.31,0.00408449742219519,100,0.0408449742219519,0.90072,100,0,0,"Beta",50,0.001,"Very Low","Prop_0.50",10000,FALSE
"PF186","MIMOSA2","BFDR",0.05,100,0.0161553568687156,100,0.161553568687156,0.5812,0.00227804630099894,0.9868,0.00227804630099894,0.0132,0.00321418738169993,0.0321418738169994,0.0189900661926877,0.0456048021572069,0.29,14.86,0.00408449742219519,100,0.0408449742219519,0.90072,100,0,0,"Beta",50,0.001,"Very Low","Prop_0.50",10000,FALSE
"PF187","DiD","BH",0.01,100,0.0065195897497504,100,0.065195897497504,0.052,0,1,0,0,0,0,0,0,0,1.3,0.00559802932136196,100,0.0559802932136196,0.822848,100,0,0,"EG",50,0.001,"Very Low","Prop_0.50",10000,FALSE
"PF187","DiD","BH",0.05,100,0.0113239890176884,100,0.113239890176884,0.1936,4e-04,0.9996,4e-04,4e-04,0.000769230769230769,0.00769230769230769,0.000769230769230769,0.01,0.01,4.85,0.00559802932136196,100,0.0559802932136196,0.822848,100,0,0,"EG",50,0.001,"Very Low","Prop_0.50",10000,FALSE
"PF187","DiD","unadjusted",0.01,100,0.00757187779440037,100,0.0757187779440037,0.258,0.000562821176545159,0.9992,0.000562821176545159,0.000800000000000001,0.00299058567735531,0.0299058567735531,0.00416666666666667,0.014070529413629,0.02,6.47,0.00559802932136196,100,0.0559802932136196,0.822848,100,0,0,"EG",50,0.001,"Very Low","Prop_0.50",10000,FALSE
"PF187","DiD","unadjusted",0.05,100,0.00823728895286121,100,0.0823728895286121,0.4384,0.00361902939161507,0.9744,0.00361902939161507,0.0256,0.00769416135020902,0.0769416135020902,0.0540331237390061,0.0497569851956243,0.43,11.6,0.00559802932136196,100,0.0559802932136196,0.822848,100,0,0,"EG",50,0.001,"Very Low","Prop_0.50",10000,FALSE
"PF187","MIMOSA2","BFDR",0.01,100,0.0115592457200356,100,0.115592457200356,0.274,0.000562821176545159,0.9992,0.000562821176545159,0.000800000000000001,0.00104442330827304,0.0104442330827304,0.00148351648351648,0.014070529413629,0.02,6.87,0.00420465381416469,100,0.0420465381416469,0.896888,100,0,0,"EG",50,0.001,"Very Low","Prop_0.50",10000,FALSE
"PF187","MIMOSA2","BFDR",0.05,100,0.0147788546733008,100,0.147788546733008,0.5664,0.00232022290813498,0.9852,0.00232022290813498,0.0148,0.00395813471497862,0.0395813471497862,0.0244488568277268,0.0468826172262151,0.32,14.53,0.00420465381416469,100,0.0420465381416469,0.896888,100,0,0,"EG",50,0.001,"Very Low","Prop_0.50",10000,FALSE
"PF188","DiD","BH",0.01,100,0.00605683519053082,100,0.0605683519053082,0.0404,4e-04,0.9996,4e-04,4e-04,0.0025,0.025,0.0025,0.01,0.01,1.02,0.00520220938300704,100,0.0520220938300704,0.817544,100,0,0,"LN",50,0.001,"Very Low","Prop_0.50",10000,FALSE
"PF188","DiD","BH",0.05,100,0.01255652271237,100,0.1255652271237,0.1752,0.000685786431991062,0.9988,0.000685786431991062,0.0012,0.00283938417734321,0.0283938417734321,0.00444444444444444,0.0171446607997765,0.03,4.41,0.00520220938300704,100,0.0520220938300704,0.817544,100,0,0,"LN",50,0.001,"Very Low","Prop_0.50",10000,FALSE
"PF188","DiD","unadjusted",0.01,100,0.00838228049295812,100,0.0838228049295812,0.246,0.00102572959990497,0.9972,0.00102572959990497,0.0028,0.00435628941387234,0.0435628941387234,0.0113730158730159,0.0256432399976243,0.07,6.22,0.00520220938300704,100,0.0520220938300704,0.817544,100,0,0,"LN",50,0.001,"Very Low","Prop_0.50",10000,FALSE
"PF188","DiD","unadjusted",0.05,100,0.00866116375412436,100,0.0866116375412436,0.4512,0.00362505311699154,0.9652,0.00362505311699154,0.0348,0.00728293001456066,0.0728293001456066,0.0693383781251428,0.049431107042371,0.59,12.15,0.00520220938300704,100,0.0520220938300704,0.817544,100,0,0,"LN",50,0.001,"Very Low","Prop_0.50",10000,FALSE
"PF188","MIMOSA2","BFDR",0.01,100,0.0128582010146573,100,0.128582010146573,0.276,0.00117275467824841,0.9972,0.00117275467824841,0.0028,0.00304946479171899,0.0304946479171899,0.00713762626262626,0.0238683256575942,0.06,6.97,0.00453074435876098,100,0.0453074435876098,0.89128,100,0,0,"LN",50,0.001,"Very Low","Prop_0.50",10000,FALSE
"PF188","MIMOSA2","BFDR",0.05,100,0.0142076946004123,100,0.142076946004123,0.58,0.00329039004780082,0.9796,0.00329039004780082,0.0204,0.00476248959065831,0.0476248959065831,0.0301124837950521,0.0476095228569523,0.34,15.01,0.00453074435876098,100,0.0453074435876098,0.89128,100,0,0,"LN",50,0.001,"Very Low","Prop_0.50",10000,FALSE
"PF189","DiD","BH",0.01,100,0.00599744053153451,100,0.0599744053153451,0.0448,0,1,0,0,0,0,0,0,0,1.12,0.00517978978552433,100,0.0517978978552433,0.83536,100,0,0,"SX",50,0.001,"Very Low","Prop_0.50",10000,FALSE
"PF189","DiD","BH",0.05,100,0.0123566528108088,100,0.123566528108088,0.198,4e-04,0.9996,4e-04,4e-04,0.00125,0.0125,0.00125,0.01,0.01,4.96,0.00517978978552433,100,0.0517978978552433,0.83536,100,0,0,"SX",50,0.001,"Very Low","Prop_0.50",10000,FALSE
"PF189","DiD","unadjusted",0.01,100,0.008787134764742,100,0.08787134764742,0.2528,0.000562821176545159,0.9992,0.000562821176545159,0.000800000000000001,0.00234776381893387,0.0234776381893387,0.00325,0.014070529413629,0.02,6.34,0.00517978978552433,100,0.0517978978552433,0.83536,100,0,0,"SX",50,0.001,"Very Low","Prop_0.50",10000,FALSE
"PF189","DiD","unadjusted",0.05,100,0.00822943718389274,100,0.0822943718389273,0.4544,0.00319089614086986,0.972,0.00319089614086986,0.028,0.00617775254080953,0.0617775254080953,0.0556990036107683,0.0502418393795691,0.51,12.06,0.00517978978552433,100,0.0517978978552433,0.83536,100,0,0,"SX",50,0.001,"Very Low","Prop_0.50",10000,FALSE
"PF189","MIMOSA2","BFDR",0.01,100,0.0119047397402391,100,0.119047397402391,0.3188,0.000954733026303769,0.9976,0.000954733026303769,0.0024,0.00227141374619414,0.0227141374619414,0.00558705183705184,0.0238683256575942,0.06,8.03,0.00401893305103318,100,0.0401893305103318,0.903544,100,0,0,"SX",50,0.001,"Very Low","Prop_0.50",10000,FALSE
"PF189","MIMOSA2","BFDR",0.05,100,0.0143297951940365,100,0.143297951940365,0.6048,0.00257289680706358,0.9808,0.00257289680706358,0.0192,0.00399294882148501,0.0399294882148501,0.0294969120707443,0.0492365963917331,0.4,15.6,0.00401893305103318,100,0.0401893305103318,0.903544,100,0,0,"SX",50,0.001,"Very Low","Prop_0.50",10000,FALSE
"PF190","DiD","BH",0.01,100,0.00605149618363972,100,0.0605149618363972,0.0484,0,1,0,0,0,0,0,0,0,1.21,0.0052127572494232,100,0.052127572494232,0.824768,100,0,0,"BB",50,0.001,"Very Low","Prop_0.50",10000,FALSE
"PF190","DiD","BH",0.05,100,0.0128425429370865,100,0.128425429370865,0.1972,0.000954733026303769,0.9976,0.000954733026303769,0.0024,0.00311144576882912,0.0311144576882912,0.00770634920634921,0.0238683256575942,0.06,4.99,0.0052127572494232,100,0.052127572494232,0.824768,100,0,0,"BB",50,0.001,"Very Low","Prop_0.50",10000,FALSE
"PF190","DiD","unadjusted",0.01,100,0.00883482548860709,100,0.0883482548860709,0.2592,0.00125786415094088,0.9956,0.00125786415094088,0.0044,0.0043278236525255,0.043278236525255,0.0147857142857143,0.031446603773522,0.11,6.59,0.0052127572494232,100,0.052127572494232,0.824768,100,0,0,"BB",50,0.001,"Very Low","Prop_0.50",10000,FALSE
"PF190","DiD","unadjusted",0.05,100,0.0087139966360871,100,0.087139966360871,0.4416,0.00391650225315777,0.9612,0.00391650225315777,0.0388,0.00772930516164687,0.0772930516164687,0.0777264924617866,0.0487831731214563,0.62,12.01,0.0052127572494232,100,0.052127572494232,0.824768,100,0,0,"BB",50,0.001,"Very Low","Prop_0.50",10000,FALSE
"PF190","MIMOSA2","BFDR",0.01,100,0.0124819060963452,100,0.124819060963452,0.28,0.000876171654230362,0.998,0.000876171654230362,0.002,0.00262251773777451,0.0262251773777451,0.00551165501165501,0.021904291355759,0.05,7.05,0.00433974269125056,100,0.0433974269125056,0.897952,100,0,0,"BB",50,0.001,"Very Low","Prop_0.50",10000,FALSE
"PF190","MIMOSA2","BFDR",0.05,100,0.0153909851615296,100,0.153909851615296,0.5708,0.00235925000923188,0.9864,0.00235925000923188,0.0136,0.00384685585048237,0.0384685585048237,0.0221386243615346,0.0451260859854213,0.28,14.61,0.00433974269125056,100,0.0433974269125056,0.897952,100,0,0,"BB",50,0.001,"Very Low","Prop_0.50",10000,FALSE
"PF201","DiD","BH",0.01,100,0,100,0,0,0,1,0,0,0,0,0,0,0,0,0.00646874888064207,100,0.0646874888064207,0.691352,100,0,0,"Beta",50,0.00025,"Very Low","Prop_0.50",10000,FALSE
"PF201","DiD","BH",0.05,100,0.000954733026303768,100,0.00954733026303768,0.0024,4e-04,0.9996,4e-04,4e-04,0.01,0.1,0.01,0.01,0.01,0.07,0.00646874888064207,100,0.0646874888064207,0.691352,100,0,0,"Beta",50,0.00025,"Very Low","Prop_0.50",10000,FALSE
"PF201","DiD","unadjusted",0.01,100,0.00301135896702516,100,0.0301135896702516,0.0332,0.000954733026303769,0.9976,0.000954733026303769,0.0024,0.0204185991664265,0.204185991664265,0.0483333333333333,0.0238683256575942,0.06,0.89,0.00646874888064207,100,0.0646874888064207,0.691352,100,0,0,"Beta",50,0.00025,"Very Low","Prop_0.50",10000,FALSE
"PF201","DiD","unadjusted",0.05,100,0.00659047368816107,100,0.0659047368816107,0.146,0.00259883423748792,0.9756,0.00259883423748792,0.0244,0.0177347083584115,0.177347083584115,0.142305555555556,0.0502116731568678,0.52,4.26,0.00646874888064207,100,0.0646874888064207,0.691352,100,0,0,"Beta",50,0.00025,"Very Low","Prop_0.50",10000,FALSE
"PF201","MIMOSA2","BFDR",0.01,100,0.00109063969737716,100,0.0109063969737716,0.0032,0,1,0,0,0,0,0,0,0,0.08,0.00666485362013134,100,0.0666485362013134,0.729336,100,0,0,"Beta",50,0.00025,"Very Low","Prop_0.50",10000,FALSE
"PF201","MIMOSA2","BFDR",0.05,100,0.00471764365082417,100,0.0471764365082417,0.0308,0.000876171654230362,0.998,0.000876171654230362,0.002,0.0153364346885523,0.153364346885523,0.0308333333333333,0.021904291355759,0.05,0.82,0.00666485362013134,100,0.0666485362013134,0.729336,100,0,0,"Beta",50,0.00025,"Very Low","Prop_0.50",10000,FALSE
"PF202","DiD","BH",0.01,100,4e-04,100,0.004,4e-04,0,1,0,0,0,0,0,0,0,0.01,0.00769648802501452,100,0.0769648802501452,0.693344,100,0,0,"EG",50,0.00025,"Very Low","Prop_0.50",10000,FALSE
"PF202","DiD","BH",0.05,100,0.00128330381705529,100,0.0128330381705529,0.0036,0,1,0,0,0,0,0,0,0,0.09,0.00769648802501452,100,0.0769648802501452,0.693344,100,0,0,"EG",50,0.00025,"Very Low","Prop_0.50",10000,FALSE
"PF202","DiD","unadjusted",0.01,100,0.00353773310971243,100,0.0353773310971243,0.0336,0.000876171654230362,0.998,0.000876171654230362,0.002,0.0202197523189179,0.202197523189179,0.045,0.021904291355759,0.05,0.89,0.00769648802501452,100,0.0769648802501452,0.693344,100,0,0,"EG",50,0.00025,"Very Low","Prop_0.50",10000,FALSE
"PF202","DiD","unadjusted",0.05,100,0.00743141026897712,100,0.0743141026897712,0.1508,0.00302848430270278,0.97,0.00302848430270278,0.03,0.0192554615097549,0.192554615097549,0.17191341991342,0.0497569851956243,0.57,4.52,0.00769648802501452,100,0.0769648802501452,0.693344,100,0,0,"EG",50,0.00025,"Very Low","Prop_0.50",10000,FALSE
"PF202","MIMOSA2","BFDR",0.01,100,0.00203841887627433,100,0.0203841887627433,0.0092,0,1,0,0,0,0,0,0,0,0.23,0.00653472222713855,100,0.0653472222713855,0.729856,100,0,0,"EG",50,0.00025,"Very Low","Prop_0.50",10000,FALSE
"PF202","MIMOSA2","BFDR",0.05,100,0.00617587355290036,100,0.0617587355290036,0.048,0.00122992978365729,0.9968,0.00122992978365729,0.0032,0.00905121665898328,0.0905121665898327,0.0231666666666667,0.0256432399976243,0.07,1.28,0.00653472222713855,100,0.0653472222713855,0.729856,100,0,0,"EG",50,0.00025,"Very Low","Prop_0.50",10000,FALSE
"PF203","DiD","BH",0.01,100,0,100,0,0,0,1,0,0,0,0,0,0,0,0,0.00706726108420534,100,0.0706726108420534,0.705216,100,0,0,"LN",50,0.00025,"Very Low","Prop_0.50",10000,FALSE
"PF203","DiD","BH",0.05,100,0.00122992978365729,100,0.0122992978365729,0.0032,0,1,0,0,0,0,0,0,0,0.08,0.00706726108420534,100,0.0706726108420534,0.705216,100,0,0,"LN",50,0.00025,"Very Low","Prop_0.50",10000,FALSE
"PF203","DiD","unadjusted",0.01,100,0.00410980596263437,100,0.0410980596263437,0.0428,0.000876171654230362,0.998,0.000876171654230362,0.002,0.0151273215932583,0.151273215932583,0.0295,0.021904291355759,0.05,1.12,0.00706726108420534,100,0.0706726108420534,0.705216,100,0,0,"LN",50,0.00025,"Very Low","Prop_0.50",10000,FALSE
"PF203","DiD","unadjusted",0.05,100,0.00681519395812538,100,0.0681519395812538,0.1676,0.00356775684273591,0.9672,0.00356775684273591,0.0328,0.0166793650604121,0.166793650604121,0.151203463203463,0.05,0.55,5.01,0.00706726108420534,100,0.0706726108420534,0.705216,100,0,0,"LN",50,0.00025,"Very Low","Prop_0.50",10000,FALSE
"PF203","MIMOSA2","BFDR",0.01,100,0.0019346912681434,100,0.019346912681434,0.0088,0.000562821176545159,0.9992,0.000562821176545159,0.000800000000000001,0.014070529413629,0.14070529413629,0.02,0.014070529413629,0.02,0.24,0.00628352085565365,100,0.0628352085565365,0.73352,100,0,0,"LN",50,0.00025,"Very Low","Prop_0.50",10000,FALSE
"PF203","MIMOSA2","BFDR",0.05,100,0.00681104272709422,100,0.0681104272709422,0.0544,0.00128330381705529,0.9964,0.00128330381705529,0.0036,0.00984268801167516,0.0984268801167516,0.0275,0.0272659924344291,0.08,1.45,0.00628352085565365,100,0.0628352085565365,0.73352,100,0,0,"LN",50,0.00025,"Very Low","Prop_0.50",10000,FALSE
"PF204","DiD","BH",0.01,100,4e-04,100,0.004,4e-04,0,1,0,0,0,0,0,0,0,0.01,0.0069603432401141,100,0.069603432401141,0.696376,100,0,0,"SX",50,0.00025,"Very Low","Prop_0.50",10000,FALSE
"PF204","DiD","BH",0.05,100,0.00117275467824841,100,0.0117275467824841,0.0028,0,1,0,0,0,0,0,0,0,0.07,0.0069603432401141,100,0.069603432401141,0.696376,100,0,0,"SX",50,0.00025,"Very Low","Prop_0.50",10000,FALSE
"PF204","DiD","unadjusted",0.01,100,0.00432311148703025,100,0.0432311148703025,0.0424,0.000562821176545159,0.9992,0.000562821176545159,0.000800000000000001,0.00598117135471061,0.0598117135471061,0.00833333333333333,0.014070529413629,0.02,1.08,0.0069603432401141,100,0.069603432401141,0.696376,100,0,0,"SX",50,0.00025,"Very Low","Prop_0.50",10000,FALSE
"PF204","DiD","unadjusted",0.05,100,0.00817940256147271,100,0.0817940256147271,0.1592,0.00341381625371686,0.9668,0.00341381625371686,0.0332,0.0201715450757763,0.201715450757763,0.172988095238095,0.0492365963917331,0.6,4.81,0.0069603432401141,100,0.069603432401141,0.696376,100,0,0,"SX",50,0.00025,"Very Low","Prop_0.50",10000,FALSE
"PF204","MIMOSA2","BFDR",0.01,100,0.00291121134841693,100,0.0291121134841693,0.0136,0,1,0,0,0,0,0,0,0,0.34,0.00720564443174708,100,0.0720564443174708,0.734312,100,0,0,"SX",50,0.00025,"Very Low","Prop_0.50",10000,FALSE
"PF204","MIMOSA2","BFDR",0.05,100,0.00776045401150258,100,0.0776045401150258,0.0576,0.00138038202880744,0.9956,0.00138038202880744,0.0044,0.0145600315944106,0.145600315944106,0.0422619047619048,0.0301511344577764,0.1,1.55,0.00720564443174708,100,0.0720564443174708,0.734312,100,0,0,"SX",50,0.00025,"Very Low","Prop_0.50",10000,FALSE
"PF205","DiD","BH",0.01,100,0.000562821176545159,100,0.00562821176545159,8e-04,0,1,0,0,0,0,0,0,0,0.02,0.00739591041786546,100,0.0739591041786546,0.70156,100,0,0,"BB",50,0.00025,"Very Low","Prop_0.50",10000,FALSE
"PF205","DiD","BH",0.05,100,0.000876171654230361,100,0.00876171654230361,0.002,0,1,0,0,0,0,0,0,0,0.05,0.00739591041786546,100,0.0739591041786546,0.70156,100,0,0,"BB",50,0.00025,"Very Low","Prop_0.50",10000,FALSE
"PF205","DiD","unadjusted",0.01,100,0.00379239004088744,100,0.0379239004088744,0.0396,0.000685786431991062,0.9988,0.000685786431991062,0.0012,0.00743235487513204,0.0743235487513204,0.0125,0.0171446607997765,0.03,1.02,0.00739591041786546,100,0.0739591041786546,0.70156,100,0,0,"BB",50,0.00025,"Very Low","Prop_0.50",10000,FALSE
"PF205","DiD","unadjusted",0.05,100,0.00726424758177287,100,0.0726424758177287,0.1828,0.00335001884511509,0.9664,0.00335001884511509,0.0336,0.016773913722412,0.16773913722412,0.152076479076479,0.0487831731214563,0.62,5.41,0.00739591041786546,100,0.0739591041786546,0.70156,100,0,0,"BB",50,0.00025,"Very Low","Prop_0.50",10000,FALSE
"PF205","MIMOSA2","BFDR",0.01,100,0.00212726409391324,100,0.0212726409391324,0.008,4e-04,0.9996,4e-04,4e-04,0.005,0.05,0.005,0.01,0.01,0.21,0.00733234435204524,100,0.0733234435204524,0.729248,100,0,0,"BB",50,0.00025,"Very Low","Prop_0.50",10000,FALSE
"PF205","MIMOSA2","BFDR",0.05,100,0.00752788754625698,100,0.0752788754625698,0.0576,0.00154396838822509,0.994,0.00154396838822509,0.006,0.0117356187512524,0.117356187512524,0.0428333333333333,0.0348735088019777,0.14,1.59,0.00733234435204524,100,0.0733234435204524,0.729248,100,0,0,"BB",50,0.00025,"Very Low","Prop_0.50",10000,FALSE
"PF216","DiD","BH",0.01,100,0,100,0,0,0,1,0,0,0,0,0,0,0,0,0.00805500809397107,100,0.0805500809397107,0.667704,100,0,0,"Beta",50,0.000125,"Very Low","Prop_0.50",10000,FALSE
"PF216","DiD","BH",0.05,100,0,100,0,0,0,1,0,0,0,0,0,0,0,0,0.00805500809397107,100,0.0805500809397107,0.667704,100,0,0,"Beta",50,0.000125,"Very Low","Prop_0.50",10000,FALSE
"PF216","DiD","unadjusted",0.01,100,0.00263588292378072,100,0.0263588292378072,0.0204,0.00117275467824841,0.9972,0.00117275467824841,0.0028,0.0165577247578962,0.165577247578962,0.0383333333333333,0.0238683256575942,0.06,0.58,0.00805500809397107,100,0.0805500809397107,0.667704,100,0,0,"Beta",50,0.000125,"Very Low","Prop_0.50",10000,FALSE
"PF216","DiD","unadjusted",0.05,100,0.00648964987927358,100,0.0648964987927358,0.1316,0.00332945228607537,0.9716,0.00332945228607537,0.0284,0.022788106817082,0.22788106817082,0.174130952380952,0.0502418393795691,0.51,4,0.00805500809397107,100,0.0805500809397107,0.667704,100,0,0,"Beta",50,0.000125,"Very Low","Prop_0.50",10000,FALSE
"PF216","MIMOSA2","BFDR",0.01,100,0.000685786431991061,100,0.00685786431991061,0.0012,0.000890806013414455,0.9988,0.000890806013414455,0.0012,0.014070529413629,0.14070529413629,0.02,0.014070529413629,0.02,0.06,0.00722541234781515,100,0.0722541234781515,0.678632,100,0,0,"Beta",50,0.000125,"Very Low","Prop_0.50",10000,FALSE
"PF216","MIMOSA2","BFDR",0.05,100,0.00336806151722892,100,0.0336806151722892,0.0164,0.00118917678002113,0.998,0.00118917678002113,0.002,0.0121439181269781,0.121439181269781,0.02,0.0171446607997765,0.03,0.46,0.00722541234781515,100,0.0722541234781515,0.678632,100,0,0,"Beta",50,0.000125,"Very Low","Prop_0.50",10000,FALSE
"PF217","DiD","BH",0.01,100,0,100,0,0,0,1,0,0,0,0,0,0,0,0,0.00757098260572309,100,0.0757098260572309,0.665896,100,0,0,"EG",50,0.000125,"Very Low","Prop_0.50",10000,FALSE
"PF217","DiD","BH",0.05,100,0.000685786431991061,100,0.00685786431991061,0.0012,0,1,0,0,0,0,0,0,0,0.03,0.00757098260572309,100,0.0757098260572309,0.665896,100,0,0,"EG",50,0.000125,"Very Low","Prop_0.50",10000,FALSE
"PF217","DiD","unadjusted",0.01,100,0.0028095076674274,100,0.028095076674274,0.0184,0.00109063969737716,0.9968,0.00109063969737716,0.0032,0.0229404146924729,0.229404146924729,0.0633333333333333,0.0272659924344291,0.08,0.54,0.00757098260572309,100,0.0757098260572309,0.665896,100,0,0,"EG",50,0.000125,"Very Low","Prop_0.50",10000,FALSE
"PF217","DiD","unadjusted",0.05,100,0.00614912328480387,100,0.0614912328480387,0.1192,0.00308793677645018,0.972,0.00308793677645018,0.028,0.0208137626760883,0.208137626760883,0.181142857142857,0.0501613558046592,0.53,3.68,0.00757098260572309,100,0.0757098260572309,0.665896,100,0,0,"EG",50,0.000125,"Very Low","Prop_0.50",10000,FALSE
"PF217","MIMOSA2","BFDR",0.01,100,0.00078778554226773,100,0.0078778554226773,0.0016,0.000562821176545159,0.9992,0.000562821176545159,0.000800000000000001,0.014070529413629,0.14070529413629,0.02,0.014070529413629,0.02,0.06,0.00798190029271403,100,0.0798190029271403,0.671448,100,0,0,"EG",50,0.000125,"Very Low","Prop_0.50",10000,FALSE
"PF217","MIMOSA2","BFDR",0.05,100,0.00404020201515126,100,0.0404020201515126,0.02,0.00117275467824841,0.9972,0.00117275467824841,0.0028,0.0204185991664265,0.204185991664265,0.0483333333333333,0.0238683256575942,0.06,0.57,0.00798190029271403,100,0.0798190029271403,0.671448,100,0,0,"EG",50,0.000125,"Very Low","Prop_0.50",10000,FALSE
"PF218","DiD","BH",0.01,100,0.000685786431991061,100,0.00685786431991061,0.0012,0,1,0,0,0,0,0,0,0,0.03,0.00754815871319595,100,0.0754815871319595,0.659848,100,0,0,"LN",50,0.000125,"Very Low","Prop_0.50",10000,FALSE
"PF218","DiD","BH",0.05,100,0.00122992978365729,100,0.0122992978365729,0.0032,0,1,0,0,0,0,0,0,0,0.08,0.00754815871319595,100,0.0754815871319595,0.659848,100,0,0,"LN",50,0.000125,"Very Low","Prop_0.50",10000,FALSE
"PF218","DiD","unadjusted",0.01,100,0.00318176623334216,100,0.0318176623334216,0.0224,0.00102572959990497,0.9972,0.00102572959990497,0.0028,0.0203090598614981,0.203090598614981,0.05,0.0256432399976243,0.07,0.63,0.00754815871319595,100,0.0754815871319595,0.659848,100,0,0,"LN",50,0.000125,"Very Low","Prop_0.50",10000,FALSE
"PF218","DiD","unadjusted",0.05,100,0.00757870488122923,100,0.0757870488122923,0.1276,0.00413489706490666,0.9644,0.00413489706490666,0.0356,0.0239494150075206,0.239494150075206,0.204964285714286,0.0498887651569859,0.56,4.08,0.00754815871319595,100,0.0754815871319595,0.659848,100,0,0,"LN",50,0.000125,"Very Low","Prop_0.50",10000,FALSE
"PF218","MIMOSA2","BFDR",0.01,100,0.00150635019470603,100,0.0150635019470603,0.0056,4e-04,0.9996,4e-04,4e-04,0.01,0.1,0.01,0.01,0.01,0.15,0.00697953371716843,100,0.0697953371716843,0.67432,100,0,0,"LN",50,0.000125,"Very Low","Prop_0.50",10000,FALSE
"PF218","MIMOSA2","BFDR",0.05,100,0.00348132100783538,100,0.0348132100783538,0.0204,0.00190946605260754,0.9952,0.00190946605260754,0.0048,0.0159516226406887,0.159516226406887,0.0458333333333333,0.0287623491264661,0.09,0.63,0.00697953371716843,100,0.0697953371716843,0.67432,100,0,0,"LN",50,0.000125,"Very Low","Prop_0.50",10000,FALSE
"PF219","DiD","BH",0.01,100,4e-04,100,0.004,4e-04,0,1,0,0,0,0,0,0,0,0.01,0.0073917706466671,100,0.073917706466671,0.660088,100,0,0,"SX",50,0.000125,"Very Low","Prop_0.50",10000,FALSE
"PF219","DiD","BH",0.05,100,0.000685786431991061,100,0.00685786431991061,0.0012,0,1,0,0,0,0,0,0,0,0.03,0.0073917706466671,100,0.073917706466671,0.660088,100,0,0,"SX",50,0.000125,"Very Low","Prop_0.50",10000,FALSE
"PF219","DiD","unadjusted",0.01,100,0.00257289680706358,100,0.0257289680706358,0.0208,0.000876171654230362,0.998,0.000876171654230362,0.002,0.0202197523189179,0.202197523189179,0.045,0.021904291355759,0.05,0.57,0.0073917706466671,100,0.073917706466671,0.660088,100,0,0,"SX",50,0.000125,"Very Low","Prop_0.50",10000,FALSE
"PF219","DiD","unadjusted",0.05,100,0.00707181059209769,100,0.0707181059209769,0.1264,0.00323091130778731,0.9716,0.00323091130778731,0.0284,0.0238126754768325,0.238126754768325,0.1885,0.0502116731568678,0.52,3.87,0.0073917706466671,100,0.073917706466671,0.660088,100,0,0,"SX",50,0.000125,"Very Low","Prop_0.50",10000,FALSE
"PF219","MIMOSA2","BFDR",0.01,100,0.00111119191625366,100,0.0111119191625366,0.0024,0,1,0,0,0,0,0,0,0,0.06,0.00799394886299896,100,0.0799394886299896,0.664424,100,0,0,"SX",50,0.000125,"Very Low","Prop_0.50",10000,FALSE
"PF219","MIMOSA2","BFDR",0.05,100,0.00378727267878012,100,0.0378727267878012,0.018,4e-04,0.9996,4e-04,4e-04,0.00333333333333333,0.0333333333333333,0.00333333333333333,0.01,0.01,0.46,0.00799394886299896,100,0.0799394886299896,0.664424,100,0,0,"SX",50,0.000125,"Very Low","Prop_0.50",10000,FALSE
"PF220","DiD","BH",0.01,100,0,100,0,0,0,1,0,0,0,0,0,0,0,0,0.00689899674744177,100,0.0689899674744177,0.685888,100,0,0,"BB",50,0.000125,"Very Low","Prop_0.50",10000,FALSE
"PF220","DiD","BH",0.05,100,4e-04,100,0.004,4e-04,0,1,0,0,0,0,0,0,0,0.01,0.00689899674744177,100,0.0689899674744177,0.685888,100,0,0,"BB",50,0.000125,"Very Low","Prop_0.50",10000,FALSE
"PF220","DiD","unadjusted",0.01,100,0.00257289680706358,100,0.0257289680706358,0.0208,0.000954733026303769,0.9976,0.000954733026303769,0.0024,0.0238683256575942,0.238683256575942,0.06,0.0238683256575942,0.06,0.58,0.00689899674744177,100,0.0689899674744177,0.685888,100,0,0,"BB",50,0.000125,"Very Low","Prop_0.50",10000,FALSE
"PF220","DiD","unadjusted",0.05,100,0.00684559874826317,100,0.0684559874826317,0.1192,0.00283014080386418,0.9752,0.00283014080386418,0.0248,0.0207069856603128,0.207069856603128,0.171047619047619,0.0502518907629606,0.5,3.6,0.00689899674744177,100,0.0689899674744177,0.685888,100,0,0,"BB",50,0.000125,"Very Low","Prop_0.50",10000,FALSE
"PF220","MIMOSA2","BFDR",0.01,100,4e-04,100,0.004,4e-04,4e-04,0.9996,4e-04,4e-04,0.01,0.1,0.01,0.01,0.01,0.02,0.00709309017582776,100,0.0709309017582776,0.696448,100,0,0,"BB",50,0.000125,"Very Low","Prop_0.50",10000,FALSE
"PF220","MIMOSA2","BFDR",0.05,100,0.00336349986073009,100,0.0336349986073009,0.016,0.000954733026303769,0.9976,0.000954733026303769,0.0024,0.0182535761297992,0.182535761297992,0.0416666666666667,0.0238683256575942,0.06,0.46,0.00709309017582776,100,0.0709309017582776,0.696448,100,0,0,"BB",50,0.000125,"Very Low","Prop_0.50",10000,FALSE
"PF231","DiD","BH",0.01,100,0,100,0,0,0,1,0,0,0,0,0,0,0,0,0.00722421499282976,100,0.0722421499282976,0.671584,100,0,0,"Beta",50,6.25e-05,"Very Low","Prop_0.50",10000,FALSE
"PF231","DiD","BH",0.05,100,0.000562821176545159,100,0.00562821176545159,8e-04,0,1,0,0,0,0,0,0,0,0.02,0.00722421499282976,100,0.0722421499282976,0.671584,100,0,0,"Beta",50,6.25e-05,"Very Low","Prop_0.50",10000,FALSE
"PF231","DiD","unadjusted",0.01,100,0.00262112629041468,100,0.0262112629041468,0.0172,0.000685786431991062,0.9988,0.000685786431991062,0.0012,0.0121439181269781,0.121439181269781,0.02,0.0171446607997765,0.03,0.46,0.00722421499282976,100,0.0722421499282976,0.671584,100,0,0,"Beta",50,6.25e-05,"Very Low","Prop_0.50",10000,FALSE
"PF231","DiD","unadjusted",0.05,100,0.00585494697161333,100,0.0585494697161332,0.1068,0.00290203690221509,0.9732,0.00290203690221509,0.0268,0.0245654628819573,0.245654628819573,0.202285714285714,0.0501613558046592,0.53,3.34,0.00722421499282976,100,0.0722421499282976,0.671584,100,0,0,"Beta",50,6.25e-05,"Very Low","Prop_0.50",10000,FALSE
"PF231","MIMOSA2","BFDR",0.01,100,0.00078778554226773,100,0.0078778554226773,0.0016,0,1,0,0,0,0,0,0,0,0.04,0.00752503330372844,100,0.0752503330372844,0.656152,100,0,0,"Beta",50,6.25e-05,"Very Low","Prop_0.50",10000,FALSE
"PF231","MIMOSA2","BFDR",0.05,100,0.00242011770312307,100,0.0242011770312307,0.0096,0.00104446593573419,0.998,0.00104446593573419,0.002,0.0125394998799417,0.125394998799417,0.0233333333333333,0.0196946385566932,0.04,0.29,0.00752503330372844,100,0.0752503330372844,0.656152,100,0,0,"Beta",50,6.25e-05,"Very Low","Prop_0.50",10000,FALSE
"PF232","DiD","BH",0.01,100,4e-04,100,0.004,4e-04,0,1,0,0,0,0,0,0,0,0.01,0.00847406977702323,100,0.0847406977702323,0.65652,100,0,0,"EG",50,6.25e-05,"Very Low","Prop_0.50",10000,FALSE
"PF232","DiD","BH",0.05,100,0.000685786431991061,100,0.00685786431991061,0.0012,0,1,0,0,0,0,0,0,0,0.03,0.00847406977702323,100,0.0847406977702323,0.65652,100,0,0,"EG",50,6.25e-05,"Very Low","Prop_0.50",10000,FALSE
"PF232","DiD","unadjusted",0.01,100,0.00297165056335819,100,0.0297165056335819,0.0176,0.00102572959990497,0.9972,0.00102572959990497,0.0028,0.0242618293546955,0.242618293546955,0.065,0.0256432399976243,0.07,0.51,0.00847406977702323,100,0.0847406977702323,0.65652,100,0,0,"EG",50,6.25e-05,"Very Low","Prop_0.50",10000,FALSE
"PF232","DiD","unadjusted",0.05,100,0.0061053379525749,100,0.061053379525749,0.1024,0.00324886926716843,0.9748,0.00324886926716843,0.0252,0.0251641301372962,0.251641301372962,0.194333333333333,0.0502116731568678,0.48,3.19,0.00847406977702323,100,0.0847406977702323,0.65652,100,0,0,"EG",50,6.25e-05,"Very Low","Prop_0.50",10000,FALSE
"PF232","MIMOSA2","BFDR",0.01,100,0.00122992978365729,100,0.0122992978365729,0.0032,0,1,0,0,0,0,0,0,0,0.08,0.00836057994218684,100,0.0836057994218684,0.64932,100,0,0,"EG",50,6.25e-05,"Very Low","Prop_0.50",10000,FALSE
"PF232","MIMOSA2","BFDR",0.05,100,0.00291980350798689,100,0.0291980350798689,0.014,0.000954733026303769,0.9976,0.000954733026303769,0.0024,0.0164282185168193,0.164282185168193,0.0375,0.0238683256575942,0.06,0.41,0.00836057994218684,100,0.0836057994218684,0.64932,100,0,0,"EG",50,6.25e-05,"Very Low","Prop_0.50",10000,FALSE
"PF233","DiD","BH",0.01,100,0,100,0,0,0,1,0,0,0,0,0,0,0,0,0.00746039299205877,100,0.0746039299205877,0.651448,100,0,0,"LN",50,6.25e-05,"Very Low","Prop_0.50",10000,FALSE
"PF233","DiD","BH",0.05,100,4e-04,100,0.004,4e-04,0,1,0,0,0,0,0,0,0,0.01,0.00746039299205877,100,0.0746039299205877,0.651448,100,0,0,"LN",50,6.25e-05,"Very Low","Prop_0.50",10000,FALSE
"PF233","DiD","unadjusted",0.01,100,0.00242911631269605,100,0.0242911631269605,0.0172,0.000876171654230362,0.998,0.000876171654230362,0.002,0.0162912258717397,0.162912258717397,0.035,0.021904291355759,0.05,0.48,0.00746039299205877,100,0.0746039299205877,0.651448,100,0,0,"LN",50,6.25e-05,"Very Low","Prop_0.50",10000,FALSE
"PF233","DiD","unadjusted",0.05,100,0.00587698816563296,100,0.0587698816563296,0.1092,0.00353659083687592,0.9676,0.00353659083687592,0.0324,0.0240867458945864,0.240867458945864,0.230952380952381,0.0490207130000197,0.61,3.54,0.00746039299205877,100,0.0746039299205877,0.651448,100,0,0,"LN",50,6.25e-05,"Very Low","Prop_0.50",10000,FALSE
"PF233","MIMOSA2","BFDR",0.01,100,0.00102572959990497,100,0.0102572959990497,0.0028,0.000685786431991062,0.9988,0.000685786431991062,0.0012,0.0148647097502641,0.148647097502641,0.025,0.0171446607997765,0.03,0.1,0.00694066274598726,100,0.0694066274598726,0.646792,100,0,0,"LN",50,6.25e-05,"Very Low","Prop_0.50",10000,FALSE
"PF233","MIMOSA2","BFDR",0.05,100,0.00260876533357383,100,0.0260876533357383,0.0132,0.00125786415094088,0.9956,0.00125786415094088,0.0044,0.0223801208487162,0.223801208487162,0.0716666666666667,0.031446603773522,0.11,0.44,0.00694066274598726,100,0.0694066274598726,0.646792,100,0,0,"LN",50,6.25e-05,"Very Low","Prop_0.50",10000,FALSE
"PF234","DiD","BH",0.01,100,4e-04,100,0.004,4e-04,0,1,0,0,0,0,0,0,0,0.01,0.00699023082811312,100,0.0699023082811312,0.664968,100,0,0,"SX",50,6.25e-05,"Very Low","Prop_0.50",10000,FALSE
"PF234","DiD","BH",0.05,100,0.000890806013414455,100,0.00890806013414455,0.0012,0,1,0,0,0,0,0,0,0,0.03,0.00699023082811312,100,0.0699023082811312,0.664968,100,0,0,"SX",50,6.25e-05,"Very Low","Prop_0.50",10000,FALSE
"PF234","DiD","unadjusted",0.01,100,0.00286391693350561,100,0.0286391693350561,0.018,0.00078778554226773,0.9984,0.00078778554226773,0.0016,0.0177738316327429,0.177738316327429,0.035,0.0196946385566932,0.04,0.49,0.00699023082811312,100,0.0699023082811312,0.664968,100,0,0,"SX",50,6.25e-05,"Very Low","Prop_0.50",10000,FALSE
"PF234","DiD","unadjusted",0.05,100,0.00654815881285601,100,0.0654815881285601,0.1252,0.00329063562678745,0.972,0.00329063562678745,0.028,0.0198219348793573,0.198219348793573,0.166095238095238,0.0502418393795691,0.51,3.83,0.00699023082811312,100,0.0699023082811312,0.664968,100,0,0,"SX",50,6.25e-05,"Very Low","Prop_0.50",10000,FALSE
"PF234","MIMOSA2","BFDR",0.01,100,0.00078778554226773,100,0.0078778554226773,0.0016,0.000562821176545159,0.9992,0.000562821176545159,0.000800000000000001,0.0111350751676807,0.111350751676807,0.015,0.014070529413629,0.02,0.06,0.00710719065667321,100,0.0710719065667321,0.656816,100,0,0,"SX",50,6.25e-05,"Very Low","Prop_0.50",10000,FALSE
"PF234","MIMOSA2","BFDR",0.05,100,0.00265786425993549,100,0.0265786425993549,0.0108,0.00078778554226773,0.9984,0.00078778554226773,0.0016,0.00914253020699733,0.0914253020699733,0.0183333333333333,0.0196946385566932,0.04,0.31,0.00710719065667321,100,0.0710719065667321,0.656816,100,0,0,"SX",50,6.25e-05,"Very Low","Prop_0.50",10000,FALSE
"PF235","DiD","BH",0.01,100,0,100,0,0,0,1,0,0,0,0,0,0,0,0,0.00785886310435099,100,0.0785886310435099,0.66124,100,0,0,"BB",50,6.25e-05,"Very Low","Prop_0.50",10000,FALSE
"PF235","DiD","BH",0.05,100,0.000562821176545159,100,0.00562821176545159,8e-04,0,1,0,0,0,0,0,0,0,0.02,0.00785886310435099,100,0.0785886310435099,0.66124,100,0,0,"BB",50,6.25e-05,"Very Low","Prop_0.50",10000,FALSE
"PF235","DiD","unadjusted",0.01,100,0.00244668400621384,100,0.0244668400621384,0.0144,0.000562821176545159,0.9992,0.000562821176545159,0.000800000000000001,0.014070529413629,0.14070529413629,0.02,0.014070529413629,0.02,0.38,0.00785886310435099,100,0.0785886310435099,0.66124,100,0,0,"BB",50,6.25e-05,"Very Low","Prop_0.50",10000,FALSE
"PF235","DiD","unadjusted",0.05,100,0.00621903237138734,100,0.0621903237138734,0.1052,0.00367926211311041,0.9728,0.00367926211311041,0.0272,0.0258734738891285,0.258734738891285,0.197166666666667,0.0502116731568678,0.48,3.31,0.00785886310435099,100,0.0785886310435099,0.66124,100,0,0,"BB",50,6.25e-05,"Very Low","Prop_0.50",10000,FALSE
"PF235","MIMOSA2","BFDR",0.01,100,4e-04,100,0.004,4e-04,0,1,0,0,0,0,0,0,0,0.01,0.00728355251317111,100,0.0728355251317111,0.669896,100,0,0,"BB",50,6.25e-05,"Very Low","Prop_0.50",10000,FALSE
"PF235","MIMOSA2","BFDR",0.05,100,0.00167886445509632,100,0.0167886445509632,0.0064,0.000876171654230362,0.998,0.000876171654230362,0.002,0.0134120153176976,0.134120153176976,0.0283333333333333,0.021904291355759,0.05,0.21,0.00728355251317111,100,0.0728355251317111,0.669896,100,0,0,"BB",50,6.25e-05,"Very Low","Prop_0.50",10000,FALSE
"PF246","DiD","BH",0.01,100,0,100,0,0,0,1,0,0,0,0,0,0,0,0,0.00578713563244226,100,0.0578713563244226,0.766784,100,0,0,"Beta",50,0.001,"Extremely Low","Prop_0.50",10000,FALSE
"PF246","DiD","BH",0.05,100,0.00256660763411059,100,0.0256660763411059,0.0072,0,1,0,0,0,0,0,0,0,0.18,0.00578713563244226,100,0.0578713563244226,0.766784,100,0,0,"Beta",50,0.001,"Extremely Low","Prop_0.50",10000,FALSE
"PF246","DiD","unadjusted",0.01,100,0.00536716542007647,100,0.0536716542007647,0.0704,4e-04,0.9996,4e-04,4e-04,0.002,0.02,0.002,0.01,0.01,1.77,0.00578713563244226,100,0.0578713563244226,0.766784,100,0,0,"Beta",50,0.001,"Extremely Low","Prop_0.50",10000,FALSE
"PF246","DiD","unadjusted",0.05,100,0.00874094047594653,100,0.0874094047594653,0.266,0.00292560966623914,0.9792,0.00292560966623914,0.0208,0.00946310429629968,0.0946310429629968,0.0679621212121212,0.0490207130000197,0.39,7.17,0.00578713563244226,100,0.0578713563244226,0.766784,100,0,0,"Beta",50,0.001,"Extremely Low","Prop_0.50",10000,FALSE
"PF246","MIMOSA2","BFDR",0.01,100,0.00541438413446585,100,0.0541438413446585,0.0324,0,1,0,0,0,0,0,0,0,0.81,0.00584247906424675,100,0.0584247906424675,0.83576,100,0,0,"Beta",50,0.001,"Extremely Low","Prop_0.50",10000,FALSE
"PF246","MIMOSA2","BFDR",0.05,100,0.0146246781886376,100,0.146246781886376,0.2124,0.00153399195341153,0.9952,0.00153399195341153,0.0048,0.00572993048444097,0.0572993048444097,0.0160874125874126,0.0301511344577764,0.1,5.43,0.00584247906424675,100,0.0584247906424675,0.83576,100,0,0,"Beta",50,0.001,"Extremely Low","Prop_0.50",10000,FALSE
"PF247","DiD","BH",0.01,100,0,100,0,0,0,1,0,0,0,0,0,0,0,0,0.00628053675889235,100,0.0628053675889235,0.759488,100,0,0,"EG",50,0.001,"Extremely Low","Prop_0.50",10000,FALSE
"PF247","DiD","BH",0.05,100,0.00135497586545281,100,0.0135497586545281,0.0032,0,1,0,0,0,0,0,0,0,0.08,0.00628053675889235,100,0.0628053675889235,0.759488,100,0,0,"EG",50,0.001,"Extremely Low","Prop_0.50",10000,FALSE
"PF247","DiD","unadjusted",0.01,100,0.00460127342935813,100,0.0460127342935813,0.06,4e-04,0.9996,4e-04,4e-04,0.00333333333333333,0.0333333333333333,0.00333333333333333,0.01,0.01,1.51,0.00628053675889235,100,0.0628053675889235,0.759488,100,0,0,"EG",50,0.001,"Extremely Low","Prop_0.50",10000,FALSE
"PF247","DiD","unadjusted",0.05,100,0.0083557274858735,100,0.083557274858735,0.256,0.00220596070369865,0.9868,0.00220596070369865,0.0132,0.00831496505567521,0.0831496505567521,0.0481277056277056,0.0456048021572069,0.29,6.73,0.00628053675889235,100,0.0628053675889235,0.759488,100,0,0,"EG",50,0.001,"Extremely Low","Prop_0.50",10000,FALSE
"PF247","MIMOSA2","BFDR",0.01,100,0.00471215921255261,100,0.0471215921255261,0.0276,0,1,0,0,0,0,0,0,0,0.69,0.00522171292766942,100,0.0522171292766942,0.841536,100,0,0,"EG",50,0.001,"Extremely Low","Prop_0.50",10000,FALSE
"PF247","MIMOSA2","BFDR",0.05,100,0.014960743243029,100,0.14960743243029,0.1988,0.00115049396505865,0.9964,0.00115049396505865,0.0036,0.00405190599832033,0.0405190599832033,0.0118406593406593,0.0287623491264661,0.09,5.06,0.00522171292766942,100,0.0522171292766942,0.841536,100,0,0,"EG",50,0.001,"Extremely Low","Prop_0.50",10000,FALSE
"PF248","DiD","BH",0.01,100,0,100,0,0,0,1,0,0,0,0,0,0,0,0,0.00635079768790719,100,0.0635079768790719,0.755048,100,0,0,"LN",50,0.001,"Extremely Low","Prop_0.50",10000,FALSE
"PF248","DiD","BH",0.05,100,0.00155699788832305,100,0.0155699788832305,0.004,0,1,0,0,0,0,0,0,0,0.1,0.00635079768790719,100,0.0635079768790719,0.755048,100,0,0,"LN",50,0.001,"Extremely Low","Prop_0.50",10000,FALSE
"PF248","DiD","unadjusted",0.01,100,0.00459001991589174,100,0.0459001991589174,0.0632,4e-04,0.9996,4e-04,4e-04,0.0025,0.025,0.0025,0.01,0.01,1.59,0.00635079768790719,100,0.0635079768790719,0.755048,100,0,0,"LN",50,0.001,"Extremely Low","Prop_0.50",10000,FALSE
"PF248","DiD","unadjusted",0.05,100,0.00862404437686527,100,0.0862404437686527,0.2636,0.00225845213821459,0.9848,0.00225845213821459,0.0152,0.00790192593635259,0.0790192593635259,0.0518205683205683,0.0476095228569523,0.34,6.97,0.00635079768790719,100,0.0635079768790719,0.755048,100,0,0,"LN",50,0.001,"Extremely Low","Prop_0.50",10000,FALSE
"PF248","MIMOSA2","BFDR",0.01,100,0.00631701246355003,100,0.0631701246355003,0.0388,0,1,0,0,0,0,0,0,0,0.97,0.00659006385217606,100,0.0659006385217606,0.835872,100,0,0,"LN",50,0.001,"Extremely Low","Prop_0.50",10000,FALSE
"PF248","MIMOSA2","BFDR",0.05,100,0.0157751370673902,100,0.157751370673902,0.2244,0.00120604537831106,0.996,0.00120604537831106,0.004,0.00607646912235725,0.0607646912235725,0.0152338772338772,0.0301511344577764,0.1,5.71,0.00659006385217606,100,0.0659006385217606,0.835872,100,0,0,"LN",50,0.001,"Extremely Low","Prop_0.50",10000,FALSE
"PF249","DiD","BH",0.01,100,0.000562821176545159,100,0.00562821176545159,8e-04,0,1,0,0,0,0,0,0,0,0.02,0.00658271013544366,100,0.0658271013544366,0.75608,100,0,0,"SX",50,0.001,"Extremely Low","Prop_0.50",10000,FALSE
"PF249","DiD","BH",0.05,100,0.00246871331963544,100,0.0246871331963544,0.0092,0,1,0,0,0,0,0,0,0,0.23,0.00658271013544366,100,0.0658271013544366,0.75608,100,0,0,"SX",50,0.001,"Extremely Low","Prop_0.50",10000,FALSE
"PF249","DiD","unadjusted",0.01,100,0.00433282048247251,100,0.0433282048247251,0.0688,0.000685786431991062,0.9988,0.000685786431991062,0.0012,0.00571488693325884,0.0571488693325884,0.01,0.0171446607997765,0.03,1.75,0.00658271013544366,100,0.0658271013544366,0.75608,100,0,0,"SX",50,0.001,"Extremely Low","Prop_0.50",10000,FALSE
"PF249","DiD","unadjusted",0.05,100,0.00754879079218933,100,0.0754879079218933,0.2684,0.00275343678725591,0.9788,0.00275343678725591,0.0212,0.00957292185595386,0.0957292185595386,0.0697305194805195,0.0497569851956243,0.43,7.24,0.00658271013544366,100,0.0658271013544366,0.75608,100,0,0,"SX",50,0.001,"Extremely Low","Prop_0.50",10000,FALSE
"PF249","MIMOSA2","BFDR",0.01,100,0.00480740170061865,100,0.0480740170061865,0.036,4e-04,0.9996,4e-04,4e-04,0.00166666666666667,0.0166666666666667,0.00166666666666667,0.01,0.01,0.91,0.00629167435761119,100,0.0629167435761119,0.827488,100,0,0,"SX",50,0.001,"Extremely Low","Prop_0.50",10000,FALSE
"PF249","MIMOSA2","BFDR",0.05,100,0.0120789323228755,100,0.120789323228755,0.1928,0.00157300458815079,0.9948,0.00157300458815079,0.0052,0.00502549616180117,0.0502549616180117,0.0166111111111111,0.031446603773522,0.11,4.95,0.00629167435761119,100,0.0629167435761119,0.827488,100,0,0,"SX",50,0.001,"Extremely Low","Prop_0.50",10000,FALSE
"PF250","DiD","BH",0.01,100,4e-04,100,0.004,4e-04,0,1,0,0,0,0,0,0,0,0.01,0.00651806274745787,100,0.0651806274745787,0.770288,100,0,0,"BB",50,0.001,"Extremely Low","Prop_0.50",10000,FALSE
"PF250","DiD","BH",0.05,100,0.00197110439227671,100,0.0197110439227671,0.0056,0,1,0,0,0,0,0,0,0,0.14,0.00651806274745787,100,0.0651806274745787,0.770288,100,0,0,"BB",50,0.001,"Extremely Low","Prop_0.50",10000,FALSE
"PF250","DiD","unadjusted",0.01,100,0.00434920171474669,100,0.0434920171474669,0.0656,0,1,0,0,0,0,0,0,0,1.64,0.00651806274745787,100,0.0651806274745787,0.770288,100,0,0,"BB",50,0.001,"Extremely Low","Prop_0.50",10000,FALSE
"PF250","DiD","unadjusted",0.05,100,0.0076910022202256,100,0.076910022202256,0.264,0.00297165056335819,0.9824,0.00297165056335819,0.0176,0.0100446008248891,0.100446008248891,0.0582735597735598,0.0468826172262151,0.32,7.04,0.00651806274745787,100,0.0651806274745787,0.770288,100,0,0,"BB",50,0.001,"Extremely Low","Prop_0.50",10000,FALSE
"PF250","MIMOSA2","BFDR",0.01,100,0.00612476344626691,100,0.0612476344626691,0.0468,4e-04,0.9996,4e-04,4e-04,0.00166666666666667,0.0166666666666667,0.00166666666666667,0.01,0.01,1.18,0.00582892382603315,100,0.0582892382603315,0.840616,100,0,0,"BB",50,0.001,"Extremely Low","Prop_0.50",10000,FALSE
"PF250","MIMOSA2","BFDR",0.05,100,0.0151424748787821,100,0.151424748787821,0.2328,0.00191791132182482,0.9928,0.00191791132182482,0.0072,0.0061407624601781,0.061407624601781,0.0223678266178266,0.0348735088019777,0.14,6,0.00582892382603315,100,0.0582892382603315,0.840616,100,0,0,"BB",50,0.001,"Extremely Low","Prop_0.50",10000,FALSE
"PF261","DiD","BH",0.01,100,0,100,0,0,0,1,0,0,0,0,0,0,0,0,0.00740629864617703,100,0.0740629864617703,0.648064,100,0,0,"Beta",50,0.00025,"Extremely Low","Prop_0.50",10000,FALSE
"PF261","DiD","BH",0.05,100,0,100,0,0,0,1,0,0,0,0,0,0,0,0,0.00740629864617703,100,0.0740629864617703,0.648064,100,0,0,"Beta",50,0.00025,"Extremely Low","Prop_0.50",10000,FALSE
"PF261","DiD","unadjusted",0.01,100,0.00139494035207911,100,0.0139494035207911,0.0056,0.000562821176545159,0.9992,0.000562821176545159,0.000800000000000001,0.0111350751676807,0.111350751676807,0.015,0.014070529413629,0.02,0.16,0.00740629864617703,100,0.0740629864617703,0.648064,100,0,0,"Beta",50,0.00025,"Extremely Low","Prop_0.50",10000,FALSE
"PF261","DiD","unadjusted",0.05,100,0.00615739680007187,100,0.0615739680007187,0.0916,0.00254256690465491,0.984,0.00254256690465491,0.016,0.0236845535849338,0.236845535849338,0.133690476190476,0.0472581562625261,0.33,2.69,0.00740629864617703,100,0.0740629864617703,0.648064,100,0,0,"Beta",50,0.00025,"Extremely Low","Prop_0.50",10000,FALSE
"PF261","MIMOSA2","BFDR",0.01,100,0.000562821176545159,100,0.00562821176545159,8e-04,4e-04,0.9996,4e-04,4e-04,0.01,0.1,0.01,0.01,0.01,0.03,0.00827115420719454,100,0.0827115420719454,0.66336,100,0,0,"Beta",50,0.00025,"Extremely Low","Prop_0.50",10000,FALSE
"PF261","MIMOSA2","BFDR",0.05,100,0.00316955211442573,100,0.0316955211442573,0.0112,0.00104446593573419,0.998,0.00104446593573419,0.002,0.0117196488151381,0.117196488151381,0.0203333333333333,0.0196946385566932,0.04,0.33,0.00827115420719454,100,0.0827115420719454,0.66336,100,0,0,"Beta",50,0.00025,"Extremely Low","Prop_0.50",10000,FALSE
"PF262","DiD","BH",0.01,100,0,100,0,0,0,1,0,0,0,0,0,0,0,0,0.00728936057108945,100,0.0728936057108945,0.637432,100,0,0,"EG",50,0.00025,"Extremely Low","Prop_0.50",10000,FALSE
"PF262","DiD","BH",0.05,100,0,100,0,0,0,1,0,0,0,0,0,0,0,0,0.00728936057108945,100,0.0728936057108945,0.637432,100,0,0,"EG",50,0.00025,"Extremely Low","Prop_0.50",10000,FALSE
"PF262","DiD","unadjusted",0.01,100,0.00120604537831105,100,0.0120604537831105,0.004,0.000685786431991062,0.9988,0.000685786431991062,0.0012,0.0171446607997765,0.171446607997765,0.03,0.0171446607997765,0.03,0.13,0.00728936057108945,100,0.0728936057108945,0.637432,100,0,0,"EG",50,0.00025,"Extremely Low","Prop_0.50",10000,FALSE
"PF262","DiD","unadjusted",0.05,100,0.00488477329064616,100,0.0488477329064616,0.0776,0.00241209075662211,0.984,0.00241209075662211,0.016,0.0245788944802661,0.245788944802661,0.1495,0.0479372485441102,0.35,2.34,0.00728936057108945,100,0.0728936057108945,0.637432,100,0,0,"EG",50,0.00025,"Extremely Low","Prop_0.50",10000,FALSE
"PF262","MIMOSA2","BFDR",0.01,100,0.000685786431991061,100,0.00685786431991061,0.0012,0,1,0,0,0,0,0,0,0,0.03,0.00755172551290248,100,0.0755172551290248,0.669544,100,0,0,"EG",50,0.00025,"Extremely Low","Prop_0.50",10000,FALSE
"PF262","MIMOSA2","BFDR",0.05,100,0.00336926092666021,100,0.0336926092666021,0.0096,0.000890806013414455,0.9988,0.000890806013414455,0.0012,0.0111350751676807,0.111350751676807,0.015,0.014070529413629,0.02,0.27,0.00755172551290248,100,0.0755172551290248,0.669544,100,0,0,"EG",50,0.00025,"Extremely Low","Prop_0.50",10000,FALSE
"PF263","DiD","BH",0.01,100,0,100,0,0,0,1,0,0,0,0,0,0,0,0,0.00731349011185232,100,0.0731349011185232,0.632624,100,0,0,"LN",50,0.00025,"Extremely Low","Prop_0.50",10000,FALSE
"PF263","DiD","BH",0.05,100,4e-04,100,0.004,4e-04,0,1,0,0,0,0,0,0,0,0.01,0.00731349011185232,100,0.0731349011185232,0.632624,100,0,0,"LN",50,0.00025,"Extremely Low","Prop_0.50",10000,FALSE
"PF263","DiD","unadjusted",0.01,100,0.00142474523684025,100,0.0142474523684025,0.0048,0.000685786431991062,0.9988,0.000685786431991062,0.0012,0.0171446607997765,0.171446607997765,0.03,0.0171446607997765,0.03,0.15,0.00731349011185232,100,0.0731349011185232,0.632624,100,0,0,"LN",50,0.00025,"Extremely Low","Prop_0.50",10000,FALSE
"PF263","DiD","unadjusted",0.05,100,0.00633808434239504,100,0.0633808434239504,0.0848,0.00243708718337977,0.982,0.00243708718337977,0.018,0.0292448202458468,0.292448202458468,0.186428571428571,0.0490207130000197,0.39,2.57,0.00731349011185232,100,0.0731349011185232,0.632624,100,0,0,"LN",50,0.00025,"Extremely Low","Prop_0.50",10000,FALSE
"PF263","MIMOSA2","BFDR",0.01,100,0.000971513450158249,100,0.00971513450158249,0.0016,0,1,0,0,0,0,0,0,0,0.04,0.00771471380224212,100,0.0771471380224212,0.663648,100,0,0,"LN",50,0.00025,"Extremely Low","Prop_0.50",10000,FALSE
"PF263","MIMOSA2","BFDR",0.05,100,0.00330802513639638,100,0.0330802513639638,0.0108,0.00078778554226773,0.9984,0.00078778554226773,0.0016,0.0118074122128849,0.118074122128849,0.0208333333333333,0.0196946385566932,0.04,0.31,0.00771471380224212,100,0.0771471380224212,0.663648,100,0,0,"LN",50,0.00025,"Extremely Low","Prop_0.50",10000,FALSE
"PF264","DiD","BH",0.01,100,0,100,0,0,0,1,0,0,0,0,0,0,0,0,0.00728963802013834,100,0.0728963802013834,0.639024,100,0,0,"SX",50,0.00025,"Extremely Low","Prop_0.50",10000,FALSE
"PF264","DiD","BH",0.05,100,0,100,0,0,0,1,0,0,0,0,0,0,0,0,0.00728963802013834,100,0.0728963802013834,0.639024,100,0,0,"SX",50,0.00025,"Extremely Low","Prop_0.50",10000,FALSE
"PF264","DiD","unadjusted",0.01,100,0.00109063969737716,100,0.0109063969737716,0.0032,0.000562821176545159,0.9992,0.000562821176545159,0.000800000000000001,0.014070529413629,0.14070529413629,0.02,0.014070529413629,0.02,0.1,0.00728963802013834,100,0.0728963802013834,0.639024,100,0,0,"SX",50,0.00025,"Extremely Low","Prop_0.50",10000,FALSE
"PF264","DiD","unadjusted",0.05,100,0.00486604396182195,100,0.0486604396182195,0.0772,0.00268929790694955,0.982,0.00268929790694955,0.018,0.0292258898493437,0.292258898493437,0.183333333333333,0.0482418151324422,0.36,2.38,0.00728963802013834,100,0.0728963802013834,0.639024,100,0,0,"SX",50,0.00025,"Extremely Low","Prop_0.50",10000,FALSE
"PF264","MIMOSA2","BFDR",0.01,100,4e-04,100,0.004,4e-04,0,1,0,0,0,0,0,0,0,0.01,0.00699047682366677,100,0.0699047682366677,0.665688,100,0,0,"SX",50,0.00025,"Extremely Low","Prop_0.50",10000,FALSE
"PF264","MIMOSA2","BFDR",0.05,100,0.00104446593573419,100,0.0104446593573419,0.002,0.000562821176545159,0.9992,0.000562821176545159,0.000800000000000001,0.014070529413629,0.14070529413629,0.02,0.014070529413629,0.02,0.07,0.00699047682366677,100,0.0699047682366677,0.665688,100,0,0,"SX",50,0.00025,"Extremely Low","Prop_0.50",10000,FALSE
"PF265","DiD","BH",0.01,100,0,100,0,0,0,1,0,0,0,0,0,0,0,0,0.00862358710430031,100,0.0862358710430031,0.6444,100,0,0,"BB",50,0.00025,"Extremely Low","Prop_0.50",10000,FALSE
"PF265","DiD","BH",0.05,100,0,100,0,0,0,1,0,0,0,0,0,0,0,0,0.00862358710430031,100,0.0862358710430031,0.6444,100,0,0,"BB",50,0.00025,"Extremely Low","Prop_0.50",10000,FALSE
"PF265","DiD","unadjusted",0.01,100,0.00115049396505865,100,0.0115049396505865,0.0036,4e-04,0.9996,4e-04,4e-04,0.01,0.1,0.01,0.01,0.01,0.1,0.00862358710430031,100,0.0862358710430031,0.6444,100,0,0,"BB",50,0.00025,"Extremely Low","Prop_0.50",10000,FALSE
"PF265","DiD","unadjusted",0.05,100,0.00591604563535441,100,0.0591604563535441,0.0848,0.00275343678725591,0.9788,0.00275343678725591,0.0212,0.0282734115817164,0.282734115817164,0.197166666666667,0.0498887651569859,0.44,2.65,0.00862358710430031,100,0.0862358710430031,0.6444,100,0,0,"BB",50,0.00025,"Extremely Low","Prop_0.50",10000,FALSE
"PF265","MIMOSA2","BFDR",0.01,100,0.000562821176545159,100,0.00562821176545159,8e-04,0,1,0,0,0,0,0,0,0,0.02,0.00850888907988213,100,0.0850888907988213,0.673616,100,0,0,"BB",50,0.00025,"Extremely Low","Prop_0.50",10000,FALSE
"PF265","MIMOSA2","BFDR",0.05,100,0.00200040399960012,100,0.0200040399960012,0.0072,0.000685786431991062,0.9988,0.000685786431991062,0.0012,0.00645008025946463,0.0645008025946463,0.0108333333333333,0.0171446607997765,0.03,0.21,0.00850888907988213,100,0.0850888907988213,0.673616,100,0,0,"BB",50,0.00025,"Extremely Low","Prop_0.50",10000,FALSE
"PF276","DiD","BH",0.01,100,0,100,0,0,0,1,0,0,0,0,0,0,0,0,0.00699677912624188,100,0.0699677912624188,0.620648,100,0,0,"Beta",50,0.000125,"Extremely Low","Prop_0.50",10000,FALSE
"PF276","DiD","BH",0.05,100,0,100,0,0,0,1,0,0,0,0,0,0,0,0,0.00699677912624188,100,0.0699677912624188,0.620648,100,0,0,"Beta",50,0.000125,"Extremely Low","Prop_0.50",10000,FALSE
"PF276","DiD","unadjusted",0.01,100,0.00146666666666667,100,0.0146666666666667,0.0052,0,1,0,0,0,0,0,0,0,0.13,0.00699677912624188,100,0.0699677912624188,0.620648,100,0,0,"Beta",50,0.000125,"Extremely Low","Prop_0.50",10000,FALSE
"PF276","DiD","unadjusted",0.05,100,0.00506347586928069,100,0.0506347586928069,0.0576,0.00263496305534448,0.9808,0.00263496305534448,0.0192,0.0332543508710041,0.332543508710041,0.214666666666667,0.0490207130000197,0.39,1.92,0.00699677912624188,100,0.0699677912624188,0.620648,100,0,0,"Beta",50,0.000125,"Extremely Low","Prop_0.50",10000,FALSE
"PF276","MIMOSA2","BFDR",0.01,100,0,100,0,0,4e-04,0.9996,4e-04,4e-04,0.01,0.1,0.01,0.01,0.01,0.01,0.00741597179993113,100,0.0741597179993113,0.615792,100,0,0,"Beta",50,0.000125,"Extremely Low","Prop_0.50",10000,FALSE
"PF276","MIMOSA2","BFDR",0.05,100,0.00175234330846072,100,0.0175234330846072,0.004,0.000562821176545159,0.9992,0.000562821176545159,0.000800000000000001,0.0105089347908202,0.105089347908202,0.0133333333333333,0.014070529413629,0.02,0.12,0.00741597179993113,100,0.0741597179993113,0.615792,100,0,0,"Beta",50,0.000125,"Extremely Low","Prop_0.50",10000,FALSE
"PF277","DiD","BH",0.01,100,0,100,0,0,0,1,0,0,0,0,0,0,0,0,0.00835514194549039,100,0.0835514194549039,0.615552,100,0,0,"EG",50,0.000125,"Extremely Low","Prop_0.50",10000,FALSE
"PF277","DiD","BH",0.05,100,4e-04,100,0.004,4e-04,0,1,0,0,0,0,0,0,0,0.01,0.00835514194549039,100,0.0835514194549039,0.615552,100,0,0,"EG",50,0.000125,"Extremely Low","Prop_0.50",10000,FALSE
"PF277","DiD","unadjusted",0.01,100,0.00078778554226773,100,0.0078778554226773,0.0016,0,1,0,0,0,0,0,0,0,0.04,0.00835514194549039,100,0.0835514194549039,0.615552,100,0,0,"EG",50,0.000125,"Extremely Low","Prop_0.50",10000,FALSE
"PF277","DiD","unadjusted",0.05,100,0.00489914443159376,100,0.0489914443159376,0.0628,0.00209047865573916,0.9856,0.00209047865573916,0.0144,0.0319994037542656,0.319994037542656,0.193333333333333,0.0476095228569523,0.34,1.93,0.00835514194549039,100,0.0835514194549039,0.615552,100,0,0,"EG",50,0.000125,"Extremely Low","Prop_0.50",10000,FALSE
"PF277","MIMOSA2","BFDR",0.01,100,0,100,0,0,0,1,0,0,0,0,0,0,0,0,0.00808080768040403,100,0.0808080768040403,0.613976,100,0,0,"EG",50,0.000125,"Extremely Low","Prop_0.50",10000,FALSE
"PF277","MIMOSA2","BFDR",0.05,100,0.00117275467824841,100,0.0117275467824841,0.0028,0.000562821176545159,0.9992,0.000562821176545159,0.000800000000000001,0.0111350751676807,0.111350751676807,0.015,0.014070529413629,0.02,0.09,0.00808080768040403,100,0.0808080768040403,0.613976,100,0,0,"EG",50,0.000125,"Extremely Low","Prop_0.50",10000,FALSE
"PF278","DiD","BH",0.01,100,0,100,0,0,0,1,0,0,0,0,0,0,0,0,0.00708266461299715,100,0.0708266461299715,0.624856,100,0,0,"LN",50,0.000125,"Extremely Low","Prop_0.50",10000,FALSE
"PF278","DiD","BH",0.05,100,0,100,0,0,0,1,0,0,0,0,0,0,0,0,0.00708266461299715,100,0.0708266461299715,0.624856,100,0,0,"LN",50,0.000125,"Extremely Low","Prop_0.50",10000,FALSE
"PF278","DiD","unadjusted",0.01,100,0.000954733026303768,100,0.00954733026303768,0.0024,4e-04,0.9996,4e-04,4e-04,0.01,0.1,0.01,0.01,0.01,0.07,0.00708266461299715,100,0.0708266461299715,0.624856,100,0,0,"LN",50,0.000125,"Extremely Low","Prop_0.50",10000,FALSE
"PF278","DiD","unadjusted",0.05,100,0.00486604396182195,100,0.0486604396182195,0.0572,0.00215556596894288,0.986,0.00215556596894288,0.014,0.027705456358071,0.27705456358071,0.158166666666667,0.0468826172262151,0.32,1.78,0.00708266461299715,100,0.0708266461299715,0.624856,100,0,0,"LN",50,0.000125,"Extremely Low","Prop_0.50",10000,FALSE
"PF278","MIMOSA2","BFDR",0.01,100,0.000562821176545159,100,0.00562821176545159,8e-04,0,1,0,0,0,0,0,0,0,0.02,0.00730436592841306,100,0.0730436592841306,0.62128,100,0,0,"LN",50,0.000125,"Extremely Low","Prop_0.50",10000,FALSE
"PF278","MIMOSA2","BFDR",0.05,100,0.00144948615067896,100,0.0144948615067896,0.004,0.000562821176545159,0.9992,0.000562821176545159,0.000800000000000001,0.0111350751676807,0.111350751676807,0.015,0.014070529413629,0.02,0.12,0.00730436592841306,100,0.0730436592841306,0.62128,100,0,0,"LN",50,0.000125,"Extremely Low","Prop_0.50",10000,FALSE
"PF279","DiD","BH",0.01,100,0,100,0,0,0,1,0,0,0,0,0,0,0,0,0.00826331599739035,100,0.0826331599739035,0.634192,100,0,0,"SX",50,0.000125,"Extremely Low","Prop_0.50",10000,FALSE
"PF279","DiD","BH",0.05,100,0,100,0,0,0,1,0,0,0,0,0,0,0,0,0.00826331599739035,100,0.0826331599739035,0.634192,100,0,0,"SX",50,0.000125,"Extremely Low","Prop_0.50",10000,FALSE
"PF279","DiD","unadjusted",0.01,100,0.00133333333333333,100,0.0133333333333333,0.004,0,1,0,0,0,0,0,0,0,0.1,0.00826331599739035,100,0.0826331599739035,0.634192,100,0,0,"SX",50,0.000125,"Extremely Low","Prop_0.50",10000,FALSE
"PF279","DiD","unadjusted",0.05,100,0.00493595344018117,100,0.0493595344018117,0.062,0.00237971223113853,0.9856,0.00237971223113853,0.0144,0.0281116101684451,0.281116101684451,0.158666666666667,0.0464823198711732,0.31,1.91,0.00826331599739035,100,0.0826331599739035,0.634192,100,0,0,"SX",50,0.000125,"Extremely Low","Prop_0.50",10000,FALSE
"PF279","MIMOSA2","BFDR",0.01,100,4e-04,100,0.004,4e-04,0,1,0,0,0,0,0,0,0,0.01,0.00824526245608331,100,0.0824526245608331,0.635616,100,0,0,"SX",50,0.000125,"Extremely Low","Prop_0.50",10000,FALSE
"PF279","MIMOSA2","BFDR",0.05,100,0.00167259551523247,100,0.0167259551523247,0.0052,0.000562821176545159,0.9992,0.000562821176545159,0.000800000000000001,0.0111350751676807,0.111350751676807,0.015,0.014070529413629,0.02,0.15,0.00824526245608331,100,0.0824526245608331,0.635616,100,0,0,"SX",50,0.000125,"Extremely Low","Prop_0.50",10000,FALSE
"PF280","DiD","BH",0.01,100,0,100,0,0,0,1,0,0,0,0,0,0,0,0,0.00717991794218887,100,0.0717991794218887,0.643616,100,0,0,"BB",50,0.000125,"Extremely Low","Prop_0.50",10000,FALSE
"PF280","DiD","BH",0.05,100,0,100,0,0,0,1,0,0,0,0,0,0,0,0,0.00717991794218887,100,0.0717991794218887,0.643616,100,0,0,"BB",50,0.000125,"Extremely Low","Prop_0.50",10000,FALSE
"PF280","DiD","unadjusted",0.01,100,0.00109063969737716,100,0.0109063969737716,0.0032,4e-04,0.9996,4e-04,4e-04,0.01,0.1,0.01,0.01,0.01,0.09,0.00717991794218887,100,0.0717991794218887,0.643616,100,0,0,"BB",50,0.000125,"Extremely Low","Prop_0.50",10000,FALSE
"PF280","DiD","unadjusted",0.05,100,0.00507415714252827,100,0.0507415714252827,0.0652,0.00248989878501034,0.9832,0.00248989878501034,0.0168,0.0292396105657746,0.292396105657746,0.179833333333333,0.0482418151324422,0.36,2.05,0.00717991794218887,100,0.0717991794218887,0.643616,100,0,0,"BB",50,0.000125,"Extremely Low","Prop_0.50",10000,FALSE
"PF280","MIMOSA2","BFDR",0.01,100,0,100,0,0,0,1,0,0,0,0,0,0,0,0,0.00736918425648732,100,0.0736918425648732,0.646304,100,0,0,"BB",50,0.000125,"Extremely Low","Prop_0.50",10000,FALSE
"PF280","MIMOSA2","BFDR",0.05,100,8e-04,100,0.008,8e-04,4e-04,0.9996,4e-04,4e-04,0.01,0.1,0.01,0.01,0.01,0.03,0.00736918425648732,100,0.0736918425648732,0.646304,100,0,0,"BB",50,0.000125,"Extremely Low","Prop_0.50",10000,FALSE
"PF291","DiD","BH",0.01,100,0,100,0,0,0,1,0,0,0,0,0,0,0,0,0.00729446319983434,100,0.0729446319983433,0.619816,100,0,0,"Beta",50,6.25e-05,"Extremely Low","Prop_0.50",10000,FALSE
"PF291","DiD","BH",0.05,100,0,100,0,0,0,1,0,0,0,0,0,0,0,0,0.00729446319983434,100,0.0729446319983433,0.619816,100,0,0,"Beta",50,6.25e-05,"Extremely Low","Prop_0.50",10000,FALSE
"PF291","DiD","unadjusted",0.01,100,0.000562821176545159,100,0.00562821176545159,8e-04,4e-04,0.9996,4e-04,4e-04,0.01,0.1,0.01,0.01,0.01,0.03,0.00729446319983434,100,0.0729446319983433,0.619816,100,0,0,"Beta",50,6.25e-05,"Extremely Low","Prop_0.50",10000,FALSE
"PF291","DiD","unadjusted",0.05,100,0.00465643900877315,100,0.0465643900877315,0.0512,0.00249476218983662,0.9828,0.00249476218983662,0.0172,0.0343168825613831,0.343168825613831,0.228166666666667,0.048523658709391,0.37,1.71,0.00729446319983434,100,0.0729446319983433,0.619816,100,0,0,"Beta",50,6.25e-05,"Extremely Low","Prop_0.50",10000,FALSE
"PF291","MIMOSA2","BFDR",0.01,100,0,100,0,0,0,1,0,0,0,0,0,0,0,0,0.00765497876937591,100,0.0765497876937591,0.608352,100,0,0,"Beta",50,6.25e-05,"Extremely Low","Prop_0.50",10000,FALSE
"PF291","MIMOSA2","BFDR",0.05,100,0.000685786431991061,100,0.00685786431991061,0.0012,0.000562821176545159,0.9992,0.000562821176545159,0.000800000000000001,0.0111350751676807,0.111350751676807,0.015,0.014070529413629,0.02,0.05,0.00765497876937591,100,0.0765497876937591,0.608352,100,0,0,"Beta",50,6.25e-05,"Extremely Low","Prop_0.50",10000,FALSE
"PF292","DiD","BH",0.01,100,0,100,0,0,0,1,0,0,0,0,0,0,0,0,0.00727126553391131,100,0.0727126553391131,0.616384,100,0,0,"EG",50,6.25e-05,"Extremely Low","Prop_0.50",10000,FALSE
"PF292","DiD","BH",0.05,100,0,100,0,0,0,1,0,0,0,0,0,0,0,0,0.00727126553391131,100,0.0727126553391131,0.616384,100,0,0,"EG",50,6.25e-05,"Extremely Low","Prop_0.50",10000,FALSE
"PF292","DiD","unadjusted",0.01,100,0.000954733026303768,100,0.00954733026303768,0.0024,4e-04,0.9996,4e-04,4e-04,0.01,0.1,0.01,0.01,0.01,0.07,0.00727126553391131,100,0.0727126553391131,0.616384,100,0,0,"EG",50,6.25e-05,"Extremely Low","Prop_0.50",10000,FALSE
"PF292","DiD","unadjusted",0.05,100,0.00388605380063299,100,0.0388605380063299,0.0464,0.00286645524237963,0.9784,0.00286645524237963,0.0216,0.0352296100017502,0.352296100017502,0.262833333333333,0.0496044963748858,0.42,1.7,0.00727126553391131,100,0.0727126553391131,0.616384,100,0,0,"EG",50,6.25e-05,"Extremely Low","Prop_0.50",10000,FALSE
"PF292","MIMOSA2","BFDR",0.01,100,0.000562821176545159,100,0.00562821176545159,8e-04,0,1,0,0,0,0,0,0,0,0.02,0.00669787198528855,100,0.0669787198528855,0.612176,100,0,0,"EG",50,6.25e-05,"Extremely Low","Prop_0.50",10000,FALSE
"PF292","MIMOSA2","BFDR",0.05,100,0.00135497586545281,100,0.0135497586545281,0.0032,4e-04,0.9996,4e-04,4e-04,0.005,0.05,0.005,0.01,0.01,0.09,0.00669787198528855,100,0.0669787198528855,0.612176,100,0,0,"EG",50,6.25e-05,"Extremely Low","Prop_0.50",10000,FALSE
"PF293","DiD","BH",0.01,100,0,100,0,0,0,1,0,0,0,0,0,0,0,0,0.00795057747982033,100,0.0795057747982033,0.609784,100,0,0,"LN",50,6.25e-05,"Extremely Low","Prop_0.50",10000,FALSE
"PF293","DiD","BH",0.05,100,0,100,0,0,0,1,0,0,0,0,0,0,0,0,0.00795057747982033,100,0.0795057747982033,0.609784,100,0,0,"LN",50,6.25e-05,"Extremely Low","Prop_0.50",10000,FALSE
"PF293","DiD","unadjusted",0.01,100,0.000876171654230361,100,0.00876171654230361,0.002,4e-04,0.9996,4e-04,4e-04,0.01,0.1,0.01,0.01,0.01,0.06,0.00795057747982033,100,0.0795057747982033,0.609784,100,0,0,"LN",50,6.25e-05,"Extremely Low","Prop_0.50",10000,FALSE
"PF293","DiD","unadjusted",0.05,100,0.00466666666666667,100,0.0466666666666667,0.058,0.00286645524237963,0.9784,0.00286645524237963,0.0216,0.0331143649679083,0.331143649679083,0.236,0.0496044963748858,0.42,1.99,0.00795057747982033,100,0.0795057747982033,0.609784,100,0,0,"LN",50,6.25e-05,"Extremely Low","Prop_0.50",10000,FALSE
"PF293","MIMOSA2","BFDR",0.01,100,4e-04,100,0.004,4e-04,0,1,0,0,0,0,0,0,0,0.01,0.00713136938129875,100,0.0713136938129875,0.610248,100,0,0,"LN",50,6.25e-05,"Extremely Low","Prop_0.50",10000,FALSE
"PF293","MIMOSA2","BFDR",0.05,100,0.00130329806973917,100,0.0130329806973917,0.0028,4e-04,0.9996,4e-04,4e-04,0.01,0.1,0.01,0.01,0.01,0.08,0.00713136938129875,100,0.0713136938129875,0.610248,100,0,0,"LN",50,6.25e-05,"Extremely Low","Prop_0.50",10000,FALSE
"PF294","DiD","BH",0.01,100,0,100,0,0,0,1,0,0,0,0,0,0,0,0,0.00787031249876921,100,0.0787031249876921,0.612744,100,0,0,"SX",50,6.25e-05,"Extremely Low","Prop_0.50",10000,FALSE
"PF294","DiD","BH",0.05,100,0,100,0,0,0,1,0,0,0,0,0,0,0,0,0.00787031249876921,100,0.0787031249876921,0.612744,100,0,0,"SX",50,6.25e-05,"Extremely Low","Prop_0.50",10000,FALSE
"PF294","DiD","unadjusted",0.01,100,0.000954733026303768,100,0.00954733026303768,0.0024,4e-04,0.9996,4e-04,4e-04,0.01,0.1,0.01,0.01,0.01,0.07,0.00787031249876921,100,0.0787031249876921,0.612744,100,0,0,"SX",50,6.25e-05,"Extremely Low","Prop_0.50",10000,FALSE
"PF294","DiD","unadjusted",0.05,100,0.00403539892011242,100,0.0403539892011242,0.0472,0.00230063671467907,0.986,0.00230063671467907,0.014,0.0279268726004819,0.279268726004819,0.163333333333333,0.0464823198711732,0.31,1.53,0.00787031249876921,100,0.0787031249876921,0.612744,100,0,0,"SX",50,6.25e-05,"Extremely Low","Prop_0.50",10000,FALSE
"PF294","MIMOSA2","BFDR",0.01,100,0,100,0,0,0,1,0,0,0,0,0,0,0,0,0.00765668075881607,100,0.0765668075881607,0.614944,100,0,0,"SX",50,6.25e-05,"Extremely Low","Prop_0.50",10000,FALSE
"PF294","MIMOSA2","BFDR",0.05,100,0.000971513450158249,100,0.00971513450158249,0.0016,0.000685786431991062,0.9988,0.000685786431991062,0.0012,0.014413330903858,0.14413330903858,0.0233333333333333,0.0171446607997765,0.03,0.07,0.00765668075881607,100,0.0765668075881607,0.614944,100,0,0,"SX",50,6.25e-05,"Extremely Low","Prop_0.50",10000,FALSE
"PF295","DiD","BH",0.01,100,0,100,0,0,0,1,0,0,0,0,0,0,0,0,0.00773112691617072,100,0.0773112691617072,0.608072,100,0,0,"BB",50,6.25e-05,"Extremely Low","Prop_0.50",10000,FALSE
"PF295","DiD","BH",0.05,100,0,100,0,0,0,1,0,0,0,0,0,0,0,0,0.00773112691617072,100,0.0773112691617072,0.608072,100,0,0,"BB",50,6.25e-05,"Extremely Low","Prop_0.50",10000,FALSE
"PF295","DiD","unadjusted",0.01,100,0.000685786431991061,100,0.00685786431991061,0.0012,0.000562821176545159,0.9992,0.000562821176545159,0.000800000000000001,0.014070529413629,0.14070529413629,0.02,0.014070529413629,0.02,0.05,0.00773112691617072,100,0.0773112691617072,0.608072,100,0,0,"BB",50,6.25e-05,"Extremely Low","Prop_0.50",10000,FALSE
"PF295","DiD","unadjusted",0.05,100,0.00411137864267381,100,0.0411137864267381,0.0484,0.0026941013006533,0.9812,0.0026941013006533,0.0188,0.0329378900594933,0.329378900594933,0.223333333333333,0.0487831731214563,0.38,1.68,0.00773112691617072,100,0.0773112691617072,0.608072,100,0,0,"BB",50,6.25e-05,"Extremely Low","Prop_0.50",10000,FALSE
"PF295","MIMOSA2","BFDR",0.01,100,0,100,0,0,0,1,0,0,0,0,0,0,0,0,0.00835093564950792,100,0.0835093564950792,0.615248,100,0,0,"BB",50,6.25e-05,"Extremely Low","Prop_0.50",10000,FALSE
"PF295","MIMOSA2","BFDR",0.05,100,0,100,0,0,4e-04,0.9996,4e-04,4e-04,0.01,0.1,0.01,0.01,0.01,0.01,0.00835093564950792,100,0.0835093564950792,0.615248,100,0,0,"BB",50,6.25e-05,"Extremely Low","Prop_0.50",10000,FALSE
