Simulation 4 | MIMOSA2 elapsed = 6.22 sec | status = SUCCESS
Simulation 2 | MIMOSA2 elapsed = 6.25 sec | status = SUCCESS
Simulation 3 | MIMOSA2 elapsed = 6.84 sec | status = SUCCESS
Simulation 1 | MIMOSA2 elapsed = 7.39 sec | status = SUCCESS
Simulation 13 | MIMOSA2 elapsed = 7.41 sec | status = SUCCESS
Simulation 8 | MIMOSA2 elapsed = 8.15 sec | status = SUCCESS
Simulation 10 | MIMOSA2 elapsed = 8.16 sec | status = SUCCESS
Simulation 7 | MIMOSA2 elapsed = 8.71 sec | status = SUCCESS
Simulation 9 | MIMOSA2 elapsed = 10.5 sec | status = SUCCESS
Simulation 11 | MIMOSA2 elapsed = 11.02 sec | status = SUCCESS
Simulation 5 | MIMOSA2 elapsed = 14.93 sec | status = SUCCESS
Simulation 19 | MIMOSA2 elapsed = 15.58 sec | status = SUCCESS
Simulation 12 | MIMOSA2 elapsed = 15.66 sec | status = SUCCESS
Simulation 17 | MIMOSA2 elapsed = 15.73 sec | status = SUCCESS
Simulation 18 | MIMOSA2 elapsed = 15.94 sec | status = SUCCESS
Simulation 6 | MIMOSA2 elapsed = 16.05 sec | status = SUCCESS
Simulation 20 | MIMOSA2 elapsed = 16.16 sec | status = SUCCESS
Simulation 14 | MIMOSA2 elapsed = 16.26 sec | status = SUCCESS
Simulation 15 | MIMOSA2 elapsed = 16.47 sec | status = SUCCESS
Simulation 16 | MIMOSA2 elapsed = 16.38 sec | status = SUCCESS
Simulation 21 | MIMOSA2 elapsed = 10.43 sec | status = SUCCESS
Simulation 25 | MIMOSA2 elapsed = 11.27 sec | status = SUCCESS
Simulation 23 | MIMOSA2 elapsed = 12.28 sec | status = SUCCESS
Simulation 22 | MIMOSA2 elapsed = 17.01 sec | status = SUCCESS
Simulation 27 | MIMOSA2 elapsed = 15.28 sec | status = SUCCESS
Simulation 28 | MIMOSA2 elapsed = 15.78 sec | status = SUCCESS
Simulation 24 | MIMOSA2 elapsed = 17.42 sec | status = SUCCESS
Simulation 35 | MIMOSA2 elapsed = 9.66 sec | status = SUCCESS
Simulation 26 | MIMOSA2 elapsed = 17.6 sec | status = SUCCESS
Simulation 29 | MIMOSA2 elapsed = 15.43 sec | status = SUCCESS
Simulation 37 | MIMOSA2 elapsed = 10.64 sec | status = SUCCESS
Simulation 30 | MIMOSA2 elapsed = 16.29 sec | status = SUCCESS
Simulation 34 | MIMOSA2 elapsed = 15.21 sec | status = SUCCESS
Simulation 33 | MIMOSA2 elapsed = 15.69 sec | status = SUCCESS
Simulation 32 | MIMOSA2 elapsed = 15.81 sec | status = SUCCESS
Simulation 31 | MIMOSA2 elapsed = 16.67 sec | status = SUCCESS
Simulation 41 | MIMOSA2 elapsed = 15.38 sec | status = SUCCESS
Simulation 36 | MIMOSA2 elapsed = 16.36 sec | status = SUCCESS
Simulation 38 | MIMOSA2 elapsed = 16.29 sec | status = SUCCESS
Simulation 39 | MIMOSA2 elapsed = 16.33 sec | status = SUCCESS
Simulation 40 | MIMOSA2 elapsed = 16.58 sec | status = SUCCESS
Simulation 43 | MIMOSA2 elapsed = 16.58 sec | status = SUCCESS
Simulation 42 | MIMOSA2 elapsed = 17.53 sec | status = SUCCESS
Simulation 44 | MIMOSA2 elapsed = 13.56 sec | status = SUCCESS
Simulation 45 | MIMOSA2 elapsed = 14.31 sec | status = SUCCESS
Simulation 46 | MIMOSA2 elapsed = 16.67 sec | status = SUCCESS
Simulation 47 | MIMOSA2 elapsed = 17.05 sec | status = SUCCESS
Simulation 48 | MIMOSA2 elapsed = 16.65 sec | status = SUCCESS
Simulation 50 | MIMOSA2 elapsed = 17.4 sec | status = SUCCESS
Simulation 49 | MIMOSA2 elapsed = 17.86 sec | status = SUCCESS
Simulation 52 | MIMOSA2 elapsed = 16.98 sec | status = SUCCESS
Simulation 51 | MIMOSA2 elapsed = 17.37 sec | status = SUCCESS
Simulation 54 | MIMOSA2 elapsed = 16.41 sec | status = SUCCESS
Simulation 53 | MIMOSA2 elapsed = 17.35 sec | status = SUCCESS
Simulation 56 | MIMOSA2 elapsed = 17.17 sec | status = SUCCESS
Simulation 58 | MIMOSA2 elapsed = 17.04 sec | status = SUCCESS
Simulation 57 | MIMOSA2 elapsed = 17.8 sec | status = SUCCESS
Simulation 55 | MIMOSA2 elapsed = 18.84 sec | status = SUCCESS
Simulation 59 | MIMOSA2 elapsed = 17.53 sec | status = SUCCESS
Simulation 62 | MIMOSA2 elapsed = 14.64 sec | status = SUCCESS
Simulation 60 | MIMOSA2 elapsed = 18.09 sec | status = SUCCESS
Simulation 61 | MIMOSA2 elapsed = 18.07 sec | status = SUCCESS
Simulation 64 | MIMOSA2 elapsed = 15.31 sec | status = SUCCESS
Simulation 63 | MIMOSA2 elapsed = 18.07 sec | status = SUCCESS
Simulation 65 | MIMOSA2 elapsed = 16.94 sec | status = SUCCESS
Simulation 68 | MIMOSA2 elapsed = 16.25 sec | status = SUCCESS
Simulation 66 | MIMOSA2 elapsed = 17.6 sec | status = SUCCESS
Simulation 69 | MIMOSA2 elapsed = 17.01 sec | status = SUCCESS
Simulation 72 | MIMOSA2 elapsed = 16.14 sec | status = SUCCESS
Simulation 67 | MIMOSA2 elapsed = 18.55 sec | status = SUCCESS
Simulation 70 | MIMOSA2 elapsed = 17.41 sec | status = SUCCESS
Simulation 71 | MIMOSA2 elapsed = 17.17 sec | status = SUCCESS
Simulation 73 | MIMOSA2 elapsed = 16.81 sec | status = SUCCESS
Simulation 75 | MIMOSA2 elapsed = 16.69 sec | status = SUCCESS
Simulation 77 | MIMOSA2 elapsed = 15.98 sec | status = SUCCESS
Simulation 79 | MIMOSA2 elapsed = 16.49 sec | status = SUCCESS
Simulation 74 | MIMOSA2 elapsed = 19.66 sec | status = SUCCESS
Simulation 76 | MIMOSA2 elapsed = 18.85 sec | status = SUCCESS
Simulation 78 | MIMOSA2 elapsed = 20.04 sec | status = SUCCESS
Simulation 80 | MIMOSA2 elapsed = 19.84 sec | status = SUCCESS
Simulation 88 | MIMOSA2 elapsed = 6.89 sec | status = SUCCESS
Simulation 98 | MIMOSA2 elapsed = 7.18 sec | status = SUCCESS
Simulation 84 | MIMOSA2 elapsed = 8.09 sec | status = SUCCESS
Simulation 89 | MIMOSA2 elapsed = 8.2 sec | status = SUCCESS
Simulation 81 | MIMOSA2 elapsed = 8.34 sec | status = SUCCESS
Simulation 82 | MIMOSA2 elapsed = 8.48 sec | status = SUCCESS
Simulation 99 | MIMOSA2 elapsed = 8.74 sec | status = SUCCESS
Simulation 83 | MIMOSA2 elapsed = 9.45 sec | status = SUCCESS
Simulation 86 | MIMOSA2 elapsed = 10.17 sec | status = SUCCESS
Simulation 97 | MIMOSA2 elapsed = 10.69 sec | status = SUCCESS
Simulation 95 | MIMOSA2 elapsed = 10.71 sec | status = SUCCESS
Simulation 92 | MIMOSA2 elapsed = 10.78 sec | status = SUCCESS
Simulation 87 | MIMOSA2 elapsed = 11.55 sec | status = SUCCESS
Simulation 90 | MIMOSA2 elapsed = 11.51 sec | status = SUCCESS
Simulation 96 | MIMOSA2 elapsed = 15.2 sec | status = SUCCESS
Simulation 93 | MIMOSA2 elapsed = 15.8 sec | status = SUCCESS
Simulation 94 | MIMOSA2 elapsed = 16.02 sec | status = SUCCESS
Simulation 91 | MIMOSA2 elapsed = 16.21 sec | status = SUCCESS
Simulation 85 | MIMOSA2 elapsed = 16.45 sec | status = SUCCESS
Simulation 103 | MIMOSA2 elapsed = 8.41 sec | status = SUCCESS
Simulation 100 | MIMOSA2 elapsed = 17.44 sec | status = SUCCESS
Simulation 104 | MIMOSA2 elapsed = 9.95 sec | status = SUCCESS
Simulation 109 | MIMOSA2 elapsed = 11.9 sec | status = SUCCESS
Simulation 113 | MIMOSA2 elapsed = 10.78 sec | status = SUCCESS
Simulation 110 | MIMOSA2 elapsed = 12.47 sec | status = SUCCESS
Simulation 101 | MIMOSA2 elapsed = 16.37 sec | status = SUCCESS
Simulation 108 | MIMOSA2 elapsed = 14.46 sec | status = SUCCESS
Simulation 106 | MIMOSA2 elapsed = 15.48 sec | status = SUCCESS
Simulation 102 | MIMOSA2 elapsed = 17.29 sec | status = SUCCESS
Simulation 105 | MIMOSA2 elapsed = 16.76 sec | status = SUCCESS
Simulation 107 | MIMOSA2 elapsed = 16.2 sec | status = SUCCESS
Simulation 111 | MIMOSA2 elapsed = 16.64 sec | status = SUCCESS
Simulation 114 | MIMOSA2 elapsed = 16.14 sec | status = SUCCESS
Simulation 112 | MIMOSA2 elapsed = 17.68 sec | status = SUCCESS
Simulation 118 | MIMOSA2 elapsed = 14.16 sec | status = SUCCESS
Simulation 120 | MIMOSA2 elapsed = 13.74 sec | status = SUCCESS
Simulation 115 | MIMOSA2 elapsed = 16.32 sec | status = SUCCESS
Simulation 116 | MIMOSA2 elapsed = 16.83 sec | status = SUCCESS
Simulation 117 | MIMOSA2 elapsed = 16.83 sec | status = SUCCESS
Simulation 119 | MIMOSA2 elapsed = 16.68 sec | status = SUCCESS
Simulation 122 | MIMOSA2 elapsed = 15.57 sec | status = SUCCESS
Simulation 121 | MIMOSA2 elapsed = 16.78 sec | status = SUCCESS
Simulation 124 | MIMOSA2 elapsed = 11.65 sec | status = SUCCESS
Simulation 126 | MIMOSA2 elapsed = 11.13 sec | status = SUCCESS
Simulation 123 | MIMOSA2 elapsed = 17.8 sec | status = SUCCESS
Simulation 129 | MIMOSA2 elapsed = 15.52 sec | status = SUCCESS
Simulation 127 | MIMOSA2 elapsed = 16.89 sec | status = SUCCESS
Simulation 128 | MIMOSA2 elapsed = 16.87 sec | status = SUCCESS
Simulation 125 | MIMOSA2 elapsed = 18.07 sec | status = SUCCESS
Simulation 130 | MIMOSA2 elapsed = 16.61 sec | status = SUCCESS
Simulation 131 | MIMOSA2 elapsed = 17.46 sec | status = SUCCESS
Simulation 133 | MIMOSA2 elapsed = 16.29 sec | status = SUCCESS
Simulation 132 | MIMOSA2 elapsed = 17.68 sec | status = SUCCESS
Simulation 134 | MIMOSA2 elapsed = 16.84 sec | status = SUCCESS
Simulation 139 | MIMOSA2 elapsed = 14.03 sec | status = SUCCESS
Simulation 136 | MIMOSA2 elapsed = 18.05 sec | status = SUCCESS
Simulation 143 | MIMOSA2 elapsed = 14.83 sec | status = SUCCESS
Simulation 137 | MIMOSA2 elapsed = 17.77 sec | status = SUCCESS
Simulation 142 | MIMOSA2 elapsed = 15.98 sec | status = SUCCESS
Simulation 135 | MIMOSA2 elapsed = 19.74 sec | status = SUCCESS
Simulation 141 | MIMOSA2 elapsed = 16.32 sec | status = SUCCESS
Simulation 138 | MIMOSA2 elapsed = 20.26 sec | status = SUCCESS
Simulation 145 | MIMOSA2 elapsed = 16.24 sec | status = SUCCESS
Simulation 144 | MIMOSA2 elapsed = 21.7 sec | status = SUCCESS
Simulation 149 | MIMOSA2 elapsed = 17.04 sec | status = SUCCESS
Simulation 147 | MIMOSA2 elapsed = 17.72 sec | status = SUCCESS
Simulation 148 | MIMOSA2 elapsed = 17.6 sec | status = SUCCESS
Simulation 146 | MIMOSA2 elapsed = 19.33 sec | status = SUCCESS
Simulation 150 | MIMOSA2 elapsed = 18.22 sec | status = SUCCESS
Simulation 151 | MIMOSA2 elapsed = 17.74 sec | status = SUCCESS
Simulation 152 | MIMOSA2 elapsed = 15.77 sec | status = SUCCESS
Simulation 154 | MIMOSA2 elapsed = 17.33 sec | status = SUCCESS
Simulation 156 | MIMOSA2 elapsed = 15.25 sec | status = SUCCESS
Simulation 153 | MIMOSA2 elapsed = 19.8 sec | status = SUCCESS
Simulation 155 | MIMOSA2 elapsed = 17.92 sec | status = SUCCESS
Simulation 157 | MIMOSA2 elapsed = 16.18 sec | status = SUCCESS
Simulation 159 | MIMOSA2 elapsed = 16.76 sec | status = SUCCESS
Simulation 160 | MIMOSA2 elapsed = 16.77 sec | status = SUCCESS
Simulation 158 | MIMOSA2 elapsed = 17.11 sec | status = SUCCESS
Simulation 140 | MIMOSA2 elapsed = 13.46 sec | status = SUCCESS
Simulation 163 | MIMOSA2 elapsed = 6.38 sec | status = SUCCESS
Simulation 161 | MIMOSA2 elapsed = 6.99 sec | status = SUCCESS
Simulation 164 | MIMOSA2 elapsed = 7.08 sec | status = SUCCESS
Simulation 166 | MIMOSA2 elapsed = 8.31 sec | status = SUCCESS
Simulation 165 | MIMOSA2 elapsed = 8.43 sec | status = SUCCESS
Simulation 170 | MIMOSA2 elapsed = 10.22 sec | status = SUCCESS
Simulation 169 | MIMOSA2 elapsed = 10.35 sec | status = SUCCESS
Simulation 174 | MIMOSA2 elapsed = 10.84 sec | status = SUCCESS
Simulation 178 | MIMOSA2 elapsed = 15.16 sec | status = SUCCESS
Simulation 172 | MIMOSA2 elapsed = 15.55 sec | status = SUCCESS
Simulation 176 | MIMOSA2 elapsed = 15.58 sec | status = SUCCESS
Simulation 177 | MIMOSA2 elapsed = 15.84 sec | status = SUCCESS
Simulation 173 | MIMOSA2 elapsed = 15.86 sec | status = SUCCESS
Simulation 168 | MIMOSA2 elapsed = 16.08 sec | status = SUCCESS
Simulation 175 | MIMOSA2 elapsed = 16.23 sec | status = SUCCESS
Simulation 171 | MIMOSA2 elapsed = 16.44 sec | status = SUCCESS
Simulation 167 | MIMOSA2 elapsed = 16.74 sec | status = SUCCESS
Simulation 162 | MIMOSA2 elapsed = 16.72 sec | status = SUCCESS
Simulation 179 | MIMOSA2 elapsed = 16.7 sec | status = SUCCESS
Simulation 180 | MIMOSA2 elapsed = 17.14 sec | status = SUCCESS
Simulation 185 | MIMOSA2 elapsed = 8.57 sec | status = SUCCESS
Simulation 184 | MIMOSA2 elapsed = 9.36 sec | status = SUCCESS
Simulation 182 | MIMOSA2 elapsed = 11.14 sec | status = SUCCESS
Simulation 187 | MIMOSA2 elapsed = 10.31 sec | status = SUCCESS
Simulation 188 | MIMOSA2 elapsed = 11.7 sec | status = SUCCESS
Simulation 181 | MIMOSA2 elapsed = 16.88 sec | status = SUCCESS
Simulation 183 | MIMOSA2 elapsed = 16.87 sec | status = SUCCESS
Simulation 191 | MIMOSA2 elapsed = 10.2 sec | status = SUCCESS
Simulation 190 | MIMOSA2 elapsed = 12.95 sec | status = SUCCESS
Simulation 186 | MIMOSA2 elapsed = 18.79 sec | status = SUCCESS
Simulation 189 | MIMOSA2 elapsed = 15.95 sec | status = SUCCESS
Simulation 201 | MIMOSA2 elapsed = 13.63 sec | status = SUCCESS
Simulation 192 | MIMOSA2 elapsed = 16.26 sec | status = SUCCESS
Simulation 193 | MIMOSA2 elapsed = 16.43 sec | status = SUCCESS
Simulation 195 | MIMOSA2 elapsed = 16.22 sec | status = SUCCESS
Simulation 199 | MIMOSA2 elapsed = 15.81 sec | status = SUCCESS
Simulation 194 | MIMOSA2 elapsed = 16.53 sec | status = SUCCESS
Simulation 196 | MIMOSA2 elapsed = 16.44 sec | status = SUCCESS
Simulation 198 | MIMOSA2 elapsed = 16.17 sec | status = SUCCESS
Simulation 200 | MIMOSA2 elapsed = 16.48 sec | status = SUCCESS
Simulation 202 | MIMOSA2 elapsed = 16.1 sec | status = SUCCESS
Simulation 197 | MIMOSA2 elapsed = 17.52 sec | status = SUCCESS
Simulation 203 | MIMOSA2 elapsed = 15.79 sec | status = SUCCESS
Simulation 205 | MIMOSA2 elapsed = 12.17 sec | status = SUCCESS
Simulation 204 | MIMOSA2 elapsed = 17.24 sec | status = SUCCESS
Simulation 206 | MIMOSA2 elapsed = 17.88 sec | status = SUCCESS
Simulation 207 | MIMOSA2 elapsed = 17.77 sec | status = SUCCESS
Simulation 208 | MIMOSA2 elapsed = 17.05 sec | status = SUCCESS
Simulation 209 | MIMOSA2 elapsed = 15.53 sec | status = SUCCESS
Simulation 210 | MIMOSA2 elapsed = 17.19 sec | status = SUCCESS
Simulation 222 | MIMOSA2 elapsed = 11.96 sec | status = SUCCESS
Simulation 212 | MIMOSA2 elapsed = 15.47 sec | status = SUCCESS
Simulation 223 | MIMOSA2 elapsed = 13.61 sec | status = SUCCESS
Simulation 211 | MIMOSA2 elapsed = 17.39 sec | status = SUCCESS
Simulation 214 | MIMOSA2 elapsed = 16.65 sec | status = SUCCESS
Simulation 213 | MIMOSA2 elapsed = 17.11 sec | status = SUCCESS
Simulation 218 | MIMOSA2 elapsed = 16.4 sec | status = SUCCESS
Simulation 225 | MIMOSA2 elapsed = 11.34 sec | status = SUCCESS
Simulation 216 | MIMOSA2 elapsed = 17.31 sec | status = SUCCESS
Simulation 219 | MIMOSA2 elapsed = 17.15 sec | status = SUCCESS
Simulation 215 | MIMOSA2 elapsed = 17.9 sec | status = SUCCESS
Simulation 217 | MIMOSA2 elapsed = 17.87 sec | status = SUCCESS
Simulation 221 | MIMOSA2 elapsed = 16.79 sec | status = SUCCESS
Simulation 220 | MIMOSA2 elapsed = 17.33 sec | status = SUCCESS
Simulation 224 | MIMOSA2 elapsed = 15.78 sec | status = SUCCESS
Simulation 227 | MIMOSA2 elapsed = 14.27 sec | status = SUCCESS
Simulation 226 | MIMOSA2 elapsed = 15.92 sec | status = SUCCESS
Simulation 228 | MIMOSA2 elapsed = 15.93 sec | status = SUCCESS
Simulation 229 | MIMOSA2 elapsed = 17.53 sec | status = SUCCESS
Simulation 232 | MIMOSA2 elapsed = 15.61 sec | status = SUCCESS
Simulation 230 | MIMOSA2 elapsed = 16.64 sec | status = SUCCESS
Simulation 231 | MIMOSA2 elapsed = 17.03 sec | status = SUCCESS
Simulation 234 | MIMOSA2 elapsed = 15.6 sec | status = SUCCESS
Simulation 233 | MIMOSA2 elapsed = 16.96 sec | status = SUCCESS
Simulation 238 | MIMOSA2 elapsed = 15.68 sec | status = SUCCESS
Simulation 236 | MIMOSA2 elapsed = 16.36 sec | status = SUCCESS
Simulation 237 | MIMOSA2 elapsed = 16.63 sec | status = SUCCESS
Simulation 235 | MIMOSA2 elapsed = 17.22 sec | status = SUCCESS
Simulation 240 | MIMOSA2 elapsed = 16.33 sec | status = SUCCESS
Simulation 239 | MIMOSA2 elapsed = 18.27 sec | status = SUCCESS
Simulation 241 | MIMOSA2 elapsed = 7.09 sec | status = SUCCESS
Simulation 244 | MIMOSA2 elapsed = 7.88 sec | status = SUCCESS
Simulation 251 | MIMOSA2 elapsed = 8.81 sec | status = SUCCESS
Simulation 243 | MIMOSA2 elapsed = 9.1 sec | status = SUCCESS
Simulation 249 | MIMOSA2 elapsed = 9.71 sec | status = SUCCESS
Simulation 253 | MIMOSA2 elapsed = 9.99 sec | status = SUCCESS
Simulation 245 | MIMOSA2 elapsed = 10.68 sec | status = SUCCESS
Simulation 242 | MIMOSA2 elapsed = 11.47 sec | status = SUCCESS
Simulation 250 | MIMOSA2 elapsed = 12.68 sec | status = SUCCESS
Simulation 248 | MIMOSA2 elapsed = 15.83 sec | status = SUCCESS
Simulation 257 | MIMOSA2 elapsed = 16.11 sec | status = SUCCESS
Simulation 254 | MIMOSA2 elapsed = 16.07 sec | status = SUCCESS
Simulation 247 | MIMOSA2 elapsed = 16.17 sec | status = SUCCESS
Simulation 260 | MIMOSA2 elapsed = 16.17 sec | status = SUCCESS
Simulation 252 | MIMOSA2 elapsed = 16.37 sec | status = SUCCESS
Simulation 259 | MIMOSA2 elapsed = 16.5 sec | status = SUCCESS
Simulation 256 | MIMOSA2 elapsed = 16.57 sec | status = SUCCESS
Simulation 255 | MIMOSA2 elapsed = 16.71 sec | status = SUCCESS
Simulation 258 | MIMOSA2 elapsed = 16.93 sec | status = SUCCESS
Simulation 246 | MIMOSA2 elapsed = 17.01 sec | status = SUCCESS
Simulation 265 | MIMOSA2 elapsed = 8.32 sec | status = SUCCESS
Simulation 264 | MIMOSA2 elapsed = 9.55 sec | status = SUCCESS
Simulation 261 | MIMOSA2 elapsed = 11.89 sec | status = SUCCESS
Simulation 262 | MIMOSA2 elapsed = 13.79 sec | status = SUCCESS
Simulation 269 | MIMOSA2 elapsed = 11.07 sec | status = SUCCESS
Simulation 268 | MIMOSA2 elapsed = 13.11 sec | status = SUCCESS
Simulation 263 | MIMOSA2 elapsed = 16.57 sec | status = SUCCESS
Simulation 266 | MIMOSA2 elapsed = 15.58 sec | status = SUCCESS
Simulation 267 | MIMOSA2 elapsed = 15.6 sec | status = SUCCESS
Simulation 272 | MIMOSA2 elapsed = 14.99 sec | status = SUCCESS
Simulation 279 | MIMOSA2 elapsed = 14.88 sec | status = SUCCESS
Simulation 270 | MIMOSA2 elapsed = 16.02 sec | status = SUCCESS
Simulation 271 | MIMOSA2 elapsed = 16.33 sec | status = SUCCESS
Simulation 273 | MIMOSA2 elapsed = 16.17 sec | status = SUCCESS
Simulation 276 | MIMOSA2 elapsed = 16.3 sec | status = SUCCESS
Simulation 278 | MIMOSA2 elapsed = 16.06 sec | status = SUCCESS
Simulation 274 | MIMOSA2 elapsed = 16.7 sec | status = SUCCESS
Simulation 277 | MIMOSA2 elapsed = 16.38 sec | status = SUCCESS
Simulation 275 | MIMOSA2 elapsed = 16.49 sec | status = SUCCESS
Simulation 283 | MIMOSA2 elapsed = 14.01 sec | status = SUCCESS
Simulation 280 | MIMOSA2 elapsed = 16.82 sec | status = SUCCESS
Simulation 281 | MIMOSA2 elapsed = 15.88 sec | status = SUCCESS
Simulation 282 | MIMOSA2 elapsed = 16.12 sec | status = SUCCESS
Simulation 284 | MIMOSA2 elapsed = 16.34 sec | status = SUCCESS
Simulation 285 | MIMOSA2 elapsed = 15.1 sec | status = SUCCESS
Simulation 286 | MIMOSA2 elapsed = 17.96 sec | status = SUCCESS
Simulation 287 | MIMOSA2 elapsed = 17.26 sec | status = SUCCESS
Simulation 288 | MIMOSA2 elapsed = 17.02 sec | status = SUCCESS
Simulation 289 | MIMOSA2 elapsed = 17.11 sec | status = SUCCESS
Simulation 294 | MIMOSA2 elapsed = 14.07 sec | status = SUCCESS
Simulation 302 | MIMOSA2 elapsed = 13.43 sec | status = SUCCESS
Simulation 290 | MIMOSA2 elapsed = 17.07 sec | status = SUCCESS
Simulation 291 | MIMOSA2 elapsed = 16.76 sec | status = SUCCESS
Simulation 292 | MIMOSA2 elapsed = 16.55 sec | status = SUCCESS
Simulation 301 | MIMOSA2 elapsed = 15.09 sec | status = SUCCESS
Simulation 293 | MIMOSA2 elapsed = 17.19 sec | status = SUCCESS
Simulation 296 | MIMOSA2 elapsed = 17.03 sec | status = SUCCESS
Simulation 298 | MIMOSA2 elapsed = 17.3 sec | status = SUCCESS
Simulation 295 | MIMOSA2 elapsed = 17.51 sec | status = SUCCESS
Simulation 297 | MIMOSA2 elapsed = 17.47 sec | status = SUCCESS
Simulation 300 | MIMOSA2 elapsed = 17.79 sec | status = SUCCESS
Simulation 299 | MIMOSA2 elapsed = 18.9 sec | status = SUCCESS
Simulation 303 | MIMOSA2 elapsed = 18.17 sec | status = SUCCESS
Simulation 304 | MIMOSA2 elapsed = 16.65 sec | status = SUCCESS
Simulation 305 | MIMOSA2 elapsed = 16.25 sec | status = SUCCESS
Simulation 307 | MIMOSA2 elapsed = 17.45 sec | status = SUCCESS
Simulation 308 | MIMOSA2 elapsed = 17.4 sec | status = SUCCESS
Simulation 306 | MIMOSA2 elapsed = 18.49 sec | status = SUCCESS
Simulation 309 | MIMOSA2 elapsed = 17.72 sec | status = SUCCESS
Simulation 310 | MIMOSA2 elapsed = 17.46 sec | status = SUCCESS
Simulation 311 | MIMOSA2 elapsed = 17.39 sec | status = SUCCESS
Simulation 313 | MIMOSA2 elapsed = 17.02 sec | status = SUCCESS
Simulation 315 | MIMOSA2 elapsed = 16.47 sec | status = SUCCESS
Simulation 312 | MIMOSA2 elapsed = 17.48 sec | status = SUCCESS
Simulation 314 | MIMOSA2 elapsed = 17.42 sec | status = SUCCESS
Simulation 317 | MIMOSA2 elapsed = 16.92 sec | status = SUCCESS
Simulation 318 | MIMOSA2 elapsed = 16.75 sec | status = SUCCESS
Simulation 316 | MIMOSA2 elapsed = 17.58 sec | status = SUCCESS
Simulation 320 | MIMOSA2 elapsed = 16.73 sec | status = SUCCESS
Simulation 319 | MIMOSA2 elapsed = 17.17 sec | status = SUCCESS
Simulation 324 | MIMOSA2 elapsed = 6.71 sec | status = SUCCESS
Simulation 331 | MIMOSA2 elapsed = 7.1 sec | status = SUCCESS
Simulation 322 | MIMOSA2 elapsed = 7.69 sec | status = SUCCESS
Simulation 326 | MIMOSA2 elapsed = 8.45 sec | status = SUCCESS
Simulation 338 | MIMOSA2 elapsed = 8.52 sec | status = SUCCESS
Simulation 323 | MIMOSA2 elapsed = 9.34 sec | status = SUCCESS
Simulation 321 | MIMOSA2 elapsed = 10.17 sec | status = SUCCESS
Simulation 336 | MIMOSA2 elapsed = 10.77 sec | status = SUCCESS
Simulation 329 | MIMOSA2 elapsed = 11.73 sec | status = SUCCESS
Simulation 327 | MIMOSA2 elapsed = 14.87 sec | status = SUCCESS
Simulation 335 | MIMOSA2 elapsed = 15 sec | status = SUCCESS
Simulation 339 | MIMOSA2 elapsed = 15.45 sec | status = SUCCESS
Simulation 341 | MIMOSA2 elapsed = 8.48 sec | status = SUCCESS
Simulation 328 | MIMOSA2 elapsed = 15.78 sec | status = SUCCESS
Simulation 332 | MIMOSA2 elapsed = 15.96 sec | status = SUCCESS
Simulation 334 | MIMOSA2 elapsed = 15.97 sec | status = SUCCESS
Simulation 333 | MIMOSA2 elapsed = 16.05 sec | status = SUCCESS
Simulation 340 | MIMOSA2 elapsed = 16.23 sec | status = SUCCESS
Simulation 330 | MIMOSA2 elapsed = 16.52 sec | status = SUCCESS
Simulation 337 | MIMOSA2 elapsed = 16.51 sec | status = SUCCESS
Simulation 343 | MIMOSA2 elapsed = 9.22 sec | status = SUCCESS
Simulation 325 | MIMOSA2 elapsed = 17.43 sec | status = SUCCESS
Simulation 346 | MIMOSA2 elapsed = 10.58 sec | status = SUCCESS
Simulation 347 | MIMOSA2 elapsed = 11.08 sec | status = SUCCESS
Simulation 342 | MIMOSA2 elapsed = 14.56 sec | status = SUCCESS
Simulation 348 | MIMOSA2 elapsed = 13.72 sec | status = SUCCESS
Simulation 345 | MIMOSA2 elapsed = 16.46 sec | status = SUCCESS
Simulation 344 | MIMOSA2 elapsed = 17.08 sec | status = SUCCESS
Simulation 353 | MIMOSA2 elapsed = 9.91 sec | status = SUCCESS
Simulation 362 | MIMOSA2 elapsed = 8.94 sec | status = SUCCESS
Simulation 349 | MIMOSA2 elapsed = 15.6 sec | status = SUCCESS
Simulation 363 | MIMOSA2 elapsed = 10.24 sec | status = SUCCESS
Simulation 352 | MIMOSA2 elapsed = 16.1 sec | status = SUCCESS
Simulation 360 | MIMOSA2 elapsed = 15.14 sec | status = SUCCESS
Simulation 351 | MIMOSA2 elapsed = 16.9 sec | status = SUCCESS
Simulation 350 | MIMOSA2 elapsed = 17.05 sec | status = SUCCESS
Simulation 358 | MIMOSA2 elapsed = 15.88 sec | status = SUCCESS
Simulation 357 | MIMOSA2 elapsed = 16.64 sec | status = SUCCESS
Simulation 356 | MIMOSA2 elapsed = 16.97 sec | status = SUCCESS
Simulation 359 | MIMOSA2 elapsed = 16.76 sec | status = SUCCESS
Simulation 361 | MIMOSA2 elapsed = 16.39 sec | status = SUCCESS
Simulation 355 | MIMOSA2 elapsed = 17.56 sec | status = SUCCESS
Simulation 354 | MIMOSA2 elapsed = 19.09 sec | status = SUCCESS
Simulation 364 | MIMOSA2 elapsed = 13.57 sec | status = SUCCESS
Simulation 365 | MIMOSA2 elapsed = 16.53 sec | status = SUCCESS
Simulation 366 | MIMOSA2 elapsed = 16.1 sec | status = SUCCESS
Simulation 367 | MIMOSA2 elapsed = 15.78 sec | status = SUCCESS
Simulation 368 | MIMOSA2 elapsed = 16.64 sec | status = SUCCESS
Simulation 370 | MIMOSA2 elapsed = 17.69 sec | status = SUCCESS
Simulation 369 | MIMOSA2 elapsed = 19.3 sec | status = SUCCESS
Simulation 371 | MIMOSA2 elapsed = 17.99 sec | status = SUCCESS
Simulation 372 | MIMOSA2 elapsed = 15.98 sec | status = SUCCESS
Simulation 375 | MIMOSA2 elapsed = 16.38 sec | status = SUCCESS
Simulation 381 | MIMOSA2 elapsed = 15.07 sec | status = SUCCESS
Simulation 374 | MIMOSA2 elapsed = 16.96 sec | status = SUCCESS
Simulation 376 | MIMOSA2 elapsed = 16.68 sec | status = SUCCESS
Simulation 373 | MIMOSA2 elapsed = 17.71 sec | status = SUCCESS
Simulation 377 | MIMOSA2 elapsed = 17.53 sec | status = SUCCESS
Simulation 380 | MIMOSA2 elapsed = 16.93 sec | status = SUCCESS
Simulation 378 | MIMOSA2 elapsed = 17.28 sec | status = SUCCESS
Simulation 379 | MIMOSA2 elapsed = 17.43 sec | status = SUCCESS
Simulation 384 | MIMOSA2 elapsed = 15.49 sec | status = SUCCESS
Simulation 382 | MIMOSA2 elapsed = 17.49 sec | status = SUCCESS
Simulation 383 | MIMOSA2 elapsed = 18.3 sec | status = SUCCESS
Simulation 386 | MIMOSA2 elapsed = 14.1 sec | status = SUCCESS
Simulation 385 | MIMOSA2 elapsed = 18.27 sec | status = SUCCESS
Simulation 387 | MIMOSA2 elapsed = 16.57 sec | status = SUCCESS
Simulation 388 | MIMOSA2 elapsed = 17.89 sec | status = SUCCESS
Simulation 391 | MIMOSA2 elapsed = 17.86 sec | status = SUCCESS
Simulation 389 | MIMOSA2 elapsed = 19.32 sec | status = SUCCESS
Simulation 390 | MIMOSA2 elapsed = 18.74 sec | status = SUCCESS
Simulation 392 | MIMOSA2 elapsed = 16.98 sec | status = SUCCESS
Simulation 394 | MIMOSA2 elapsed = 16.15 sec | status = SUCCESS
Simulation 395 | MIMOSA2 elapsed = 16.37 sec | status = SUCCESS
Simulation 393 | MIMOSA2 elapsed = 16.93 sec | status = SUCCESS
Simulation 397 | MIMOSA2 elapsed = 16.32 sec | status = SUCCESS
Simulation 396 | MIMOSA2 elapsed = 16.71 sec | status = SUCCESS
Simulation 398 | MIMOSA2 elapsed = 16.24 sec | status = SUCCESS
Simulation 400 | MIMOSA2 elapsed = 16.66 sec | status = SUCCESS
Simulation 399 | MIMOSA2 elapsed = 16.69 sec | status = SUCCESS
Simulation 405 | MIMOSA2 elapsed = 6.18 sec | status = SUCCESS
Simulation 404 | MIMOSA2 elapsed = 6.58 sec | status = SUCCESS
Simulation 401 | MIMOSA2 elapsed = 7.6 sec | status = SUCCESS
Simulation 407 | MIMOSA2 elapsed = 8.18 sec | status = SUCCESS
Simulation 403 | MIMOSA2 elapsed = 8.84 sec | status = SUCCESS
Simulation 413 | MIMOSA2 elapsed = 10.17 sec | status = SUCCESS
Simulation 411 | MIMOSA2 elapsed = 13.87 sec | status = SUCCESS
Simulation 408 | MIMOSA2 elapsed = 14.61 sec | status = SUCCESS
Simulation 412 | MIMOSA2 elapsed = 15.42 sec | status = SUCCESS
Simulation 417 | MIMOSA2 elapsed = 15.32 sec | status = SUCCESS
Simulation 402 | MIMOSA2 elapsed = 15.87 sec | status = SUCCESS
Simulation 416 | MIMOSA2 elapsed = 15.99 sec | status = SUCCESS
Simulation 409 | MIMOSA2 elapsed = 16.48 sec | status = SUCCESS
Simulation 410 | MIMOSA2 elapsed = 16.47 sec | status = SUCCESS
Simulation 419 | MIMOSA2 elapsed = 16.48 sec | status = SUCCESS
Simulation 418 | MIMOSA2 elapsed = 16.55 sec | status = SUCCESS
Simulation 420 | MIMOSA2 elapsed = 16.65 sec | status = SUCCESS
Simulation 406 | MIMOSA2 elapsed = 16.73 sec | status = SUCCESS
Simulation 424 | MIMOSA2 elapsed = 8.22 sec | status = SUCCESS
Simulation 415 | MIMOSA2 elapsed = 17.16 sec | status = SUCCESS
Simulation 414 | MIMOSA2 elapsed = 17.24 sec | status = SUCCESS
Simulation 425 | MIMOSA2 elapsed = 9.4 sec | status = SUCCESS
Simulation 423 | MIMOSA2 elapsed = 12.14 sec | status = SUCCESS
Simulation 422 | MIMOSA2 elapsed = 16.39 sec | status = SUCCESS
Simulation 421 | MIMOSA2 elapsed = 17.32 sec | status = SUCCESS
Simulation 430 | MIMOSA2 elapsed = 9.86 sec | status = SUCCESS
Simulation 437 | MIMOSA2 elapsed = 9.71 sec | status = SUCCESS
Simulation 426 | MIMOSA2 elapsed = 16.5 sec | status = SUCCESS
Simulation 429 | MIMOSA2 elapsed = 11.56 sec | status = SUCCESS
Simulation 427 | MIMOSA2 elapsed = 13.32 sec | status = SUCCESS
Simulation 428 | MIMOSA2 elapsed = 15.55 sec | status = SUCCESS
Simulation 439 | MIMOSA2 elapsed = 13.21 sec | status = SUCCESS
Simulation 433 | MIMOSA2 elapsed = 15.31 sec | status = SUCCESS
Simulation 432 | MIMOSA2 elapsed = 16.32 sec | status = SUCCESS
Simulation 443 | MIMOSA2 elapsed = 12.24 sec | status = SUCCESS
Simulation 435 | MIMOSA2 elapsed = 16.05 sec | status = SUCCESS
Simulation 431 | MIMOSA2 elapsed = 16.79 sec | status = SUCCESS
Simulation 434 | MIMOSA2 elapsed = 16.54 sec | status = SUCCESS
Simulation 438 | MIMOSA2 elapsed = 16.5 sec | status = SUCCESS
Simulation 436 | MIMOSA2 elapsed = 16.94 sec | status = SUCCESS
Simulation 440 | MIMOSA2 elapsed = 16.59 sec | status = SUCCESS
Simulation 445 | MIMOSA2 elapsed = 10.15 sec | status = SUCCESS
Simulation 441 | MIMOSA2 elapsed = 16.84 sec | status = SUCCESS
Simulation 442 | MIMOSA2 elapsed = 17.89 sec | status = SUCCESS
Simulation 444 | MIMOSA2 elapsed = 16.16 sec | status = SUCCESS
Simulation 446 | MIMOSA2 elapsed = 17.2 sec | status = SUCCESS
Simulation 447 | MIMOSA2 elapsed = 16.83 sec | status = SUCCESS
Simulation 449 | MIMOSA2 elapsed = 16.51 sec | status = SUCCESS
Simulation 450 | MIMOSA2 elapsed = 16.37 sec | status = SUCCESS
Simulation 462 | MIMOSA2 elapsed = 10.6 sec | status = SUCCESS
Simulation 448 | MIMOSA2 elapsed = 18.04 sec | status = SUCCESS
Simulation 456 | MIMOSA2 elapsed = 13.03 sec | status = SUCCESS
Simulation 461 | MIMOSA2 elapsed = 13.66 sec | status = SUCCESS
Simulation 453 | MIMOSA2 elapsed = 16.47 sec | status = SUCCESS
Simulation 452 | MIMOSA2 elapsed = 17.92 sec | status = SUCCESS
Simulation 451 | MIMOSA2 elapsed = 18.08 sec | status = SUCCESS
Simulation 454 | MIMOSA2 elapsed = 16.6 sec | status = SUCCESS
Simulation 457 | MIMOSA2 elapsed = 16.89 sec | status = SUCCESS
Simulation 455 | MIMOSA2 elapsed = 17.92 sec | status = SUCCESS
Simulation 463 | MIMOSA2 elapsed = 18.13 sec | status = SUCCESS
Simulation 465 | MIMOSA2 elapsed = 13.73 sec | status = SUCCESS
Simulation 464 | MIMOSA2 elapsed = 17.54 sec | status = SUCCESS
Simulation 459 | MIMOSA2 elapsed = 21.62 sec | status = SUCCESS
Simulation 458 | MIMOSA2 elapsed = 22.26 sec | status = SUCCESS
Simulation 466 | MIMOSA2 elapsed = 12.73 sec | status = SUCCESS
Simulation 460 | MIMOSA2 elapsed = 22.39 sec | status = SUCCESS
Simulation 468 | MIMOSA2 elapsed = 13.6 sec | status = SUCCESS
Simulation 467 | MIMOSA2 elapsed = 16.88 sec | status = SUCCESS
Simulation 469 | MIMOSA2 elapsed = 17.24 sec | status = SUCCESS
Simulation 470 | MIMOSA2 elapsed = 16.69 sec | status = SUCCESS
Simulation 471 | MIMOSA2 elapsed = 17.14 sec | status = SUCCESS
Simulation 472 | MIMOSA2 elapsed = 16.84 sec | status = SUCCESS
Simulation 475 | MIMOSA2 elapsed = 15.39 sec | status = SUCCESS
Simulation 478 | MIMOSA2 elapsed = 15.49 sec | status = SUCCESS
Simulation 473 | MIMOSA2 elapsed = 17.09 sec | status = SUCCESS
Simulation 474 | MIMOSA2 elapsed = 16.73 sec | status = SUCCESS
Simulation 477 | MIMOSA2 elapsed = 16.32 sec | status = SUCCESS
Simulation 476 | MIMOSA2 elapsed = 17.96 sec | status = SUCCESS
Simulation 479 | MIMOSA2 elapsed = 16.33 sec | status = SUCCESS
Simulation 480 | MIMOSA2 elapsed = 16.28 sec | status = SUCCESS
Simulation 483 | MIMOSA2 elapsed = 6.92 sec | status = SUCCESS
Simulation 486 | MIMOSA2 elapsed = 6.97 sec | status = SUCCESS
Simulation 481 | MIMOSA2 elapsed = 7.44 sec | status = SUCCESS
Simulation 495 | MIMOSA2 elapsed = 8.32 sec | status = SUCCESS
Simulation 484 | MIMOSA2 elapsed = 8.42 sec | status = SUCCESS
Simulation 493 | MIMOSA2 elapsed = 9.83 sec | status = SUCCESS
Simulation 482 | MIMOSA2 elapsed = 10.05 sec | status = SUCCESS
Simulation 498 | MIMOSA2 elapsed = 10.61 sec | status = SUCCESS
Simulation 488 | MIMOSA2 elapsed = 11.83 sec | status = SUCCESS
Simulation 496 | MIMOSA2 elapsed = 14.62 sec | status = SUCCESS
Simulation 487 | MIMOSA2 elapsed = 15.68 sec | status = SUCCESS
Simulation 491 | MIMOSA2 elapsed = 15.98 sec | status = SUCCESS
Simulation 494 | MIMOSA2 elapsed = 16.06 sec | status = SUCCESS
Simulation 490 | MIMOSA2 elapsed = 16.15 sec | status = SUCCESS
Simulation 489 | MIMOSA2 elapsed = 16.22 sec | status = SUCCESS
Simulation 499 | MIMOSA2 elapsed = 16.19 sec | status = SUCCESS
Simulation 492 | MIMOSA2 elapsed = 16.49 sec | status = SUCCESS
Simulation 485 | MIMOSA2 elapsed = 16.49 sec | status = SUCCESS
Simulation 497 | MIMOSA2 elapsed = 16.61 sec | status = SUCCESS
Simulation 500 | MIMOSA2 elapsed = 16.75 sec | status = SUCCESS
Simulation 503 | MIMOSA2 elapsed = 9.27 sec | status = SUCCESS
Simulation 501 | MIMOSA2 elapsed = 9.78 sec | status = SUCCESS
Simulation 502 | MIMOSA2 elapsed = 10.13 sec | status = SUCCESS
Simulation 504 | MIMOSA2 elapsed = 10.02 sec | status = SUCCESS
Simulation 505 | MIMOSA2 elapsed = 10.13 sec | status = SUCCESS
Simulation 507 | MIMOSA2 elapsed = 9.25 sec | status = SUCCESS
Simulation 506 | MIMOSA2 elapsed = 10.93 sec | status = SUCCESS
Simulation 510 | MIMOSA2 elapsed = 8.63 sec | status = SUCCESS
Simulation 517 | MIMOSA2 elapsed = 9.61 sec | status = SUCCESS
Simulation 508 | MIMOSA2 elapsed = 16.19 sec | status = SUCCESS
Simulation 509 | MIMOSA2 elapsed = 15.38 sec | status = SUCCESS
Simulation 511 | MIMOSA2 elapsed = 13.34 sec | status = SUCCESS
Simulation 525 | MIMOSA2 elapsed = 10.78 sec | status = SUCCESS
Simulation 520 | MIMOSA2 elapsed = 13.03 sec | status = SUCCESS
Simulation 523 | MIMOSA2 elapsed = 13.51 sec | status = SUCCESS
Simulation 521 | MIMOSA2 elapsed = 14.2 sec | status = SUCCESS
Simulation 515 | MIMOSA2 elapsed = 15.03 sec | status = SUCCESS
Simulation 512 | MIMOSA2 elapsed = 15.47 sec | status = SUCCESS
Simulation 522 | MIMOSA2 elapsed = 14.91 sec | status = SUCCESS
Simulation 519 | MIMOSA2 elapsed = 15.49 sec | status = SUCCESS
Simulation 514 | MIMOSA2 elapsed = 16.03 sec | status = SUCCESS
Simulation 513 | MIMOSA2 elapsed = 16.46 sec | status = SUCCESS
Simulation 516 | MIMOSA2 elapsed = 16.62 sec | status = SUCCESS
Simulation 518 | MIMOSA2 elapsed = 16.68 sec | status = SUCCESS
Simulation 527 | MIMOSA2 elapsed = 12.49 sec | status = SUCCESS
Simulation 524 | MIMOSA2 elapsed = 15.4 sec | status = SUCCESS
Simulation 526 | MIMOSA2 elapsed = 16.39 sec | status = SUCCESS
Simulation 528 | MIMOSA2 elapsed = 17.52 sec | status = SUCCESS
Simulation 530 | MIMOSA2 elapsed = 15.14 sec | status = SUCCESS
Simulation 531 | MIMOSA2 elapsed = 16.74 sec | status = SUCCESS
Simulation 542 | MIMOSA2 elapsed = 12.09 sec | status = SUCCESS
Simulation 529 | MIMOSA2 elapsed = 18.75 sec | status = SUCCESS
Simulation 537 | MIMOSA2 elapsed = 14.91 sec | status = SUCCESS
Simulation 532 | MIMOSA2 elapsed = 17.33 sec | status = SUCCESS
Simulation 533 | MIMOSA2 elapsed = 17.26 sec | status = SUCCESS
Simulation 534 | MIMOSA2 elapsed = 17.33 sec | status = SUCCESS
Simulation 541 | MIMOSA2 elapsed = 15.71 sec | status = SUCCESS
Simulation 535 | MIMOSA2 elapsed = 17.05 sec | status = SUCCESS
Simulation 538 | MIMOSA2 elapsed = 16.91 sec | status = SUCCESS
Simulation 545 | MIMOSA2 elapsed = 14.7 sec | status = SUCCESS
Simulation 539 | MIMOSA2 elapsed = 16.43 sec | status = SUCCESS
Simulation 536 | MIMOSA2 elapsed = 17.59 sec | status = SUCCESS
Simulation 543 | MIMOSA2 elapsed = 16.23 sec | status = SUCCESS
Simulation 544 | MIMOSA2 elapsed = 16.68 sec | status = SUCCESS
Simulation 540 | MIMOSA2 elapsed = 18.77 sec | status = SUCCESS
Simulation 547 | MIMOSA2 elapsed = 16.61 sec | status = SUCCESS
Simulation 546 | MIMOSA2 elapsed = 19.09 sec | status = SUCCESS
Simulation 548 | MIMOSA2 elapsed = 17.28 sec | status = SUCCESS
Simulation 551 | MIMOSA2 elapsed = 15.24 sec | status = SUCCESS
Simulation 550 | MIMOSA2 elapsed = 16.69 sec | status = SUCCESS
Simulation 552 | MIMOSA2 elapsed = 16.42 sec | status = SUCCESS
Simulation 549 | MIMOSA2 elapsed = 19.83 sec | status = SUCCESS
Simulation 553 | MIMOSA2 elapsed = 16.7 sec | status = SUCCESS
Simulation 555 | MIMOSA2 elapsed = 16.28 sec | status = SUCCESS
Simulation 556 | MIMOSA2 elapsed = 16.42 sec | status = SUCCESS
Simulation 557 | MIMOSA2 elapsed = 15.93 sec | status = SUCCESS
Simulation 554 | MIMOSA2 elapsed = 17.62 sec | status = SUCCESS
Simulation 558 | MIMOSA2 elapsed = 16.3 sec | status = SUCCESS
Simulation 560 | MIMOSA2 elapsed = 16.06 sec | status = SUCCESS
Simulation 559 | MIMOSA2 elapsed = 16.6 sec | status = SUCCESS
Simulation 569 | MIMOSA2 elapsed = 6.56 sec | status = SUCCESS
Simulation 566 | MIMOSA2 elapsed = 6.92 sec | status = SUCCESS
Simulation 561 | MIMOSA2 elapsed = 6.96 sec | status = SUCCESS
Simulation 567 | MIMOSA2 elapsed = 7.39 sec | status = SUCCESS
Simulation 564 | MIMOSA2 elapsed = 7.84 sec | status = SUCCESS
Simulation 562 | MIMOSA2 elapsed = 7.89 sec | status = SUCCESS
Simulation 563 | MIMOSA2 elapsed = 8 sec | status = SUCCESS
Simulation 574 | MIMOSA2 elapsed = 10.38 sec | status = SUCCESS
Simulation 571 | MIMOSA2 elapsed = 11.44 sec | status = SUCCESS
Simulation 573 | MIMOSA2 elapsed = 12.15 sec | status = SUCCESS
Simulation 579 | MIMOSA2 elapsed = 13.36 sec | status = SUCCESS
Simulation 576 | MIMOSA2 elapsed = 15.1 sec | status = SUCCESS
Simulation 568 | MIMOSA2 elapsed = 15.23 sec | status = SUCCESS
Simulation 577 | MIMOSA2 elapsed = 15.35 sec | status = SUCCESS
Simulation 575 | MIMOSA2 elapsed = 15.84 sec | status = SUCCESS
Simulation 581 | MIMOSA2 elapsed = 9.14 sec | status = SUCCESS
Simulation 578 | MIMOSA2 elapsed = 16.2 sec | status = SUCCESS
Simulation 565 | MIMOSA2 elapsed = 16.44 sec | status = SUCCESS
Simulation 572 | MIMOSA2 elapsed = 16.6 sec | status = SUCCESS
Simulation 580 | MIMOSA2 elapsed = 16.75 sec | status = SUCCESS
Simulation 570 | MIMOSA2 elapsed = 17.05 sec | status = SUCCESS
Simulation 585 | MIMOSA2 elapsed = 10.49 sec | status = SUCCESS
Simulation 584 | MIMOSA2 elapsed = 11.81 sec | status = SUCCESS
Simulation 586 | MIMOSA2 elapsed = 11.66 sec | status = SUCCESS
Simulation 589 | MIMOSA2 elapsed = 11.46 sec | status = SUCCESS
Simulation 582 | MIMOSA2 elapsed = 16.18 sec | status = SUCCESS
Simulation 583 | MIMOSA2 elapsed = 16.61 sec | status = SUCCESS
Simulation 587 | MIMOSA2 elapsed = 15.81 sec | status = SUCCESS
Simulation 595 | MIMOSA2 elapsed = 8.49 sec | status = SUCCESS
Simulation 588 | MIMOSA2 elapsed = 14.34 sec | status = SUCCESS
Simulation 597 | MIMOSA2 elapsed = 9.69 sec | status = SUCCESS
Simulation 590 | MIMOSA2 elapsed = 15.82 sec | status = SUCCESS
Simulation 591 | MIMOSA2 elapsed = 17.29 sec | status = SUCCESS
Simulation 592 | MIMOSA2 elapsed = 16.24 sec | status = SUCCESS
Simulation 593 | MIMOSA2 elapsed = 16.31 sec | status = SUCCESS
Simulation 599 | MIMOSA2 elapsed = 14.93 sec | status = SUCCESS
Simulation 594 | MIMOSA2 elapsed = 16.36 sec | status = SUCCESS
Simulation 598 | MIMOSA2 elapsed = 15.45 sec | status = SUCCESS
Simulation 596 | MIMOSA2 elapsed = 16.03 sec | status = SUCCESS
Simulation 600 | MIMOSA2 elapsed = 16.18 sec | status = SUCCESS
Simulation 602 | MIMOSA2 elapsed = 16.81 sec | status = SUCCESS
Simulation 607 | MIMOSA2 elapsed = 12.23 sec | status = SUCCESS
Simulation 605 | MIMOSA2 elapsed = 12.75 sec | status = SUCCESS
Simulation 601 | MIMOSA2 elapsed = 19.14 sec | status = SUCCESS
Simulation 604 | MIMOSA2 elapsed = 17.55 sec | status = SUCCESS
Simulation 603 | MIMOSA2 elapsed = 18.48 sec | status = SUCCESS
Simulation 606 | MIMOSA2 elapsed = 17.64 sec | status = SUCCESS
Simulation 608 | MIMOSA2 elapsed = 17.06 sec | status = SUCCESS
Simulation 609 | MIMOSA2 elapsed = 16.34 sec | status = SUCCESS
Simulation 610 | MIMOSA2 elapsed = 17.26 sec | status = SUCCESS
Simulation 611 | MIMOSA2 elapsed = 17.44 sec | status = SUCCESS
Simulation 612 | MIMOSA2 elapsed = 16.64 sec | status = SUCCESS
Simulation 615 | MIMOSA2 elapsed = 15.69 sec | status = SUCCESS
Simulation 613 | MIMOSA2 elapsed = 16.95 sec | status = SUCCESS
Simulation 623 | MIMOSA2 elapsed = 12.64 sec | status = SUCCESS
Simulation 617 | MIMOSA2 elapsed = 17.2 sec | status = SUCCESS
Simulation 618 | MIMOSA2 elapsed = 17.01 sec | status = SUCCESS
Simulation 616 | MIMOSA2 elapsed = 17.57 sec | status = SUCCESS
Simulation 619 | MIMOSA2 elapsed = 17.15 sec | status = SUCCESS
Simulation 624 | MIMOSA2 elapsed = 14.04 sec | status = SUCCESS
Simulation 622 | MIMOSA2 elapsed = 14.63 sec | status = SUCCESS
Simulation 620 | MIMOSA2 elapsed = 17.89 sec | status = SUCCESS
Simulation 614 | MIMOSA2 elapsed = 19.66 sec | status = SUCCESS
Simulation 621 | MIMOSA2 elapsed = 15.73 sec | status = SUCCESS
Simulation 626 | MIMOSA2 elapsed = 14.97 sec | status = SUCCESS
Simulation 625 | MIMOSA2 elapsed = 17.1 sec | status = SUCCESS
Simulation 628 | MIMOSA2 elapsed = 15.61 sec | status = SUCCESS
Simulation 627 | MIMOSA2 elapsed = 17.25 sec | status = SUCCESS
Simulation 629 | MIMOSA2 elapsed = 18.13 sec | status = SUCCESS
Simulation 630 | MIMOSA2 elapsed = 17.1 sec | status = SUCCESS
Simulation 631 | MIMOSA2 elapsed = 17.41 sec | status = SUCCESS
Simulation 632 | MIMOSA2 elapsed = 17.86 sec | status = SUCCESS
Simulation 638 | MIMOSA2 elapsed = 15.11 sec | status = SUCCESS
Simulation 634 | MIMOSA2 elapsed = 17.14 sec | status = SUCCESS
Simulation 633 | MIMOSA2 elapsed = 17.58 sec | status = SUCCESS
Simulation 636 | MIMOSA2 elapsed = 16.73 sec | status = SUCCESS
Simulation 639 | MIMOSA2 elapsed = 16.56 sec | status = SUCCESS
Simulation 635 | MIMOSA2 elapsed = 16.9 sec | status = SUCCESS
Simulation 637 | MIMOSA2 elapsed = 17.04 sec | status = SUCCESS
Simulation 640 | MIMOSA2 elapsed = 17 sec | status = SUCCESS
Simulation 650 | MIMOSA2 elapsed = 7.46 sec | status = SUCCESS
Simulation 643 | MIMOSA2 elapsed = 7.82 sec | status = SUCCESS
Simulation 647 | MIMOSA2 elapsed = 7.85 sec | status = SUCCESS
Simulation 644 | MIMOSA2 elapsed = 8.31 sec | status = SUCCESS
Simulation 642 | MIMOSA2 elapsed = 8.41 sec | status = SUCCESS
Simulation 655 | MIMOSA2 elapsed = 8.87 sec | status = SUCCESS
Simulation 654 | MIMOSA2 elapsed = 9.19 sec | status = SUCCESS
Simulation 645 | MIMOSA2 elapsed = 9.43 sec | status = SUCCESS
Simulation 656 | MIMOSA2 elapsed = 9.43 sec | status = SUCCESS
Simulation 641 | MIMOSA2 elapsed = 9.7 sec | status = SUCCESS
Simulation 649 | MIMOSA2 elapsed = 11.48 sec | status = SUCCESS
Simulation 652 | MIMOSA2 elapsed = 14.95 sec | status = SUCCESS
Simulation 661 | MIMOSA2 elapsed = 7.67 sec | status = SUCCESS
Simulation 651 | MIMOSA2 elapsed = 15.84 sec | status = SUCCESS
Simulation 658 | MIMOSA2 elapsed = 15.95 sec | status = SUCCESS
Simulation 646 | MIMOSA2 elapsed = 16.23 sec | status = SUCCESS
Simulation 660 | MIMOSA2 elapsed = 16.34 sec | status = SUCCESS
Simulation 659 | MIMOSA2 elapsed = 16.43 sec | status = SUCCESS
Simulation 657 | MIMOSA2 elapsed = 16.54 sec | status = SUCCESS
Simulation 648 | MIMOSA2 elapsed = 16.79 sec | status = SUCCESS
Simulation 663 | MIMOSA2 elapsed = 10.05 sec | status = SUCCESS
Simulation 653 | MIMOSA2 elapsed = 16.04 sec | status = SUCCESS
Simulation 669 | MIMOSA2 elapsed = 11.41 sec | status = SUCCESS
Simulation 670 | MIMOSA2 elapsed = 12.65 sec | status = SUCCESS
Simulation 662 | MIMOSA2 elapsed = 15.35 sec | status = SUCCESS
Simulation 666 | MIMOSA2 elapsed = 14.28 sec | status = SUCCESS
Simulation 667 | MIMOSA2 elapsed = 15.55 sec | status = SUCCESS
Simulation 665 | MIMOSA2 elapsed = 16.71 sec | status = SUCCESS
Simulation 664 | MIMOSA2 elapsed = 17.09 sec | status = SUCCESS
Simulation 668 | MIMOSA2 elapsed = 16.77 sec | status = SUCCESS
Simulation 671 | MIMOSA2 elapsed = 15.26 sec | status = SUCCESS
Simulation 672 | MIMOSA2 elapsed = 15.66 sec | status = SUCCESS
Simulation 674 | MIMOSA2 elapsed = 15.51 sec | status = SUCCESS
Simulation 675 | MIMOSA2 elapsed = 15.9 sec | status = SUCCESS
Simulation 673 | MIMOSA2 elapsed = 16.81 sec | status = SUCCESS
Simulation 680 | MIMOSA2 elapsed = 15.7 sec | status = SUCCESS
Simulation 678 | MIMOSA2 elapsed = 16.29 sec | status = SUCCESS
Simulation 679 | MIMOSA2 elapsed = 16.08 sec | status = SUCCESS
Simulation 676 | MIMOSA2 elapsed = 16.65 sec | status = SUCCESS
Simulation 677 | MIMOSA2 elapsed = 16.63 sec | status = SUCCESS
Simulation 681 | MIMOSA2 elapsed = 18.42 sec | status = SUCCESS
Simulation 684 | MIMOSA2 elapsed = 14.26 sec | status = SUCCESS
Simulation 682 | MIMOSA2 elapsed = 16.91 sec | status = SUCCESS
Simulation 683 | MIMOSA2 elapsed = 16.63 sec | status = SUCCESS
Simulation 685 | MIMOSA2 elapsed = 15.73 sec | status = SUCCESS
Simulation 687 | MIMOSA2 elapsed = 16.58 sec | status = SUCCESS
Simulation 686 | MIMOSA2 elapsed = 18.38 sec | status = SUCCESS
Simulation 688 | MIMOSA2 elapsed = 16.49 sec | status = SUCCESS
Simulation 690 | MIMOSA2 elapsed = 17.5 sec | status = SUCCESS
Simulation 689 | MIMOSA2 elapsed = 18.89 sec | status = SUCCESS
Simulation 691 | MIMOSA2 elapsed = 19.44 sec | status = SUCCESS
Simulation 693 | MIMOSA2 elapsed = 17.66 sec | status = SUCCESS
Simulation 696 | MIMOSA2 elapsed = 16.96 sec | status = SUCCESS
Simulation 692 | MIMOSA2 elapsed = 18.81 sec | status = SUCCESS
Simulation 695 | MIMOSA2 elapsed = 17.8 sec | status = SUCCESS
Simulation 700 | MIMOSA2 elapsed = 17.42 sec | status = SUCCESS
Simulation 697 | MIMOSA2 elapsed = 18.04 sec | status = SUCCESS
Simulation 699 | MIMOSA2 elapsed = 17.86 sec | status = SUCCESS
Simulation 694 | MIMOSA2 elapsed = 19.43 sec | status = SUCCESS
Simulation 698 | MIMOSA2 elapsed = 19.35 sec | status = SUCCESS
Simulation 704 | MIMOSA2 elapsed = 15.01 sec | status = SUCCESS
Simulation 702 | MIMOSA2 elapsed = 16.1 sec | status = SUCCESS
Simulation 703 | MIMOSA2 elapsed = 17.57 sec | status = SUCCESS
Simulation 701 | MIMOSA2 elapsed = 18.31 sec | status = SUCCESS
Simulation 709 | MIMOSA2 elapsed = 13.08 sec | status = SUCCESS
Simulation 705 | MIMOSA2 elapsed = 17.63 sec | status = SUCCESS
Simulation 707 | MIMOSA2 elapsed = 16.84 sec | status = SUCCESS
Simulation 706 | MIMOSA2 elapsed = 17.84 sec | status = SUCCESS
Simulation 708 | MIMOSA2 elapsed = 18.55 sec | status = SUCCESS
Simulation 710 | MIMOSA2 elapsed = 16.82 sec | status = SUCCESS
Simulation 711 | MIMOSA2 elapsed = 15.87 sec | status = SUCCESS
Simulation 713 | MIMOSA2 elapsed = 16.35 sec | status = SUCCESS
Simulation 714 | MIMOSA2 elapsed = 16.16 sec | status = SUCCESS
Simulation 712 | MIMOSA2 elapsed = 17.64 sec | status = SUCCESS
Simulation 716 | MIMOSA2 elapsed = 16.42 sec | status = SUCCESS
Simulation 715 | MIMOSA2 elapsed = 17.39 sec | status = SUCCESS
Simulation 718 | MIMOSA2 elapsed = 17.18 sec | status = SUCCESS
Simulation 719 | MIMOSA2 elapsed = 16.6 sec | status = SUCCESS
Simulation 717 | MIMOSA2 elapsed = 17.55 sec | status = SUCCESS
Simulation 720 | MIMOSA2 elapsed = 17.38 sec | status = SUCCESS
Simulation 730 | MIMOSA2 elapsed = 7.34 sec | status = SUCCESS
Simulation 721 | MIMOSA2 elapsed = 8.44 sec | status = SUCCESS
Simulation 724 | MIMOSA2 elapsed = 8.37 sec | status = SUCCESS
Simulation 733 | MIMOSA2 elapsed = 8.48 sec | status = SUCCESS
Simulation 737 | MIMOSA2 elapsed = 8.6 sec | status = SUCCESS
Simulation 722 | MIMOSA2 elapsed = 9.28 sec | status = SUCCESS
Simulation 727 | MIMOSA2 elapsed = 9.37 sec | status = SUCCESS
Simulation 735 | MIMOSA2 elapsed = 10.43 sec | status = SUCCESS
Simulation 731 | MIMOSA2 elapsed = 10.57 sec | status = SUCCESS
Simulation 725 | MIMOSA2 elapsed = 11.17 sec | status = SUCCESS
Simulation 728 | MIMOSA2 elapsed = 13.36 sec | status = SUCCESS
Simulation 741 | MIMOSA2 elapsed = 7.46 sec | status = SUCCESS
Simulation 729 | MIMOSA2 elapsed = 15.67 sec | status = SUCCESS
Simulation 739 | MIMOSA2 elapsed = 15.71 sec | status = SUCCESS
Simulation 736 | MIMOSA2 elapsed = 15.7 sec | status = SUCCESS
Simulation 726 | MIMOSA2 elapsed = 16.16 sec | status = SUCCESS
Simulation 740 | MIMOSA2 elapsed = 16.23 sec | status = SUCCESS
Simulation 723 | MIMOSA2 elapsed = 16.29 sec | status = SUCCESS
Simulation 734 | MIMOSA2 elapsed = 16.31 sec | status = SUCCESS
Simulation 732 | MIMOSA2 elapsed = 16.46 sec | status = SUCCESS
Simulation 738 | MIMOSA2 elapsed = 17.41 sec | status = SUCCESS
Simulation 744 | MIMOSA2 elapsed = 8.79 sec | status = SUCCESS
Simulation 742 | MIMOSA2 elapsed = 10.35 sec | status = SUCCESS
Simulation 748 | MIMOSA2 elapsed = 10.08 sec | status = SUCCESS
Simulation 750 | MIMOSA2 elapsed = 11.25 sec | status = SUCCESS
Simulation 745 | MIMOSA2 elapsed = 14.61 sec | status = SUCCESS
Simulation 746 | MIMOSA2 elapsed = 14.97 sec | status = SUCCESS
Simulation 743 | MIMOSA2 elapsed = 15.95 sec | status = SUCCESS
Simulation 747 | MIMOSA2 elapsed = 15.99 sec | status = SUCCESS
Simulation 749 | MIMOSA2 elapsed = 17.65 sec | status = SUCCESS
Simulation 752 | MIMOSA2 elapsed = 13.39 sec | status = SUCCESS
Simulation 757 | MIMOSA2 elapsed = 13.52 sec | status = SUCCESS
Simulation 751 | MIMOSA2 elapsed = 16.61 sec | status = SUCCESS
Simulation 753 | MIMOSA2 elapsed = 15.27 sec | status = SUCCESS
Simulation 754 | MIMOSA2 elapsed = 15.58 sec | status = SUCCESS
Simulation 755 | MIMOSA2 elapsed = 16.35 sec | status = SUCCESS
Simulation 756 | MIMOSA2 elapsed = 16.58 sec | status = SUCCESS
Simulation 760 | MIMOSA2 elapsed = 16.49 sec | status = SUCCESS
Simulation 758 | MIMOSA2 elapsed = 16.83 sec | status = SUCCESS
Simulation 759 | MIMOSA2 elapsed = 17.27 sec | status = SUCCESS
Simulation 761 | MIMOSA2 elapsed = 16.35 sec | status = SUCCESS
Simulation 765 | MIMOSA2 elapsed = 11.24 sec | status = SUCCESS
Simulation 762 | MIMOSA2 elapsed = 17.72 sec | status = SUCCESS
Simulation 767 | MIMOSA2 elapsed = 11.1 sec | status = SUCCESS
Simulation 763 | MIMOSA2 elapsed = 17.24 sec | status = SUCCESS
Simulation 764 | MIMOSA2 elapsed = 18 sec | status = SUCCESS
Simulation 766 | MIMOSA2 elapsed = 18.14 sec | status = SUCCESS
Simulation 769 | MIMOSA2 elapsed = 16.07 sec | status = SUCCESS
Simulation 768 | MIMOSA2 elapsed = 19.14 sec | status = SUCCESS
Simulation 772 | MIMOSA2 elapsed = 13.78 sec | status = SUCCESS
Simulation 770 | MIMOSA2 elapsed = 16.56 sec | status = SUCCESS
Simulation 771 | MIMOSA2 elapsed = 17.44 sec | status = SUCCESS
Simulation 773 | MIMOSA2 elapsed = 16.59 sec | status = SUCCESS
Simulation 774 | MIMOSA2 elapsed = 17.32 sec | status = SUCCESS
Simulation 776 | MIMOSA2 elapsed = 16.16 sec | status = SUCCESS
Simulation 775 | MIMOSA2 elapsed = 17.45 sec | status = SUCCESS
Simulation 783 | MIMOSA2 elapsed = 13.5 sec | status = SUCCESS
Simulation 777 | MIMOSA2 elapsed = 16.88 sec | status = SUCCESS
Simulation 778 | MIMOSA2 elapsed = 17.18 sec | status = SUCCESS
Simulation 779 | MIMOSA2 elapsed = 17.48 sec | status = SUCCESS
Simulation 781 | MIMOSA2 elapsed = 17.71 sec | status = SUCCESS
Simulation 780 | MIMOSA2 elapsed = 18.27 sec | status = SUCCESS
Simulation 782 | MIMOSA2 elapsed = 17.85 sec | status = SUCCESS
Simulation 784 | MIMOSA2 elapsed = 16.38 sec | status = SUCCESS
Simulation 785 | MIMOSA2 elapsed = 16.22 sec | status = SUCCESS
Simulation 789 | MIMOSA2 elapsed = 12.55 sec | status = SUCCESS
Simulation 786 | MIMOSA2 elapsed = 17.63 sec | status = SUCCESS
Simulation 788 | MIMOSA2 elapsed = 16.75 sec | status = SUCCESS
Simulation 787 | MIMOSA2 elapsed = 18.19 sec | status = SUCCESS
Simulation 790 | MIMOSA2 elapsed = 18.1 sec | status = SUCCESS
Simulation 791 | MIMOSA2 elapsed = 17.81 sec | status = SUCCESS
Simulation 793 | MIMOSA2 elapsed = 16.7 sec | status = SUCCESS
Simulation 792 | MIMOSA2 elapsed = 17.36 sec | status = SUCCESS
Simulation 797 | MIMOSA2 elapsed = 15.97 sec | status = SUCCESS
Simulation 795 | MIMOSA2 elapsed = 17.23 sec | status = SUCCESS
Simulation 796 | MIMOSA2 elapsed = 16.89 sec | status = SUCCESS
Simulation 798 | MIMOSA2 elapsed = 16.52 sec | status = SUCCESS
Simulation 799 | MIMOSA2 elapsed = 16.3 sec | status = SUCCESS
Simulation 794 | MIMOSA2 elapsed = 18.28 sec | status = SUCCESS
Simulation 800 | MIMOSA2 elapsed = 16.9 sec | status = SUCCESS
Simulation 808 | MIMOSA2 elapsed = 7.1 sec | status = SUCCESS
Simulation 802 | MIMOSA2 elapsed = 7.45 sec | status = SUCCESS
Simulation 803 | MIMOSA2 elapsed = 7.91 sec | status = SUCCESS
Simulation 804 | MIMOSA2 elapsed = 9.02 sec | status = SUCCESS
Simulation 811 | MIMOSA2 elapsed = 14.6 sec | status = SUCCESS
Simulation 809 | MIMOSA2 elapsed = 15.64 sec | status = SUCCESS
Simulation 812 | MIMOSA2 elapsed = 15.93 sec | status = SUCCESS
Simulation 813 | MIMOSA2 elapsed = 16.15 sec | status = SUCCESS
Simulation 822 | MIMOSA2 elapsed = 8.58 sec | status = SUCCESS
Simulation 819 | MIMOSA2 elapsed = 16.23 sec | status = SUCCESS
Simulation 816 | MIMOSA2 elapsed = 16.31 sec | status = SUCCESS
Simulation 801 | MIMOSA2 elapsed = 16.39 sec | status = SUCCESS
Simulation 806 | MIMOSA2 elapsed = 16.39 sec | status = SUCCESS
Simulation 817 | MIMOSA2 elapsed = 16.41 sec | status = SUCCESS
Simulation 807 | MIMOSA2 elapsed = 16.52 sec | status = SUCCESS
Simulation 810 | MIMOSA2 elapsed = 16.5 sec | status = SUCCESS
Simulation 818 | MIMOSA2 elapsed = 16.55 sec | status = SUCCESS
Simulation 814 | MIMOSA2 elapsed = 16.53 sec | status = SUCCESS
Simulation 815 | MIMOSA2 elapsed = 16.64 sec | status = SUCCESS
Simulation 821 | MIMOSA2 elapsed = 9.24 sec | status = SUCCESS
Simulation 805 | MIMOSA2 elapsed = 17.77 sec | status = SUCCESS
Simulation 824 | MIMOSA2 elapsed = 9.51 sec | status = SUCCESS
Simulation 823 | MIMOSA2 elapsed = 16.81 sec | status = SUCCESS
Simulation 833 | MIMOSA2 elapsed = 9.22 sec | status = SUCCESS
Simulation 831 | MIMOSA2 elapsed = 10.76 sec | status = SUCCESS
Simulation 835 | MIMOSA2 elapsed = 10.86 sec | status = SUCCESS
Simulation 826 | MIMOSA2 elapsed = 13.36 sec | status = SUCCESS
Simulation 832 | MIMOSA2 elapsed = 13.29 sec | status = SUCCESS
Simulation 830 | MIMOSA2 elapsed = 15.47 sec | status = SUCCESS
Simulation 827 | MIMOSA2 elapsed = 16.07 sec | status = SUCCESS
Simulation 828 | MIMOSA2 elapsed = 16 sec | status = SUCCESS
Simulation 834 | MIMOSA2 elapsed = 16.59 sec | status = SUCCESS
Simulation 837 | MIMOSA2 elapsed = 16.55 sec | status = SUCCESS
Simulation 829 | MIMOSA2 elapsed = 16.93 sec | status = SUCCESS
Simulation 838 | MIMOSA2 elapsed = 17.07 sec | status = SUCCESS
Simulation 836 | MIMOSA2 elapsed = 17.11 sec | status = SUCCESS
Simulation 840 | MIMOSA2 elapsed = 17.17 sec | status = SUCCESS
Simulation 841 | MIMOSA2 elapsed = 15.89 sec | status = SUCCESS
Simulation 825 | MIMOSA2 elapsed = 19.41 sec | status = SUCCESS
Simulation 839 | MIMOSA2 elapsed = 17.44 sec | status = SUCCESS
Simulation 842 | MIMOSA2 elapsed = 18.55 sec | status = SUCCESS
Simulation 844 | MIMOSA2 elapsed = 15.35 sec | status = SUCCESS
Simulation 843 | MIMOSA2 elapsed = 18.57 sec | status = SUCCESS
Simulation 845 | MIMOSA2 elapsed = 17.49 sec | status = SUCCESS
Simulation 847 | MIMOSA2 elapsed = 15.79 sec | status = SUCCESS
Simulation 846 | MIMOSA2 elapsed = 17.59 sec | status = SUCCESS
Simulation 848 | MIMOSA2 elapsed = 15.98 sec | status = SUCCESS
Simulation 855 | MIMOSA2 elapsed = 13.01 sec | status = SUCCESS
Simulation 850 | MIMOSA2 elapsed = 16.83 sec | status = SUCCESS
Simulation 849 | MIMOSA2 elapsed = 17.13 sec | status = SUCCESS
Simulation 861 | MIMOSA2 elapsed = 11.75 sec | status = SUCCESS
Simulation 851 | MIMOSA2 elapsed = 17.26 sec | status = SUCCESS
Simulation 853 | MIMOSA2 elapsed = 16.75 sec | status = SUCCESS
Simulation 852 | MIMOSA2 elapsed = 17.24 sec | status = SUCCESS
Simulation 854 | MIMOSA2 elapsed = 17.63 sec | status = SUCCESS
Simulation 856 | MIMOSA2 elapsed = 17.16 sec | status = SUCCESS
Simulation 860 | MIMOSA2 elapsed = 17.34 sec | status = SUCCESS
Simulation 858 | MIMOSA2 elapsed = 17.64 sec | status = SUCCESS
Simulation 857 | MIMOSA2 elapsed = 18.26 sec | status = SUCCESS
Simulation 859 | MIMOSA2 elapsed = 18.23 sec | status = SUCCESS
Simulation 862 | MIMOSA2 elapsed = 16.8 sec | status = SUCCESS
Simulation 864 | MIMOSA2 elapsed = 15.7 sec | status = SUCCESS
Simulation 867 | MIMOSA2 elapsed = 16.33 sec | status = SUCCESS
Simulation 865 | MIMOSA2 elapsed = 17.72 sec | status = SUCCESS
Simulation 866 | MIMOSA2 elapsed = 18.04 sec | status = SUCCESS
Simulation 863 | MIMOSA2 elapsed = 20.91 sec | status = SUCCESS
Simulation 869 | MIMOSA2 elapsed = 15.96 sec | status = SUCCESS
Simulation 871 | MIMOSA2 elapsed = 15.72 sec | status = SUCCESS
Simulation 872 | MIMOSA2 elapsed = 15.55 sec | status = SUCCESS
Simulation 868 | MIMOSA2 elapsed = 18.48 sec | status = SUCCESS
Simulation 878 | MIMOSA2 elapsed = 14.16 sec | status = SUCCESS
Simulation 876 | MIMOSA2 elapsed = 15.79 sec | status = SUCCESS
Simulation 873 | MIMOSA2 elapsed = 16.84 sec | status = SUCCESS
Simulation 879 | MIMOSA2 elapsed = 15.45 sec | status = SUCCESS
Simulation 870 | MIMOSA2 elapsed = 18.72 sec | status = SUCCESS
Simulation 877 | MIMOSA2 elapsed = 17.08 sec | status = SUCCESS
Simulation 875 | MIMOSA2 elapsed = 18.42 sec | status = SUCCESS
Simulation 874 | MIMOSA2 elapsed = 19.84 sec | status = SUCCESS
Simulation 880 | MIMOSA2 elapsed = 19.85 sec | status = SUCCESS
Simulation 820 | MIMOSA2 elapsed = 12.53 sec | status = SUCCESS
Simulation 884 | MIMOSA2 elapsed = 6.73 sec | status = SUCCESS
Simulation 889 | MIMOSA2 elapsed = 7.64 sec | status = SUCCESS
Simulation 882 | MIMOSA2 elapsed = 7.79 sec | status = SUCCESS
Simulation 898 | MIMOSA2 elapsed = 8.45 sec | status = SUCCESS
Simulation 887 | MIMOSA2 elapsed = 8.82 sec | status = SUCCESS
Simulation 883 | MIMOSA2 elapsed = 9.78 sec | status = SUCCESS
Simulation 886 | MIMOSA2 elapsed = 9.83 sec | status = SUCCESS
Simulation 895 | MIMOSA2 elapsed = 10.71 sec | status = SUCCESS
Simulation 890 | MIMOSA2 elapsed = 10.96 sec | status = SUCCESS
Simulation 892 | MIMOSA2 elapsed = 11.83 sec | status = SUCCESS
Simulation 894 | MIMOSA2 elapsed = 14.24 sec | status = SUCCESS
Simulation 901 | MIMOSA2 elapsed = 8.1 sec | status = SUCCESS
Simulation 893 | MIMOSA2 elapsed = 15.31 sec | status = SUCCESS
Simulation 888 | MIMOSA2 elapsed = 15.35 sec | status = SUCCESS
Simulation 900 | MIMOSA2 elapsed = 15.84 sec | status = SUCCESS
Simulation 897 | MIMOSA2 elapsed = 16.12 sec | status = SUCCESS
Simulation 899 | MIMOSA2 elapsed = 16.13 sec | status = SUCCESS
Simulation 896 | MIMOSA2 elapsed = 16.25 sec | status = SUCCESS
Simulation 885 | MIMOSA2 elapsed = 16.34 sec | status = SUCCESS
Simulation 881 | MIMOSA2 elapsed = 16.42 sec | status = SUCCESS
Simulation 891 | MIMOSA2 elapsed = 17.21 sec | status = SUCCESS
Simulation 902 | MIMOSA2 elapsed = 11.01 sec | status = SUCCESS
Simulation 905 | MIMOSA2 elapsed = 11.74 sec | status = SUCCESS
Simulation 910 | MIMOSA2 elapsed = 11.54 sec | status = SUCCESS
Simulation 904 | MIMOSA2 elapsed = 15.36 sec | status = SUCCESS
Simulation 903 | MIMOSA2 elapsed = 16.5 sec | status = SUCCESS
Simulation 906 | MIMOSA2 elapsed = 15.06 sec | status = SUCCESS
Simulation 908 | MIMOSA2 elapsed = 14.31 sec | status = SUCCESS
Simulation 911 | MIMOSA2 elapsed = 11.93 sec | status = SUCCESS
Simulation 915 | MIMOSA2 elapsed = 10.22 sec | status = SUCCESS
Simulation 907 | MIMOSA2 elapsed = 16.84 sec | status = SUCCESS
Simulation 909 | MIMOSA2 elapsed = 15.95 sec | status = SUCCESS
Simulation 918 | MIMOSA2 elapsed = 12.9 sec | status = SUCCESS
Simulation 914 | MIMOSA2 elapsed = 15.19 sec | status = SUCCESS
Simulation 917 | MIMOSA2 elapsed = 15.14 sec | status = SUCCESS
Simulation 912 | MIMOSA2 elapsed = 16.28 sec | status = SUCCESS
Simulation 913 | MIMOSA2 elapsed = 16.94 sec | status = SUCCESS
Simulation 919 | MIMOSA2 elapsed = 16.69 sec | status = SUCCESS
Simulation 916 | MIMOSA2 elapsed = 16.79 sec | status = SUCCESS
Simulation 922 | MIMOSA2 elapsed = 14.34 sec | status = SUCCESS
Simulation 923 | MIMOSA2 elapsed = 14.14 sec | status = SUCCESS
Simulation 921 | MIMOSA2 elapsed = 18.7 sec | status = SUCCESS
Simulation 926 | MIMOSA2 elapsed = 12.59 sec | status = SUCCESS
Simulation 924 | MIMOSA2 elapsed = 14.19 sec | status = SUCCESS
Simulation 928 | MIMOSA2 elapsed = 12.8 sec | status = SUCCESS
Simulation 927 | MIMOSA2 elapsed = 16.32 sec | status = SUCCESS
Simulation 925 | MIMOSA2 elapsed = 17.55 sec | status = SUCCESS
Simulation 930 | MIMOSA2 elapsed = 16.93 sec | status = SUCCESS
Simulation 932 | MIMOSA2 elapsed = 16.83 sec | status = SUCCESS
Simulation 931 | MIMOSA2 elapsed = 17.07 sec | status = SUCCESS
Simulation 929 | MIMOSA2 elapsed = 18.55 sec | status = SUCCESS
Simulation 936 | MIMOSA2 elapsed = 14.6 sec | status = SUCCESS
Simulation 933 | MIMOSA2 elapsed = 17.25 sec | status = SUCCESS
Simulation 934 | MIMOSA2 elapsed = 17.46 sec | status = SUCCESS
Simulation 935 | MIMOSA2 elapsed = 17.79 sec | status = SUCCESS
Simulation 937 | MIMOSA2 elapsed = 17.05 sec | status = SUCCESS
Simulation 939 | MIMOSA2 elapsed = 16.7 sec | status = SUCCESS
Simulation 938 | MIMOSA2 elapsed = 17.27 sec | status = SUCCESS
Simulation 940 | MIMOSA2 elapsed = 17.16 sec | status = SUCCESS
Simulation 942 | MIMOSA2 elapsed = 16.04 sec | status = SUCCESS
Simulation 943 | MIMOSA2 elapsed = 15.28 sec | status = SUCCESS
Simulation 941 | MIMOSA2 elapsed = 17.79 sec | status = SUCCESS
Simulation 945 | MIMOSA2 elapsed = 15.91 sec | status = SUCCESS
Simulation 944 | MIMOSA2 elapsed = 17.59 sec | status = SUCCESS
Simulation 947 | MIMOSA2 elapsed = 17.25 sec | status = SUCCESS
Simulation 946 | MIMOSA2 elapsed = 17.58 sec | status = SUCCESS
Simulation 948 | MIMOSA2 elapsed = 16.06 sec | status = SUCCESS
Simulation 949 | MIMOSA2 elapsed = 17.26 sec | status = SUCCESS
Simulation 950 | MIMOSA2 elapsed = 17.31 sec | status = SUCCESS
Simulation 951 | MIMOSA2 elapsed = 17.13 sec | status = SUCCESS
Simulation 953 | MIMOSA2 elapsed = 16.86 sec | status = SUCCESS
Simulation 952 | MIMOSA2 elapsed = 17.27 sec | status = SUCCESS
Simulation 954 | MIMOSA2 elapsed = 16.77 sec | status = SUCCESS
Simulation 956 | MIMOSA2 elapsed = 17.04 sec | status = SUCCESS
Simulation 955 | MIMOSA2 elapsed = 17.15 sec | status = SUCCESS
Simulation 958 | MIMOSA2 elapsed = 16.6 sec | status = SUCCESS
Simulation 957 | MIMOSA2 elapsed = 17.06 sec | status = SUCCESS
Simulation 959 | MIMOSA2 elapsed = 16.31 sec | status = SUCCESS
Simulation 960 | MIMOSA2 elapsed = 17.02 sec | status = SUCCESS
Simulation 920 | MIMOSA2 elapsed = 12.17 sec | status = SUCCESS
Simulation 967 | MIMOSA2 elapsed = 7.04 sec | status = SUCCESS
Simulation 973 | MIMOSA2 elapsed = 7.26 sec | status = SUCCESS
Simulation 974 | MIMOSA2 elapsed = 7.49 sec | status = SUCCESS
Simulation 977 | MIMOSA2 elapsed = 7.64 sec | status = SUCCESS
Simulation 971 | MIMOSA2 elapsed = 7.73 sec | status = SUCCESS
Simulation 965 | MIMOSA2 elapsed = 8.11 sec | status = SUCCESS
Simulation 972 | MIMOSA2 elapsed = 8.28 sec | status = SUCCESS
Simulation 962 | MIMOSA2 elapsed = 10.34 sec | status = SUCCESS
Simulation 970 | MIMOSA2 elapsed = 12.98 sec | status = SUCCESS
Simulation 976 | MIMOSA2 elapsed = 13.09 sec | status = SUCCESS
Simulation 966 | MIMOSA2 elapsed = 13.76 sec | status = SUCCESS
Simulation 980 | MIMOSA2 elapsed = 14.31 sec | status = SUCCESS
Simulation 968 | MIMOSA2 elapsed = 14.7 sec | status = SUCCESS
Simulation 984 | MIMOSA2 elapsed = 6.95 sec | status = SUCCESS
Simulation 963 | MIMOSA2 elapsed = 14.97 sec | status = SUCCESS
Simulation 978 | MIMOSA2 elapsed = 15 sec | status = SUCCESS
Simulation 979 | MIMOSA2 elapsed = 15.03 sec | status = SUCCESS
Simulation 975 | MIMOSA2 elapsed = 15.14 sec | status = SUCCESS
Simulation 964 | MIMOSA2 elapsed = 15.52 sec | status = SUCCESS
Simulation 981 | MIMOSA2 elapsed = 8.24 sec | status = SUCCESS
Simulation 969 | MIMOSA2 elapsed = 15.62 sec | status = SUCCESS
Simulation 961 | MIMOSA2 elapsed = 16.14 sec | status = SUCCESS
Simulation 987 | MIMOSA2 elapsed = 9.07 sec | status = SUCCESS
Simulation 988 | MIMOSA2 elapsed = 9.46 sec | status = SUCCESS
Simulation 983 | MIMOSA2 elapsed = 12.58 sec | status = SUCCESS
Simulation 982 | MIMOSA2 elapsed = 15.33 sec | status = SUCCESS
Simulation 985 | MIMOSA2 elapsed = 15.78 sec | status = SUCCESS
Simulation 998 | MIMOSA2 elapsed = 8.37 sec | status = SUCCESS
Simulation 986 | MIMOSA2 elapsed = 15.61 sec | status = SUCCESS
Simulation 992 | MIMOSA2 elapsed = 10.79 sec | status = SUCCESS
Simulation 997 | MIMOSA2 elapsed = 11.49 sec | status = SUCCESS
Simulation 993 | MIMOSA2 elapsed = 12.09 sec | status = SUCCESS
Simulation 989 | MIMOSA2 elapsed = 14.55 sec | status = SUCCESS
Simulation 996 | MIMOSA2 elapsed = 12.76 sec | status = SUCCESS
Simulation 1002 | MIMOSA2 elapsed = 12.11 sec | status = SUCCESS
Simulation 1003 | MIMOSA2 elapsed = 10.57 sec | status = SUCCESS
Simulation 990 | MIMOSA2 elapsed = 15.3 sec | status = SUCCESS
Simulation 991 | MIMOSA2 elapsed = 14.68 sec | status = SUCCESS
Simulation 995 | MIMOSA2 elapsed = 14.42 sec | status = SUCCESS
Simulation 999 | MIMOSA2 elapsed = 13.95 sec | status = SUCCESS
Simulation 994 | MIMOSA2 elapsed = 14.9 sec | status = SUCCESS
Simulation 1001 | MIMOSA2 elapsed = 14.23 sec | status = SUCCESS
Simulation 1000 | MIMOSA2 elapsed = 14.78 sec | status = SUCCESS
Simulation 1005 | MIMOSA2 elapsed = 10.85 sec | status = SUCCESS
Simulation 1006 | MIMOSA2 elapsed = 12.79 sec | status = SUCCESS
Simulation 1004 | MIMOSA2 elapsed = 16.43 sec | status = SUCCESS
Simulation 1007 | MIMOSA2 elapsed = 13.38 sec | status = SUCCESS
Simulation 1008 | MIMOSA2 elapsed = 14.88 sec | status = SUCCESS
Simulation 1014 | MIMOSA2 elapsed = 12.69 sec | status = SUCCESS
Simulation 1011 | MIMOSA2 elapsed = 14.09 sec | status = SUCCESS
Simulation 1009 | MIMOSA2 elapsed = 17.14 sec | status = SUCCESS
Simulation 1010 | MIMOSA2 elapsed = 16.12 sec | status = SUCCESS
Simulation 1015 | MIMOSA2 elapsed = 14.56 sec | status = SUCCESS
Simulation 1012 | MIMOSA2 elapsed = 16.41 sec | status = SUCCESS
Simulation 1021 | MIMOSA2 elapsed = 13.67 sec | status = SUCCESS
Simulation 1013 | MIMOSA2 elapsed = 16.7 sec | status = SUCCESS
Simulation 1023 | MIMOSA2 elapsed = 13.86 sec | status = SUCCESS
Simulation 1018 | MIMOSA2 elapsed = 15.95 sec | status = SUCCESS
Simulation 1016 | MIMOSA2 elapsed = 16.32 sec | status = SUCCESS
Simulation 1017 | MIMOSA2 elapsed = 16.42 sec | status = SUCCESS
Simulation 1020 | MIMOSA2 elapsed = 15.95 sec | status = SUCCESS
Simulation 1019 | MIMOSA2 elapsed = 16.25 sec | status = SUCCESS
Simulation 1022 | MIMOSA2 elapsed = 17.06 sec | status = SUCCESS
Simulation 1024 | MIMOSA2 elapsed = 16.56 sec | status = SUCCESS
Simulation 1028 | MIMOSA2 elapsed = 12.14 sec | status = SUCCESS
Simulation 1025 | MIMOSA2 elapsed = 16.49 sec | status = SUCCESS
Simulation 1027 | MIMOSA2 elapsed = 15.03 sec | status = SUCCESS
Simulation 1026 | MIMOSA2 elapsed = 16.27 sec | status = SUCCESS
Simulation 1031 | MIMOSA2 elapsed = 14.05 sec | status = SUCCESS
Simulation 1030 | MIMOSA2 elapsed = 14.68 sec | status = SUCCESS
Simulation 1029 | MIMOSA2 elapsed = 15.46 sec | status = SUCCESS
Simulation 1032 | MIMOSA2 elapsed = 15.56 sec | status = SUCCESS
Simulation 1033 | MIMOSA2 elapsed = 15.95 sec | status = SUCCESS
Simulation 1034 | MIMOSA2 elapsed = 15.6 sec | status = SUCCESS
Simulation 1035 | MIMOSA2 elapsed = 15.6 sec | status = SUCCESS
Simulation 1038 | MIMOSA2 elapsed = 15.11 sec | status = SUCCESS
Simulation 1037 | MIMOSA2 elapsed = 15.43 sec | status = SUCCESS
Simulation 1039 | MIMOSA2 elapsed = 14.96 sec | status = SUCCESS
Simulation 1036 | MIMOSA2 elapsed = 15.67 sec | status = SUCCESS
Simulation 1040 | MIMOSA2 elapsed = 15.99 sec | status = SUCCESS
Simulation 1045 | MIMOSA2 elapsed = 5.06 sec | status = SUCCESS
Simulation 1041 | MIMOSA2 elapsed = 5.64 sec | status = SUCCESS
Simulation 1044 | MIMOSA2 elapsed = 6.2 sec | status = SUCCESS
Simulation 1042 | MIMOSA2 elapsed = 6.4 sec | status = SUCCESS
Simulation 1051 | MIMOSA2 elapsed = 6.75 sec | status = SUCCESS
Simulation 1043 | MIMOSA2 elapsed = 7.12 sec | status = SUCCESS
Simulation 1048 | MIMOSA2 elapsed = 8.64 sec | status = SUCCESS
Simulation 1057 | MIMOSA2 elapsed = 9.24 sec | status = SUCCESS
Simulation 1052 | MIMOSA2 elapsed = 9.77 sec | status = SUCCESS
Simulation 1055 | MIMOSA2 elapsed = 10.23 sec | status = SUCCESS
Simulation 1050 | MIMOSA2 elapsed = 12.79 sec | status = SUCCESS
Simulation 1062 | MIMOSA2 elapsed = 8.59 sec | status = SUCCESS
Simulation 1064 | MIMOSA2 elapsed = 8.03 sec | status = SUCCESS
Simulation 1053 | MIMOSA2 elapsed = 14.72 sec | status = SUCCESS
Simulation 1047 | MIMOSA2 elapsed = 14.74 sec | status = SUCCESS
Simulation 1058 | MIMOSA2 elapsed = 14.83 sec | status = SUCCESS
Simulation 1054 | MIMOSA2 elapsed = 14.98 sec | status = SUCCESS
Simulation 1060 | MIMOSA2 elapsed = 15.08 sec | status = SUCCESS
Simulation 1049 | MIMOSA2 elapsed = 15.19 sec | status = SUCCESS
Simulation 1056 | MIMOSA2 elapsed = 15.26 sec | status = SUCCESS
Simulation 1059 | MIMOSA2 elapsed = 15.26 sec | status = SUCCESS
Simulation 1046 | MIMOSA2 elapsed = 16.03 sec | status = SUCCESS
Simulation 1065 | MIMOSA2 elapsed = 10.33 sec | status = SUCCESS
Simulation 1066 | MIMOSA2 elapsed = 12.46 sec | status = SUCCESS
Simulation 1063 | MIMOSA2 elapsed = 13.67 sec | status = SUCCESS
Simulation 1070 | MIMOSA2 elapsed = 9.92 sec | status = SUCCESS
Simulation 1069 | MIMOSA2 elapsed = 11.11 sec | status = SUCCESS
Simulation 1061 | MIMOSA2 elapsed = 15.77 sec | status = SUCCESS
Simulation 1068 | MIMOSA2 elapsed = 12.6 sec | status = SUCCESS
Simulation 1071 | MIMOSA2 elapsed = 10.22 sec | status = SUCCESS
Simulation 1067 | MIMOSA2 elapsed = 15 sec | status = SUCCESS
Simulation 1078 | MIMOSA2 elapsed = 10.56 sec | status = SUCCESS
Simulation 1083 | MIMOSA2 elapsed = 10.36 sec | status = SUCCESS
Simulation 1074 | MIMOSA2 elapsed = 13.72 sec | status = SUCCESS
Simulation 1073 | MIMOSA2 elapsed = 14.2 sec | status = SUCCESS
Simulation 1077 | MIMOSA2 elapsed = 14.78 sec | status = SUCCESS
Simulation 1075 | MIMOSA2 elapsed = 15.22 sec | status = SUCCESS
Simulation 1079 | MIMOSA2 elapsed = 15.52 sec | status = SUCCESS
Simulation 1076 | MIMOSA2 elapsed = 15.66 sec | status = SUCCESS
Simulation 1072 | MIMOSA2 elapsed = 16.2 sec | status = SUCCESS
Simulation 1081 | MIMOSA2 elapsed = 16.23 sec | status = SUCCESS
Simulation 1080 | MIMOSA2 elapsed = 16.27 sec | status = SUCCESS
Simulation 1084 | MIMOSA2 elapsed = 12.05 sec | status = SUCCESS
Simulation 1082 | MIMOSA2 elapsed = 16.06 sec | status = SUCCESS
Simulation 1085 | MIMOSA2 elapsed = 15.46 sec | status = SUCCESS
Simulation 1088 | MIMOSA2 elapsed = 14.94 sec | status = SUCCESS
Simulation 1087 | MIMOSA2 elapsed = 15.53 sec | status = SUCCESS
Simulation 1089 | MIMOSA2 elapsed = 14.83 sec | status = SUCCESS
Simulation 1086 | MIMOSA2 elapsed = 16.76 sec | status = SUCCESS
Simulation 1090 | MIMOSA2 elapsed = 16.37 sec | status = SUCCESS
Simulation 1091 | MIMOSA2 elapsed = 17.31 sec | status = SUCCESS
Simulation 1092 | MIMOSA2 elapsed = 16.19 sec | status = SUCCESS
Simulation 1103 | MIMOSA2 elapsed = 11.43 sec | status = SUCCESS
Simulation 1093 | MIMOSA2 elapsed = 16.03 sec | status = SUCCESS
Simulation 1095 | MIMOSA2 elapsed = 15.07 sec | status = SUCCESS
Simulation 1101 | MIMOSA2 elapsed = 12.72 sec | status = SUCCESS
Simulation 1099 | MIMOSA2 elapsed = 14.17 sec | status = SUCCESS
Simulation 1094 | MIMOSA2 elapsed = 17.05 sec | status = SUCCESS
Simulation 1096 | MIMOSA2 elapsed = 16.05 sec | status = SUCCESS
Simulation 1097 | MIMOSA2 elapsed = 16.48 sec | status = SUCCESS
Simulation 1098 | MIMOSA2 elapsed = 15.99 sec | status = SUCCESS
Simulation 1100 | MIMOSA2 elapsed = 16.26 sec | status = SUCCESS
Simulation 1104 | MIMOSA2 elapsed = 14.87 sec | status = SUCCESS
Simulation 1105 | MIMOSA2 elapsed = 12.32 sec | status = SUCCESS
Simulation 1102 | MIMOSA2 elapsed = 17.41 sec | status = SUCCESS
Simulation 1108 | MIMOSA2 elapsed = 14.86 sec | status = SUCCESS
Simulation 1106 | MIMOSA2 elapsed = 16.54 sec | status = SUCCESS
Simulation 1107 | MIMOSA2 elapsed = 16.4 sec | status = SUCCESS
Simulation 1109 | MIMOSA2 elapsed = 16.71 sec | status = SUCCESS
Simulation 1110 | MIMOSA2 elapsed = 14.89 sec | status = SUCCESS
Simulation 1112 | MIMOSA2 elapsed = 14.99 sec | status = SUCCESS
Simulation 1113 | MIMOSA2 elapsed = 13.75 sec | status = SUCCESS
Simulation 1111 | MIMOSA2 elapsed = 16.66 sec | status = SUCCESS
Simulation 1114 | MIMOSA2 elapsed = 14.35 sec | status = SUCCESS
Simulation 1119 | MIMOSA2 elapsed = 13.83 sec | status = SUCCESS
Simulation 1118 | MIMOSA2 elapsed = 13.9 sec | status = SUCCESS
Simulation 1117 | MIMOSA2 elapsed = 15.15 sec | status = SUCCESS
Simulation 1116 | MIMOSA2 elapsed = 15.7 sec | status = SUCCESS
Simulation 1115 | MIMOSA2 elapsed = 16.58 sec | status = SUCCESS
Simulation 1120 | MIMOSA2 elapsed = 14.2 sec | status = SUCCESS
Simulation 1126 | MIMOSA2 elapsed = 5.67 sec | status = SUCCESS
Simulation 1123 | MIMOSA2 elapsed = 6.4 sec | status = SUCCESS
Simulation 1125 | MIMOSA2 elapsed = 7.3 sec | status = SUCCESS
Simulation 1127 | MIMOSA2 elapsed = 8.12 sec | status = SUCCESS
Simulation 1130 | MIMOSA2 elapsed = 8.17 sec | status = SUCCESS
Simulation 1132 | MIMOSA2 elapsed = 8.49 sec | status = SUCCESS
Simulation 1122 | MIMOSA2 elapsed = 10.11 sec | status = SUCCESS
Simulation 1124 | MIMOSA2 elapsed = 13.51 sec | status = SUCCESS
Simulation 1140 | MIMOSA2 elapsed = 13.97 sec | status = SUCCESS
Simulation 1134 | MIMOSA2 elapsed = 14.23 sec | status = SUCCESS
Simulation 1128 | MIMOSA2 elapsed = 14.3 sec | status = SUCCESS
Simulation 1137 | MIMOSA2 elapsed = 14.63 sec | status = SUCCESS
Simulation 1135 | MIMOSA2 elapsed = 14.89 sec | status = SUCCESS
Simulation 1129 | MIMOSA2 elapsed = 14.88 sec | status = SUCCESS
Simulation 1133 | MIMOSA2 elapsed = 14.91 sec | status = SUCCESS
Simulation 1136 | MIMOSA2 elapsed = 14.88 sec | status = SUCCESS
Simulation 1138 | MIMOSA2 elapsed = 15.05 sec | status = SUCCESS
Simulation 1131 | MIMOSA2 elapsed = 15.13 sec | status = SUCCESS
Simulation 1121 | MIMOSA2 elapsed = 15.41 sec | status = SUCCESS
Simulation 1144 | MIMOSA2 elapsed = 7.1 sec | status = SUCCESS
Simulation 1139 | MIMOSA2 elapsed = 15.71 sec | status = SUCCESS
Simulation 1143 | MIMOSA2 elapsed = 8.3 sec | status = SUCCESS
Simulation 1145 | MIMOSA2 elapsed = 9.37 sec | status = SUCCESS
Simulation 1147 | MIMOSA2 elapsed = 8.28 sec | status = SUCCESS
Simulation 1141 | MIMOSA2 elapsed = 16.21 sec | status = SUCCESS
Simulation 1142 | MIMOSA2 elapsed = 15.46 sec | status = SUCCESS
Simulation 1146 | MIMOSA2 elapsed = 14.2 sec | status = SUCCESS
Simulation 1150 | MIMOSA2 elapsed = 10.02 sec | status = SUCCESS
Simulation 1149 | MIMOSA2 elapsed = 12.79 sec | status = SUCCESS
Simulation 1154 | MIMOSA2 elapsed = 12.53 sec | status = SUCCESS
Simulation 1162 | MIMOSA2 elapsed = 11.61 sec | status = SUCCESS
Simulation 1158 | MIMOSA2 elapsed = 13.26 sec | status = SUCCESS
Simulation 1148 | MIMOSA2 elapsed = 15.22 sec | status = SUCCESS
Simulation 1153 | MIMOSA2 elapsed = 14.26 sec | status = SUCCESS
Simulation 1155 | MIMOSA2 elapsed = 14.5 sec | status = SUCCESS
Simulation 1156 | MIMOSA2 elapsed = 15.18 sec | status = SUCCESS
Simulation 1152 | MIMOSA2 elapsed = 15.46 sec | status = SUCCESS
Simulation 1151 | MIMOSA2 elapsed = 16.14 sec | status = SUCCESS
Simulation 1160 | MIMOSA2 elapsed = 15.16 sec | status = SUCCESS
Simulation 1159 | MIMOSA2 elapsed = 15.46 sec | status = SUCCESS
Simulation 1157 | MIMOSA2 elapsed = 16.21 sec | status = SUCCESS
Simulation 1161 | MIMOSA2 elapsed = 15.87 sec | status = SUCCESS
Simulation 1167 | MIMOSA2 elapsed = 9.95 sec | status = SUCCESS
Simulation 1164 | MIMOSA2 elapsed = 15.03 sec | status = SUCCESS
Simulation 1163 | MIMOSA2 elapsed = 15.85 sec | status = SUCCESS
Simulation 1165 | MIMOSA2 elapsed = 12.35 sec | status = SUCCESS
Simulation 1169 | MIMOSA2 elapsed = 10.53 sec | status = SUCCESS
Simulation 1166 | MIMOSA2 elapsed = 17.5 sec | status = SUCCESS
Simulation 1172 | MIMOSA2 elapsed = 11.39 sec | status = SUCCESS
Simulation 1168 | MIMOSA2 elapsed = 15.59 sec | status = SUCCESS
Simulation 1170 | MIMOSA2 elapsed = 14.75 sec | status = SUCCESS
Simulation 1174 | MIMOSA2 elapsed = 15.79 sec | status = SUCCESS
Simulation 1171 | MIMOSA2 elapsed = 17.48 sec | status = SUCCESS
Simulation 1182 | MIMOSA2 elapsed = 13.92 sec | status = SUCCESS
Simulation 1175 | MIMOSA2 elapsed = 16.6 sec | status = SUCCESS
Simulation 1173 | MIMOSA2 elapsed = 17.62 sec | status = SUCCESS
Simulation 1177 | MIMOSA2 elapsed = 16.32 sec | status = SUCCESS
Simulation 1176 | MIMOSA2 elapsed = 16.58 sec | status = SUCCESS
Simulation 1181 | MIMOSA2 elapsed = 15.45 sec | status = SUCCESS
Simulation 1184 | MIMOSA2 elapsed = 13.44 sec | status = SUCCESS
Simulation 1179 | MIMOSA2 elapsed = 16.3 sec | status = SUCCESS
Simulation 1180 | MIMOSA2 elapsed = 16.38 sec | status = SUCCESS
Simulation 1178 | MIMOSA2 elapsed = 17.54 sec | status = SUCCESS
Simulation 1183 | MIMOSA2 elapsed = 16.27 sec | status = SUCCESS
Simulation 1186 | MIMOSA2 elapsed = 15.01 sec | status = SUCCESS
Simulation 1185 | MIMOSA2 elapsed = 16.72 sec | status = SUCCESS
Simulation 1189 | MIMOSA2 elapsed = 13.9 sec | status = SUCCESS
Simulation 1187 | MIMOSA2 elapsed = 17.03 sec | status = SUCCESS
Simulation 1188 | MIMOSA2 elapsed = 15.75 sec | status = SUCCESS
Simulation 1191 | MIMOSA2 elapsed = 14.22 sec | status = SUCCESS
Simulation 1190 | MIMOSA2 elapsed = 16.37 sec | status = SUCCESS
Simulation 1193 | MIMOSA2 elapsed = 14.57 sec | status = SUCCESS
Simulation 1192 | MIMOSA2 elapsed = 15.49 sec | status = SUCCESS
Simulation 1197 | MIMOSA2 elapsed = 13.72 sec | status = SUCCESS
Simulation 1199 | MIMOSA2 elapsed = 13.45 sec | status = SUCCESS
Simulation 1194 | MIMOSA2 elapsed = 14.96 sec | status = SUCCESS
Simulation 1196 | MIMOSA2 elapsed = 14.9 sec | status = SUCCESS
Simulation 1198 | MIMOSA2 elapsed = 14.75 sec | status = SUCCESS
Simulation 1200 | MIMOSA2 elapsed = 15.15 sec | status = SUCCESS
Simulation 1195 | MIMOSA2 elapsed = 17.02 sec | status = SUCCESS
Simulation 1203 | MIMOSA2 elapsed = 6.77 sec | status = SUCCESS
Simulation 1205 | MIMOSA2 elapsed = 6.85 sec | status = SUCCESS
Simulation 1207 | MIMOSA2 elapsed = 6.98 sec | status = SUCCESS
Simulation 1208 | MIMOSA2 elapsed = 7.06 sec | status = SUCCESS
Simulation 1204 | MIMOSA2 elapsed = 7.36 sec | status = SUCCESS
Simulation 1210 | MIMOSA2 elapsed = 7.74 sec | status = SUCCESS
Simulation 1212 | MIMOSA2 elapsed = 8.08 sec | status = SUCCESS
Simulation 1201 | MIMOSA2 elapsed = 8.53 sec | status = SUCCESS
Simulation 1214 | MIMOSA2 elapsed = 9.35 sec | status = SUCCESS
Simulation 1213 | MIMOSA2 elapsed = 9.64 sec | status = SUCCESS
Simulation 1219 | MIMOSA2 elapsed = 9.66 sec | status = SUCCESS
Simulation 1211 | MIMOSA2 elapsed = 10.28 sec | status = SUCCESS
Simulation 1216 | MIMOSA2 elapsed = 12.52 sec | status = SUCCESS
Simulation 1202 | MIMOSA2 elapsed = 13.11 sec | status = SUCCESS
Simulation 1220 | MIMOSA2 elapsed = 14.8 sec | status = SUCCESS
Simulation 1225 | MIMOSA2 elapsed = 7.32 sec | status = SUCCESS
Simulation 1209 | MIMOSA2 elapsed = 15.06 sec | status = SUCCESS
Simulation 1215 | MIMOSA2 elapsed = 15.07 sec | status = SUCCESS
Simulation 1206 | MIMOSA2 elapsed = 15.16 sec | status = SUCCESS
Simulation 1221 | MIMOSA2 elapsed = 8.09 sec | status = SUCCESS
Simulation 1217 | MIMOSA2 elapsed = 15.24 sec | status = SUCCESS
Simulation 1218 | MIMOSA2 elapsed = 15.28 sec | status = SUCCESS
Simulation 1222 | MIMOSA2 elapsed = 10.33 sec | status = SUCCESS
Simulation 1223 | MIMOSA2 elapsed = 12.36 sec | status = SUCCESS
Simulation 1229 | MIMOSA2 elapsed = 11.63 sec | status = SUCCESS
Simulation 1227 | MIMOSA2 elapsed = 14.21 sec | status = SUCCESS
Simulation 1228 | MIMOSA2 elapsed = 14.12 sec | status = SUCCESS
Simulation 1226 | MIMOSA2 elapsed = 15.33 sec | status = SUCCESS
Simulation 1224 | MIMOSA2 elapsed = 16.52 sec | status = SUCCESS
Simulation 1233 | MIMOSA2 elapsed = 11.72 sec | status = SUCCESS
Simulation 1230 | MIMOSA2 elapsed = 15.67 sec | status = SUCCESS
Simulation 1231 | MIMOSA2 elapsed = 16.05 sec | status = SUCCESS
Simulation 1232 | MIMOSA2 elapsed = 15.77 sec | status = SUCCESS
Simulation 1243 | MIMOSA2 elapsed = 8.51 sec | status = SUCCESS
Simulation 1241 | MIMOSA2 elapsed = 10.9 sec | status = SUCCESS
Simulation 1238 | MIMOSA2 elapsed = 12.92 sec | status = SUCCESS
Simulation 1234 | MIMOSA2 elapsed = 15.57 sec | status = SUCCESS
Simulation 1236 | MIMOSA2 elapsed = 15.24 sec | status = SUCCESS
Simulation 1239 | MIMOSA2 elapsed = 15.19 sec | status = SUCCESS
Simulation 1242 | MIMOSA2 elapsed = 14.89 sec | status = SUCCESS
Simulation 1240 | MIMOSA2 elapsed = 15.64 sec | status = SUCCESS
Simulation 1235 | MIMOSA2 elapsed = 15.91 sec | status = SUCCESS
Simulation 1237 | MIMOSA2 elapsed = 16.02 sec | status = SUCCESS
Simulation 1244 | MIMOSA2 elapsed = 16.28 sec | status = SUCCESS
Simulation 1245 | MIMOSA2 elapsed = 15.75 sec | status = SUCCESS
Simulation 1246 | MIMOSA2 elapsed = 15.31 sec | status = SUCCESS
Simulation 1247 | MIMOSA2 elapsed = 15.17 sec | status = SUCCESS
Simulation 1248 | MIMOSA2 elapsed = 15.54 sec | status = SUCCESS
Simulation 1249 | MIMOSA2 elapsed = 15.33 sec | status = SUCCESS
Simulation 1250 | MIMOSA2 elapsed = 15.13 sec | status = SUCCESS
Simulation 1251 | MIMOSA2 elapsed = 15.17 sec | status = SUCCESS
Simulation 1252 | MIMOSA2 elapsed = 15.82 sec | status = SUCCESS
Simulation 1255 | MIMOSA2 elapsed = 15.55 sec | status = SUCCESS
Simulation 1254 | MIMOSA2 elapsed = 16.51 sec | status = SUCCESS
Simulation 1253 | MIMOSA2 elapsed = 17.62 sec | status = SUCCESS
Simulation 1257 | MIMOSA2 elapsed = 15 sec | status = SUCCESS
Simulation 1262 | MIMOSA2 elapsed = 13.79 sec | status = SUCCESS
Simulation 1256 | MIMOSA2 elapsed = 17.75 sec | status = SUCCESS
Simulation 1261 | MIMOSA2 elapsed = 15.14 sec | status = SUCCESS
Simulation 1263 | MIMOSA2 elapsed = 15.25 sec | status = SUCCESS
Simulation 1259 | MIMOSA2 elapsed = 16.28 sec | status = SUCCESS
Simulation 1258 | MIMOSA2 elapsed = 16.72 sec | status = SUCCESS
Simulation 1260 | MIMOSA2 elapsed = 16.72 sec | status = SUCCESS
Simulation 1264 | MIMOSA2 elapsed = 16.21 sec | status = SUCCESS
Simulation 1268 | MIMOSA2 elapsed = 13.19 sec | status = SUCCESS
Simulation 1265 | MIMOSA2 elapsed = 16.59 sec | status = SUCCESS
Simulation 1269 | MIMOSA2 elapsed = 15.26 sec | status = SUCCESS
Simulation 1266 | MIMOSA2 elapsed = 16.82 sec | status = SUCCESS
Simulation 1270 | MIMOSA2 elapsed = 15.75 sec | status = SUCCESS
Simulation 1267 | MIMOSA2 elapsed = 17.27 sec | status = SUCCESS
Simulation 1271 | MIMOSA2 elapsed = 15.83 sec | status = SUCCESS
Simulation 1272 | MIMOSA2 elapsed = 15.28 sec | status = SUCCESS
Simulation 1273 | MIMOSA2 elapsed = 15.1 sec | status = SUCCESS
Simulation 1274 | MIMOSA2 elapsed = 15.6 sec | status = SUCCESS
Simulation 1276 | MIMOSA2 elapsed = 14.98 sec | status = SUCCESS
Simulation 1275 | MIMOSA2 elapsed = 15.44 sec | status = SUCCESS
Simulation 1277 | MIMOSA2 elapsed = 15.15 sec | status = SUCCESS
Simulation 1279 | MIMOSA2 elapsed = 13.88 sec | status = SUCCESS
Simulation 1278 | MIMOSA2 elapsed = 15.84 sec | status = SUCCESS
Simulation 1280 | MIMOSA2 elapsed = 15.67 sec | status = SUCCESS
Simulation 1284 | MIMOSA2 elapsed = 5.65 sec | status = SUCCESS
Simulation 1282 | MIMOSA2 elapsed = 6.38 sec | status = SUCCESS
Simulation 1283 | MIMOSA2 elapsed = 6.52 sec | status = SUCCESS
Simulation 1287 | MIMOSA2 elapsed = 7.29 sec | status = SUCCESS
Simulation 1281 | MIMOSA2 elapsed = 8.07 sec | status = SUCCESS
Simulation 1293 | MIMOSA2 elapsed = 8.54 sec | status = SUCCESS
Simulation 1286 | MIMOSA2 elapsed = 8.94 sec | status = SUCCESS
Simulation 1297 | MIMOSA2 elapsed = 9.07 sec | status = SUCCESS
Simulation 1285 | MIMOSA2 elapsed = 9.85 sec | status = SUCCESS
Simulation 1294 | MIMOSA2 elapsed = 12.72 sec | status = SUCCESS
Simulation 1301 | MIMOSA2 elapsed = 7.54 sec | status = SUCCESS
Simulation 1292 | MIMOSA2 elapsed = 14.49 sec | status = SUCCESS
Simulation 1295 | MIMOSA2 elapsed = 14.78 sec | status = SUCCESS
Simulation 1288 | MIMOSA2 elapsed = 14.98 sec | status = SUCCESS
Simulation 1299 | MIMOSA2 elapsed = 14.98 sec | status = SUCCESS
Simulation 1298 | MIMOSA2 elapsed = 15.02 sec | status = SUCCESS
Simulation 1296 | MIMOSA2 elapsed = 15.3 sec | status = SUCCESS
Simulation 1289 | MIMOSA2 elapsed = 15.43 sec | status = SUCCESS
Simulation 1291 | MIMOSA2 elapsed = 15.39 sec | status = SUCCESS
Simulation 1300 | MIMOSA2 elapsed = 15.31 sec | status = SUCCESS
Simulation 1304 | MIMOSA2 elapsed = 8.07 sec | status = SUCCESS
Simulation 1290 | MIMOSA2 elapsed = 15.71 sec | status = SUCCESS
Simulation 1303 | MIMOSA2 elapsed = 9.32 sec | status = SUCCESS
Simulation 1302 | MIMOSA2 elapsed = 10.52 sec | status = SUCCESS
Simulation 1305 | MIMOSA2 elapsed = 10.11 sec | status = SUCCESS
Simulation 1306 | MIMOSA2 elapsed = 11.9 sec | status = SUCCESS
Simulation 1309 | MIMOSA2 elapsed = 11.23 sec | status = SUCCESS
Simulation 1307 | MIMOSA2 elapsed = 14.16 sec | status = SUCCESS
Simulation 1308 | MIMOSA2 elapsed = 14.89 sec | status = SUCCESS
Simulation 1311 | MIMOSA2 elapsed = 10.92 sec | status = SUCCESS
Simulation 1313 | MIMOSA2 elapsed = 13.23 sec | status = SUCCESS
Simulation 1310 | MIMOSA2 elapsed = 15.92 sec | status = SUCCESS
Simulation 1318 | MIMOSA2 elapsed = 14.06 sec | status = SUCCESS
Simulation 1312 | MIMOSA2 elapsed = 15.41 sec | status = SUCCESS
Simulation 1321 | MIMOSA2 elapsed = 14.4 sec | status = SUCCESS
Simulation 1319 | MIMOSA2 elapsed = 15.2 sec | status = SUCCESS
Simulation 1317 | MIMOSA2 elapsed = 15.28 sec | status = SUCCESS
Simulation 1322 | MIMOSA2 elapsed = 15.13 sec | status = SUCCESS
Simulation 1315 | MIMOSA2 elapsed = 16.01 sec | status = SUCCESS
Simulation 1320 | MIMOSA2 elapsed = 15.6 sec | status = SUCCESS
Simulation 1314 | MIMOSA2 elapsed = 16.38 sec | status = SUCCESS
Simulation 1316 | MIMOSA2 elapsed = 16.39 sec | status = SUCCESS
Simulation 1323 | MIMOSA2 elapsed = 16.28 sec | status = SUCCESS
Simulation 1325 | MIMOSA2 elapsed = 15.25 sec | status = SUCCESS
Simulation 1324 | MIMOSA2 elapsed = 16.99 sec | status = SUCCESS
Simulation 1327 | MIMOSA2 elapsed = 14.84 sec | status = SUCCESS
Simulation 1326 | MIMOSA2 elapsed = 15.65 sec | status = SUCCESS
Simulation 1330 | MIMOSA2 elapsed = 13.25 sec | status = SUCCESS
Simulation 1328 | MIMOSA2 elapsed = 15.2 sec | status = SUCCESS
Simulation 1329 | MIMOSA2 elapsed = 17.47 sec | status = SUCCESS
Simulation 1332 | MIMOSA2 elapsed = 13.62 sec | status = SUCCESS
Simulation 1341 | MIMOSA2 elapsed = 11.97 sec | status = SUCCESS
Simulation 1342 | MIMOSA2 elapsed = 12.42 sec | status = SUCCESS
Simulation 1331 | MIMOSA2 elapsed = 17.15 sec | status = SUCCESS
Simulation 1343 | MIMOSA2 elapsed = 13.06 sec | status = SUCCESS
Simulation 1333 | MIMOSA2 elapsed = 16.13 sec | status = SUCCESS
Simulation 1335 | MIMOSA2 elapsed = 15.54 sec | status = SUCCESS
Simulation 1334 | MIMOSA2 elapsed = 16.1 sec | status = SUCCESS
Simulation 1337 | MIMOSA2 elapsed = 15.72 sec | status = SUCCESS
Simulation 1339 | MIMOSA2 elapsed = 15.47 sec | status = SUCCESS
Simulation 1338 | MIMOSA2 elapsed = 15.83 sec | status = SUCCESS
Simulation 1345 | MIMOSA2 elapsed = 13.03 sec | status = SUCCESS
Simulation 1336 | MIMOSA2 elapsed = 16.43 sec | status = SUCCESS
Simulation 1340 | MIMOSA2 elapsed = 15.98 sec | status = SUCCESS
Simulation 1344 | MIMOSA2 elapsed = 14.85 sec | status = SUCCESS
Simulation 1346 | MIMOSA2 elapsed = 16.89 sec | status = SUCCESS
Simulation 1348 | MIMOSA2 elapsed = 15.9 sec | status = SUCCESS
Simulation 1349 | MIMOSA2 elapsed = 16.1 sec | status = SUCCESS
Simulation 1347 | MIMOSA2 elapsed = 18.49 sec | status = SUCCESS
Simulation 1350 | MIMOSA2 elapsed = 13.17 sec | status = SUCCESS
Simulation 1351 | MIMOSA2 elapsed = 15.49 sec | status = SUCCESS
Simulation 1353 | MIMOSA2 elapsed = 13.99 sec | status = SUCCESS
Simulation 1352 | MIMOSA2 elapsed = 15.11 sec | status = SUCCESS
Simulation 1360 | MIMOSA2 elapsed = 13.33 sec | status = SUCCESS
Simulation 1355 | MIMOSA2 elapsed = 14.8 sec | status = SUCCESS
Simulation 1356 | MIMOSA2 elapsed = 14.76 sec | status = SUCCESS
Simulation 1357 | MIMOSA2 elapsed = 14.72 sec | status = SUCCESS
Simulation 1354 | MIMOSA2 elapsed = 15.67 sec | status = SUCCESS
Simulation 1358 | MIMOSA2 elapsed = 15.04 sec | status = SUCCESS
Simulation 1359 | MIMOSA2 elapsed = 15.11 sec | status = SUCCESS
Simulation 1361 | MIMOSA2 elapsed = 5.37 sec | status = SUCCESS
Simulation 1363 | MIMOSA2 elapsed = 6.44 sec | status = SUCCESS
Simulation 1368 | MIMOSA2 elapsed = 6.72 sec | status = SUCCESS
Simulation 1372 | MIMOSA2 elapsed = 7.63 sec | status = SUCCESS
Simulation 1364 | MIMOSA2 elapsed = 7.83 sec | status = SUCCESS
Simulation 1369 | MIMOSA2 elapsed = 8.6 sec | status = SUCCESS
Simulation 1365 | MIMOSA2 elapsed = 8.63 sec | status = SUCCESS
Simulation 1370 | MIMOSA2 elapsed = 9.31 sec | status = SUCCESS
Simulation 1374 | MIMOSA2 elapsed = 11.54 sec | status = SUCCESS
Simulation 1373 | MIMOSA2 elapsed = 12.71 sec | status = SUCCESS
Simulation 1381 | MIMOSA2 elapsed = 7.41 sec | status = SUCCESS
Simulation 1366 | MIMOSA2 elapsed = 13.28 sec | status = SUCCESS
Simulation 1380 | MIMOSA2 elapsed = 13.65 sec | status = SUCCESS
Simulation 1375 | MIMOSA2 elapsed = 13.86 sec | status = SUCCESS
Simulation 1379 | MIMOSA2 elapsed = 14.77 sec | status = SUCCESS
Simulation 1371 | MIMOSA2 elapsed = 14.95 sec | status = SUCCESS
Simulation 1377 | MIMOSA2 elapsed = 14.98 sec | status = SUCCESS
Simulation 1367 | MIMOSA2 elapsed = 15.04 sec | status = SUCCESS
Simulation 1362 | MIMOSA2 elapsed = 15.17 sec | status = SUCCESS
Simulation 1378 | MIMOSA2 elapsed = 15.16 sec | status = SUCCESS
Simulation 1376 | MIMOSA2 elapsed = 15.27 sec | status = SUCCESS
Simulation 1382 | MIMOSA2 elapsed = 9.06 sec | status = SUCCESS
Simulation 1386 | MIMOSA2 elapsed = 10.84 sec | status = SUCCESS
Simulation 1384 | MIMOSA2 elapsed = 12.01 sec | status = SUCCESS
Simulation 1388 | MIMOSA2 elapsed = 11.61 sec | status = SUCCESS
Simulation 1389 | MIMOSA2 elapsed = 10.13 sec | status = SUCCESS
Simulation 1383 | MIMOSA2 elapsed = 15.3 sec | status = SUCCESS
Simulation 1387 | MIMOSA2 elapsed = 14.11 sec | status = SUCCESS
Simulation 1385 | MIMOSA2 elapsed = 15.97 sec | status = SUCCESS
Simulation 1401 | MIMOSA2 elapsed = 10.27 sec | status = SUCCESS
Simulation 1398 | MIMOSA2 elapsed = 10.68 sec | status = SUCCESS
Simulation 1391 | MIMOSA2 elapsed = 12.72 sec | status = SUCCESS
Simulation 1394 | MIMOSA2 elapsed = 14.25 sec | status = SUCCESS
Simulation 1390 | MIMOSA2 elapsed = 15.68 sec | status = SUCCESS
Simulation 1392 | MIMOSA2 elapsed = 15.26 sec | status = SUCCESS
Simulation 1393 | MIMOSA2 elapsed = 15.28 sec | status = SUCCESS
Simulation 1403 | MIMOSA2 elapsed = 9.79 sec | status = SUCCESS
Simulation 1397 | MIMOSA2 elapsed = 15.34 sec | status = SUCCESS
Simulation 1396 | MIMOSA2 elapsed = 15.48 sec | status = SUCCESS
Simulation 1404 | MIMOSA2 elapsed = 10.7 sec | status = SUCCESS
Simulation 1399 | MIMOSA2 elapsed = 15.47 sec | status = SUCCESS
Simulation 1400 | MIMOSA2 elapsed = 15.94 sec | status = SUCCESS
Simulation 1395 | MIMOSA2 elapsed = 16.86 sec | status = SUCCESS
Simulation 1402 | MIMOSA2 elapsed = 16.19 sec | status = SUCCESS
Simulation 1405 | MIMOSA2 elapsed = 11.84 sec | status = SUCCESS
Simulation 1408 | MIMOSA2 elapsed = 13.3 sec | status = SUCCESS
Simulation 1406 | MIMOSA2 elapsed = 15.66 sec | status = SUCCESS
Simulation 1409 | MIMOSA2 elapsed = 15.23 sec | status = SUCCESS
Simulation 1407 | MIMOSA2 elapsed = 16.77 sec | status = SUCCESS
Simulation 1410 | MIMOSA2 elapsed = 14.83 sec | status = SUCCESS
Simulation 1411 | MIMOSA2 elapsed = 15.19 sec | status = SUCCESS
Simulation 1412 | MIMOSA2 elapsed = 15.92 sec | status = SUCCESS
Simulation 1413 | MIMOSA2 elapsed = 14.56 sec | status = SUCCESS
Simulation 1423 | MIMOSA2 elapsed = 12.36 sec | status = SUCCESS
Simulation 1415 | MIMOSA2 elapsed = 16.33 sec | status = SUCCESS
Simulation 1420 | MIMOSA2 elapsed = 14.68 sec | status = SUCCESS
Simulation 1416 | MIMOSA2 elapsed = 16.28 sec | status = SUCCESS
Simulation 1418 | MIMOSA2 elapsed = 15.18 sec | status = SUCCESS
Simulation 1414 | MIMOSA2 elapsed = 16.97 sec | status = SUCCESS
Simulation 1417 | MIMOSA2 elapsed = 16.46 sec | status = SUCCESS
Simulation 1421 | MIMOSA2 elapsed = 15.68 sec | status = SUCCESS
Simulation 1422 | MIMOSA2 elapsed = 15.35 sec | status = SUCCESS
Simulation 1425 | MIMOSA2 elapsed = 14.13 sec | status = SUCCESS
Simulation 1419 | MIMOSA2 elapsed = 16.89 sec | status = SUCCESS
Simulation 1424 | MIMOSA2 elapsed = 17.39 sec | status = SUCCESS
Simulation 1426 | MIMOSA2 elapsed = 13.87 sec | status = SUCCESS
Simulation 1429 | MIMOSA2 elapsed = 11.74 sec | status = SUCCESS
Simulation 1427 | MIMOSA2 elapsed = 15.27 sec | status = SUCCESS
Simulation 1428 | MIMOSA2 elapsed = 16.3 sec | status = SUCCESS
Simulation 1430 | MIMOSA2 elapsed = 15.67 sec | status = SUCCESS
Simulation 1431 | MIMOSA2 elapsed = 15.31 sec | status = SUCCESS
Simulation 1432 | MIMOSA2 elapsed = 14.66 sec | status = SUCCESS
Simulation 1433 | MIMOSA2 elapsed = 14.32 sec | status = SUCCESS
Simulation 1439 | MIMOSA2 elapsed = 13.63 sec | status = SUCCESS
Simulation 1437 | MIMOSA2 elapsed = 14.15 sec | status = SUCCESS
Simulation 1434 | MIMOSA2 elapsed = 15.42 sec | status = SUCCESS
Simulation 1438 | MIMOSA2 elapsed = 14.9 sec | status = SUCCESS
Simulation 1436 | MIMOSA2 elapsed = 15.55 sec | status = SUCCESS
Simulation 1440 | MIMOSA2 elapsed = 14.92 sec | status = SUCCESS
Simulation 1435 | MIMOSA2 elapsed = 16.6 sec | status = SUCCESS
Simulation 1445 | MIMOSA2 elapsed = 5.89 sec | status = SUCCESS
Simulation 1441 | MIMOSA2 elapsed = 5.94 sec | status = SUCCESS
Simulation 1444 | MIMOSA2 elapsed = 6.07 sec | status = SUCCESS
Simulation 1442 | MIMOSA2 elapsed = 6.83 sec | status = SUCCESS
Simulation 1448 | MIMOSA2 elapsed = 7.25 sec | status = SUCCESS
Simulation 1456 | MIMOSA2 elapsed = 7.32 sec | status = SUCCESS
Simulation 1450 | MIMOSA2 elapsed = 8.13 sec | status = SUCCESS
Simulation 1453 | MIMOSA2 elapsed = 8.39 sec | status = SUCCESS
Simulation 1454 | MIMOSA2 elapsed = 9.07 sec | status = SUCCESS
Simulation 1449 | MIMOSA2 elapsed = 11.14 sec | status = SUCCESS
Simulation 1458 | MIMOSA2 elapsed = 11.36 sec | status = SUCCESS
Simulation 1461 | MIMOSA2 elapsed = 6.47 sec | status = SUCCESS
Simulation 1463 | MIMOSA2 elapsed = 6.92 sec | status = SUCCESS
Simulation 1459 | MIMOSA2 elapsed = 14.07 sec | status = SUCCESS
Simulation 1443 | MIMOSA2 elapsed = 14.62 sec | status = SUCCESS
Simulation 1460 | MIMOSA2 elapsed = 14.66 sec | status = SUCCESS
Simulation 1455 | MIMOSA2 elapsed = 14.89 sec | status = SUCCESS
Simulation 1452 | MIMOSA2 elapsed = 14.93 sec | status = SUCCESS
Simulation 1447 | MIMOSA2 elapsed = 15.03 sec | status = SUCCESS
Simulation 1446 | MIMOSA2 elapsed = 15.09 sec | status = SUCCESS
Simulation 1451 | MIMOSA2 elapsed = 15.36 sec | status = SUCCESS
Simulation 1457 | MIMOSA2 elapsed = 15.34 sec | status = SUCCESS
Simulation 1464 | MIMOSA2 elapsed = 9.15 sec | status = SUCCESS
Simulation 1465 | MIMOSA2 elapsed = 9.21 sec | status = SUCCESS
Simulation 1468 | MIMOSA2 elapsed = 10.49 sec | status = SUCCESS
Simulation 1462 | MIMOSA2 elapsed = 13.89 sec | status = SUCCESS
Simulation 1466 | MIMOSA2 elapsed = 13.51 sec | status = SUCCESS
Simulation 1471 | MIMOSA2 elapsed = 10.9 sec | status = SUCCESS
Simulation 1467 | MIMOSA2 elapsed = 14.27 sec | status = SUCCESS
Simulation 1470 | MIMOSA2 elapsed = 12.55 sec | status = SUCCESS
Simulation 1474 | MIMOSA2 elapsed = 9.68 sec | status = SUCCESS
Simulation 1469 | MIMOSA2 elapsed = 15.47 sec | status = SUCCESS
Simulation 1473 | MIMOSA2 elapsed = 12.64 sec | status = SUCCESS
Simulation 1483 | MIMOSA2 elapsed = 9.71 sec | status = SUCCESS
Simulation 1472 | MIMOSA2 elapsed = 15.29 sec | status = SUCCESS
Simulation 1475 | MIMOSA2 elapsed = 14.81 sec | status = SUCCESS
Simulation 1477 | MIMOSA2 elapsed = 14.91 sec | status = SUCCESS
Simulation 1479 | MIMOSA2 elapsed = 14.97 sec | status = SUCCESS
Simulation 1476 | MIMOSA2 elapsed = 15.45 sec | status = SUCCESS
Simulation 1478 | MIMOSA2 elapsed = 15.23 sec | status = SUCCESS
Simulation 1482 | MIMOSA2 elapsed = 14.91 sec | status = SUCCESS
Simulation 1481 | MIMOSA2 elapsed = 15.63 sec | status = SUCCESS
Simulation 1480 | MIMOSA2 elapsed = 16.15 sec | status = SUCCESS
Simulation 1484 | MIMOSA2 elapsed = 17.59 sec | status = SUCCESS
Simulation 1485 | MIMOSA2 elapsed = 15.39 sec | status = SUCCESS
Simulation 1488 | MIMOSA2 elapsed = 12.15 sec | status = SUCCESS
Simulation 1489 | MIMOSA2 elapsed = 12.45 sec | status = SUCCESS
Simulation 1486 | MIMOSA2 elapsed = 15.17 sec | status = SUCCESS
Simulation 1487 | MIMOSA2 elapsed = 14.66 sec | status = SUCCESS
Simulation 1490 | MIMOSA2 elapsed = 12.77 sec | status = SUCCESS
Simulation 1494 | MIMOSA2 elapsed = 14.14 sec | status = SUCCESS
Simulation 1491 | MIMOSA2 elapsed = 16.29 sec | status = SUCCESS
Simulation 1492 | MIMOSA2 elapsed = 16.69 sec | status = SUCCESS
Simulation 1496 | MIMOSA2 elapsed = 12.32 sec | status = SUCCESS
Simulation 1503 | MIMOSA2 elapsed = 10.96 sec | status = SUCCESS
Simulation 1493 | MIMOSA2 elapsed = 17.01 sec | status = SUCCESS
Simulation 1495 | MIMOSA2 elapsed = 14.98 sec | status = SUCCESS
Simulation 1499 | MIMOSA2 elapsed = 16.13 sec | status = SUCCESS
Simulation 1498 | MIMOSA2 elapsed = 16.46 sec | status = SUCCESS
Simulation 1497 | MIMOSA2 elapsed = 16.58 sec | status = SUCCESS
Simulation 1502 | MIMOSA2 elapsed = 15.6 sec | status = SUCCESS
Simulation 1500 | MIMOSA2 elapsed = 17.44 sec | status = SUCCESS
Simulation 1507 | MIMOSA2 elapsed = 14.17 sec | status = SUCCESS
Simulation 1501 | MIMOSA2 elapsed = 19.34 sec | status = SUCCESS
Simulation 1505 | MIMOSA2 elapsed = 15.38 sec | status = SUCCESS
Simulation 1504 | MIMOSA2 elapsed = 15.81 sec | status = SUCCESS
Simulation 1506 | MIMOSA2 elapsed = 15.16 sec | status = SUCCESS
Simulation 1508 | MIMOSA2 elapsed = 16.02 sec | status = SUCCESS
Simulation 1509 | MIMOSA2 elapsed = 16.27 sec | status = SUCCESS
Simulation 1510 | MIMOSA2 elapsed = 16.27 sec | status = SUCCESS
Simulation 1513 | MIMOSA2 elapsed = 12.11 sec | status = SUCCESS
Simulation 1515 | MIMOSA2 elapsed = 12.45 sec | status = SUCCESS
Simulation 1512 | MIMOSA2 elapsed = 14.95 sec | status = SUCCESS
Simulation 1514 | MIMOSA2 elapsed = 13.49 sec | status = SUCCESS
Simulation 1511 | MIMOSA2 elapsed = 15.58 sec | status = SUCCESS
Simulation 1516 | MIMOSA2 elapsed = 14.88 sec | status = SUCCESS
Simulation 1517 | MIMOSA2 elapsed = 16.36 sec | status = SUCCESS
Simulation 1518 | MIMOSA2 elapsed = 13.4 sec | status = SUCCESS
Simulation 1520 | MIMOSA2 elapsed = 15.01 sec | status = SUCCESS
Simulation 1519 | MIMOSA2 elapsed = 15.04 sec | status = SUCCESS
Simulation 1521 | MIMOSA2 elapsed = 6.91 sec | status = SUCCESS
Simulation 1538 | MIMOSA2 elapsed = 7.56 sec | status = SUCCESS
Simulation 1537 | MIMOSA2 elapsed = 7.98 sec | status = SUCCESS
Simulation 1522 | MIMOSA2 elapsed = 8.09 sec | status = SUCCESS
Simulation 1523 | MIMOSA2 elapsed = 8.49 sec | status = SUCCESS
Simulation 1525 | MIMOSA2 elapsed = 8.61 sec | status = SUCCESS
Simulation 1532 | MIMOSA2 elapsed = 8.91 sec | status = SUCCESS
Simulation 1529 | MIMOSA2 elapsed = 10.16 sec | status = SUCCESS
Simulation 1535 | MIMOSA2 elapsed = 10.65 sec | status = SUCCESS
Simulation 1540 | MIMOSA2 elapsed = 11.05 sec | status = SUCCESS
Simulation 1527 | MIMOSA2 elapsed = 12.08 sec | status = SUCCESS
Simulation 1536 | MIMOSA2 elapsed = 12.81 sec | status = SUCCESS
Simulation 1531 | MIMOSA2 elapsed = 12.91 sec | status = SUCCESS
Simulation 1534 | MIMOSA2 elapsed = 13.85 sec | status = SUCCESS
Simulation 1543 | MIMOSA2 elapsed = 6.24 sec | status = SUCCESS
Simulation 1533 | MIMOSA2 elapsed = 14.58 sec | status = SUCCESS
Simulation 1530 | MIMOSA2 elapsed = 15.03 sec | status = SUCCESS
Simulation 1528 | MIMOSA2 elapsed = 15.07 sec | status = SUCCESS
Simulation 1526 | MIMOSA2 elapsed = 15.5 sec | status = SUCCESS
Simulation 1539 | MIMOSA2 elapsed = 15.55 sec | status = SUCCESS
Simulation 1544 | MIMOSA2 elapsed = 7.16 sec | status = SUCCESS
Simulation 1524 | MIMOSA2 elapsed = 16.58 sec | status = SUCCESS
Simulation 1541 | MIMOSA2 elapsed = 9.39 sec | status = SUCCESS
Simulation 1545 | MIMOSA2 elapsed = 8.52 sec | status = SUCCESS
Simulation 1546 | MIMOSA2 elapsed = 9.94 sec | status = SUCCESS
Simulation 1552 | MIMOSA2 elapsed = 8.69 sec | status = SUCCESS
Simulation 1553 | MIMOSA2 elapsed = 8.74 sec | status = SUCCESS
Simulation 1547 | MIMOSA2 elapsed = 13.94 sec | status = SUCCESS
Simulation 1542 | MIMOSA2 elapsed = 15.43 sec | status = SUCCESS
Simulation 1548 | MIMOSA2 elapsed = 13.57 sec | status = SUCCESS
Simulation 1549 | MIMOSA2 elapsed = 14.54 sec | status = SUCCESS
Simulation 1550 | MIMOSA2 elapsed = 15.46 sec | status = SUCCESS
Simulation 1551 | MIMOSA2 elapsed = 15.74 sec | status = SUCCESS
Simulation 1554 | MIMOSA2 elapsed = 15.72 sec | status = SUCCESS
Simulation 1558 | MIMOSA2 elapsed = 15.21 sec | status = SUCCESS
Simulation 1555 | MIMOSA2 elapsed = 15.79 sec | status = SUCCESS
Simulation 1560 | MIMOSA2 elapsed = 14.99 sec | status = SUCCESS
Simulation 1556 | MIMOSA2 elapsed = 16.11 sec | status = SUCCESS
Simulation 1557 | MIMOSA2 elapsed = 15.9 sec | status = SUCCESS
Simulation 1559 | MIMOSA2 elapsed = 15.41 sec | status = SUCCESS
Simulation 1561 | MIMOSA2 elapsed = 15.69 sec | status = SUCCESS
Simulation 1562 | MIMOSA2 elapsed = 16.2 sec | status = SUCCESS
Simulation 1564 | MIMOSA2 elapsed = 16.36 sec | status = SUCCESS
Simulation 1563 | MIMOSA2 elapsed = 17.39 sec | status = SUCCESS
Simulation 1565 | MIMOSA2 elapsed = 16.99 sec | status = SUCCESS
Simulation 1568 | MIMOSA2 elapsed = 13.45 sec | status = SUCCESS
Simulation 1566 | MIMOSA2 elapsed = 15.36 sec | status = SUCCESS
Simulation 1567 | MIMOSA2 elapsed = 16.23 sec | status = SUCCESS
Simulation 1571 | MIMOSA2 elapsed = 14.06 sec | status = SUCCESS
Simulation 1570 | MIMOSA2 elapsed = 15.92 sec | status = SUCCESS
Simulation 1569 | MIMOSA2 elapsed = 17.06 sec | status = SUCCESS
Simulation 1572 | MIMOSA2 elapsed = 15.76 sec | status = SUCCESS
Simulation 1581 | MIMOSA2 elapsed = 11.38 sec | status = SUCCESS
Simulation 1573 | MIMOSA2 elapsed = 16.6 sec | status = SUCCESS
Simulation 1576 | MIMOSA2 elapsed = 15.82 sec | status = SUCCESS
Simulation 1577 | MIMOSA2 elapsed = 15.79 sec | status = SUCCESS
Simulation 1574 | MIMOSA2 elapsed = 16.56 sec | status = SUCCESS
Simulation 1575 | MIMOSA2 elapsed = 16.38 sec | status = SUCCESS
Simulation 1580 | MIMOSA2 elapsed = 16.53 sec | status = SUCCESS
Simulation 1579 | MIMOSA2 elapsed = 16.58 sec | status = SUCCESS
Simulation 1585 | MIMOSA2 elapsed = 11.96 sec | status = SUCCESS
Simulation 1578 | MIMOSA2 elapsed = 17.24 sec | status = SUCCESS
Simulation 1582 | MIMOSA2 elapsed = 15.58 sec | status = SUCCESS
Simulation 1583 | MIMOSA2 elapsed = 15.29 sec | status = SUCCESS
Simulation 1584 | MIMOSA2 elapsed = 15.79 sec | status = SUCCESS
Simulation 1588 | MIMOSA2 elapsed = 13.55 sec | status = SUCCESS
Simulation 1587 | MIMOSA2 elapsed = 15.35 sec | status = SUCCESS
Simulation 1586 | MIMOSA2 elapsed = 16.97 sec | status = SUCCESS
Simulation 1593 | MIMOSA2 elapsed = 12.24 sec | status = SUCCESS
Simulation 1590 | MIMOSA2 elapsed = 15.76 sec | status = SUCCESS
Simulation 1589 | MIMOSA2 elapsed = 17.3 sec | status = SUCCESS
Simulation 1591 | MIMOSA2 elapsed = 16.77 sec | status = SUCCESS
Simulation 1592 | MIMOSA2 elapsed = 14.98 sec | status = SUCCESS
Simulation 1598 | MIMOSA2 elapsed = 13.74 sec | status = SUCCESS
Simulation 1594 | MIMOSA2 elapsed = 16.17 sec | status = SUCCESS
Simulation 1595 | MIMOSA2 elapsed = 15.03 sec | status = SUCCESS
Simulation 1597 | MIMOSA2 elapsed = 15.36 sec | status = SUCCESS
Simulation 1596 | MIMOSA2 elapsed = 15.66 sec | status = SUCCESS
Simulation 1600 | MIMOSA2 elapsed = 14.91 sec | status = SUCCESS
Simulation 1599 | MIMOSA2 elapsed = 15.59 sec | status = SUCCESS
Simulation 1601 | MIMOSA2 elapsed = 5.69 sec | status = SUCCESS
Simulation 1605 | MIMOSA2 elapsed = 5.74 sec | status = SUCCESS
Simulation 1607 | MIMOSA2 elapsed = 6.86 sec | status = SUCCESS
Simulation 1602 | MIMOSA2 elapsed = 7.01 sec | status = SUCCESS
Simulation 1612 | MIMOSA2 elapsed = 7.27 sec | status = SUCCESS
Simulation 1609 | MIMOSA2 elapsed = 7.33 sec | status = SUCCESS
Simulation 1603 | MIMOSA2 elapsed = 7.71 sec | status = SUCCESS
Simulation 1604 | MIMOSA2 elapsed = 7.83 sec | status = SUCCESS
Simulation 1614 | MIMOSA2 elapsed = 7.98 sec | status = SUCCESS
Simulation 1610 | MIMOSA2 elapsed = 8.01 sec | status = SUCCESS
Simulation 1608 | MIMOSA2 elapsed = 8.41 sec | status = SUCCESS
Simulation 1606 | MIMOSA2 elapsed = 10.17 sec | status = SUCCESS
Simulation 1622 | MIMOSA2 elapsed = 8.03 sec | status = SUCCESS
Simulation 1618 | MIMOSA2 elapsed = 14.68 sec | status = SUCCESS
Simulation 1617 | MIMOSA2 elapsed = 14.79 sec | status = SUCCESS
Simulation 1613 | MIMOSA2 elapsed = 15.04 sec | status = SUCCESS
Simulation 1619 | MIMOSA2 elapsed = 15.14 sec | status = SUCCESS
Simulation 1615 | MIMOSA2 elapsed = 15.57 sec | status = SUCCESS
Simulation 1625 | MIMOSA2 elapsed = 8.08 sec | status = SUCCESS
Simulation 1624 | MIMOSA2 elapsed = 8.69 sec | status = SUCCESS
Simulation 1611 | MIMOSA2 elapsed = 16.21 sec | status = SUCCESS
Simulation 1616 | MIMOSA2 elapsed = 16.18 sec | status = SUCCESS
Simulation 1630 | MIMOSA2 elapsed = 9.2 sec | status = SUCCESS
Simulation 1621 | MIMOSA2 elapsed = 12.38 sec | status = SUCCESS
Simulation 1623 | MIMOSA2 elapsed = 12.54 sec | status = SUCCESS
Simulation 1627 | MIMOSA2 elapsed = 11.99 sec | status = SUCCESS
Simulation 1628 | MIMOSA2 elapsed = 14.17 sec | status = SUCCESS
Simulation 1633 | MIMOSA2 elapsed = 8.17 sec | status = SUCCESS
Simulation 1632 | MIMOSA2 elapsed = 12.11 sec | status = SUCCESS
Simulation 1626 | MIMOSA2 elapsed = 16.48 sec | status = SUCCESS
Simulation 1631 | MIMOSA2 elapsed = 15.73 sec | status = SUCCESS
Simulation 1629 | MIMOSA2 elapsed = 16.23 sec | status = SUCCESS
Simulation 1635 | MIMOSA2 elapsed = 13.2 sec | status = SUCCESS
Simulation 1634 | MIMOSA2 elapsed = 14.39 sec | status = SUCCESS
Simulation 1645 | MIMOSA2 elapsed = 9.57 sec | status = SUCCESS
Simulation 1643 | MIMOSA2 elapsed = 11.87 sec | status = SUCCESS
Simulation 1644 | MIMOSA2 elapsed = 11.23 sec | status = SUCCESS
Simulation 1636 | MIMOSA2 elapsed = 15.42 sec | status = SUCCESS
Simulation 1637 | MIMOSA2 elapsed = 15.3 sec | status = SUCCESS
Simulation 1639 | MIMOSA2 elapsed = 15.24 sec | status = SUCCESS
Simulation 1638 | MIMOSA2 elapsed = 15.55 sec | status = SUCCESS
Simulation 1641 | MIMOSA2 elapsed = 15.37 sec | status = SUCCESS
Simulation 1640 | MIMOSA2 elapsed = 15.92 sec | status = SUCCESS
Simulation 1642 | MIMOSA2 elapsed = 15.9 sec | status = SUCCESS
Simulation 1648 | MIMOSA2 elapsed = 13.05 sec | status = SUCCESS
Simulation 1646 | MIMOSA2 elapsed = 16.44 sec | status = SUCCESS
Simulation 1647 | MIMOSA2 elapsed = 15.31 sec | status = SUCCESS
Simulation 1649 | MIMOSA2 elapsed = 16 sec | status = SUCCESS
Simulation 1650 | MIMOSA2 elapsed = 14.62 sec | status = SUCCESS
Simulation 1652 | MIMOSA2 elapsed = 16.4 sec | status = SUCCESS
Simulation 1651 | MIMOSA2 elapsed = 17.67 sec | status = SUCCESS
Simulation 1655 | MIMOSA2 elapsed = 13.53 sec | status = SUCCESS
Simulation 1661 | MIMOSA2 elapsed = 12.48 sec | status = SUCCESS
Simulation 1654 | MIMOSA2 elapsed = 14.64 sec | status = SUCCESS
Simulation 1653 | MIMOSA2 elapsed = 16.67 sec | status = SUCCESS
Simulation 1664 | MIMOSA2 elapsed = 12.98 sec | status = SUCCESS
Simulation 1663 | MIMOSA2 elapsed = 13.75 sec | status = SUCCESS
Simulation 1656 | MIMOSA2 elapsed = 16.33 sec | status = SUCCESS
Simulation 1665 | MIMOSA2 elapsed = 10.51 sec | status = SUCCESS
Simulation 1659 | MIMOSA2 elapsed = 15.66 sec | status = SUCCESS
Simulation 1657 | MIMOSA2 elapsed = 17.11 sec | status = SUCCESS
Simulation 1662 | MIMOSA2 elapsed = 15.39 sec | status = SUCCESS
Simulation 1658 | MIMOSA2 elapsed = 16.99 sec | status = SUCCESS
Simulation 1660 | MIMOSA2 elapsed = 17.77 sec | status = SUCCESS
Simulation 1666 | MIMOSA2 elapsed = 15 sec | status = SUCCESS
Simulation 1667 | MIMOSA2 elapsed = 16.07 sec | status = SUCCESS
Simulation 1668 | MIMOSA2 elapsed = 16.32 sec | status = SUCCESS
Simulation 1669 | MIMOSA2 elapsed = 17.1 sec | status = SUCCESS
Simulation 1670 | MIMOSA2 elapsed = 16.63 sec | status = SUCCESS
Simulation 1672 | MIMOSA2 elapsed = 14.77 sec | status = SUCCESS
Simulation 1671 | MIMOSA2 elapsed = 15.6 sec | status = SUCCESS
Simulation 1673 | MIMOSA2 elapsed = 14.63 sec | status = SUCCESS
Simulation 1675 | MIMOSA2 elapsed = 14.46 sec | status = SUCCESS
Simulation 1674 | MIMOSA2 elapsed = 15.83 sec | status = SUCCESS
Simulation 1677 | MIMOSA2 elapsed = 14.74 sec | status = SUCCESS
Simulation 1680 | MIMOSA2 elapsed = 14.93 sec | status = SUCCESS
Simulation 1676 | MIMOSA2 elapsed = 16.5 sec | status = SUCCESS
Simulation 1678 | MIMOSA2 elapsed = 15.77 sec | status = SUCCESS
Simulation 1679 | MIMOSA2 elapsed = 15.68 sec | status = SUCCESS
