"Res_prop","P_eval","P_other","Eval_effect","Other_effect","Cell_range","Model_label","n","AUC_se","AUC"
"Prop_0.20",20,80,0.000625,5e-04,"Extremely Low","Independent",50,0.024101241423828,0.75171875
"Prop_0.20",20,80,0.000625,5e-04,"Extremely Low","Combined",50,0.02336349924772,0.77359375
"Prop_0.20",20,80,0.000625,5e-04,"Extremely Low","DiD GLM",50,0.0305673199529684,0.6765625
"Prop_0.20",20,80,0.000625,5e-04,"High","Independent",50,0.00806554482926337,0.9696875
"Prop_0.20",20,80,0.000625,5e-04,"High","Combined",50,0.00883119331047564,0.96703125
"Prop_0.20",20,80,0.000625,5e-04,"High","DiD GLM",50,0.0145387057074541,0.920625
"Prop_0.20",20,80,0.000625,5e-04,"Low","Independent",50,0.0168286992362658,0.8771875
"Prop_0.20",20,80,0.000625,5e-04,"Low","Combined",50,0.015239177847052,0.8890625
"Prop_0.20",20,80,0.000625,5e-04,"Low","DiD GLM",50,0.0221913733504677,0.77546875
"Prop_0.20",20,80,0.000625,5e-04,"Medium","Independent",50,0.0105035307854292,0.93671875
"Prop_0.20",20,80,0.000625,5e-04,"Medium","Combined",50,0.0112421360340648,0.93484375
"Prop_0.20",20,80,0.000625,5e-04,"Medium","DiD GLM",50,0.0125665678064836,0.89046875
"Prop_0.20",20,80,0.000625,5e-04,"Very Low","Independent",50,0.019225281991012,0.83515625
"Prop_0.20",20,80,0.000625,5e-04,"Very Low","Combined",50,0.0153931944206088,0.86578125
"Prop_0.20",20,80,0.000625,5e-04,"Very Low","DiD GLM",50,0.0183574446716434,0.774375
"Prop_0.20",20,80,8e-04,5e-04,"Extremely Low","Independent",50,0.0255775229824868,0.77578125
"Prop_0.20",20,80,8e-04,5e-04,"Extremely Low","Combined",50,0.0219867884329002,0.81296875
"Prop_0.20",20,80,8e-04,5e-04,"Extremely Low","DiD GLM",50,0.0248624644729433,0.7253125
"Prop_0.20",20,80,8e-04,5e-04,"High","Independent",50,0.0103495633056966,0.95890625
"Prop_0.20",20,80,8e-04,5e-04,"High","Combined",50,0.0105600883311279,0.9575
"Prop_0.20",20,80,8e-04,5e-04,"High","DiD GLM",50,0.0133597805837109,0.918125
"Prop_0.20",20,80,8e-04,5e-04,"Low","Independent",50,0.0115575865180603,0.929375
"Prop_0.20",20,80,8e-04,5e-04,"Low","Combined",50,0.0101114839554149,0.9353125
"Prop_0.20",20,80,8e-04,5e-04,"Low","DiD GLM",50,0.0173751353503758,0.8559375
"Prop_0.20",20,80,8e-04,5e-04,"Medium","Independent",50,0.00952118174313012,0.9584375
"Prop_0.20",20,80,8e-04,5e-04,"Medium","Combined",50,0.00982906054930418,0.95984375
"Prop_0.20",20,80,8e-04,5e-04,"Medium","DiD GLM",50,0.0133623350119155,0.91140625
"Prop_0.20",20,80,8e-04,5e-04,"Very Low","Independent",50,0.0171003122547275,0.8546875
"Prop_0.20",20,80,8e-04,5e-04,"Very Low","Combined",50,0.0154453963321484,0.8625
"Prop_0.20",20,80,8e-04,5e-04,"Very Low","DiD GLM",50,0.0209170366227582,0.73671875
"Prop_0.20",20,80,8e-04,0.000625,"Extremely Low","Independent",50,0.0268856858353662,0.73296875
"Prop_0.20",20,80,8e-04,0.000625,"Extremely Low","Combined",50,0.0233557780189105,0.76171875
"Prop_0.20",20,80,8e-04,0.000625,"Extremely Low","DiD GLM",50,0.0269823142189888,0.6996875
"Prop_0.20",20,80,8e-04,0.000625,"High","Independent",50,0.00643170961349282,0.97890625
"Prop_0.20",20,80,8e-04,0.000625,"High","Combined",50,0.00844118990555737,0.97203125
"Prop_0.20",20,80,8e-04,0.000625,"High","DiD GLM",50,0.0101587026081014,0.94609375
"Prop_0.20",20,80,8e-04,0.000625,"Low","Independent",50,0.0150342568272667,0.90640625
"Prop_0.20",20,80,8e-04,0.000625,"Low","Combined",50,0.0149236904881799,0.90734375
"Prop_0.20",20,80,8e-04,0.000625,"Low","DiD GLM",50,0.018111593938162,0.83734375
"Prop_0.20",20,80,8e-04,0.000625,"Medium","Independent",50,0.008611125754893,0.95859375
"Prop_0.20",20,80,8e-04,0.000625,"Medium","Combined",50,0.0106407680490999,0.95296875
"Prop_0.20",20,80,8e-04,0.000625,"Medium","DiD GLM",50,0.013107373976164,0.901875
"Prop_0.20",20,80,8e-04,0.000625,"Very Low","Independent",50,0.0166279062069704,0.85515625
"Prop_0.20",20,80,8e-04,0.000625,"Very Low","Combined",50,0.0147268828542674,0.87203125
"Prop_0.20",20,80,8e-04,0.000625,"Very Low","DiD GLM",50,0.0179327223113551,0.76734375
"Prop_0.20",20,80,0.001,5e-04,"Extremely Low","Independent",50,0.0242877350295066,0.79640625
"Prop_0.20",20,80,0.001,5e-04,"Extremely Low","Combined",50,0.0196314521476315,0.82703125
"Prop_0.20",20,80,0.001,5e-04,"Extremely Low","DiD GLM",50,0.0216175285879602,0.77265625
"Prop_0.20",20,80,0.001,5e-04,"High","Independent",50,0.00642671104033147,0.976875
"Prop_0.20",20,80,0.001,5e-04,"High","Combined",50,0.0080988344383747,0.97125
"Prop_0.20",20,80,0.001,5e-04,"High","DiD GLM",50,0.0114733011391932,0.928125
"Prop_0.20",20,80,0.001,5e-04,"Low","Independent",50,0.0122152679481835,0.9090625
"Prop_0.20",20,80,0.001,5e-04,"Low","Combined",50,0.0100446428571429,0.9234375
"Prop_0.20",20,80,0.001,5e-04,"Low","DiD GLM",50,0.0173165378773045,0.8503125
"Prop_0.20",20,80,0.001,5e-04,"Medium","Independent",50,0.00773443136703847,0.96
"Prop_0.20",20,80,0.001,5e-04,"Medium","Combined",50,0.009705818140254,0.95171875
"Prop_0.20",20,80,0.001,5e-04,"Medium","DiD GLM",50,0.0107938821662731,0.9128125
"Prop_0.20",20,80,0.001,5e-04,"Very Low","Independent",50,0.0167757973174975,0.8528125
"Prop_0.20",20,80,0.001,5e-04,"Very Low","Combined",50,0.0153430557274658,0.8721875
"Prop_0.20",20,80,0.001,5e-04,"Very Low","DiD GLM",50,0.0214801741022806,0.7709375
"Prop_0.20",20,80,0.001,0.000625,"Extremely Low","Independent",50,0.0236177591889481,0.800625
"Prop_0.20",20,80,0.001,0.000625,"Extremely Low","Combined",50,0.0183615154255984,0.8446875
"Prop_0.20",20,80,0.001,0.000625,"Extremely Low","DiD GLM",50,0.0197897435178245,0.76796875
"Prop_0.20",20,80,0.001,0.000625,"High","Independent",50,0.00729415652339289,0.9759375
"Prop_0.20",20,80,0.001,0.000625,"High","Combined",50,0.00791816301200562,0.9753125
"Prop_0.20",20,80,0.001,0.000625,"High","DiD GLM",50,0.00826797284707684,0.9484375
"Prop_0.20",20,80,0.001,0.000625,"Low","Independent",50,0.0110227183070943,0.92375
"Prop_0.20",20,80,0.001,0.000625,"Low","Combined",50,0.0111371179130044,0.935
"Prop_0.20",20,80,0.001,0.000625,"Low","DiD GLM",50,0.0167193460221816,0.85984375
"Prop_0.20",20,80,0.001,0.000625,"Medium","Independent",50,0.00889771453686798,0.945
"Prop_0.20",20,80,0.001,0.000625,"Medium","Combined",50,0.009919859840754,0.94375
"Prop_0.20",20,80,0.001,0.000625,"Medium","DiD GLM",50,0.0103210964479437,0.9015625
"Prop_0.20",20,80,0.001,0.000625,"Very Low","Independent",50,0.0145325357396949,0.8409375
"Prop_0.20",20,80,0.001,0.000625,"Very Low","Combined",50,0.0143442578330359,0.8603125
"Prop_0.20",20,80,0.001,0.000625,"Very Low","DiD GLM",50,0.0196281905472248,0.763125
"Prop_0.20",20,80,0.01,5e-04,"Extremely Low","Independent",50,0.0124059760996342,0.9140625
"Prop_0.20",20,80,0.01,5e-04,"Extremely Low","Combined",50,0.0123557525281026,0.9240625
"Prop_0.20",20,80,0.01,5e-04,"Extremely Low","DiD GLM",50,0.0149683612173106,0.86140625
"Prop_0.20",20,80,0.01,5e-04,"High","Independent",50,0.0116393141040398,0.94421875
"Prop_0.20",20,80,0.01,5e-04,"High","Combined",50,0.0116393141040398,0.94421875
"Prop_0.20",20,80,0.01,5e-04,"High","DiD GLM",50,0.0105073012758767,0.9225
"Prop_0.20",20,80,0.01,5e-04,"Low","Independent",50,0.00863628734953125,0.945
"Prop_0.20",20,80,0.01,5e-04,"Low","Combined",50,0.0087048992553572,0.9459375
"Prop_0.20",20,80,0.01,5e-04,"Low","DiD GLM",50,0.0109377049907904,0.89390625
"Prop_0.20",20,80,0.01,5e-04,"Medium","Independent",50,0.0128657623946727,0.91046875
"Prop_0.20",20,80,0.01,5e-04,"Medium","Combined",50,0.0128657623946727,0.91046875
"Prop_0.20",20,80,0.01,5e-04,"Medium","DiD GLM",50,0.0106343746158102,0.895625
"Prop_0.20",20,80,0.01,5e-04,"Very Low","Independent",50,0.0107726276153869,0.9253125
"Prop_0.20",20,80,0.01,5e-04,"Very Low","Combined",50,0.0108752785561322,0.9325
"Prop_0.20",20,80,0.01,5e-04,"Very Low","DiD GLM",50,0.0138315250417612,0.87640625
"Prop_0.20",20,80,0.01,0.000625,"Extremely Low","Independent",50,0.0116102331051147,0.919375
"Prop_0.20",20,80,0.01,0.000625,"Extremely Low","Combined",50,0.0115679282624727,0.926875
"Prop_0.20",20,80,0.01,0.000625,"Extremely Low","DiD GLM",50,0.0158514207017953,0.8571875
"Prop_0.20",20,80,0.01,0.000625,"High","Independent",50,0.0114635042638095,0.94515625
"Prop_0.20",20,80,0.01,0.000625,"High","Combined",50,0.0114635042638095,0.94515625
"Prop_0.20",20,80,0.01,0.000625,"High","DiD GLM",50,0.0103002207352016,0.9284375
"Prop_0.20",20,80,0.01,0.000625,"Low","Independent",50,0.00963044836517416,0.935
"Prop_0.20",20,80,0.01,0.000625,"Low","Combined",50,0.00963044836517416,0.935
"Prop_0.20",20,80,0.01,0.000625,"Low","DiD GLM",50,0.013119152609013,0.87375
"Prop_0.20",20,80,0.01,0.000625,"Medium","Independent",50,0.0127026188257338,0.92171875
"Prop_0.20",20,80,0.01,0.000625,"Medium","Combined",50,0.0127026188257338,0.92171875
"Prop_0.20",20,80,0.01,0.000625,"Medium","DiD GLM",50,0.00976199549899758,0.899375
"Prop_0.20",20,80,0.01,0.000625,"Very Low","Independent",50,0.0106385904978344,0.9471875
"Prop_0.20",20,80,0.01,0.000625,"Very Low","Combined",50,0.0106827101690593,0.9478125
"Prop_0.20",20,80,0.01,0.000625,"Very Low","DiD GLM",50,0.0127545822598174,0.8771875
"Prop_0.20",20,80,0.05,5e-04,"Extremely Low","Independent",50,0.0112621285245313,0.8896875
"Prop_0.20",20,80,0.05,5e-04,"Extremely Low","Combined",50,0.0120250986461226,0.9025
"Prop_0.20",20,80,0.05,5e-04,"Extremely Low","DiD GLM",50,0.0136731094559313,0.863125
"Prop_0.20",20,80,0.05,5e-04,"High","Independent",50,0.0122304523401693,0.93328125
"Prop_0.20",20,80,0.05,5e-04,"High","Combined",50,0.0122304523401693,0.93328125
"Prop_0.20",20,80,0.05,5e-04,"High","DiD GLM",50,0.00932065990433595,0.90359375
"Prop_0.20",20,80,0.05,5e-04,"Low","Independent",50,0.0136025437777559,0.89328125
"Prop_0.20",20,80,0.05,5e-04,"Low","Combined",50,0.0138408877240974,0.89546875
"Prop_0.20",20,80,0.05,5e-04,"Low","DiD GLM",50,0.0105540709106482,0.87765625
"Prop_0.20",20,80,0.05,5e-04,"Medium","Independent",50,0.012628268071916,0.93109375
"Prop_0.20",20,80,0.05,5e-04,"Medium","Combined",50,0.012628268071916,0.93109375
"Prop_0.20",20,80,0.05,5e-04,"Medium","DiD GLM",50,0.0108029488088004,0.91234375
"Prop_0.20",20,80,0.05,5e-04,"Very Low","Independent",50,0.0103467466295607,0.913125
"Prop_0.20",20,80,0.05,5e-04,"Very Low","Combined",50,0.0109323967686479,0.9190625
"Prop_0.20",20,80,0.05,5e-04,"Very Low","DiD GLM",50,0.0125596472291386,0.8703125
"Prop_0.20",20,80,0.05,0.000625,"Extremely Low","Independent",50,0.011579981957795,0.9075
"Prop_0.20",20,80,0.05,0.000625,"Extremely Low","Combined",50,0.0124068596274934,0.919375
"Prop_0.20",20,80,0.05,0.000625,"Extremely Low","DiD GLM",50,0.0149939700092747,0.87078125
"Prop_0.20",20,80,0.05,0.000625,"High","Independent",50,0.01236826711425,0.90078125
"Prop_0.20",20,80,0.05,0.000625,"High","Combined",50,0.0125063958445942,0.90203125
"Prop_0.20",20,80,0.05,0.000625,"High","DiD GLM",50,0.0096792674038116,0.8815625
"Prop_0.20",20,80,0.05,0.000625,"Low","Independent",50,0.0130694585264069,0.9025
"Prop_0.20",20,80,0.05,0.000625,"Low","Combined",50,0.013617900930955,0.9125
"Prop_0.20",20,80,0.05,0.000625,"Low","DiD GLM",50,0.010947881370617,0.8925
"Prop_0.20",20,80,0.05,0.000625,"Medium","Independent",50,0.0124738446064789,0.90328125
"Prop_0.20",20,80,0.05,0.000625,"Medium","Combined",50,0.0126499496159862,0.90484375
"Prop_0.20",20,80,0.05,0.000625,"Medium","DiD GLM",50,0.0101410060244916,0.8884375
"Prop_0.20",20,80,0.05,0.000625,"Very Low","Independent",50,0.010413945222731,0.930625
"Prop_0.20",20,80,0.05,0.000625,"Very Low","Combined",50,0.0108837051717375,0.94
"Prop_0.20",20,80,0.05,0.000625,"Very Low","DiD GLM",50,0.0118392823475539,0.894375
"Prop_0.20",50,50,0.000625,5e-04,"Extremely Low","Independent",50,0.014110171465135,0.7805
"Prop_0.20",50,50,0.000625,5e-04,"Extremely Low","Combined",50,0.0139064843192825,0.7805
"Prop_0.20",50,50,0.000625,5e-04,"Extremely Low","DiD GLM",50,0.0126536419900456,0.712975
"Prop_0.20",50,50,0.000625,5e-04,"High","Independent",50,0.00637627538262754,0.95975
"Prop_0.20",50,50,0.000625,5e-04,"High","Combined",50,0.00669145053064592,0.9575
"Prop_0.20",50,50,0.000625,5e-04,"High","DiD GLM",50,0.00713704763747531,0.92495
"Prop_0.20",50,50,0.000625,5e-04,"Low","Independent",50,0.00879726954973032,0.895275
"Prop_0.20",50,50,0.000625,5e-04,"Low","Combined",50,0.00854836256548705,0.894925
"Prop_0.20",50,50,0.000625,5e-04,"Low","DiD GLM",50,0.0124642657592963,0.808325
"Prop_0.20",50,50,0.000625,5e-04,"Medium","Independent",50,0.00689313470943728,0.94725
"Prop_0.20",50,50,0.000625,5e-04,"Medium","Combined",50,0.00704763674386453,0.94485
"Prop_0.20",50,50,0.000625,5e-04,"Medium","DiD GLM",50,0.00813778429077997,0.903875
"Prop_0.20",50,50,0.000625,5e-04,"Very Low","Independent",50,0.0100219204899122,0.850725
"Prop_0.20",50,50,0.000625,5e-04,"Very Low","Combined",50,0.0102169832851473,0.849325
"Prop_0.20",50,50,0.000625,5e-04,"Very Low","DiD GLM",50,0.0132554166825706,0.76655
"Prop_0.20",50,50,8e-04,5e-04,"Extremely Low","Independent",50,0.0133426320147725,0.791125
"Prop_0.20",50,50,8e-04,5e-04,"Extremely Low","Combined",50,0.0134068598227222,0.793175
"Prop_0.20",50,50,8e-04,5e-04,"Extremely Low","DiD GLM",50,0.0149964813049799,0.722375
"Prop_0.20",50,50,8e-04,5e-04,"High","Independent",50,0.00570814402089377,0.9635
"Prop_0.20",50,50,8e-04,5e-04,"High","Combined",50,0.00596369115941612,0.96165
"Prop_0.20",50,50,8e-04,5e-04,"High","DiD GLM",50,0.00763607509504345,0.9267
"Prop_0.20",50,50,8e-04,5e-04,"Low","Independent",50,0.00779013717754045,0.910175
"Prop_0.20",50,50,8e-04,5e-04,"Low","Combined",50,0.00775430180148873,0.911525
"Prop_0.20",50,50,8e-04,5e-04,"Low","DiD GLM",50,0.0109245680108867,0.833675
"Prop_0.20",50,50,8e-04,5e-04,"Medium","Independent",50,0.00567102036134376,0.962175
"Prop_0.20",50,50,8e-04,5e-04,"Medium","Combined",50,0.00601020496950896,0.959475
"Prop_0.20",50,50,8e-04,5e-04,"Medium","DiD GLM",50,0.00692004353678649,0.921175
"Prop_0.20",50,50,8e-04,5e-04,"Very Low","Independent",50,0.00980376918874177,0.857775
"Prop_0.20",50,50,8e-04,5e-04,"Very Low","Combined",50,0.00928464897735251,0.858725
"Prop_0.20",50,50,8e-04,5e-04,"Very Low","DiD GLM",50,0.013680418096159,0.759575
"Prop_0.20",50,50,8e-04,0.000625,"Extremely Low","Independent",50,0.0130436590271414,0.82335
"Prop_0.20",50,50,8e-04,0.000625,"Extremely Low","Combined",50,0.0125541764739379,0.82805
"Prop_0.20",50,50,8e-04,0.000625,"Extremely Low","DiD GLM",50,0.0154629762725059,0.758125
"Prop_0.20",50,50,8e-04,0.000625,"High","Independent",50,0.0060766248771797,0.969975
"Prop_0.20",50,50,8e-04,0.000625,"High","Combined",50,0.00624395728292726,0.968425
"Prop_0.20",50,50,8e-04,0.000625,"High","DiD GLM",50,0.0075498986342702,0.94455
"Prop_0.20",50,50,8e-04,0.000625,"Low","Independent",50,0.00757580735914378,0.8955
"Prop_0.20",50,50,8e-04,0.000625,"Low","Combined",50,0.00751597278725618,0.89535
"Prop_0.20",50,50,8e-04,0.000625,"Low","DiD GLM",50,0.0102740509269216,0.8315
"Prop_0.20",50,50,8e-04,0.000625,"Medium","Independent",50,0.00534471892695615,0.9592
"Prop_0.20",50,50,8e-04,0.000625,"Medium","Combined",50,0.00551903131288934,0.957425
"Prop_0.20",50,50,8e-04,0.000625,"Medium","DiD GLM",50,0.00657246595072728,0.916475
"Prop_0.20",50,50,8e-04,0.000625,"Very Low","Independent",50,0.00925421580708391,0.8943
"Prop_0.20",50,50,8e-04,0.000625,"Very Low","Combined",50,0.00934283529923178,0.8956
"Prop_0.20",50,50,8e-04,0.000625,"Very Low","DiD GLM",50,0.0149231005012842,0.8037
"Prop_0.20",50,50,0.001,5e-04,"Extremely Low","Independent",50,0.0126498487528266,0.84265
"Prop_0.20",50,50,0.001,5e-04,"Extremely Low","Combined",50,0.0125343426192984,0.8434
"Prop_0.20",50,50,0.001,5e-04,"Extremely Low","DiD GLM",50,0.0155149598643321,0.75705
"Prop_0.20",50,50,0.001,5e-04,"High","Independent",50,0.00484857569029192,0.968425
"Prop_0.20",50,50,0.001,5e-04,"High","Combined",50,0.00515725786377503,0.964725
"Prop_0.20",50,50,0.001,5e-04,"High","DiD GLM",50,0.00709234280972178,0.9281
"Prop_0.20",50,50,0.001,5e-04,"Low","Independent",50,0.00558729540099315,0.927825
"Prop_0.20",50,50,0.001,5e-04,"Low","Combined",50,0.0054124773176694,0.929425
"Prop_0.20",50,50,0.001,5e-04,"Low","DiD GLM",50,0.00714533974713875,0.852175
"Prop_0.20",50,50,0.001,5e-04,"Medium","Independent",50,0.00456772869248637,0.964975
"Prop_0.20",50,50,0.001,5e-04,"Medium","Combined",50,0.00456402860889994,0.96425
"Prop_0.20",50,50,0.001,5e-04,"Medium","DiD GLM",50,0.00678627817205951,0.923
"Prop_0.20",50,50,0.001,5e-04,"Very Low","Independent",50,0.00805265595050123,0.900225
"Prop_0.20",50,50,0.001,5e-04,"Very Low","Combined",50,0.00832970235521838,0.902675
"Prop_0.20",50,50,0.001,5e-04,"Very Low","DiD GLM",50,0.0116023753945439,0.815625
"Prop_0.20",50,50,0.001,0.000625,"Extremely Low","Independent",50,0.0140373754015224,0.8128
"Prop_0.20",50,50,0.001,0.000625,"Extremely Low","Combined",50,0.0141440367473435,0.81805
"Prop_0.20",50,50,0.001,0.000625,"Extremely Low","DiD GLM",50,0.0139687337636302,0.732575
"Prop_0.20",50,50,0.001,0.000625,"High","Independent",50,0.00423831677457368,0.981125
"Prop_0.20",50,50,0.001,0.000625,"High","Combined",50,0.004526543033788,0.9801
"Prop_0.20",50,50,0.001,0.000625,"High","DiD GLM",50,0.00682450285996821,0.953275
"Prop_0.20",50,50,0.001,0.000625,"Low","Independent",50,0.00775832008957125,0.93305
"Prop_0.20",50,50,0.001,0.000625,"Low","Combined",50,0.00779302081797474,0.9331
"Prop_0.20",50,50,0.001,0.000625,"Low","DiD GLM",50,0.00989412124466249,0.879175
"Prop_0.20",50,50,0.001,0.000625,"Medium","Independent",50,0.00486496743702004,0.9636
"Prop_0.20",50,50,0.001,0.000625,"Medium","Combined",50,0.00524416585456678,0.961
"Prop_0.20",50,50,0.001,0.000625,"Medium","DiD GLM",50,0.00713787772866612,0.919375
"Prop_0.20",50,50,0.001,0.000625,"Very Low","Independent",50,0.00792902910519443,0.901475
"Prop_0.20",50,50,0.001,0.000625,"Very Low","Combined",50,0.00797211418582528,0.902825
"Prop_0.20",50,50,0.001,0.000625,"Very Low","DiD GLM",50,0.010903288330984,0.814375
"Prop_0.20",50,50,0.01,5e-04,"Extremely Low","Independent",50,0.00638071072747818,0.9327
"Prop_0.20",50,50,0.01,5e-04,"Extremely Low","Combined",50,0.00625799081012363,0.9352
"Prop_0.20",50,50,0.01,5e-04,"Extremely Low","DiD GLM",50,0.00633326273233116,0.886175
"Prop_0.20",50,50,0.01,5e-04,"High","Independent",50,0.00566543403960745,0.94945
"Prop_0.20",50,50,0.01,5e-04,"High","Combined",50,0.00564862273262343,0.94965
"Prop_0.20",50,50,0.01,5e-04,"High","DiD GLM",50,0.00533480581288808,0.9292
"Prop_0.20",50,50,0.01,5e-04,"Low","Independent",50,0.0052173682180242,0.950675
"Prop_0.20",50,50,0.01,5e-04,"Low","Combined",50,0.0052182286950924,0.950875
"Prop_0.20",50,50,0.01,5e-04,"Low","DiD GLM",50,0.00638835036673501,0.90135
"Prop_0.20",50,50,0.01,5e-04,"Medium","Independent",50,0.00720163406202129,0.931425
"Prop_0.20",50,50,0.01,5e-04,"Medium","Combined",50,0.00720142860685238,0.931475
"Prop_0.20",50,50,0.01,5e-04,"Medium","DiD GLM",50,0.0067984879771542,0.9091
"Prop_0.20",50,50,0.01,5e-04,"Very Low","Independent",50,0.00577607662903547,0.9414
"Prop_0.20",50,50,0.01,5e-04,"Very Low","Combined",50,0.00579782242725311,0.94245
"Prop_0.20",50,50,0.01,5e-04,"Very Low","DiD GLM",50,0.00905182710725254,0.889975
"Prop_0.20",50,50,0.01,0.000625,"Extremely Low","Independent",50,0.00768701860945066,0.93455
"Prop_0.20",50,50,0.01,0.000625,"Extremely Low","Combined",50,0.00716797013933285,0.9417
"Prop_0.20",50,50,0.01,0.000625,"Extremely Low","DiD GLM",50,0.0104515530776385,0.876925
"Prop_0.20",50,50,0.01,0.000625,"High","Independent",50,0.00635764444249148,0.9475
"Prop_0.20",50,50,0.01,0.000625,"High","Combined",50,0.00635422886665218,0.94755
"Prop_0.20",50,50,0.01,0.000625,"High","DiD GLM",50,0.00580148314077125,0.927875
"Prop_0.20",50,50,0.01,0.000625,"Low","Independent",50,0.00453847497536792,0.9561
"Prop_0.20",50,50,0.01,0.000625,"Low","Combined",50,0.00453289563713338,0.9562
"Prop_0.20",50,50,0.01,0.000625,"Low","DiD GLM",50,0.00628279660368417,0.913875
"Prop_0.20",50,50,0.01,0.000625,"Medium","Independent",50,0.0063167860272678,0.94725
"Prop_0.20",50,50,0.01,0.000625,"Medium","Combined",50,0.00630231573895416,0.9474
"Prop_0.20",50,50,0.01,0.000625,"Medium","DiD GLM",50,0.00554259480233375,0.91795
"Prop_0.20",50,50,0.01,0.000625,"Very Low","Independent",50,0.00585941158151846,0.94135
"Prop_0.20",50,50,0.01,0.000625,"Very Low","Combined",50,0.00585573153728334,0.9416
"Prop_0.20",50,50,0.01,0.000625,"Very Low","DiD GLM",50,0.00946201118220883,0.882875
"Prop_0.20",50,50,0.05,5e-04,"Extremely Low","Independent",50,0.00695811448187346,0.92515
"Prop_0.20",50,50,0.05,5e-04,"Extremely Low","Combined",50,0.00716731882810256,0.93665
"Prop_0.20",50,50,0.05,5e-04,"Extremely Low","DiD GLM",50,0.00776929871680967,0.900325
"Prop_0.20",50,50,0.05,5e-04,"High","Independent",50,0.00703498999172518,0.948575
"Prop_0.20",50,50,0.05,5e-04,"High","Combined",50,0.00702940344233435,0.948675
"Prop_0.20",50,50,0.05,5e-04,"High","DiD GLM",50,0.00606005341964735,0.932175
"Prop_0.20",50,50,0.05,5e-04,"Low","Independent",50,0.00821884655992008,0.92545
"Prop_0.20",50,50,0.05,5e-04,"Low","Combined",50,0.00819539442589058,0.9262
"Prop_0.20",50,50,0.05,5e-04,"Low","DiD GLM",50,0.00622877620895345,0.91355
"Prop_0.20",50,50,0.05,5e-04,"Medium","Independent",50,0.00781090371447086,0.928575
"Prop_0.20",50,50,0.05,5e-04,"Medium","Combined",50,0.00779697825429565,0.929175
"Prop_0.20",50,50,0.05,5e-04,"Medium","DiD GLM",50,0.00608031807203725,0.911025
"Prop_0.20",50,50,0.05,5e-04,"Very Low","Independent",50,0.00623789542119089,0.937525
"Prop_0.20",50,50,0.05,5e-04,"Very Low","Combined",50,0.00610058649739883,0.939625
"Prop_0.20",50,50,0.05,5e-04,"Very Low","DiD GLM",50,0.00726583861053118,0.902625
"Prop_0.20",50,50,0.05,0.000625,"Extremely Low","Independent",50,0.00643283985277331,0.9284
"Prop_0.20",50,50,0.05,0.000625,"Extremely Low","Combined",50,0.00672730121465161,0.93555
"Prop_0.20",50,50,0.05,0.000625,"Extremely Low","DiD GLM",50,0.00775526565684008,0.897675
"Prop_0.20",50,50,0.05,0.000625,"High","Independent",50,0.00645204049356576,0.939
"Prop_0.20",50,50,0.05,0.000625,"High","Combined",50,0.00645204049356576,0.939
"Prop_0.20",50,50,0.05,0.000625,"High","DiD GLM",50,0.00529484732199761,0.9167
"Prop_0.20",50,50,0.05,0.000625,"Low","Independent",50,0.00745799546986799,0.933825
"Prop_0.20",50,50,0.05,0.000625,"Low","Combined",50,0.007450884244196,0.934025
"Prop_0.20",50,50,0.05,0.000625,"Low","DiD GLM",50,0.00705326039097219,0.917175
"Prop_0.20",50,50,0.05,0.000625,"Medium","Independent",50,0.00705703441212224,0.9378
"Prop_0.20",50,50,0.05,0.000625,"Medium","Combined",50,0.00701874312836998,0.9385
"Prop_0.20",50,50,0.05,0.000625,"Medium","DiD GLM",50,0.00539009389945091,0.9211
"Prop_0.20",50,50,0.05,0.000625,"Very Low","Independent",50,0.00690273533478148,0.93885
"Prop_0.20",50,50,0.05,0.000625,"Very Low","Combined",50,0.00671291399361814,0.9428
"Prop_0.20",50,50,0.05,0.000625,"Very Low","DiD GLM",50,0.00671522504827497,0.904225
"Prop_0.20",80,20,0.000625,5e-04,"Extremely Low","Independent",50,0.00977614866645984,0.76703125
"Prop_0.20",80,20,0.000625,5e-04,"Extremely Low","Combined",50,0.01019889046327,0.76892578125
"Prop_0.20",80,20,0.000625,5e-04,"Extremely Low","DiD GLM",50,0.0118068917647757,0.70138671875
"Prop_0.20",80,20,0.000625,5e-04,"High","Independent",50,0.00487102471424708,0.962451171875
"Prop_0.20",80,20,0.000625,5e-04,"High","Combined",50,0.00501217741063375,0.96123046875
"Prop_0.20",80,20,0.000625,5e-04,"High","DiD GLM",50,0.00649533615592295,0.928359375
"Prop_0.20",80,20,0.000625,5e-04,"Low","Independent",50,0.00566397590758932,0.87693359375
"Prop_0.20",80,20,0.000625,5e-04,"Low","Combined",50,0.00561790797735705,0.87755859375
"Prop_0.20",80,20,0.000625,5e-04,"Low","DiD GLM",50,0.00847047344384143,0.81115234375
"Prop_0.20",80,20,0.000625,5e-04,"Medium","Independent",50,0.00648062881749004,0.937001953125
"Prop_0.20",80,20,0.000625,5e-04,"Medium","Combined",50,0.00660846888369964,0.93505859375
"Prop_0.20",80,20,0.000625,5e-04,"Medium","DiD GLM",50,0.00811877013330126,0.881220703125
"Prop_0.20",80,20,0.000625,5e-04,"Very Low","Independent",50,0.0083512875092614,0.831884765625
"Prop_0.20",80,20,0.000625,5e-04,"Very Low","Combined",50,0.00835762222368431,0.831748046875
"Prop_0.20",80,20,0.000625,5e-04,"Very Low","DiD GLM",50,0.0099250142389116,0.7362109375
"Prop_0.20",80,20,8e-04,5e-04,"Extremely Low","Independent",50,0.0113917582964697,0.797314453125
"Prop_0.20",80,20,8e-04,5e-04,"Extremely Low","Combined",50,0.011231243474415,0.796845703125
"Prop_0.20",80,20,8e-04,5e-04,"Extremely Low","DiD GLM",50,0.0123162958262696,0.728994140625
"Prop_0.20",80,20,8e-04,5e-04,"High","Independent",50,0.00509932825031028,0.95294921875
"Prop_0.20",80,20,8e-04,5e-04,"High","Combined",50,0.00508682248730031,0.952880859375
"Prop_0.20",80,20,8e-04,5e-04,"High","DiD GLM",50,0.0068293438043104,0.9195703125
"Prop_0.20",80,20,8e-04,5e-04,"Low","Independent",50,0.00540451269213406,0.901904296875
"Prop_0.20",80,20,8e-04,5e-04,"Low","Combined",50,0.00545599800289683,0.902119140625
"Prop_0.20",80,20,8e-04,5e-04,"Low","DiD GLM",50,0.00763029682961631,0.832587890625
"Prop_0.20",80,20,8e-04,5e-04,"Medium","Independent",50,0.00637600127405816,0.93763671875
"Prop_0.20",80,20,8e-04,5e-04,"Medium","Combined",50,0.00636441261173556,0.9363671875
"Prop_0.20",80,20,8e-04,5e-04,"Medium","DiD GLM",50,0.00782990987531513,0.892041015625
"Prop_0.20",80,20,8e-04,5e-04,"Very Low","Independent",50,0.00808969970721643,0.8554296875
"Prop_0.20",80,20,8e-04,5e-04,"Very Low","Combined",50,0.0082052486773639,0.85560546875
"Prop_0.20",80,20,8e-04,5e-04,"Very Low","DiD GLM",50,0.00989923988763192,0.755908203125
"Prop_0.20",80,20,8e-04,0.000625,"Extremely Low","Independent",50,0.00906795039827891,0.800595703125
"Prop_0.20",80,20,8e-04,0.000625,"Extremely Low","Combined",50,0.00909240010212774,0.802685546875
"Prop_0.20",80,20,8e-04,0.000625,"Extremely Low","DiD GLM",50,0.0120477498038613,0.724326171875
"Prop_0.20",80,20,8e-04,0.000625,"High","Independent",50,0.00571605808155883,0.957470703125
"Prop_0.20",80,20,8e-04,0.000625,"High","Combined",50,0.00570032594420153,0.95736328125
"Prop_0.20",80,20,8e-04,0.000625,"High","DiD GLM",50,0.00626279867306048,0.915078125
"Prop_0.20",80,20,8e-04,0.000625,"Low","Independent",50,0.00597482734191622,0.887275390625
"Prop_0.20",80,20,8e-04,0.000625,"Low","Combined",50,0.00598668054454617,0.887685546875
"Prop_0.20",80,20,8e-04,0.000625,"Low","DiD GLM",50,0.00922783977808812,0.8219921875
"Prop_0.20",80,20,8e-04,0.000625,"Medium","Independent",50,0.00496678060507078,0.954619140625
"Prop_0.20",80,20,8e-04,0.000625,"Medium","Combined",50,0.0049409603684853,0.95419921875
"Prop_0.20",80,20,8e-04,0.000625,"Medium","DiD GLM",50,0.005832952221876,0.90521484375
"Prop_0.20",80,20,8e-04,0.000625,"Very Low","Independent",50,0.00839571918514204,0.86458984375
"Prop_0.20",80,20,8e-04,0.000625,"Very Low","Combined",50,0.00848944740987398,0.86623046875
"Prop_0.20",80,20,8e-04,0.000625,"Very Low","DiD GLM",50,0.0105295047518616,0.76955078125
"Prop_0.20",80,20,0.001,5e-04,"Extremely Low","Independent",50,0.00838431250933464,0.82724609375
"Prop_0.20",80,20,0.001,5e-04,"Extremely Low","Combined",50,0.00852380145398058,0.82666015625
"Prop_0.20",80,20,0.001,5e-04,"Extremely Low","DiD GLM",50,0.0092621951880131,0.751171875
"Prop_0.20",80,20,0.001,5e-04,"High","Independent",50,0.00582935700051268,0.958271484375
"Prop_0.20",80,20,0.001,5e-04,"High","Combined",50,0.00581951943200882,0.957978515625
"Prop_0.20",80,20,0.001,5e-04,"High","DiD GLM",50,0.00616994367855471,0.915634765625
"Prop_0.20",80,20,0.001,5e-04,"Low","Independent",50,0.005017856902378,0.913486328125
"Prop_0.20",80,20,0.001,5e-04,"Low","Combined",50,0.00496734876708301,0.912626953125
"Prop_0.20",80,20,0.001,5e-04,"Low","DiD GLM",50,0.00788095112091129,0.84212890625
"Prop_0.20",80,20,0.001,5e-04,"Medium","Independent",50,0.00410077970428801,0.957099609375
"Prop_0.20",80,20,0.001,5e-04,"Medium","Combined",50,0.00409374183217767,0.957119140625
"Prop_0.20",80,20,0.001,5e-04,"Medium","DiD GLM",50,0.00442994978764983,0.909365234375
"Prop_0.20",80,20,0.001,5e-04,"Very Low","Independent",50,0.00639292324363834,0.890390625
"Prop_0.20",80,20,0.001,5e-04,"Very Low","Combined",50,0.00641401368261301,0.88978515625
"Prop_0.20",80,20,0.001,5e-04,"Very Low","DiD GLM",50,0.00897445756857074,0.797548828125
"Prop_0.20",80,20,0.001,0.000625,"Extremely Low","Independent",50,0.0108297186988926,0.814052734375
"Prop_0.20",80,20,0.001,0.000625,"Extremely Low","Combined",50,0.0107506678355236,0.812998046875
"Prop_0.20",80,20,0.001,0.000625,"Extremely Low","DiD GLM",50,0.0112599560199766,0.738125
"Prop_0.20",80,20,0.001,0.000625,"High","Independent",50,0.00580154953833877,0.965
"Prop_0.20",80,20,0.001,0.000625,"High","Combined",50,0.00567870849553629,0.96521484375
"Prop_0.20",80,20,0.001,0.000625,"High","DiD GLM",50,0.00616129365017269,0.92357421875
"Prop_0.20",80,20,0.001,0.000625,"Low","Independent",50,0.00766998787108215,0.911474609375
"Prop_0.20",80,20,0.001,0.000625,"Low","Combined",50,0.00763082327980408,0.911513671875
"Prop_0.20",80,20,0.001,0.000625,"Low","DiD GLM",50,0.0109087622882898,0.832412109375
"Prop_0.20",80,20,0.001,0.000625,"Medium","Independent",50,0.00488325013982624,0.95798828125
"Prop_0.20",80,20,0.001,0.000625,"Medium","Combined",50,0.0050845023791575,0.95654296875
"Prop_0.20",80,20,0.001,0.000625,"Medium","DiD GLM",50,0.00497619098377377,0.9162890625
"Prop_0.20",80,20,0.001,0.000625,"Very Low","Independent",50,0.00715542042643156,0.873515625
"Prop_0.20",80,20,0.001,0.000625,"Very Low","Combined",50,0.00708235264858951,0.8746875
"Prop_0.20",80,20,0.001,0.000625,"Very Low","DiD GLM",50,0.00927355431217719,0.778447265625
"Prop_0.20",80,20,0.01,5e-04,"Extremely Low","Independent",50,0.00587702221340528,0.920625
"Prop_0.20",80,20,0.01,5e-04,"Extremely Low","Combined",50,0.00617733185206904,0.9212890625
"Prop_0.20",80,20,0.01,5e-04,"Extremely Low","DiD GLM",50,0.00830260474793822,0.8633984375
"Prop_0.20",80,20,0.01,5e-04,"High","Independent",50,0.0063080700298838,0.929873046875
"Prop_0.20",80,20,0.01,5e-04,"High","Combined",50,0.00630367739938408,0.929931640625
"Prop_0.20",80,20,0.01,5e-04,"High","DiD GLM",50,0.00556464795000883,0.9090234375
"Prop_0.20",80,20,0.01,5e-04,"Low","Independent",50,0.00456573826996867,0.936875
"Prop_0.20",80,20,0.01,5e-04,"Low","Combined",50,0.00453180748599307,0.93720703125
"Prop_0.20",80,20,0.01,5e-04,"Low","DiD GLM",50,0.00506892613433439,0.883759765625
"Prop_0.20",80,20,0.01,5e-04,"Medium","Independent",50,0.00688632026022954,0.924365234375
"Prop_0.20",80,20,0.01,5e-04,"Medium","Combined",50,0.00688523827124542,0.924404296875
"Prop_0.20",80,20,0.01,5e-04,"Medium","DiD GLM",50,0.0052317641338318,0.89837890625
"Prop_0.20",80,20,0.01,5e-04,"Very Low","Independent",50,0.00448747204955171,0.92935546875
"Prop_0.20",80,20,0.01,5e-04,"Very Low","Combined",50,0.00448453919254492,0.92994140625
"Prop_0.20",80,20,0.01,5e-04,"Very Low","DiD GLM",50,0.00620999060340904,0.859208984375
"Prop_0.20",80,20,0.01,0.000625,"Extremely Low","Independent",50,0.00648431076794625,0.91974609375
"Prop_0.20",80,20,0.01,0.000625,"Extremely Low","Combined",50,0.00651298983216084,0.92384765625
"Prop_0.20",80,20,0.01,0.000625,"Extremely Low","DiD GLM",50,0.00783757398583028,0.859111328125
"Prop_0.20",80,20,0.01,0.000625,"High","Independent",50,0.00562960205047847,0.93416015625
"Prop_0.20",80,20,0.01,0.000625,"High","Combined",50,0.00561998416155633,0.93423828125
"Prop_0.20",80,20,0.01,0.000625,"High","DiD GLM",50,0.00463836788242623,0.90447265625
"Prop_0.20",80,20,0.01,0.000625,"Low","Independent",50,0.00435133693265447,0.9365234375
"Prop_0.20",80,20,0.01,0.000625,"Low","Combined",50,0.00433094767840347,0.93685546875
"Prop_0.20",80,20,0.01,0.000625,"Low","DiD GLM",50,0.00503727776741392,0.885390625
"Prop_0.20",80,20,0.01,0.000625,"Medium","Independent",50,0.00566532086132811,0.927099609375
"Prop_0.20",80,20,0.01,0.000625,"Medium","Combined",50,0.00565882419767995,0.927197265625
"Prop_0.20",80,20,0.01,0.000625,"Medium","DiD GLM",50,0.00508523746569759,0.903349609375
"Prop_0.20",80,20,0.01,0.000625,"Very Low","Independent",50,0.00448480218668549,0.9287890625
"Prop_0.20",80,20,0.01,0.000625,"Very Low","Combined",50,0.00451563399945479,0.93185546875
"Prop_0.20",80,20,0.01,0.000625,"Very Low","DiD GLM",50,0.00733477781067379,0.863876953125
"Prop_0.20",80,20,0.05,5e-04,"Extremely Low","Independent",50,0.00608786082286848,0.89935546875
"Prop_0.20",80,20,0.05,5e-04,"Extremely Low","Combined",50,0.00579610893953752,0.90552734375
"Prop_0.20",80,20,0.05,5e-04,"Extremely Low","DiD GLM",50,0.0064681949792955,0.877490234375
"Prop_0.20",80,20,0.05,5e-04,"High","Independent",50,0.00565121809739812,0.931298828125
"Prop_0.20",80,20,0.05,5e-04,"High","Combined",50,0.00565121809739812,0.931298828125
"Prop_0.20",80,20,0.05,5e-04,"High","DiD GLM",50,0.00492475291428322,0.90884765625
"Prop_0.20",80,20,0.05,5e-04,"Low","Independent",50,0.00685616838819905,0.915771484375
"Prop_0.20",80,20,0.05,5e-04,"Low","Combined",50,0.00664103252355679,0.917607421875
"Prop_0.20",80,20,0.05,5e-04,"Low","DiD GLM",50,0.00545963161099777,0.89697265625
"Prop_0.20",80,20,0.05,5e-04,"Medium","Independent",50,0.00662635337569694,0.920625
"Prop_0.20",80,20,0.05,5e-04,"Medium","Combined",50,0.00656728023596254,0.92095703125
"Prop_0.20",80,20,0.05,5e-04,"Medium","DiD GLM",50,0.00520841390326845,0.900595703125
"Prop_0.20",80,20,0.05,5e-04,"Very Low","Independent",50,0.00695130812348372,0.9212109375
"Prop_0.20",80,20,0.05,5e-04,"Very Low","Combined",50,0.00670634670549527,0.923828125
"Prop_0.20",80,20,0.05,5e-04,"Very Low","DiD GLM",50,0.00739902394985851,0.885068359375
"Prop_0.20",80,20,0.05,0.000625,"Extremely Low","Independent",50,0.00520364114546525,0.88751953125
"Prop_0.20",80,20,0.05,0.000625,"Extremely Low","Combined",50,0.00586609746699517,0.89228515625
"Prop_0.20",80,20,0.05,0.000625,"Extremely Low","DiD GLM",50,0.00698399991756573,0.860361328125
"Prop_0.20",80,20,0.05,0.000625,"High","Independent",50,0.00532002057533798,0.934072265625
"Prop_0.20",80,20,0.05,0.000625,"High","Combined",50,0.00532002057533798,0.934072265625
"Prop_0.20",80,20,0.05,0.000625,"High","DiD GLM",50,0.00441544238212513,0.90978515625
"Prop_0.20",80,20,0.05,0.000625,"Low","Independent",50,0.00683948138937791,0.905341796875
"Prop_0.20",80,20,0.05,0.000625,"Low","Combined",50,0.00675605386538152,0.906884765625
"Prop_0.20",80,20,0.05,0.000625,"Low","DiD GLM",50,0.0063357984134534,0.888330078125
"Prop_0.20",80,20,0.05,0.000625,"Medium","Independent",50,0.00586227092153431,0.910126953125
"Prop_0.20",80,20,0.05,0.000625,"Medium","Combined",50,0.00586227092153431,0.910126953125
"Prop_0.20",80,20,0.05,0.000625,"Medium","DiD GLM",50,0.00482216319789851,0.89275390625
"Prop_0.20",80,20,0.05,0.000625,"Very Low","Independent",50,0.00755573466668604,0.925029296875
"Prop_0.20",80,20,0.05,0.000625,"Very Low","Combined",50,0.00755555435223651,0.927470703125
"Prop_0.20",80,20,0.05,0.000625,"Very Low","DiD GLM",50,0.00648997814875927,0.88611328125
"Prop_0.50",20,80,0.000625,5e-04,"Extremely Low","Independent",50,0.0146793561877466,0.7584375
"Prop_0.50",20,80,0.000625,5e-04,"Extremely Low","Combined",50,0.014209751223465,0.766145833333333
"Prop_0.50",20,80,0.000625,5e-04,"Extremely Low","DiD GLM",50,0.0143120494487898,0.655520833333333
"Prop_0.50",20,80,0.000625,5e-04,"High","Independent",50,0.0081000647594413,0.9615625
"Prop_0.50",20,80,0.000625,5e-04,"High","Combined",50,0.00878984489620378,0.957291666666667
"Prop_0.50",20,80,0.000625,5e-04,"High","DiD GLM",50,0.00984562540624122,0.9271875
"Prop_0.50",20,80,0.000625,5e-04,"Low","Independent",50,0.0135700986843189,0.8684375
"Prop_0.50",20,80,0.000625,5e-04,"Low","Combined",50,0.0140275295843089,0.8678125
"Prop_0.50",20,80,0.000625,5e-04,"Low","DiD GLM",50,0.0156568623545614,0.7909375
"Prop_0.50",20,80,0.000625,5e-04,"Medium","Independent",50,0.0070668701236595,0.950416666666667
"Prop_0.50",20,80,0.000625,5e-04,"Medium","Combined",50,0.00717996314393739,0.947916666666667
"Prop_0.50",20,80,0.000625,5e-04,"Medium","DiD GLM",50,0.00802711179749752,0.899166666666667
"Prop_0.50",20,80,0.000625,5e-04,"Very Low","Independent",50,0.00992420074804658,0.843125
"Prop_0.50",20,80,0.000625,5e-04,"Very Low","Combined",50,0.00997374671739595,0.840833333333333
"Prop_0.50",20,80,0.000625,5e-04,"Very Low","DiD GLM",50,0.0141072998283411,0.7525
"Prop_0.50",20,80,8e-04,5e-04,"Extremely Low","Independent",50,0.016022778271581,0.7865625
"Prop_0.50",20,80,8e-04,5e-04,"Extremely Low","Combined",50,0.0141159070249354,0.7996875
"Prop_0.50",20,80,8e-04,5e-04,"Extremely Low","DiD GLM",50,0.0159746867860948,0.723958333333333
"Prop_0.50",20,80,8e-04,5e-04,"High","Independent",50,0.00549983572729322,0.963333333333333
"Prop_0.50",20,80,8e-04,5e-04,"High","Combined",50,0.00595424078087576,0.960416666666667
"Prop_0.50",20,80,8e-04,5e-04,"High","DiD GLM",50,0.00717380757293764,0.9121875
"Prop_0.50",20,80,8e-04,5e-04,"Low","Independent",50,0.00842121233835915,0.916770833333333
"Prop_0.50",20,80,8e-04,5e-04,"Low","Combined",50,0.00829819601140216,0.914895833333333
"Prop_0.50",20,80,8e-04,5e-04,"Low","DiD GLM",50,0.01155426178907,0.832395833333333
"Prop_0.50",20,80,8e-04,5e-04,"Medium","Independent",50,0.00466797236349944,0.964583333333333
"Prop_0.50",20,80,8e-04,5e-04,"Medium","Combined",50,0.00493150361362095,0.961041666666667
"Prop_0.50",20,80,8e-04,5e-04,"Medium","DiD GLM",50,0.0062245086729761,0.912083333333333
"Prop_0.50",20,80,8e-04,5e-04,"Very Low","Independent",50,0.0126636904761905,0.8690625
"Prop_0.50",20,80,8e-04,5e-04,"Very Low","Combined",50,0.012361844587337,0.871770833333333
"Prop_0.50",20,80,8e-04,5e-04,"Very Low","DiD GLM",50,0.0123700820096609,0.758229166666667
"Prop_0.50",20,80,8e-04,0.000625,"Extremely Low","Independent",50,0.0137119396968275,0.790416666666667
"Prop_0.50",20,80,8e-04,0.000625,"Extremely Low","Combined",50,0.013879230627108,0.792708333333333
"Prop_0.50",20,80,8e-04,0.000625,"Extremely Low","DiD GLM",50,0.0162166949494094,0.720104166666667
"Prop_0.50",20,80,8e-04,0.000625,"High","Independent",50,0.00520101526697012,0.9675
"Prop_0.50",20,80,8e-04,0.000625,"High","Combined",50,0.00579327918260822,0.960104166666667
"Prop_0.50",20,80,8e-04,0.000625,"High","DiD GLM",50,0.00620134119792334,0.926458333333333
"Prop_0.50",20,80,8e-04,0.000625,"Low","Independent",50,0.00731325763561615,0.919375
"Prop_0.50",20,80,8e-04,0.000625,"Low","Combined",50,0.00725122409323696,0.920208333333333
"Prop_0.50",20,80,8e-04,0.000625,"Low","DiD GLM",50,0.0122487142992286,0.810208333333333
"Prop_0.50",20,80,8e-04,0.000625,"Medium","Independent",50,0.00618627160897968,0.955520833333333
"Prop_0.50",20,80,8e-04,0.000625,"Medium","Combined",50,0.00667489925357316,0.953125
"Prop_0.50",20,80,8e-04,0.000625,"Medium","DiD GLM",50,0.00833599022271483,0.903125
"Prop_0.50",20,80,8e-04,0.000625,"Very Low","Independent",50,0.0109998727703423,0.863125
"Prop_0.50",20,80,8e-04,0.000625,"Very Low","Combined",50,0.0107795630519904,0.86375
"Prop_0.50",20,80,8e-04,0.000625,"Very Low","DiD GLM",50,0.0140385756428468,0.7584375
"Prop_0.50",20,80,0.001,5e-04,"Extremely Low","Independent",50,0.0134994435931361,0.826458333333333
"Prop_0.50",20,80,0.001,5e-04,"Extremely Low","Combined",50,0.0123222552632723,0.83
"Prop_0.50",20,80,0.001,5e-04,"Extremely Low","DiD GLM",50,0.0158658380658312,0.7446875
"Prop_0.50",20,80,0.001,5e-04,"High","Independent",50,0.00579939180997855,0.9596875
"Prop_0.50",20,80,0.001,5e-04,"High","Combined",50,0.00612835127439702,0.953125
"Prop_0.50",20,80,0.001,5e-04,"High","DiD GLM",50,0.00792745639592531,0.911666666666667
"Prop_0.50",20,80,0.001,5e-04,"Low","Independent",50,0.00803813896399752,0.92
"Prop_0.50",20,80,0.001,5e-04,"Low","Combined",50,0.00835080014700616,0.918958333333333
"Prop_0.50",20,80,0.001,5e-04,"Low","DiD GLM",50,0.0113252162433741,0.829583333333333
"Prop_0.50",20,80,0.001,5e-04,"Medium","Independent",50,0.00555003667558514,0.9590625
"Prop_0.50",20,80,0.001,5e-04,"Medium","Combined",50,0.00585351298793183,0.9571875
"Prop_0.50",20,80,0.001,5e-04,"Medium","DiD GLM",50,0.00797352478554302,0.907708333333333
"Prop_0.50",20,80,0.001,5e-04,"Very Low","Independent",50,0.0111398614715553,0.872916666666667
"Prop_0.50",20,80,0.001,5e-04,"Very Low","Combined",50,0.0115985926994489,0.87125
"Prop_0.50",20,80,0.001,5e-04,"Very Low","DiD GLM",50,0.0147389729838054,0.768645833333333
"Prop_0.50",20,80,0.001,0.000625,"Extremely Low","Independent",50,0.0139675000360206,0.829166666666667
"Prop_0.50",20,80,0.001,0.000625,"Extremely Low","Combined",50,0.013833812281685,0.830416666666667
"Prop_0.50",20,80,0.001,0.000625,"Extremely Low","DiD GLM",50,0.0150490873516042,0.743229166666667
"Prop_0.50",20,80,0.001,0.000625,"High","Independent",50,0.00465999583953567,0.968125
"Prop_0.50",20,80,0.001,0.000625,"High","Combined",50,0.00546809702126925,0.961041666666667
"Prop_0.50",20,80,0.001,0.000625,"High","DiD GLM",50,0.00695715956127195,0.925208333333333
"Prop_0.50",20,80,0.001,0.000625,"Low","Independent",50,0.00980861357311814,0.92125
"Prop_0.50",20,80,0.001,0.000625,"Low","Combined",50,0.00940890505484383,0.92375
"Prop_0.50",20,80,0.001,0.000625,"Low","DiD GLM",50,0.0129383954963012,0.836770833333333
"Prop_0.50",20,80,0.001,0.000625,"Medium","Independent",50,0.00522380779425461,0.969895833333333
"Prop_0.50",20,80,0.001,0.000625,"Medium","Combined",50,0.00561743633576693,0.966666666666667
"Prop_0.50",20,80,0.001,0.000625,"Medium","DiD GLM",50,0.00747256473443472,0.920104166666667
"Prop_0.50",20,80,0.001,0.000625,"Very Low","Independent",50,0.0101581004114083,0.897708333333333
"Prop_0.50",20,80,0.001,0.000625,"Very Low","Combined",50,0.00980138647696071,0.898541666666667
"Prop_0.50",20,80,0.001,0.000625,"Very Low","DiD GLM",50,0.016160912971242,0.784895833333333
"Prop_0.50",20,80,0.01,5e-04,"Extremely Low","Independent",50,0.00632746774567539,0.929166666666667
"Prop_0.50",20,80,0.01,5e-04,"Extremely Low","Combined",50,0.00625573716271549,0.934791666666667
"Prop_0.50",20,80,0.01,5e-04,"Extremely Low","DiD GLM",50,0.00740581210972403,0.878333333333333
"Prop_0.50",20,80,0.01,5e-04,"High","Independent",50,0.00688626422094265,0.941041666666667
"Prop_0.50",20,80,0.01,5e-04,"High","Combined",50,0.00684517339513937,0.9425
"Prop_0.50",20,80,0.01,5e-04,"High","DiD GLM",50,0.00634487234271514,0.916458333333333
"Prop_0.50",20,80,0.01,5e-04,"Low","Independent",50,0.0069483850072649,0.934895833333333
"Prop_0.50",20,80,0.01,5e-04,"Low","Combined",50,0.00671935559286256,0.940729166666667
"Prop_0.50",20,80,0.01,5e-04,"Low","DiD GLM",50,0.007779991890068,0.884583333333333
"Prop_0.50",20,80,0.01,5e-04,"Medium","Independent",50,0.00687218105988494,0.928020833333333
"Prop_0.50",20,80,0.01,5e-04,"Medium","Combined",50,0.00704466548973369,0.930104166666667
"Prop_0.50",20,80,0.01,5e-04,"Medium","DiD GLM",50,0.0067146577277893,0.904791666666667
"Prop_0.50",20,80,0.01,5e-04,"Very Low","Independent",50,0.00731204635005802,0.923541666666667
"Prop_0.50",20,80,0.01,5e-04,"Very Low","Combined",50,0.00735215436133073,0.928125
"Prop_0.50",20,80,0.01,5e-04,"Very Low","DiD GLM",50,0.00938203628618454,0.859583333333333
"Prop_0.50",20,80,0.01,0.000625,"Extremely Low","Independent",50,0.00752105180397631,0.930625
"Prop_0.50",20,80,0.01,0.000625,"Extremely Low","Combined",50,0.00717755708303822,0.933958333333333
"Prop_0.50",20,80,0.01,0.000625,"Extremely Low","DiD GLM",50,0.00990467962992386,0.866875
"Prop_0.50",20,80,0.01,0.000625,"High","Independent",50,0.00508388741822428,0.93
"Prop_0.50",20,80,0.01,0.000625,"High","Combined",50,0.00533236664814928,0.93375
"Prop_0.50",20,80,0.01,0.000625,"High","DiD GLM",50,0.00504692496491417,0.906770833333333
"Prop_0.50",20,80,0.01,0.000625,"Low","Independent",50,0.00648174383309876,0.929583333333333
"Prop_0.50",20,80,0.01,0.000625,"Low","Combined",50,0.00646630035803277,0.9346875
"Prop_0.50",20,80,0.01,0.000625,"Low","DiD GLM",50,0.00945174792845541,0.878645833333333
"Prop_0.50",20,80,0.01,0.000625,"Medium","Independent",50,0.00837198730799688,0.924791666666667
"Prop_0.50",20,80,0.01,0.000625,"Medium","Combined",50,0.00849904331350876,0.927291666666667
"Prop_0.50",20,80,0.01,0.000625,"Medium","DiD GLM",50,0.00761173442266622,0.900729166666667
"Prop_0.50",20,80,0.01,0.000625,"Very Low","Independent",50,0.00725580344782501,0.92875
"Prop_0.50",20,80,0.01,0.000625,"Very Low","Combined",50,0.00684038388961976,0.934375
"Prop_0.50",20,80,0.01,0.000625,"Very Low","DiD GLM",50,0.0100681932915724,0.865208333333333
"Prop_0.50",20,80,0.05,5e-04,"Extremely Low","Independent",50,0.00748534092731827,0.914166666666667
"Prop_0.50",20,80,0.05,5e-04,"Extremely Low","Combined",50,0.00855720753148838,0.914791666666667
"Prop_0.50",20,80,0.05,5e-04,"Extremely Low","DiD GLM",50,0.00718304665842094,0.882291666666667
"Prop_0.50",20,80,0.05,5e-04,"High","Independent",50,0.00780358050923884,0.927291666666667
"Prop_0.50",20,80,0.05,5e-04,"High","Combined",50,0.00769822892157096,0.929479166666667
"Prop_0.50",20,80,0.05,5e-04,"High","DiD GLM",50,0.00573749008861948,0.897083333333333
"Prop_0.50",20,80,0.05,5e-04,"Low","Independent",50,0.00754569941883373,0.9090625
"Prop_0.50",20,80,0.05,5e-04,"Low","Combined",50,0.00767096857363591,0.9178125
"Prop_0.50",20,80,0.05,5e-04,"Low","DiD GLM",50,0.00684506016849505,0.892604166666667
"Prop_0.50",20,80,0.05,5e-04,"Medium","Independent",50,0.00767356622122904,0.914479166666667
"Prop_0.50",20,80,0.05,5e-04,"Medium","Combined",50,0.00778141491529016,0.915833333333333
"Prop_0.50",20,80,0.05,5e-04,"Medium","DiD GLM",50,0.0069160416896561,0.896875
"Prop_0.50",20,80,0.05,5e-04,"Very Low","Independent",50,0.00745439174911048,0.922708333333333
"Prop_0.50",20,80,0.05,5e-04,"Very Low","Combined",50,0.00670244438775698,0.936875
"Prop_0.50",20,80,0.05,5e-04,"Very Low","DiD GLM",50,0.00703124606323901,0.891875
"Prop_0.50",20,80,0.05,0.000625,"Extremely Low","Independent",50,0.00730719919992553,0.919375
"Prop_0.50",20,80,0.05,0.000625,"Extremely Low","Combined",50,0.00911686378177383,0.918333333333333
"Prop_0.50",20,80,0.05,0.000625,"Extremely Low","DiD GLM",50,0.00816975127866298,0.878020833333333
"Prop_0.50",20,80,0.05,0.000625,"High","Independent",50,0.00776004213701536,0.92625
"Prop_0.50",20,80,0.05,0.000625,"High","Combined",50,0.00789146599910811,0.927604166666667
"Prop_0.50",20,80,0.05,0.000625,"High","DiD GLM",50,0.00733200697266209,0.900416666666667
"Prop_0.50",20,80,0.05,0.000625,"Low","Independent",50,0.00759389449229384,0.91375
"Prop_0.50",20,80,0.05,0.000625,"Low","Combined",50,0.00755706277900382,0.922083333333333
"Prop_0.50",20,80,0.05,0.000625,"Low","DiD GLM",50,0.00653287368337435,0.899895833333333
"Prop_0.50",20,80,0.05,0.000625,"Medium","Independent",50,0.00794800289826707,0.915729166666667
"Prop_0.50",20,80,0.05,0.000625,"Medium","Combined",50,0.0079414667048371,0.91875
"Prop_0.50",20,80,0.05,0.000625,"Medium","DiD GLM",50,0.00642197150736308,0.895520833333333
"Prop_0.50",20,80,0.05,0.000625,"Very Low","Independent",50,0.00735871746903736,0.9175
"Prop_0.50",20,80,0.05,0.000625,"Very Low","Combined",50,0.00764162623599272,0.928125
"Prop_0.50",20,80,0.05,0.000625,"Very Low","DiD GLM",50,0.00742802529662199,0.886041666666667
"Prop_0.50",50,50,0.000625,5e-04,"Extremely Low","Independent",50,0.00973883688929943,0.782195512820513
"Prop_0.50",50,50,0.000625,5e-04,"Extremely Low","Combined",50,0.00975348589826975,0.782067307692308
"Prop_0.50",50,50,0.000625,5e-04,"Extremely Low","DiD GLM",50,0.0123796528964122,0.703285256410256
"Prop_0.50",50,50,0.000625,5e-04,"High","Independent",50,0.00419479958750653,0.958926282051282
"Prop_0.50",50,50,0.000625,5e-04,"High","Combined",50,0.00427859381268593,0.957548076923077
"Prop_0.50",50,50,0.000625,5e-04,"High","DiD GLM",50,0.00471930626290213,0.923926282051282
"Prop_0.50",50,50,0.000625,5e-04,"Low","Independent",50,0.00683682003182032,0.884214743589744
"Prop_0.50",50,50,0.000625,5e-04,"Low","Combined",50,0.00661907595113952,0.884278846153846
"Prop_0.50",50,50,0.000625,5e-04,"Low","DiD GLM",50,0.00841771403333202,0.797483974358974
"Prop_0.50",50,50,0.000625,5e-04,"Medium","Independent",50,0.00413557108284272,0.945769230769231
"Prop_0.50",50,50,0.000625,5e-04,"Medium","Combined",50,0.00444968555073532,0.942163461538462
"Prop_0.50",50,50,0.000625,5e-04,"Medium","DiD GLM",50,0.00604658132016931,0.892820512820513
"Prop_0.50",50,50,0.000625,5e-04,"Very Low","Independent",50,0.00670034245848446,0.847580128205128
"Prop_0.50",50,50,0.000625,5e-04,"Very Low","Combined",50,0.00653094018321275,0.847548076923077
"Prop_0.50",50,50,0.000625,5e-04,"Very Low","DiD GLM",50,0.00963512386058561,0.749519230769231
"Prop_0.50",50,50,8e-04,5e-04,"Extremely Low","Independent",50,0.00892179611675207,0.816907051282051
"Prop_0.50",50,50,8e-04,5e-04,"Extremely Low","Combined",50,0.00898317021144504,0.817003205128205
"Prop_0.50",50,50,8e-04,5e-04,"Extremely Low","DiD GLM",50,0.0108893132762656,0.730641025641026
"Prop_0.50",50,50,8e-04,5e-04,"High","Independent",50,0.0036588260288886,0.969455128205128
"Prop_0.50",50,50,8e-04,5e-04,"High","Combined",50,0.00367915466916247,0.968830128205128
"Prop_0.50",50,50,8e-04,5e-04,"High","DiD GLM",50,0.0040111405878998,0.932019230769231
"Prop_0.50",50,50,8e-04,5e-04,"Low","Independent",50,0.0061272547508305,0.906121794871795
"Prop_0.50",50,50,8e-04,5e-04,"Low","Combined",50,0.00608316280800444,0.905801282051282
"Prop_0.50",50,50,8e-04,5e-04,"Low","DiD GLM",50,0.00649356352756786,0.824839743589744
"Prop_0.50",50,50,8e-04,5e-04,"Medium","Independent",50,0.00430604360646866,0.957195512820513
"Prop_0.50",50,50,8e-04,5e-04,"Medium","Combined",50,0.00432559042989377,0.95448717948718
"Prop_0.50",50,50,8e-04,5e-04,"Medium","DiD GLM",50,0.00565728985033207,0.903653846153846
"Prop_0.50",50,50,8e-04,5e-04,"Very Low","Independent",50,0.00689297095684798,0.870544871794872
"Prop_0.50",50,50,8e-04,5e-04,"Very Low","Combined",50,0.00677970239336958,0.869519230769231
"Prop_0.50",50,50,8e-04,5e-04,"Very Low","DiD GLM",50,0.00875362319872832,0.765160256410256
"Prop_0.50",50,50,8e-04,0.000625,"Extremely Low","Independent",50,0.00750866890664479,0.821153846153846
"Prop_0.50",50,50,8e-04,0.000625,"Extremely Low","Combined",50,0.00759539206216704,0.820865384615385
"Prop_0.50",50,50,8e-04,0.000625,"Extremely Low","DiD GLM",50,0.0106622248550213,0.736233974358974
"Prop_0.50",50,50,8e-04,0.000625,"High","Independent",50,0.0039171834152068,0.970689102564103
"Prop_0.50",50,50,8e-04,0.000625,"High","Combined",50,0.0038917636244685,0.970224358974359
"Prop_0.50",50,50,8e-04,0.000625,"High","DiD GLM",50,0.00445036573129598,0.932275641025641
"Prop_0.50",50,50,8e-04,0.000625,"Low","Independent",50,0.00584368026463417,0.908846153846154
"Prop_0.50",50,50,8e-04,0.000625,"Low","Combined",50,0.00568074549624626,0.908685897435897
"Prop_0.50",50,50,8e-04,0.000625,"Low","DiD GLM",50,0.00809685784890986,0.818429487179487
"Prop_0.50",50,50,8e-04,0.000625,"Medium","Independent",50,0.00518563109641488,0.950544871794872
"Prop_0.50",50,50,8e-04,0.000625,"Medium","Combined",50,0.00534122270502775,0.947339743589744
"Prop_0.50",50,50,8e-04,0.000625,"Medium","DiD GLM",50,0.00659565425160961,0.894839743589744
"Prop_0.50",50,50,8e-04,0.000625,"Very Low","Independent",50,0.00669244504413746,0.864599358974359
"Prop_0.50",50,50,8e-04,0.000625,"Very Low","Combined",50,0.00676305494905162,0.864951923076923
"Prop_0.50",50,50,8e-04,0.000625,"Very Low","DiD GLM",50,0.00658256925032319,0.765833333333333
"Prop_0.50",50,50,0.001,5e-04,"Extremely Low","Independent",50,0.0077452161244609,0.835064102564103
"Prop_0.50",50,50,0.001,5e-04,"Extremely Low","Combined",50,0.00761606148776627,0.835160256410256
"Prop_0.50",50,50,0.001,5e-04,"Extremely Low","DiD GLM",50,0.00900130077219853,0.744278846153846
"Prop_0.50",50,50,0.001,5e-04,"High","Independent",50,0.00378419869589619,0.966923076923077
"Prop_0.50",50,50,0.001,5e-04,"High","Combined",50,0.00380402202915951,0.966121794871795
"Prop_0.50",50,50,0.001,5e-04,"High","DiD GLM",50,0.00380324486066385,0.93
"Prop_0.50",50,50,0.001,5e-04,"Low","Independent",50,0.00465336926590791,0.926458333333333
"Prop_0.50",50,50,0.001,5e-04,"Low","Combined",50,0.00455728770428117,0.926073717948718
"Prop_0.50",50,50,0.001,5e-04,"Low","DiD GLM",50,0.00677598286105506,0.851314102564103
"Prop_0.50",50,50,0.001,5e-04,"Medium","Independent",50,0.003642510784699,0.959807692307692
"Prop_0.50",50,50,0.001,5e-04,"Medium","Combined",50,0.00360322385302493,0.957916666666667
"Prop_0.50",50,50,0.001,5e-04,"Medium","DiD GLM",50,0.00501208638617079,0.913717948717949
"Prop_0.50",50,50,0.001,5e-04,"Very Low","Independent",50,0.00621961073883436,0.892628205128205
"Prop_0.50",50,50,0.001,5e-04,"Very Low","Combined",50,0.00622535359681998,0.893557692307692
"Prop_0.50",50,50,0.001,5e-04,"Very Low","DiD GLM",50,0.00935762376413136,0.785625
"Prop_0.50",50,50,0.001,0.000625,"Extremely Low","Independent",50,0.00826052883866651,0.825641025641026
"Prop_0.50",50,50,0.001,0.000625,"Extremely Low","Combined",50,0.00822876978180778,0.826057692307692
"Prop_0.50",50,50,0.001,0.000625,"Extremely Low","DiD GLM",50,0.00919596891772487,0.739070512820513
"Prop_0.50",50,50,0.001,0.000625,"High","Independent",50,0.00396888760555875,0.966121794871795
"Prop_0.50",50,50,0.001,0.000625,"High","Combined",50,0.00392805641833766,0.964807692307692
"Prop_0.50",50,50,0.001,0.000625,"High","DiD GLM",50,0.00462759890633209,0.928717948717949
"Prop_0.50",50,50,0.001,0.000625,"Low","Independent",50,0.00500599501474286,0.931201923076923
"Prop_0.50",50,50,0.001,0.000625,"Low","Combined",50,0.00489238426911608,0.93113782051282
"Prop_0.50",50,50,0.001,0.000625,"Low","DiD GLM",50,0.00547932168266486,0.844887820512821
"Prop_0.50",50,50,0.001,0.000625,"Medium","Independent",50,0.00403877819728185,0.959871794871795
"Prop_0.50",50,50,0.001,0.000625,"Medium","Combined",50,0.00424921253122004,0.956987179487179
"Prop_0.50",50,50,0.001,0.000625,"Medium","DiD GLM",50,0.00512260945366265,0.912467948717949
"Prop_0.50",50,50,0.001,0.000625,"Very Low","Independent",50,0.00706175523592419,0.893541666666667
"Prop_0.50",50,50,0.001,0.000625,"Very Low","Combined",50,0.00691683320753888,0.894535256410256
"Prop_0.50",50,50,0.001,0.000625,"Very Low","DiD GLM",50,0.00861379870819706,0.788733974358974
"Prop_0.50",50,50,0.01,5e-04,"Extremely Low","Independent",50,0.00501151120613614,0.919326923076923
"Prop_0.50",50,50,0.01,5e-04,"Extremely Low","Combined",50,0.00500196193847064,0.925641025641026
"Prop_0.50",50,50,0.01,5e-04,"Extremely Low","DiD GLM",50,0.00719454834749704,0.874887820512821
"Prop_0.50",50,50,0.01,5e-04,"High","Independent",50,0.00453814465928946,0.946586538461538
"Prop_0.50",50,50,0.01,5e-04,"High","Combined",50,0.00457614451707253,0.947163461538462
"Prop_0.50",50,50,0.01,5e-04,"High","DiD GLM",50,0.00399496599389063,0.920849358974359
"Prop_0.50",50,50,0.01,5e-04,"Low","Independent",50,0.00415389513593521,0.934695512820513
"Prop_0.50",50,50,0.01,5e-04,"Low","Combined",50,0.00383877715762199,0.940641025641026
"Prop_0.50",50,50,0.01,5e-04,"Low","DiD GLM",50,0.00476521935307277,0.891586538461538
"Prop_0.50",50,50,0.01,5e-04,"Medium","Independent",50,0.00531762568800915,0.928333333333333
"Prop_0.50",50,50,0.01,5e-04,"Medium","Combined",50,0.00531624561719359,0.929038461538461
"Prop_0.50",50,50,0.01,5e-04,"Medium","DiD GLM",50,0.00453221540740077,0.906570512820513
"Prop_0.50",50,50,0.01,5e-04,"Very Low","Independent",50,0.00380496709461445,0.924967948717949
"Prop_0.50",50,50,0.01,5e-04,"Very Low","Combined",50,0.00380970266292605,0.933301282051282
"Prop_0.50",50,50,0.01,5e-04,"Very Low","DiD GLM",50,0.00421209585989687,0.869807692307692
"Prop_0.50",50,50,0.01,0.000625,"Extremely Low","Independent",50,0.00533766535261397,0.916858974358974
"Prop_0.50",50,50,0.01,0.000625,"Extremely Low","Combined",50,0.00525161393662358,0.923397435897436
"Prop_0.50",50,50,0.01,0.000625,"Extremely Low","DiD GLM",50,0.00637254080056618,0.873044871794872
"Prop_0.50",50,50,0.01,0.000625,"High","Independent",50,0.00400885652684567,0.946266025641026
"Prop_0.50",50,50,0.01,0.000625,"High","Combined",50,0.00402463476647119,0.946554487179487
"Prop_0.50",50,50,0.01,0.000625,"High","DiD GLM",50,0.00365289427432347,0.920176282051282
"Prop_0.50",50,50,0.01,0.000625,"Low","Independent",50,0.0042548438774957,0.937291666666667
"Prop_0.50",50,50,0.01,0.000625,"Low","Combined",50,0.00420399493031602,0.941955128205128
"Prop_0.50",50,50,0.01,0.000625,"Low","DiD GLM",50,0.00581298996956983,0.886538461538461
"Prop_0.50",50,50,0.01,0.000625,"Medium","Independent",50,0.00439661840124195,0.937387820512821
"Prop_0.50",50,50,0.01,0.000625,"Medium","Combined",50,0.00443564649055157,0.938157051282051
"Prop_0.50",50,50,0.01,0.000625,"Medium","DiD GLM",50,0.00398744924493932,0.912067307692308
"Prop_0.50",50,50,0.01,0.000625,"Very Low","Independent",50,0.00489550238749519,0.923173076923077
"Prop_0.50",50,50,0.01,0.000625,"Very Low","Combined",50,0.00486747455369901,0.932083333333333
"Prop_0.50",50,50,0.01,0.000625,"Very Low","DiD GLM",50,0.0055818215651524,0.873157051282051
"Prop_0.50",50,50,0.05,5e-04,"Extremely Low","Independent",50,0.00407209627746657,0.922820512820513
"Prop_0.50",50,50,0.05,5e-04,"Extremely Low","Combined",50,0.00411043650426307,0.914423076923077
"Prop_0.50",50,50,0.05,5e-04,"Extremely Low","DiD GLM",50,0.00505433586553912,0.890528846153846
"Prop_0.50",50,50,0.05,5e-04,"High","Independent",50,0.0048004638883395,0.927099358974359
"Prop_0.50",50,50,0.05,5e-04,"High","Combined",50,0.0049612559575218,0.928317307692308
"Prop_0.50",50,50,0.05,5e-04,"High","DiD GLM",50,0.00419676078651578,0.907483974358974
"Prop_0.50",50,50,0.05,5e-04,"Low","Independent",50,0.00470514043621519,0.905592948717949
"Prop_0.50",50,50,0.05,5e-04,"Low","Combined",50,0.00542221068295723,0.906682692307692
"Prop_0.50",50,50,0.05,5e-04,"Low","DiD GLM",50,0.00449435725161604,0.900480769230769
"Prop_0.50",50,50,0.05,5e-04,"Medium","Independent",50,0.00488432085554526,0.926121794871795
"Prop_0.50",50,50,0.05,5e-04,"Medium","Combined",50,0.00512155753732191,0.928205128205128
"Prop_0.50",50,50,0.05,5e-04,"Medium","DiD GLM",50,0.00443817857019274,0.91125
"Prop_0.50",50,50,0.05,5e-04,"Very Low","Independent",50,0.00444119368161398,0.906346153846154
"Prop_0.50",50,50,0.05,5e-04,"Very Low","Combined",50,0.00428852616656257,0.902179487179487
"Prop_0.50",50,50,0.05,5e-04,"Very Low","DiD GLM",50,0.00449115843620279,0.875448717948718
"Prop_0.50",50,50,0.05,0.000625,"Extremely Low","Independent",50,0.00424159029145511,0.924711538461538
"Prop_0.50",50,50,0.05,0.000625,"Extremely Low","Combined",50,0.00396294052317213,0.912083333333333
"Prop_0.50",50,50,0.05,0.000625,"Extremely Low","DiD GLM",50,0.0050570597981313,0.891282051282051
"Prop_0.50",50,50,0.05,0.000625,"High","Independent",50,0.00445210840360812,0.926346153846154
"Prop_0.50",50,50,0.05,0.000625,"High","Combined",50,0.00455739983576437,0.927371794871795
"Prop_0.50",50,50,0.05,0.000625,"High","DiD GLM",50,0.00393215395132191,0.904823717948718
"Prop_0.50",50,50,0.05,0.000625,"Low","Independent",50,0.00470955347144089,0.900608974358974
"Prop_0.50",50,50,0.05,0.000625,"Low","Combined",50,0.00497918455617751,0.898653846153846
"Prop_0.50",50,50,0.05,0.000625,"Low","DiD GLM",50,0.00436845342501407,0.891185897435897
"Prop_0.50",50,50,0.05,0.000625,"Medium","Independent",50,0.00459227399704988,0.913269230769231
"Prop_0.50",50,50,0.05,0.000625,"Medium","Combined",50,0.00491242114943985,0.914679487179487
"Prop_0.50",50,50,0.05,0.000625,"Medium","DiD GLM",50,0.00390875824320684,0.899214743589744
"Prop_0.50",50,50,0.05,0.000625,"Very Low","Independent",50,0.0051462105417022,0.92224358974359
"Prop_0.50",50,50,0.05,0.000625,"Very Low","Combined",50,0.00500291590446975,0.91463141025641
"Prop_0.50",50,50,0.05,0.000625,"Very Low","DiD GLM",50,0.00498587322342211,0.891875
"Prop_0.50",80,20,0.000625,5e-04,"Extremely Low","Independent",50,0.0083423086445185,0.781175
"Prop_0.50",80,20,0.000625,5e-04,"Extremely Low","Combined",50,0.0083188432909257,0.7809875
"Prop_0.50",80,20,0.000625,5e-04,"Extremely Low","DiD GLM",50,0.00834098407300496,0.709425
"Prop_0.50",80,20,0.000625,5e-04,"High","Independent",50,0.00310063524700165,0.95715625
"Prop_0.50",80,20,0.000625,5e-04,"High","Combined",50,0.00318727690295689,0.9563875
"Prop_0.50",80,20,0.000625,5e-04,"High","DiD GLM",50,0.00370637045094562,0.91891875
"Prop_0.50",80,20,0.000625,5e-04,"Low","Independent",50,0.00556727036906282,0.8839375
"Prop_0.50",80,20,0.000625,5e-04,"Low","Combined",50,0.0056236324868308,0.883975
"Prop_0.50",80,20,0.000625,5e-04,"Low","DiD GLM",50,0.00786085347648883,0.79708125
"Prop_0.50",80,20,0.000625,5e-04,"Medium","Independent",50,0.00434399555171461,0.93785625
"Prop_0.50",80,20,0.000625,5e-04,"Medium","Combined",50,0.00436309751185545,0.936825
"Prop_0.50",80,20,0.000625,5e-04,"Medium","DiD GLM",50,0.00572989114930713,0.89121875
"Prop_0.50",80,20,0.000625,5e-04,"Very Low","Independent",50,0.00549237651447765,0.84616875
"Prop_0.50",80,20,0.000625,5e-04,"Very Low","Combined",50,0.00551868990768587,0.84663125
"Prop_0.50",80,20,0.000625,5e-04,"Very Low","DiD GLM",50,0.00682401228415781,0.73803125
"Prop_0.50",80,20,8e-04,5e-04,"Extremely Low","Independent",50,0.00598477127757594,0.8035125
"Prop_0.50",80,20,8e-04,5e-04,"Extremely Low","Combined",50,0.00577899300952005,0.8031375
"Prop_0.50",80,20,8e-04,5e-04,"Extremely Low","DiD GLM",50,0.00659191833056097,0.71368125
"Prop_0.50",80,20,8e-04,5e-04,"High","Independent",50,0.00349487381983694,0.95764375
"Prop_0.50",80,20,8e-04,5e-04,"High","Combined",50,0.00346784564879661,0.95695
"Prop_0.50",80,20,8e-04,5e-04,"High","DiD GLM",50,0.00399428851244665,0.92003125
"Prop_0.50",80,20,8e-04,5e-04,"Low","Independent",50,0.00397934328640687,0.90564375
"Prop_0.50",80,20,8e-04,5e-04,"Low","Combined",50,0.0039930784542871,0.90526875
"Prop_0.50",80,20,8e-04,5e-04,"Low","DiD GLM",50,0.00553891619668763,0.82226875
"Prop_0.50",80,20,8e-04,5e-04,"Medium","Independent",50,0.0038549316785351,0.94049375
"Prop_0.50",80,20,8e-04,5e-04,"Medium","Combined",50,0.00382316632718302,0.9399625
"Prop_0.50",80,20,8e-04,5e-04,"Medium","DiD GLM",50,0.00406561066151451,0.8954875
"Prop_0.50",80,20,8e-04,5e-04,"Very Low","Independent",50,0.00545656872213553,0.8590875
"Prop_0.50",80,20,8e-04,5e-04,"Very Low","Combined",50,0.0054025651739876,0.8591
"Prop_0.50",80,20,8e-04,5e-04,"Very Low","DiD GLM",50,0.00671845805013536,0.7550875
"Prop_0.50",80,20,8e-04,0.000625,"Extremely Low","Independent",50,0.00667602271841062,0.7992875
"Prop_0.50",80,20,8e-04,0.000625,"Extremely Low","Combined",50,0.00662029843761301,0.800025
"Prop_0.50",80,20,8e-04,0.000625,"Extremely Low","DiD GLM",50,0.00710818011095638,0.7100125
"Prop_0.50",80,20,8e-04,0.000625,"High","Independent",50,0.00373102127713153,0.953375
"Prop_0.50",80,20,8e-04,0.000625,"High","Combined",50,0.00379648736683406,0.952225
"Prop_0.50",80,20,8e-04,0.000625,"High","DiD GLM",50,0.00394492588149121,0.91615625
"Prop_0.50",80,20,8e-04,0.000625,"Low","Independent",50,0.00385989330259244,0.91146875
"Prop_0.50",80,20,8e-04,0.000625,"Low","Combined",50,0.00379103073879651,0.91180625
"Prop_0.50",80,20,8e-04,0.000625,"Low","DiD GLM",50,0.00538716061777294,0.82099375
"Prop_0.50",80,20,8e-04,0.000625,"Medium","Independent",50,0.0038472504593461,0.9506125
"Prop_0.50",80,20,8e-04,0.000625,"Medium","Combined",50,0.0038502836663322,0.949975
"Prop_0.50",80,20,8e-04,0.000625,"Medium","DiD GLM",50,0.00379619968064196,0.902975
"Prop_0.50",80,20,8e-04,0.000625,"Very Low","Independent",50,0.00542944666640315,0.86826875
"Prop_0.50",80,20,8e-04,0.000625,"Very Low","Combined",50,0.00543250041382175,0.86819375
"Prop_0.50",80,20,8e-04,0.000625,"Very Low","DiD GLM",50,0.0067931355682199,0.77356875
"Prop_0.50",80,20,0.001,5e-04,"Extremely Low","Independent",50,0.00612751119908385,0.83345
"Prop_0.50",80,20,0.001,5e-04,"Extremely Low","Combined",50,0.0061024794225004,0.8338625
"Prop_0.50",80,20,0.001,5e-04,"Extremely Low","DiD GLM",50,0.00738063090337728,0.75053125
"Prop_0.50",80,20,0.001,5e-04,"High","Independent",50,0.00317540032929322,0.96465625
"Prop_0.50",80,20,0.001,5e-04,"High","Combined",50,0.00313579309614597,0.964025
"Prop_0.50",80,20,0.001,5e-04,"High","DiD GLM",50,0.00374167059641022,0.929225
"Prop_0.50",80,20,0.001,5e-04,"Low","Independent",50,0.00457992339912326,0.911425
"Prop_0.50",80,20,0.001,5e-04,"Low","Combined",50,0.00460025960059399,0.911125
"Prop_0.50",80,20,0.001,5e-04,"Low","DiD GLM",50,0.0059114358105148,0.82275
"Prop_0.50",80,20,0.001,5e-04,"Medium","Independent",50,0.0039672583770927,0.9498
"Prop_0.50",80,20,0.001,5e-04,"Medium","Combined",50,0.0039346321958452,0.94929375
"Prop_0.50",80,20,0.001,5e-04,"Medium","DiD GLM",50,0.00439196746217177,0.9006375
"Prop_0.50",80,20,0.001,5e-04,"Very Low","Independent",50,0.00415152850585769,0.88829375
"Prop_0.50",80,20,0.001,5e-04,"Very Low","Combined",50,0.00421157875001786,0.88800625
"Prop_0.50",80,20,0.001,5e-04,"Very Low","DiD GLM",50,0.00577970201283274,0.7873875
"Prop_0.50",80,20,0.001,0.000625,"Extremely Low","Independent",50,0.00711707629802349,0.82060625
"Prop_0.50",80,20,0.001,0.000625,"Extremely Low","Combined",50,0.00711088161037615,0.82101875
"Prop_0.50",80,20,0.001,0.000625,"Extremely Low","DiD GLM",50,0.00669100232531322,0.7369875
"Prop_0.50",80,20,0.001,0.000625,"High","Independent",50,0.00356581355477231,0.95993125
"Prop_0.50",80,20,0.001,0.000625,"High","Combined",50,0.00358014839523277,0.95978125
"Prop_0.50",80,20,0.001,0.000625,"High","DiD GLM",50,0.00412294794737766,0.91943125
"Prop_0.50",80,20,0.001,0.000625,"Low","Independent",50,0.00394614868512998,0.93163125
"Prop_0.50",80,20,0.001,0.000625,"Low","Combined",50,0.00396229327745709,0.93144375
"Prop_0.50",80,20,0.001,0.000625,"Low","DiD GLM",50,0.00556964979903841,0.85623125
"Prop_0.50",80,20,0.001,0.000625,"Medium","Independent",50,0.00278071624091708,0.95691875
"Prop_0.50",80,20,0.001,0.000625,"Medium","Combined",50,0.0027564679271984,0.956675
"Prop_0.50",80,20,0.001,0.000625,"Medium","DiD GLM",50,0.00397469484854254,0.90833125
"Prop_0.50",80,20,0.001,0.000625,"Very Low","Independent",50,0.00488845450058981,0.88633125
"Prop_0.50",80,20,0.001,0.000625,"Very Low","Combined",50,0.0049099776233176,0.88628125
"Prop_0.50",80,20,0.001,0.000625,"Very Low","DiD GLM",50,0.00675437954342082,0.78081875
"Prop_0.50",80,20,0.01,5e-04,"Extremely Low","Independent",50,0.00332782793658419,0.909175
"Prop_0.50",80,20,0.01,5e-04,"Extremely Low","Combined",50,0.0037790832255337,0.9101125
"Prop_0.50",80,20,0.01,5e-04,"Extremely Low","DiD GLM",50,0.00430258028005597,0.8584375
"Prop_0.50",80,20,0.01,5e-04,"High","Independent",50,0.00426376671883595,0.942975
"Prop_0.50",80,20,0.01,5e-04,"High","Combined",50,0.00427016935273303,0.9430875
"Prop_0.50",80,20,0.01,5e-04,"High","DiD GLM",50,0.00400739550705942,0.91565
"Prop_0.50",80,20,0.01,5e-04,"Low","Independent",50,0.00375909706527691,0.93949375
"Prop_0.50",80,20,0.01,5e-04,"Low","Combined",50,0.00377319030568406,0.94000625
"Prop_0.50",80,20,0.01,5e-04,"Low","DiD GLM",50,0.00366217621069963,0.89350625
"Prop_0.50",80,20,0.01,5e-04,"Medium","Independent",50,0.00467503350760119,0.92418125
"Prop_0.50",80,20,0.01,5e-04,"Medium","Combined",50,0.00468837789398271,0.92434375
"Prop_0.50",80,20,0.01,5e-04,"Medium","DiD GLM",50,0.00435967615172953,0.8970625
"Prop_0.50",80,20,0.01,5e-04,"Very Low","Independent",50,0.00365928761398127,0.9249375
"Prop_0.50",80,20,0.01,5e-04,"Very Low","Combined",50,0.0034801958842653,0.9299875
"Prop_0.50",80,20,0.01,5e-04,"Very Low","DiD GLM",50,0.00450739905104453,0.87308125
"Prop_0.50",80,20,0.01,0.000625,"Extremely Low","Independent",50,0.00332042035389055,0.907
"Prop_0.50",80,20,0.01,0.000625,"Extremely Low","Combined",50,0.00366395153029165,0.906775
"Prop_0.50",80,20,0.01,0.000625,"Extremely Low","DiD GLM",50,0.00517627073277467,0.85545
"Prop_0.50",80,20,0.01,0.000625,"High","Independent",50,0.00430278408624662,0.939625
"Prop_0.50",80,20,0.01,0.000625,"High","Combined",50,0.00431341494287157,0.9398125
"Prop_0.50",80,20,0.01,0.000625,"High","DiD GLM",50,0.0038145934575225,0.91288125
"Prop_0.50",80,20,0.01,0.000625,"Low","Independent",50,0.00280394901915866,0.9378875
"Prop_0.50",80,20,0.01,0.000625,"Low","Combined",50,0.00279313571866051,0.9383875
"Prop_0.50",80,20,0.01,0.000625,"Low","DiD GLM",50,0.0034606282469402,0.89069375
"Prop_0.50",80,20,0.01,0.000625,"Medium","Independent",50,0.00345515237949952,0.93065625
"Prop_0.50",80,20,0.01,0.000625,"Medium","Combined",50,0.00345225509058343,0.93079375
"Prop_0.50",80,20,0.01,0.000625,"Medium","DiD GLM",50,0.00337881504425979,0.90826875
"Prop_0.50",80,20,0.01,0.000625,"Very Low","Independent",50,0.00435065236722128,0.926025
"Prop_0.50",80,20,0.01,0.000625,"Very Low","Combined",50,0.00386715837574067,0.9314625
"Prop_0.50",80,20,0.01,0.000625,"Very Low","DiD GLM",50,0.00521402763549192,0.8598375
"Prop_0.50",80,20,0.05,5e-04,"Extremely Low","Independent",50,0.00396767270048365,0.9146875
"Prop_0.50",80,20,0.05,5e-04,"Extremely Low","Combined",50,0.00367997935955281,0.9100125
"Prop_0.50",80,20,0.05,5e-04,"Extremely Low","DiD GLM",50,0.00504892485776801,0.8782625
"Prop_0.50",80,20,0.05,5e-04,"High","Independent",50,0.00383027649348995,0.91871875
"Prop_0.50",80,20,0.05,5e-04,"High","Combined",50,0.00375986839286067,0.917775
"Prop_0.50",80,20,0.05,5e-04,"High","DiD GLM",50,0.0032536596349969,0.8982
"Prop_0.50",80,20,0.05,5e-04,"Low","Independent",50,0.00410065481331448,0.8891875
"Prop_0.50",80,20,0.05,5e-04,"Low","Combined",50,0.00392988654935691,0.885975
"Prop_0.50",80,20,0.05,5e-04,"Low","DiD GLM",50,0.00360113327630685,0.88198125
"Prop_0.50",80,20,0.05,5e-04,"Medium","Independent",50,0.0039275446101274,0.91695625
"Prop_0.50",80,20,0.05,5e-04,"Medium","Combined",50,0.00413092503121521,0.91666875
"Prop_0.50",80,20,0.05,5e-04,"Medium","DiD GLM",50,0.00324444297776512,0.90163125
"Prop_0.50",80,20,0.05,5e-04,"Very Low","Independent",50,0.00396284008792936,0.91309375
"Prop_0.50",80,20,0.05,5e-04,"Very Low","Combined",50,0.00385396291288961,0.90810625
"Prop_0.50",80,20,0.05,5e-04,"Very Low","DiD GLM",50,0.00355259498429655,0.8906125
"Prop_0.50",80,20,0.05,0.000625,"Extremely Low","Independent",50,0.00359022908711397,0.897175
"Prop_0.50",80,20,0.05,0.000625,"Extremely Low","Combined",50,0.00342615428188301,0.893575
"Prop_0.50",80,20,0.05,0.000625,"Extremely Low","DiD GLM",50,0.00502069862671074,0.85991875
"Prop_0.50",80,20,0.05,0.000625,"High","Independent",50,0.0044961083654282,0.9284625
"Prop_0.50",80,20,0.05,0.000625,"High","Combined",50,0.00448337845803354,0.927825
"Prop_0.50",80,20,0.05,0.000625,"High","DiD GLM",50,0.00350120742657123,0.90835
"Prop_0.50",80,20,0.05,0.000625,"Low","Independent",50,0.00375979895335414,0.89955625
"Prop_0.50",80,20,0.05,0.000625,"Low","Combined",50,0.00387626594281646,0.89674375
"Prop_0.50",80,20,0.05,0.000625,"Low","DiD GLM",50,0.00390346084097046,0.89504375
"Prop_0.50",80,20,0.05,0.000625,"Medium","Independent",50,0.00340808378367237,0.9214375
"Prop_0.50",80,20,0.05,0.000625,"Medium","Combined",50,0.00328936375353369,0.9200625
"Prop_0.50",80,20,0.05,0.000625,"Medium","DiD GLM",50,0.00254715978281373,0.9038625
"Prop_0.50",80,20,0.05,0.000625,"Very Low","Independent",50,0.00456231094100884,0.9072375
"Prop_0.50",80,20,0.05,0.000625,"Very Low","Combined",50,0.00443925204345925,0.90361875
"Prop_0.50",80,20,0.05,0.000625,"Very Low","DiD GLM",50,0.00416935615793178,0.88348125
"Prop_0.80",20,80,0.000625,5e-04,"Extremely Low","Independent",50,0.017712246966493,0.7403125
"Prop_0.80",20,80,0.000625,5e-04,"Extremely Low","Combined",50,0.0173953114101508,0.74625
"Prop_0.80",20,80,0.000625,5e-04,"Extremely Low","DiD GLM",50,0.0194313003803313,0.67515625
"Prop_0.80",20,80,0.000625,5e-04,"High","Independent",50,0.00545397055385303,0.96203125
"Prop_0.80",20,80,0.000625,5e-04,"High","Combined",50,0.00573447882976122,0.9578125
"Prop_0.80",20,80,0.000625,5e-04,"High","DiD GLM",50,0.00760384632630629,0.919375
"Prop_0.80",20,80,0.000625,5e-04,"Low","Independent",50,0.01204041941202,0.8740625
"Prop_0.80",20,80,0.000625,5e-04,"Low","Combined",50,0.0110407842029598,0.876875
"Prop_0.80",20,80,0.000625,5e-04,"Low","DiD GLM",50,0.0118287776910609,0.78828125
"Prop_0.80",20,80,0.000625,5e-04,"Medium","Independent",50,0.00673445305426142,0.95078125
"Prop_0.80",20,80,0.000625,5e-04,"Medium","Combined",50,0.00684729604805012,0.94421875
"Prop_0.80",20,80,0.000625,5e-04,"Medium","DiD GLM",50,0.00981404450505468,0.90296875
"Prop_0.80",20,80,0.000625,5e-04,"Very Low","Independent",50,0.0172535257783942,0.819375
"Prop_0.80",20,80,0.000625,5e-04,"Very Low","Combined",50,0.0169186416024889,0.820625
"Prop_0.80",20,80,0.000625,5e-04,"Very Low","DiD GLM",50,0.0189905514276649,0.71453125
"Prop_0.80",20,80,8e-04,5e-04,"Extremely Low","Independent",50,0.0160531424988384,0.79265625
"Prop_0.80",20,80,8e-04,5e-04,"Extremely Low","Combined",50,0.0156215079005841,0.79484375
"Prop_0.80",20,80,8e-04,5e-04,"Extremely Low","DiD GLM",50,0.0150530524397911,0.70375
"Prop_0.80",20,80,8e-04,5e-04,"High","Independent",50,0.00458736584355914,0.9753125
"Prop_0.80",20,80,8e-04,5e-04,"High","Combined",50,0.00464071035532717,0.9728125
"Prop_0.80",20,80,8e-04,5e-04,"High","DiD GLM",50,0.00722607770367797,0.940625
"Prop_0.80",20,80,8e-04,5e-04,"Low","Independent",50,0.0087568304243963,0.9275
"Prop_0.80",20,80,8e-04,5e-04,"Low","Combined",50,0.00873780582513454,0.9284375
"Prop_0.80",20,80,8e-04,5e-04,"Low","DiD GLM",50,0.0126584347131766,0.8578125
"Prop_0.80",20,80,8e-04,5e-04,"Medium","Independent",50,0.00684711413215637,0.945
"Prop_0.80",20,80,8e-04,5e-04,"Medium","Combined",50,0.00666226403839918,0.938125
"Prop_0.80",20,80,8e-04,5e-04,"Medium","DiD GLM",50,0.00990186219859679,0.8834375
"Prop_0.80",20,80,8e-04,5e-04,"Very Low","Independent",50,0.0124764805839419,0.86296875
"Prop_0.80",20,80,8e-04,5e-04,"Very Low","Combined",50,0.0130420766335174,0.86421875
"Prop_0.80",20,80,8e-04,5e-04,"Very Low","DiD GLM",50,0.0136749495449672,0.76640625
"Prop_0.80",20,80,8e-04,0.000625,"Extremely Low","Independent",50,0.0136439446848226,0.79453125
"Prop_0.80",20,80,8e-04,0.000625,"Extremely Low","Combined",50,0.0138982220005577,0.79890625
"Prop_0.80",20,80,8e-04,0.000625,"Extremely Low","DiD GLM",50,0.0156128939070992,0.70265625
"Prop_0.80",20,80,8e-04,0.000625,"High","Independent",50,0.00651602224661391,0.9575
"Prop_0.80",20,80,8e-04,0.000625,"High","Combined",50,0.00642298864729382,0.953125
"Prop_0.80",20,80,8e-04,0.000625,"High","DiD GLM",50,0.00729798074532837,0.914375
"Prop_0.80",20,80,8e-04,0.000625,"Low","Independent",50,0.0086422852526259,0.911875
"Prop_0.80",20,80,8e-04,0.000625,"Low","Combined",50,0.00811726967423688,0.9115625
"Prop_0.80",20,80,8e-04,0.000625,"Low","DiD GLM",50,0.0136623919371345,0.826875
"Prop_0.80",20,80,8e-04,0.000625,"Medium","Independent",50,0.00573573853902095,0.95140625
"Prop_0.80",20,80,8e-04,0.000625,"Medium","Combined",50,0.00611415669976119,0.94703125
"Prop_0.80",20,80,8e-04,0.000625,"Medium","DiD GLM",50,0.00872536619896967,0.8984375
"Prop_0.80",20,80,8e-04,0.000625,"Very Low","Independent",50,0.011620463681792,0.87859375
"Prop_0.80",20,80,8e-04,0.000625,"Very Low","Combined",50,0.0114005699444106,0.87765625
"Prop_0.80",20,80,8e-04,0.000625,"Very Low","DiD GLM",50,0.0152493262909483,0.76984375
"Prop_0.80",20,80,0.001,5e-04,"Extremely Low","Independent",50,0.0103817681774865,0.86359375
"Prop_0.80",20,80,0.001,5e-04,"Extremely Low","Combined",50,0.00986518762201723,0.86546875
"Prop_0.80",20,80,0.001,5e-04,"Extremely Low","DiD GLM",50,0.0114581787249928,0.7790625
"Prop_0.80",20,80,0.001,5e-04,"High","Independent",50,0.00540731712070575,0.9615625
"Prop_0.80",20,80,0.001,5e-04,"High","Combined",50,0.00548494322671211,0.95890625
"Prop_0.80",20,80,0.001,5e-04,"High","DiD GLM",50,0.00651678684950158,0.9153125
"Prop_0.80",20,80,0.001,5e-04,"Low","Independent",50,0.00939082423003369,0.9221875
"Prop_0.80",20,80,0.001,5e-04,"Low","Combined",50,0.00941752684425401,0.9196875
"Prop_0.80",20,80,0.001,5e-04,"Low","DiD GLM",50,0.0115392070950587,0.830625
"Prop_0.80",20,80,0.001,5e-04,"Medium","Independent",50,0.00665747599373388,0.9471875
"Prop_0.80",20,80,0.001,5e-04,"Medium","Combined",50,0.00669200002372998,0.94328125
"Prop_0.80",20,80,0.001,5e-04,"Medium","DiD GLM",50,0.0081233134532935,0.88234375
"Prop_0.80",20,80,0.001,5e-04,"Very Low","Independent",50,0.00993303571428571,0.90078125
"Prop_0.80",20,80,0.001,5e-04,"Very Low","Combined",50,0.00911154589816331,0.90234375
"Prop_0.80",20,80,0.001,5e-04,"Very Low","DiD GLM",50,0.0112306735922978,0.7915625
"Prop_0.80",20,80,0.001,0.000625,"Extremely Low","Independent",50,0.0104803564202346,0.85953125
"Prop_0.80",20,80,0.001,0.000625,"Extremely Low","Combined",50,0.00953626708035205,0.86359375
"Prop_0.80",20,80,0.001,0.000625,"Extremely Low","DiD GLM",50,0.0141202929499027,0.76703125
"Prop_0.80",20,80,0.001,0.000625,"High","Independent",50,0.00741662844903399,0.9578125
"Prop_0.80",20,80,0.001,0.000625,"High","Combined",50,0.00735730674444717,0.95359375
"Prop_0.80",20,80,0.001,0.000625,"High","DiD GLM",50,0.00895364782148731,0.91875
"Prop_0.80",20,80,0.001,0.000625,"Low","Independent",50,0.00736214722310644,0.9225
"Prop_0.80",20,80,0.001,0.000625,"Low","Combined",50,0.00687789827591813,0.924375
"Prop_0.80",20,80,0.001,0.000625,"Low","DiD GLM",50,0.0101806516123122,0.83234375
"Prop_0.80",20,80,0.001,0.000625,"Medium","Independent",50,0.00461227911367569,0.9690625
"Prop_0.80",20,80,0.001,0.000625,"Medium","Combined",50,0.00468053266213104,0.96734375
"Prop_0.80",20,80,0.001,0.000625,"Medium","DiD GLM",50,0.00624505544206693,0.926875
"Prop_0.80",20,80,0.001,0.000625,"Very Low","Independent",50,0.00950630832443298,0.8878125
"Prop_0.80",20,80,0.001,0.000625,"Very Low","Combined",50,0.00949120161851308,0.8890625
"Prop_0.80",20,80,0.001,0.000625,"Very Low","DiD GLM",50,0.00960135434516816,0.78546875
"Prop_0.80",20,80,0.01,5e-04,"Extremely Low","Independent",50,0.00643786530566441,0.92125
"Prop_0.80",20,80,0.01,5e-04,"Extremely Low","Combined",50,0.00642934643145898,0.9209375
"Prop_0.80",20,80,0.01,5e-04,"Extremely Low","DiD GLM",50,0.00835775810464231,0.85125
"Prop_0.80",20,80,0.01,5e-04,"High","Independent",50,0.00672705052049984,0.94140625
"Prop_0.80",20,80,0.01,5e-04,"High","Combined",50,0.00685122425237837,0.94203125
"Prop_0.80",20,80,0.01,5e-04,"High","DiD GLM",50,0.00716361381445518,0.91375
"Prop_0.80",20,80,0.01,5e-04,"Low","Independent",50,0.00735337786162015,0.94140625
"Prop_0.80",20,80,0.01,5e-04,"Low","Combined",50,0.00733302245132822,0.94140625
"Prop_0.80",20,80,0.01,5e-04,"Low","DiD GLM",50,0.00738215236021228,0.8934375
"Prop_0.80",20,80,0.01,5e-04,"Medium","Independent",50,0.00689526234868137,0.925625
"Prop_0.80",20,80,0.01,5e-04,"Medium","Combined",50,0.00685656735866261,0.9278125
"Prop_0.80",20,80,0.01,5e-04,"Medium","DiD GLM",50,0.00685729399014997,0.90125
"Prop_0.80",20,80,0.01,5e-04,"Very Low","Independent",50,0.00678351115551075,0.9315625
"Prop_0.80",20,80,0.01,5e-04,"Very Low","Combined",50,0.00685816584631126,0.93125
"Prop_0.80",20,80,0.01,5e-04,"Very Low","DiD GLM",50,0.00726818756927006,0.86171875
"Prop_0.80",20,80,0.01,0.000625,"Extremely Low","Independent",50,0.00839285714285714,0.91125
"Prop_0.80",20,80,0.01,0.000625,"Extremely Low","Combined",50,0.0084826127689383,0.910625
"Prop_0.80",20,80,0.01,0.000625,"Extremely Low","DiD GLM",50,0.0103698592270595,0.84296875
"Prop_0.80",20,80,0.01,0.000625,"High","Independent",50,0.00675085766707249,0.93109375
"Prop_0.80",20,80,0.01,0.000625,"High","Combined",50,0.0067346010219422,0.93140625
"Prop_0.80",20,80,0.01,0.000625,"High","DiD GLM",50,0.00704296784359537,0.904375
"Prop_0.80",20,80,0.01,0.000625,"Low","Independent",50,0.00596199465460005,0.94484375
"Prop_0.80",20,80,0.01,0.000625,"Low","Combined",50,0.00596199465460005,0.94484375
"Prop_0.80",20,80,0.01,0.000625,"Low","DiD GLM",50,0.00670538835117333,0.89796875
"Prop_0.80",20,80,0.01,0.000625,"Medium","Independent",50,0.0063095062612065,0.9234375
"Prop_0.80",20,80,0.01,0.000625,"Medium","Combined",50,0.00644142440317642,0.9246875
"Prop_0.80",20,80,0.01,0.000625,"Medium","DiD GLM",50,0.00663066667787729,0.89796875
"Prop_0.80",20,80,0.01,0.000625,"Very Low","Independent",50,0.00650760568567304,0.9378125
"Prop_0.80",20,80,0.01,0.000625,"Very Low","Combined",50,0.00682378885867339,0.939375
"Prop_0.80",20,80,0.01,0.000625,"Very Low","DiD GLM",50,0.00748869790424346,0.8690625
"Prop_0.80",20,80,0.05,5e-04,"Extremely Low","Independent",50,0.00717070464473617,0.925
"Prop_0.80",20,80,0.05,5e-04,"Extremely Low","Combined",50,0.00801286433792306,0.913125
"Prop_0.80",20,80,0.05,5e-04,"Extremely Low","DiD GLM",50,0.00787019512471072,0.879375
"Prop_0.80",20,80,0.05,5e-04,"High","Independent",50,0.0070365980228157,0.9346875
"Prop_0.80",20,80,0.05,5e-04,"High","Combined",50,0.00705798488732038,0.93171875
"Prop_0.80",20,80,0.05,5e-04,"High","DiD GLM",50,0.0074127310078606,0.9134375
"Prop_0.80",20,80,0.05,5e-04,"Low","Independent",50,0.00776310918113118,0.9121875
"Prop_0.80",20,80,0.05,5e-04,"Low","Combined",50,0.00787424579316803,0.9115625
"Prop_0.80",20,80,0.05,5e-04,"Low","DiD GLM",50,0.0076605438813049,0.89265625
"Prop_0.80",20,80,0.05,5e-04,"Medium","Independent",50,0.00642954016758443,0.92046875
"Prop_0.80",20,80,0.05,5e-04,"Medium","Combined",50,0.00645351837326994,0.91703125
"Prop_0.80",20,80,0.05,5e-04,"Medium","DiD GLM",50,0.00666121694771232,0.8925
"Prop_0.80",20,80,0.05,5e-04,"Very Low","Independent",50,0.00751619212983896,0.9225
"Prop_0.80",20,80,0.05,5e-04,"Very Low","Combined",50,0.0077703262188401,0.91984375
"Prop_0.80",20,80,0.05,5e-04,"Very Low","DiD GLM",50,0.0082907206627134,0.873125
"Prop_0.80",20,80,0.05,0.000625,"Extremely Low","Independent",50,0.0069483850072649,0.9171875
"Prop_0.80",20,80,0.05,0.000625,"Extremely Low","Combined",50,0.00805602591675502,0.904375
"Prop_0.80",20,80,0.05,0.000625,"Extremely Low","DiD GLM",50,0.00701532351574838,0.8721875
"Prop_0.80",20,80,0.05,0.000625,"High","Independent",50,0.00648970344447216,0.92796875
"Prop_0.80",20,80,0.05,0.000625,"High","Combined",50,0.00643558180506183,0.92578125
"Prop_0.80",20,80,0.05,0.000625,"High","DiD GLM",50,0.00612034685026936,0.90421875
"Prop_0.80",20,80,0.05,0.000625,"Low","Independent",50,0.00718628677648816,0.91390625
"Prop_0.80",20,80,0.05,0.000625,"Low","Combined",50,0.00703210028872337,0.91421875
"Prop_0.80",20,80,0.05,0.000625,"Low","DiD GLM",50,0.00718489998448063,0.89390625
"Prop_0.80",20,80,0.05,0.000625,"Medium","Independent",50,0.00608949681504631,0.92265625
"Prop_0.80",20,80,0.05,0.000625,"Medium","Combined",50,0.00650733770731086,0.91703125
"Prop_0.80",20,80,0.05,0.000625,"Medium","DiD GLM",50,0.00670921398495519,0.888125
"Prop_0.80",20,80,0.05,0.000625,"Very Low","Independent",50,0.00724415476233517,0.92421875
"Prop_0.80",20,80,0.05,0.000625,"Very Low","Combined",50,0.0079316174168286,0.9228125
"Prop_0.80",20,80,0.05,0.000625,"Very Low","DiD GLM",50,0.0075689393756116,0.88484375
"Prop_0.80",50,50,0.000625,5e-04,"Extremely Low","Independent",50,0.00913256675366811,0.78655
"Prop_0.80",50,50,0.000625,5e-04,"Extremely Low","Combined",50,0.00915038752385574,0.78525
"Prop_0.80",50,50,0.000625,5e-04,"Extremely Low","DiD GLM",50,0.00918782260297147,0.696825
"Prop_0.80",50,50,0.000625,5e-04,"High","Independent",50,0.0034631238847053,0.959775
"Prop_0.80",50,50,0.000625,5e-04,"High","Combined",50,0.00344512558640791,0.956825
"Prop_0.80",50,50,0.000625,5e-04,"High","DiD GLM",50,0.00420226645601477,0.918525
"Prop_0.80",50,50,0.000625,5e-04,"Low","Independent",50,0.00499987244735262,0.8975
"Prop_0.80",50,50,0.000625,5e-04,"Low","Combined",50,0.00496579627583142,0.8967
"Prop_0.80",50,50,0.000625,5e-04,"Low","DiD GLM",50,0.00748665138627356,0.8132
"Prop_0.80",50,50,0.000625,5e-04,"Medium","Independent",50,0.00345636797691402,0.95535
"Prop_0.80",50,50,0.000625,5e-04,"Medium","Combined",50,0.00368102553367833,0.9518
"Prop_0.80",50,50,0.000625,5e-04,"Medium","DiD GLM",50,0.00563384112451945,0.908475
"Prop_0.80",50,50,0.000625,5e-04,"Very Low","Independent",50,0.00860093211014163,0.838075
"Prop_0.80",50,50,0.000625,5e-04,"Very Low","Combined",50,0.00861457074273772,0.837775
"Prop_0.80",50,50,0.000625,5e-04,"Very Low","DiD GLM",50,0.0103744319982211,0.724825
"Prop_0.80",50,50,8e-04,5e-04,"Extremely Low","Independent",50,0.00785636684479537,0.80835
"Prop_0.80",50,50,8e-04,5e-04,"Extremely Low","Combined",50,0.0079073267497006,0.8069
"Prop_0.80",50,50,8e-04,5e-04,"Extremely Low","DiD GLM",50,0.00951904374806372,0.71745
"Prop_0.80",50,50,8e-04,5e-04,"High","Independent",50,0.00301311123022604,0.964075
"Prop_0.80",50,50,8e-04,5e-04,"High","Combined",50,0.00299009632293145,0.962525
"Prop_0.80",50,50,8e-04,5e-04,"High","DiD GLM",50,0.00415218162474836,0.92735
"Prop_0.80",50,50,8e-04,5e-04,"Low","Independent",50,0.00541928717354854,0.91465
"Prop_0.80",50,50,8e-04,5e-04,"Low","Combined",50,0.00538824779364445,0.9141
"Prop_0.80",50,50,8e-04,5e-04,"Low","DiD GLM",50,0.0079574474165875,0.83015
"Prop_0.80",50,50,8e-04,5e-04,"Medium","Independent",50,0.00349530479532828,0.957625
"Prop_0.80",50,50,8e-04,5e-04,"Medium","Combined",50,0.00348678445223196,0.955825
"Prop_0.80",50,50,8e-04,5e-04,"Medium","DiD GLM",50,0.00455675798867429,0.914825
"Prop_0.80",50,50,8e-04,5e-04,"Very Low","Independent",50,0.00769718342337385,0.8752
"Prop_0.80",50,50,8e-04,5e-04,"Very Low","Combined",50,0.00747309459709583,0.8757
"Prop_0.80",50,50,8e-04,5e-04,"Very Low","DiD GLM",50,0.00899036403090349,0.766975
"Prop_0.80",50,50,8e-04,0.000625,"Extremely Low","Independent",50,0.00764135499256833,0.8185
"Prop_0.80",50,50,8e-04,0.000625,"Extremely Low","Combined",50,0.00771785301117097,0.81805
"Prop_0.80",50,50,8e-04,0.000625,"Extremely Low","DiD GLM",50,0.00910125860325182,0.71775
"Prop_0.80",50,50,8e-04,0.000625,"High","Independent",50,0.00376456525120926,0.960925
"Prop_0.80",50,50,8e-04,0.000625,"High","Combined",50,0.00371617397057671,0.95875
"Prop_0.80",50,50,8e-04,0.000625,"High","DiD GLM",50,0.00476667855952087,0.92585
"Prop_0.80",50,50,8e-04,0.000625,"Low","Independent",50,0.00595842847552601,0.899875
"Prop_0.80",50,50,8e-04,0.000625,"Low","Combined",50,0.00586571780843259,0.900325
"Prop_0.80",50,50,8e-04,0.000625,"Low","DiD GLM",50,0.00887191236891081,0.812775
"Prop_0.80",50,50,8e-04,0.000625,"Medium","Independent",50,0.00391894274580504,0.94705
"Prop_0.80",50,50,8e-04,0.000625,"Medium","Combined",50,0.00417494500758112,0.943625
"Prop_0.80",50,50,8e-04,0.000625,"Medium","DiD GLM",50,0.0050015303780392,0.9
"Prop_0.80",50,50,8e-04,0.000625,"Very Low","Independent",50,0.00741511573251089,0.866325
"Prop_0.80",50,50,8e-04,0.000625,"Very Low","Combined",50,0.00723539080506649,0.866775
"Prop_0.80",50,50,8e-04,0.000625,"Very Low","DiD GLM",50,0.00858897311578477,0.75465
"Prop_0.80",50,50,0.001,5e-04,"Extremely Low","Independent",50,0.00934272949344864,0.842725
"Prop_0.80",50,50,0.001,5e-04,"Extremely Low","Combined",50,0.0089978320801656,0.844925
"Prop_0.80",50,50,0.001,5e-04,"Extremely Low","DiD GLM",50,0.0105965248683573,0.747475
"Prop_0.80",50,50,0.001,5e-04,"High","Independent",50,0.00289355370802487,0.9668
"Prop_0.80",50,50,0.001,5e-04,"High","Combined",50,0.00299000034127361,0.9659
"Prop_0.80",50,50,0.001,5e-04,"High","DiD GLM",50,0.00374727792360464,0.92825
"Prop_0.80",50,50,0.001,5e-04,"Low","Independent",50,0.00456151268322074,0.92325
"Prop_0.80",50,50,0.001,5e-04,"Low","Combined",50,0.0045934791847148,0.92335
"Prop_0.80",50,50,0.001,5e-04,"Low","DiD GLM",50,0.00689022525623311,0.83655
"Prop_0.80",50,50,0.001,5e-04,"Medium","Independent",50,0.00300255843287972,0.9566
"Prop_0.80",50,50,0.001,5e-04,"Medium","Combined",50,0.00306392147352349,0.955475
"Prop_0.80",50,50,0.001,5e-04,"Medium","DiD GLM",50,0.00389666262227521,0.9144
"Prop_0.80",50,50,0.001,5e-04,"Very Low","Independent",50,0.00718114737009487,0.9005
"Prop_0.80",50,50,0.001,5e-04,"Very Low","Combined",50,0.00704715892963908,0.9002
"Prop_0.80",50,50,0.001,5e-04,"Very Low","DiD GLM",50,0.00819239630040302,0.7921
"Prop_0.80",50,50,0.001,0.000625,"Extremely Low","Independent",50,0.00816705052547823,0.83395
"Prop_0.80",50,50,0.001,0.000625,"Extremely Low","Combined",50,0.00797907339513166,0.83385
"Prop_0.80",50,50,0.001,0.000625,"Extremely Low","DiD GLM",50,0.0104908250730953,0.731075
"Prop_0.80",50,50,0.001,0.000625,"High","Independent",50,0.00398067557849475,0.960725
"Prop_0.80",50,50,0.001,0.000625,"High","Combined",50,0.00392163185785859,0.959025
"Prop_0.80",50,50,0.001,0.000625,"High","DiD GLM",50,0.00495915587986669,0.923025
"Prop_0.80",50,50,0.001,0.000625,"Low","Independent",50,0.00425168634011187,0.92565
"Prop_0.80",50,50,0.001,0.000625,"Low","Combined",50,0.00422055224164916,0.92585
"Prop_0.80",50,50,0.001,0.000625,"Low","DiD GLM",50,0.00550705600265029,0.845775
"Prop_0.80",50,50,0.001,0.000625,"Medium","Independent",50,0.00439650835485226,0.95445
"Prop_0.80",50,50,0.001,0.000625,"Medium","Combined",50,0.00440504117518804,0.95285
"Prop_0.80",50,50,0.001,0.000625,"Medium","DiD GLM",50,0.00554990002667818,0.905975
"Prop_0.80",50,50,0.001,0.000625,"Very Low","Independent",50,0.00559142473903073,0.89625
"Prop_0.80",50,50,0.001,0.000625,"Very Low","Combined",50,0.00558237934788325,0.8967
"Prop_0.80",50,50,0.001,0.000625,"Very Low","DiD GLM",50,0.00741458934831064,0.783475
"Prop_0.80",50,50,0.01,5e-04,"Extremely Low","Independent",50,0.00430216485609043,0.92205
"Prop_0.80",50,50,0.01,5e-04,"Extremely Low","Combined",50,0.00461830872833379,0.9133
"Prop_0.80",50,50,0.01,5e-04,"Extremely Low","DiD GLM",50,0.00538473371141574,0.86145
"Prop_0.80",50,50,0.01,5e-04,"High","Independent",50,0.00364142303704113,0.942175
"Prop_0.80",50,50,0.01,5e-04,"High","Combined",50,0.003614082786511,0.942225
"Prop_0.80",50,50,0.01,5e-04,"High","DiD GLM",50,0.00401740632391454,0.914925
"Prop_0.80",50,50,0.01,5e-04,"Low","Independent",50,0.00419928322357956,0.93965
"Prop_0.80",50,50,0.01,5e-04,"Low","Combined",50,0.00412938696838815,0.93735
"Prop_0.80",50,50,0.01,5e-04,"Low","DiD GLM",50,0.00431079565552271,0.8991
"Prop_0.80",50,50,0.01,5e-04,"Medium","Independent",50,0.00397496791156346,0.926275
"Prop_0.80",50,50,0.01,5e-04,"Medium","Combined",50,0.00401957740950718,0.925725
"Prop_0.80",50,50,0.01,5e-04,"Medium","DiD GLM",50,0.00420205398026503,0.904025
"Prop_0.80",50,50,0.01,5e-04,"Very Low","Independent",50,0.00409952710065192,0.9355
"Prop_0.80",50,50,0.01,5e-04,"Very Low","Combined",50,0.00407919684972122,0.93265
"Prop_0.80",50,50,0.01,5e-04,"Very Low","DiD GLM",50,0.0051995829895585,0.87005
"Prop_0.80",50,50,0.01,0.000625,"Extremely Low","Independent",50,0.00412990586442107,0.9305
"Prop_0.80",50,50,0.01,0.000625,"Extremely Low","Combined",50,0.00443801412658354,0.92485
"Prop_0.80",50,50,0.01,0.000625,"Extremely Low","DiD GLM",50,0.00614528710244107,0.867575
"Prop_0.80",50,50,0.01,0.000625,"High","Independent",50,0.00380057897039439,0.933825
"Prop_0.80",50,50,0.01,0.000625,"High","Combined",50,0.0038474895737881,0.933975
"Prop_0.80",50,50,0.01,0.000625,"High","DiD GLM",50,0.00371868043580965,0.913325
"Prop_0.80",50,50,0.01,0.000625,"Low","Independent",50,0.00366275378726477,0.9388
"Prop_0.80",50,50,0.01,0.000625,"Low","Combined",50,0.00375922165467528,0.936525
"Prop_0.80",50,50,0.01,0.000625,"Low","DiD GLM",50,0.00471652544198565,0.88845
"Prop_0.80",50,50,0.01,0.000625,"Medium","Independent",50,0.00373606936307589,0.93065
"Prop_0.80",50,50,0.01,0.000625,"Medium","Combined",50,0.00372480652832726,0.9302
"Prop_0.80",50,50,0.01,0.000625,"Medium","DiD GLM",50,0.00412796121293675,0.908675
"Prop_0.80",50,50,0.01,0.000625,"Very Low","Independent",50,0.00432377297682268,0.934225
"Prop_0.80",50,50,0.01,0.000625,"Very Low","Combined",50,0.00443432949398491,0.932675
"Prop_0.80",50,50,0.01,0.000625,"Very Low","DiD GLM",50,0.00613267844403725,0.86035
"Prop_0.80",50,50,0.05,5e-04,"Extremely Low","Independent",50,0.00434593993027412,0.91655
"Prop_0.80",50,50,0.05,5e-04,"Extremely Low","Combined",50,0.00469544394893082,0.90125
"Prop_0.80",50,50,0.05,5e-04,"Extremely Low","DiD GLM",50,0.00446529845655612,0.873225
"Prop_0.80",50,50,0.05,5e-04,"High","Independent",50,0.0042108036462104,0.93275
"Prop_0.80",50,50,0.05,5e-04,"High","Combined",50,0.00417100046726912,0.92835
"Prop_0.80",50,50,0.05,5e-04,"High","DiD GLM",50,0.00386999182617921,0.91135
"Prop_0.80",50,50,0.05,5e-04,"Low","Independent",50,0.00363108040367591,0.90885
"Prop_0.80",50,50,0.05,5e-04,"Low","Combined",50,0.00381441947331011,0.8909
"Prop_0.80",50,50,0.05,5e-04,"Low","DiD GLM",50,0.0038774202448409,0.8887
"Prop_0.80",50,50,0.05,5e-04,"Medium","Independent",50,0.00410143081056813,0.9281
"Prop_0.80",50,50,0.05,5e-04,"Medium","Combined",50,0.00408288644646087,0.916125
"Prop_0.80",50,50,0.05,5e-04,"Medium","DiD GLM",50,0.00393674636454719,0.899925
"Prop_0.80",50,50,0.05,5e-04,"Very Low","Independent",50,0.00446868925675856,0.9199
"Prop_0.80",50,50,0.05,5e-04,"Very Low","Combined",50,0.00482822800976567,0.9046
"Prop_0.80",50,50,0.05,5e-04,"Very Low","DiD GLM",50,0.00422828938489893,0.878525
"Prop_0.80",50,50,0.05,0.000625,"Extremely Low","Independent",50,0.00441429149329256,0.92225
"Prop_0.80",50,50,0.05,0.000625,"Extremely Low","Combined",50,0.00498301195696592,0.9059
"Prop_0.80",50,50,0.05,0.000625,"Extremely Low","DiD GLM",50,0.00439558713080401,0.876575
"Prop_0.80",50,50,0.05,0.000625,"High","Independent",50,0.00411471971917249,0.92615
"Prop_0.80",50,50,0.05,0.000625,"High","Combined",50,0.00409018237206297,0.92125
"Prop_0.80",50,50,0.05,0.000625,"High","DiD GLM",50,0.00386236584206613,0.904175
"Prop_0.80",50,50,0.05,0.000625,"Low","Independent",50,0.00438921015859648,0.903275
"Prop_0.80",50,50,0.05,0.000625,"Low","Combined",50,0.00449146157067121,0.889075
"Prop_0.80",50,50,0.05,0.000625,"Low","DiD GLM",50,0.00442361617933121,0.881675
"Prop_0.80",50,50,0.05,0.000625,"Medium","Independent",50,0.00416117410089499,0.923625
"Prop_0.80",50,50,0.05,0.000625,"Medium","Combined",50,0.00428575744025892,0.912775
"Prop_0.80",50,50,0.05,0.000625,"Medium","DiD GLM",50,0.00370948178348955,0.89785
"Prop_0.80",50,50,0.05,0.000625,"Very Low","Independent",50,0.00371594056541736,0.9189
"Prop_0.80",50,50,0.05,0.000625,"Very Low","Combined",50,0.00384090497414453,0.89975
"Prop_0.80",50,50,0.05,0.000625,"Very Low","DiD GLM",50,0.00379974488939584,0.8796
"Prop_0.80",80,20,0.000625,5e-04,"Extremely Low","Independent",50,0.00755427245005145,0.771396484375
"Prop_0.80",80,20,0.000625,5e-04,"Extremely Low","Combined",50,0.00745915520924933,0.771025390625
"Prop_0.80",80,20,0.000625,5e-04,"Extremely Low","DiD GLM",50,0.00743308035805615,0.683447265625
"Prop_0.80",80,20,0.000625,5e-04,"High","Independent",50,0.00372732273358088,0.957255859375
"Prop_0.80",80,20,0.000625,5e-04,"High","Combined",50,0.00371465308080877,0.95671875
"Prop_0.80",80,20,0.000625,5e-04,"High","DiD GLM",50,0.00428356957131625,0.921845703125
"Prop_0.80",80,20,0.000625,5e-04,"Low","Independent",50,0.00524334262814098,0.883916015625
"Prop_0.80",80,20,0.000625,5e-04,"Low","Combined",50,0.00522097156336964,0.884345703125
"Prop_0.80",80,20,0.000625,5e-04,"Low","DiD GLM",50,0.00716067734271537,0.8003515625
"Prop_0.80",80,20,0.000625,5e-04,"Medium","Independent",50,0.00347100036644346,0.939169921875
"Prop_0.80",80,20,0.000625,5e-04,"Medium","Combined",50,0.00337071471519422,0.93830078125
"Prop_0.80",80,20,0.000625,5e-04,"Medium","DiD GLM",50,0.00445679412043417,0.886552734375
"Prop_0.80",80,20,0.000625,5e-04,"Very Low","Independent",50,0.00535799582820679,0.85158203125
"Prop_0.80",80,20,0.000625,5e-04,"Very Low","Combined",50,0.00536815854979346,0.85169921875
"Prop_0.80",80,20,0.000625,5e-04,"Very Low","DiD GLM",50,0.0066250062515764,0.75259765625
"Prop_0.80",80,20,8e-04,5e-04,"Extremely Low","Independent",50,0.0061657870872237,0.79837890625
"Prop_0.80",80,20,8e-04,5e-04,"Extremely Low","Combined",50,0.00626540733346437,0.798515625
"Prop_0.80",80,20,8e-04,5e-04,"Extremely Low","DiD GLM",50,0.00665563236246393,0.712646484375
"Prop_0.80",80,20,8e-04,5e-04,"High","Independent",50,0.00300461037267888,0.9578515625
"Prop_0.80",80,20,8e-04,5e-04,"High","Combined",50,0.00299106264418103,0.957236328125
"Prop_0.80",80,20,8e-04,5e-04,"High","DiD GLM",50,0.00365430849628725,0.921484375
"Prop_0.80",80,20,8e-04,5e-04,"Low","Independent",50,0.0041729751112632,0.912880859375
"Prop_0.80",80,20,8e-04,5e-04,"Low","Combined",50,0.00417157941011762,0.912744140625
"Prop_0.80",80,20,8e-04,5e-04,"Low","DiD GLM",50,0.00556840045088519,0.825478515625
"Prop_0.80",80,20,8e-04,5e-04,"Medium","Independent",50,0.00311387053755759,0.94798828125
"Prop_0.80",80,20,8e-04,5e-04,"Medium","Combined",50,0.00318094919583629,0.94744140625
"Prop_0.80",80,20,8e-04,5e-04,"Medium","DiD GLM",50,0.00431252336876536,0.901591796875
"Prop_0.80",80,20,8e-04,5e-04,"Very Low","Independent",50,0.00619123649818796,0.8725
"Prop_0.80",80,20,8e-04,5e-04,"Very Low","Combined",50,0.00618016617572395,0.872578125
"Prop_0.80",80,20,8e-04,5e-04,"Very Low","DiD GLM",50,0.0081484388566817,0.75841796875
"Prop_0.80",80,20,8e-04,0.000625,"Extremely Low","Independent",50,0.0062523694899059,0.797138671875
"Prop_0.80",80,20,8e-04,0.000625,"Extremely Low","Combined",50,0.00625572425129401,0.796513671875
"Prop_0.80",80,20,8e-04,0.000625,"Extremely Low","DiD GLM",50,0.00695531078150381,0.7044140625
"Prop_0.80",80,20,8e-04,0.000625,"High","Independent",50,0.00269093484903511,0.962197265625
"Prop_0.80",80,20,8e-04,0.000625,"High","Combined",50,0.00270516014550927,0.960947265625
"Prop_0.80",80,20,8e-04,0.000625,"High","DiD GLM",50,0.00351867654066704,0.921494140625
"Prop_0.80",80,20,8e-04,0.000625,"Low","Independent",50,0.00440470672140817,0.90904296875
"Prop_0.80",80,20,8e-04,0.000625,"Low","Combined",50,0.00435528553454905,0.90923828125
"Prop_0.80",80,20,8e-04,0.000625,"Low","DiD GLM",50,0.00507100965891979,0.8276171875
"Prop_0.80",80,20,8e-04,0.000625,"Medium","Independent",50,0.00289153112736884,0.94939453125
"Prop_0.80",80,20,8e-04,0.000625,"Medium","Combined",50,0.00295696439079461,0.948662109375
"Prop_0.80",80,20,8e-04,0.000625,"Medium","DiD GLM",50,0.00356234348607528,0.90302734375
"Prop_0.80",80,20,8e-04,0.000625,"Very Low","Independent",50,0.00537969745883631,0.855908203125
"Prop_0.80",80,20,8e-04,0.000625,"Very Low","Combined",50,0.00535043368970906,0.855771484375
"Prop_0.80",80,20,8e-04,0.000625,"Very Low","DiD GLM",50,0.00603157442569017,0.761806640625
"Prop_0.80",80,20,0.001,5e-04,"Extremely Low","Independent",50,0.00680302941960018,0.830751953125
"Prop_0.80",80,20,0.001,5e-04,"Extremely Low","Combined",50,0.00674440891361238,0.830556640625
"Prop_0.80",80,20,0.001,5e-04,"Extremely Low","DiD GLM",50,0.00705656460653888,0.7295703125
"Prop_0.80",80,20,0.001,5e-04,"High","Independent",50,0.00242149927716846,0.963701171875
"Prop_0.80",80,20,0.001,5e-04,"High","Combined",50,0.00243690153607102,0.963662109375
"Prop_0.80",80,20,0.001,5e-04,"High","DiD GLM",50,0.00331077350311298,0.9306640625
"Prop_0.80",80,20,0.001,5e-04,"Low","Independent",50,0.00400338342195292,0.923330078125
"Prop_0.80",80,20,0.001,5e-04,"Low","Combined",50,0.00404163433725226,0.923173828125
"Prop_0.80",80,20,0.001,5e-04,"Low","DiD GLM",50,0.00513625950942381,0.83486328125
"Prop_0.80",80,20,0.001,5e-04,"Medium","Independent",50,0.00325142610841467,0.95185546875
"Prop_0.80",80,20,0.001,5e-04,"Medium","Combined",50,0.00324697433313438,0.95158203125
"Prop_0.80",80,20,0.001,5e-04,"Medium","DiD GLM",50,0.00358785530006746,0.906982421875
"Prop_0.80",80,20,0.001,5e-04,"Very Low","Independent",50,0.00483519994282815,0.8803125
"Prop_0.80",80,20,0.001,5e-04,"Very Low","Combined",50,0.00488860784905167,0.8803515625
"Prop_0.80",80,20,0.001,5e-04,"Very Low","DiD GLM",50,0.00611527390993427,0.7843359375
"Prop_0.80",80,20,0.001,0.000625,"Extremely Low","Independent",50,0.00715764843928298,0.829462890625
"Prop_0.80",80,20,0.001,0.000625,"Extremely Low","Combined",50,0.00716785538791698,0.829384765625
"Prop_0.80",80,20,0.001,0.000625,"Extremely Low","DiD GLM",50,0.00852494544497435,0.731220703125
"Prop_0.80",80,20,0.001,0.000625,"High","Independent",50,0.00259976526036109,0.96306640625
"Prop_0.80",80,20,0.001,0.000625,"High","Combined",50,0.00258543169303436,0.962705078125
"Prop_0.80",80,20,0.001,0.000625,"High","DiD GLM",50,0.0033837979058188,0.929072265625
"Prop_0.80",80,20,0.001,0.000625,"Low","Independent",50,0.00362731933488953,0.928564453125
"Prop_0.80",80,20,0.001,0.000625,"Low","Combined",50,0.00359716380192978,0.928525390625
"Prop_0.80",80,20,0.001,0.000625,"Low","DiD GLM",50,0.00603142712004154,0.846796875
"Prop_0.80",80,20,0.001,0.000625,"Medium","Independent",50,0.00309360097550981,0.94939453125
"Prop_0.80",80,20,0.001,0.000625,"Medium","Combined",50,0.0030735818025852,0.949189453125
"Prop_0.80",80,20,0.001,0.000625,"Medium","DiD GLM",50,0.00395944944954773,0.903388671875
"Prop_0.80",80,20,0.001,0.000625,"Very Low","Independent",50,0.00566149234109175,0.88443359375
"Prop_0.80",80,20,0.001,0.000625,"Very Low","Combined",50,0.00559722965435503,0.88447265625
"Prop_0.80",80,20,0.001,0.000625,"Very Low","DiD GLM",50,0.00704004421981944,0.781376953125
"Prop_0.80",80,20,0.01,5e-04,"Extremely Low","Independent",50,0.00406287270936749,0.92587890625
"Prop_0.80",80,20,0.01,5e-04,"Extremely Low","Combined",50,0.0041072527947728,0.9248046875
"Prop_0.80",80,20,0.01,5e-04,"Extremely Low","DiD GLM",50,0.00486798390094608,0.867880859375
"Prop_0.80",80,20,0.01,5e-04,"High","Independent",50,0.00252632180759363,0.941435546875
"Prop_0.80",80,20,0.01,5e-04,"High","Combined",50,0.00252577630667804,0.941455078125
"Prop_0.80",80,20,0.01,5e-04,"High","DiD GLM",50,0.00309064422901823,0.916630859375
"Prop_0.80",80,20,0.01,5e-04,"Low","Independent",50,0.00303121024277657,0.9364453125
"Prop_0.80",80,20,0.01,5e-04,"Low","Combined",50,0.00314530761357,0.932763671875
"Prop_0.80",80,20,0.01,5e-04,"Low","DiD GLM",50,0.0030745489042467,0.8852734375
"Prop_0.80",80,20,0.01,5e-04,"Medium","Independent",50,0.00329909120264928,0.926904296875
"Prop_0.80",80,20,0.01,5e-04,"Medium","Combined",50,0.00330957551989616,0.926611328125
"Prop_0.80",80,20,0.01,5e-04,"Medium","DiD GLM",50,0.00346961846677864,0.902216796875
"Prop_0.80",80,20,0.01,5e-04,"Very Low","Independent",50,0.00366332064364474,0.9336328125
"Prop_0.80",80,20,0.01,5e-04,"Very Low","Combined",50,0.00394598334870402,0.9280859375
"Prop_0.80",80,20,0.01,5e-04,"Very Low","DiD GLM",50,0.00482336338519124,0.8718359375
"Prop_0.80",80,20,0.01,0.000625,"Extremely Low","Independent",50,0.00345365503914108,0.92234375
"Prop_0.80",80,20,0.01,0.000625,"Extremely Low","Combined",50,0.00365463230097928,0.92111328125
"Prop_0.80",80,20,0.01,0.000625,"Extremely Low","DiD GLM",50,0.00455291486863311,0.85962890625
"Prop_0.80",80,20,0.01,0.000625,"High","Independent",50,0.00350135978108656,0.935146484375
"Prop_0.80",80,20,0.01,0.000625,"High","Combined",50,0.00351143973214286,0.935244140625
"Prop_0.80",80,20,0.01,0.000625,"High","DiD GLM",50,0.00381304751076888,0.908662109375
"Prop_0.80",80,20,0.01,0.000625,"Low","Independent",50,0.0029730950016165,0.936533203125
"Prop_0.80",80,20,0.01,0.000625,"Low","Combined",50,0.00300630606045865,0.933232421875
"Prop_0.80",80,20,0.01,0.000625,"Low","DiD GLM",50,0.00335793209364509,0.88912109375
"Prop_0.80",80,20,0.01,0.000625,"Medium","Independent",50,0.00243039649217995,0.937041015625
"Prop_0.80",80,20,0.01,0.000625,"Medium","Combined",50,0.00244101758704783,0.937060546875
"Prop_0.80",80,20,0.01,0.000625,"Medium","DiD GLM",50,0.00297883938573687,0.9143359375
"Prop_0.80",80,20,0.01,0.000625,"Very Low","Independent",50,0.00352800399957003,0.9326171875
"Prop_0.80",80,20,0.01,0.000625,"Very Low","Combined",50,0.00373571568780543,0.92759765625
"Prop_0.80",80,20,0.01,0.000625,"Very Low","DiD GLM",50,0.00403018477116127,0.86638671875
"Prop_0.80",80,20,0.05,5e-04,"Extremely Low","Independent",50,0.00314811410555209,0.92041015625
"Prop_0.80",80,20,0.05,5e-04,"Extremely Low","Combined",50,0.00319333591010929,0.91861328125
"Prop_0.80",80,20,0.05,5e-04,"Extremely Low","DiD GLM",50,0.0034511252250826,0.872822265625
"Prop_0.80",80,20,0.05,5e-04,"High","Independent",50,0.00370947105532967,0.927041015625
"Prop_0.80",80,20,0.05,5e-04,"High","Combined",50,0.00366371164990521,0.922734375
"Prop_0.80",80,20,0.05,5e-04,"High","DiD GLM",50,0.00317605672589959,0.89943359375
"Prop_0.80",80,20,0.05,5e-04,"Low","Independent",50,0.00324795961633207,0.91431640625
"Prop_0.80",80,20,0.05,5e-04,"Low","Combined",50,0.00327415299368437,0.90791015625
"Prop_0.80",80,20,0.05,5e-04,"Low","DiD GLM",50,0.00315434253438079,0.892978515625
"Prop_0.80",80,20,0.05,5e-04,"Medium","Independent",50,0.00283192850633912,0.931220703125
"Prop_0.80",80,20,0.05,5e-04,"Medium","Combined",50,0.00267141384939592,0.919775390625
"Prop_0.80",80,20,0.05,5e-04,"Medium","DiD GLM",50,0.00313011560373201,0.901884765625
"Prop_0.80",80,20,0.05,5e-04,"Very Low","Independent",50,0.00397501162416024,0.91634765625
"Prop_0.80",80,20,0.05,5e-04,"Very Low","Combined",50,0.00423541019591522,0.9129296875
"Prop_0.80",80,20,0.05,5e-04,"Very Low","DiD GLM",50,0.00393979265883624,0.877705078125
"Prop_0.80",80,20,0.05,0.000625,"Extremely Low","Independent",50,0.0035500557206779,0.92189453125
"Prop_0.80",80,20,0.05,0.000625,"Extremely Low","Combined",50,0.00361895948795099,0.920703125
"Prop_0.80",80,20,0.05,0.000625,"Extremely Low","DiD GLM",50,0.00386893775979598,0.874482421875
"Prop_0.80",80,20,0.05,0.000625,"High","Independent",50,0.003800928119688,0.928330078125
"Prop_0.80",80,20,0.05,0.000625,"High","Combined",50,0.00366853204859677,0.925078125
"Prop_0.80",80,20,0.05,0.000625,"High","DiD GLM",50,0.003704647974641,0.90177734375
"Prop_0.80",80,20,0.05,0.000625,"Low","Independent",50,0.00403391725483933,0.910615234375
"Prop_0.80",80,20,0.05,0.000625,"Low","Combined",50,0.00390042240085086,0.904345703125
"Prop_0.80",80,20,0.05,0.000625,"Low","DiD GLM",50,0.00364826811370713,0.89119140625
"Prop_0.80",80,20,0.05,0.000625,"Medium","Independent",50,0.00316049187395705,0.923603515625
"Prop_0.80",80,20,0.05,0.000625,"Medium","Combined",50,0.00289082866778103,0.914365234375
"Prop_0.80",80,20,0.05,0.000625,"Medium","DiD GLM",50,0.0032556900685209,0.897578125
"Prop_0.80",80,20,0.05,0.000625,"Very Low","Independent",50,0.00366457320391892,0.91572265625
"Prop_0.80",80,20,0.05,0.000625,"Very Low","Combined",50,0.003574424576919,0.91162109375
"Prop_0.80",80,20,0.05,0.000625,"Very Low","DiD GLM",50,0.00376625120822611,0.8766015625
