"Cell_range","Type","Pattern","k","Fraction","Method","n","AUC_se","AUC","Ref_AUC","Ref_se","Balance","AUC_OR","SE_log_OR","OR_Lower","OR_Upper","Count_Level","x_numeric","x_jitter","Pattern_lab"
".025_Count_Imb_s0","Imbalanced","s0",1,0.025,"DiD Baseline",100,0.00559795106057917,0.726934523809524,0.897249503968254,0.00397741918070735,"Imbalanced",0.304859125622824,0.0515419387022151,0.27556611643107,0.337266016878968,"2.5% target",7,7.12,"depleted: s0"
".025_Count_Imb_s0","Imbalanced","s0",1,0.025,"MIMOSA2",100,0.00515602403804529,0.855808531746032,0.940329861111111,0.00330527914789169,"Imbalanced",0.376629096614857,0.072221258093001,0.326917291823255,0.433900194222865,"2.5% target",7,6.96,"depleted: s0"
".025_Count_Imb_s0_u0","Imbalanced","s0_u0",2,0.025,"DiD Baseline",100,0.0051978584387762,0.774389880952381,0.897249503968254,0.00397741918070735,"Imbalanced",0.393071716159284,0.0524061713011048,0.354701284568675,0.435592936271114,"2.5% target",7,7.12,"depleted: s0 + u0"
".025_Count_Imb_s0_u0","Imbalanced","s0_u0",2,0.025,"MIMOSA2",100,0.00550637425019497,0.854605654761905,0.940329861111111,0.00330527914789169,"Imbalanced",0.37298817812863,0.0737152121367692,0.322810321027629,0.430965715658787,"2.5% target",7,6.96,"depleted: s0 + u0"
".025_Count_Imb_s0_u1","Imbalanced","s0_u1",2,0.025,"DiD Baseline",100,0.00585235239042763,0.669965277777778,0.897249503968254,0.00397741918070735,"Imbalanced",0.232468097780085,0.0506143514782726,0.210513308176731,0.256712589591352,"2.5% target",7,7.12,"depleted: s0 + u1"
".025_Count_Imb_s0_u1","Imbalanced","s0_u1",2,0.025,"MIMOSA2",100,0.00551080879093857,0.831731150793651,0.940329861111111,0.00330527914789169,"Imbalanced",0.313657779603388,0.0708558134462919,0.272987258882167,0.36038752544196,"2.5% target",7,6.96,"depleted: s0 + u1"
".025_Count_Imb_s1","Imbalanced","s1",1,0.025,"DiD Baseline",100,0.00532873221862932,0.767197420634921,0.897249503968254,0.00397741918070735,"Imbalanced",0.377389703064653,0.0524538381804056,0.340518285430047,0.418253568378443,"2.5% target",7,7.12,"depleted: s1"
".025_Count_Imb_s1","Imbalanced","s1",1,0.025,"MIMOSA2",100,0.00538594566059229,0.808844246031746,0.940329861111111,0.00330527914789169,"Imbalanced",0.268506217148354,0.0684364008787175,0.234801088328588,0.307049635759892,"2.5% target",7,6.96,"depleted: s1"
".025_Count_Imb_s1_s0","Imbalanced","s1_s0",2,0.025,"DiD Baseline",100,0.00570089581051385,0.68171626984127,0.897249503968254,0.00397741918070735,"Imbalanced",0.245278747619539,0.0505132179503567,0.222158124757038,0.270805598938165,"2.5% target",7,7.12,"depleted: s1 + s0"
".025_Count_Imb_s1_s0","Imbalanced","s1_s0",2,0.025,"MIMOSA2",100,0.00603181632557476,0.773621031746032,0.940329861111111,0.00330527914789169,"Imbalanced",0.216854786599057,0.0682372640212785,0.189707403933132,0.247886995952452,"2.5% target",7,6.96,"depleted: s1 + s0"
".025_Count_Imb_s1_u0","Imbalanced","s1_u0",2,0.025,"DiD Baseline",100,0.00518402791585083,0.757681051587302,0.897249503968254,0.00397741918070735,"Imbalanced",0.358071496190163,0.0515606650804897,0.323653588631811,0.396149466242192,"2.5% target",7,7.12,"depleted: s1 + u0"
".025_Count_Imb_s1_u0","Imbalanced","s1_u0",2,0.025,"MIMOSA2",100,0.00545051598439765,0.793794642857143,0.940329861111111,0.00330527914789169,"Imbalanced",0.244278385318807,0.067667664154684,0.213936635766734,0.278923379906875,"2.5% target",7,6.96,"depleted: s1 + u0"
".025_Count_Imb_s1_u0_s0","Imbalanced","s1_u0_s0",3,0.025,"DiD Baseline",100,0.00577353981456063,0.724461805555556,0.897249503968254,0.00397741918070735,"Imbalanced",0.30109558393186,0.0519404630277804,0.271951695756736,0.333362696676702,"2.5% target",7,7.12,"depleted: s1 + u0 + s0"
".025_Count_Imb_s1_u0_s0","Imbalanced","s1_u0_s0",3,0.025,"MIMOSA2",100,0.00624469033116548,0.752621527777778,0.940329861111111,0.00330527914789169,"Imbalanced",0.193059667768002,0.0677870030551242,0.169040236867265,0.220492091169738,"2.5% target",7,6.96,"depleted: s1 + u0 + s0"
".025_Count_Imb_s1_u1","Imbalanced","s1_u1",2,0.025,"DiD Baseline",100,0.00622777414982629,0.688415178571429,0.897249503968254,0.00397741918070735,"Imbalanced",0.253014169926755,0.0520022705677307,0.228496534624474,0.280162542897787,"2.5% target",7,7.12,"depleted: s1 + u1"
".025_Count_Imb_s1_u1","Imbalanced","s1_u1",2,0.025,"MIMOSA2",100,0.00565992415046999,0.776646825396825,0.940329861111111,0.00330527914789169,"Imbalanced",0.220652200381311,0.0673402271267326,0.193369112569993,0.251784749311971,"2.5% target",7,6.96,"depleted: s1 + u1"
".025_Count_Imb_s1_u1_s0","Imbalanced","s1_u1_s0",3,0.025,"DiD Baseline",100,0.00604330710509844,0.593816964285714,0.897249503968254,0.00397741918070735,"Imbalanced",0.167417757178779,0.0498902385860669,0.151821784282498,0.184615834619747,"2.5% target",7,7.12,"depleted: s1 + u1 + s0"
".025_Count_Imb_s1_u1_s0","Imbalanced","s1_u1_s0",3,0.025,"MIMOSA2",100,0.00675746313743314,0.743055555555556,0.940329861111111,0.00330527914789169,"Imbalanced",0.183509636327981,0.0687226004772731,0.160383990921584,0.209969750919173,"2.5% target",7,6.96,"depleted: s1 + u1 + s0"
".025_Count_Imb_s1_u1_u0","Imbalanced","s1_u1_u0",3,0.025,"DiD Baseline",100,0.00510029645633261,0.740741567460317,0.897249503968254,0.00397741918070735,"Imbalanced",0.327193393027022,0.0506615703346173,0.296265121507112,0.361350387436562,"2.5% target",7,7.12,"depleted: s1 + u1 + u0"
".025_Count_Imb_s1_u1_u0","Imbalanced","s1_u1_u0",3,0.025,"MIMOSA2",100,0.00548997585530148,0.789159226190476,0.940329861111111,0.00330527914789169,"Imbalanced",0.237512711540449,0.0675187628230784,0.208072040685304,0.271119021842135,"2.5% target",7,6.96,"depleted: s1 + u1 + u0"
".025_Count_Imb_u0","Imbalanced","u0",1,0.025,"DiD Baseline",100,0.00351200521659194,0.871354166666667,0.897249503968254,0.00397741918070735,"Imbalanced",0.775656949516132,0.0533184238785429,0.698689359378155,0.861103286112937,"2.5% target",7,7.12,"depleted: u0"
".025_Count_Imb_u0","Imbalanced","u0",1,0.025,"MIMOSA2",100,0.00331655535854811,0.906842757936508,0.940329861111111,0.00330527914789169,"Imbalanced",0.617720746076373,0.0707909797982315,0.537692140993609,0.709660586498486,"2.5% target",7,6.96,"depleted: u0"
".025_Count_Imb_u1","Imbalanced","u1",1,0.025,"DiD Baseline",100,0.00435829935471355,0.796354166666667,0.897249503968254,0.00397741918070735,"Imbalanced",0.447817878545075,0.0508280199368546,0.405355195869668,0.494728708026949,"2.5% target",7,7.12,"depleted: u1"
".025_Count_Imb_u1","Imbalanced","u1",1,0.025,"MIMOSA2",100,0.00417673150492486,0.892824900793651,0.940329861111111,0.00330527914789169,"Imbalanced",0.528626853539365,0.0733167875156385,0.457868442131176,0.610320180579011,"2.5% target",7,6.96,"depleted: u1"
".025_Count_Imb_u1_u0","Imbalanced","u1_u0",2,0.025,"DiD Baseline",100,0.00481859929511824,0.796624503968254,0.897249503968254,0.00397741918070735,"Imbalanced",0.448565363611971,0.0524008183723329,0.40478206256073,0.497084490749023,"2.5% target",7,7.12,"depleted: u1 + u0"
".025_Count_Imb_u1_u0","Imbalanced","u1_u0",2,0.025,"MIMOSA2",100,0.00469131452691301,0.878851686507937,0.940329861111111,0.00330527914789169,"Imbalanced",0.46033610497014,0.0735631320095882,0.398526161861065,0.53173254310204,"2.5% target",7,6.96,"depleted: u1 + u0"
".025_Count_Imb_u1_u0_s0","Imbalanced","u1_u0_s0",3,0.025,"DiD Baseline",100,0.00558111550772163,0.671535218253968,0.897249503968254,0.00397741918070735,"Imbalanced",0.23412655946423,0.0500148209946608,0.212264422287417,0.258240383649103,"2.5% target",7,7.12,"depleted: u1 + u0 + s0"
".025_Count_Imb_u1_u0_s0","Imbalanced","u1_u0_s0",3,0.025,"MIMOSA2",100,0.00501873679471021,0.835592757936508,0.940329861111111,0.00330527914789169,"Imbalanced",0.322515464800784,0.0693160726006173,0.281544800934141,0.369448218154087,"2.5% target",7,6.96,"depleted: u1 + u0 + s0"
".050_Count_Imb_s0","Imbalanced","s0",1,0.05,"DiD Baseline",100,0.00517924140914982,0.776577380952381,0.897249503968254,0.00397741918070735,"Imbalanced",0.398041449067138,0.0524626457257758,0.359146131653293,0.441149106760855,"5% target",6,6.12,"depleted: s0"
".050_Count_Imb_s0","Imbalanced","s0",1,0.05,"MIMOSA2",100,0.00474474217772385,0.890518353174603,0.940329861111111,0.00330527914789169,"Imbalanced",0.516152902634744,0.0764101284699784,0.444361843212419,0.599542519160262,"5% target",6,5.96,"depleted: s0"
".050_Count_Imb_s0_u0","Imbalanced","s0_u0",2,0.05,"DiD Baseline",100,0.0046946525798623,0.813204365079365,0.897249503968254,0.00397741918070735,"Imbalanced",0.498544211419952,0.0530699667071911,0.449292956627876,0.553194362550844,"5% target",6,6.12,"depleted: s0 + u0"
".050_Count_Imb_s0_u0","Imbalanced","s0_u0",2,0.05,"MIMOSA2",100,0.00464536528950982,0.879310515873016,0.940329861111111,0.00330527914789169,"Imbalanced",0.462327425734072,0.0733906663106137,0.4003854258506,0.533852220349428,"5% target",6,5.96,"depleted: s0 + u0"
".050_Count_Imb_s0_u1","Imbalanced","s0_u1",2,0.05,"DiD Baseline",100,0.00479995767395939,0.723648313492063,0.897249503968254,0.00397741918070735,"Imbalanced",0.299872151207143,0.0493696536492676,0.272214865196255,0.330339443456804,"5% target",6,6.12,"depleted: s0 + u1"
".050_Count_Imb_s0_u1","Imbalanced","s0_u1",2,0.05,"MIMOSA2",100,0.00444235631782489,0.861272321428571,0.940329861111111,0.00330527914789169,"Imbalanced",0.393961872099399,0.0696595497498576,0.343683582505929,0.451595492389822,"5% target",6,5.96,"depleted: s0 + u1"
".050_Count_Imb_s1","Imbalanced","s1",1,0.05,"DiD Baseline",100,0.00445542919260686,0.800178571428571,0.897249503968254,0.00397741918070735,"Imbalanced",0.458580472661314,0.0513588313967071,0.414665627936301,0.507146085275674,"5% target",6,6.12,"depleted: s1"
".050_Count_Imb_s1","Imbalanced","s1",1,0.05,"MIMOSA2",100,0.00432125787871463,0.849367559523809,0.940329861111111,0.00330527914789169,"Imbalanced",0.357811239325628,0.067903254473999,0.313222939610757,0.408746827888289,"5% target",6,5.96,"depleted: s1"
".050_Count_Imb_s1_s0","Imbalanced","s1_s0",2,0.05,"DiD Baseline",100,0.00542530408804631,0.742787698412698,0.897249503968254,0.00397741918070735,"Imbalanced",0.330707212932669,0.0516491783616977,0.298867712167896,0.36593869539261,"5% target",6,6.12,"depleted: s1 + s0"
".050_Count_Imb_s1_s0","Imbalanced","s1_s0",2,0.05,"MIMOSA2",100,0.00511822240478231,0.821599702380952,0.940329861111111,0.00330527914789169,"Imbalanced",0.29224125190576,0.0684795077674238,0.255535113589901,0.334220014289344,"5% target",6,5.96,"depleted: s1 + s0"
".050_Count_Imb_s1_u0","Imbalanced","s1_u0",2,0.05,"DiD Baseline",100,0.00502503152725641,0.802772817460317,0.897249503968254,0.00397741918070735,"Imbalanced",0.466118765962957,0.0535589921270894,0.419668384907144,0.517710439472115,"5% target",6,6.12,"depleted: s1 + u0"
".050_Count_Imb_s1_u0","Imbalanced","s1_u0",2,0.05,"MIMOSA2",100,0.00536464916565435,0.843132440476191,0.940329861111111,0.00330527914789169,"Imbalanced",0.341066826668508,0.0715214719824377,0.296455269587689,0.392391676543694,"5% target",6,5.96,"depleted: s1 + u0"
".050_Count_Imb_s1_u0_s0","Imbalanced","s1_u0_s0",3,0.05,"DiD Baseline",100,0.00590445979773283,0.772217261904762,0.897249503968254,0.00397741918070735,"Imbalanced",0.38823027231217,0.0546630350524941,0.348786190647751,0.432135068362845,"5% target",6,6.12,"depleted: s1 + u0 + s0"
".050_Count_Imb_s1_u0_s0","Imbalanced","s1_u0_s0",3,0.05,"MIMOSA2",100,0.00534573871316613,0.818050595238095,0.940329861111111,0.00330527914789169,"Imbalanced",0.285303005529168,0.0689926911729468,0.249217527146149,0.326613484597503,"5% target",6,5.96,"depleted: s1 + u0 + s0"
".050_Count_Imb_s1_u1","Imbalanced","s1_u1",2,0.05,"DiD Baseline",100,0.00542832850444234,0.744437003968254,0.897249503968254,0.00397741918070735,"Imbalanced",0.333580520493543,0.0517239871516175,0.301420187231642,0.369172233202906,"5% target",6,6.12,"depleted: s1 + u1"
".050_Count_Imb_s1_u1","Imbalanced","s1_u1",2,0.05,"MIMOSA2",100,0.00549698542396246,0.830567956349206,0.940329861111111,0.00330527914789169,"Imbalanced",0.311068792623334,0.0706819178054889,0.270826265062796,0.357291024641581,"5% target",6,5.96,"depleted: s1 + u1"
".050_Count_Imb_s1_u1_s0","Imbalanced","s1_u1_s0",3,0.05,"DiD Baseline",100,0.00612470394541754,0.688179563492064,0.897249503968254,0.00397741918070735,"Imbalanced",0.252736459034593,0.0517290099522616,0.228368013594724,0.279705186027944,"5% target",6,6.12,"depleted: s1 + u1 + s0"
".050_Count_Imb_s1_u1_s0","Imbalanced","s1_u1_s0",3,0.05,"MIMOSA2",100,0.00575020732428687,0.808886408730159,0.940329861111111,0.00330527914789169,"Imbalanced",0.268579453427293,0.0696684456407283,0.234298661479597,0.307875949216999,"5% target",6,5.96,"depleted: s1 + u1 + s0"
".050_Count_Imb_s1_u1_u0","Imbalanced","s1_u1_u0",3,0.05,"DiD Baseline",100,0.00524491477020688,0.756800595238095,0.897249503968254,0.00397741918070735,"Imbalanced",0.356360580352363,0.051704230024251,0.32201650228387,0.394367562930435,"5% target",6,6.12,"depleted: s1 + u1 + u0"
".050_Count_Imb_s1_u1_u0","Imbalanced","s1_u1_u0",3,0.05,"MIMOSA2",100,0.00514300383960994,0.82562996031746,0.940329861111111,0.00330527914789169,"Imbalanced",0.300462584573999,0.0688933882398227,0.262510792298352,0.343901155219113,"5% target",6,5.96,"depleted: s1 + u1 + u0"
".050_Count_Imb_u0","Imbalanced","u0",1,0.05,"DiD Baseline",100,0.00339888699872884,0.886041666666667,0.897249503968254,0.00397741918070735,"Imbalanced",0.890386889477191,0.0547209125605558,0.799833104818753,0.991192797818137,"5% target",6,6.12,"depleted: u0"
".050_Count_Imb_u0","Imbalanced","u0",1,0.05,"MIMOSA2",100,0.00337732402776233,0.924248511904762,0.940329861111111,0.00330527914789169,"Imbalanced",0.774237873972631,0.0761382964779859,0.666905326119548,0.89884465158133,"5% target",6,5.96,"depleted: u0"
".050_Count_Imb_u1","Imbalanced","u1",1,0.05,"DiD Baseline",100,0.00443584097930651,0.821602182539683,0.897249503968254,0.00397741918070735,"Imbalanced",0.527403184320162,0.0526988552508153,0.475646796854021,0.584791321356073,"5% target",6,6.12,"depleted: u1"
".050_Count_Imb_u1","Imbalanced","u1",1,0.05,"MIMOSA2",100,0.0037505755164294,0.908762400793651,0.940329861111111,0.00330527914789169,"Imbalanced",0.632052745651018,0.0742717637737767,0.546426710717351,0.731096532159889,"5% target",6,5.96,"depleted: u1"
".050_Count_Imb_u1_u0","Imbalanced","u1_u0",2,0.05,"DiD Baseline",100,0.00467045228251126,0.836989087301587,0.897249503968254,0.00397741918070735,"Imbalanced",0.587995248810466,0.0550730677004476,0.527830735137261,0.6550175834944,"5% target",6,6.12,"depleted: u1 + u0"
".050_Count_Imb_u1_u0","Imbalanced","u1_u0",2,0.05,"MIMOSA2",100,0.00406675057819001,0.905639880952381,0.940329861111111,0.00330527914789169,"Imbalanced",0.609037283572906,0.0757283233280966,0.525028198767074,0.706488553667998,"5% target",6,5.96,"depleted: u1 + u0"
".050_Count_Imb_u1_u0_s0","Imbalanced","u1_u0_s0",3,0.05,"DiD Baseline",100,0.00526656042459987,0.745220734126984,0.897249503968254,0.00397741918070735,"Imbalanced",0.334958920310173,0.051290085494355,0.302923206895171,0.370382577965325,"5% target",6,6.12,"depleted: u1 + u0 + s0"
".050_Count_Imb_u1_u0_s0","Imbalanced","u1_u0_s0",3,0.05,"MIMOSA2",100,0.00467787450839168,0.866731150793651,0.940329861111111,0.00330527914789169,"Imbalanced",0.412698204108363,0.0714856670695633,0.3587424342762,0.474769058246219,"5% target",6,5.96,"depleted: u1 + u0 + s0"
".10_Count_Imb_s0","Imbalanced","s0",1,0.1,"DiD Baseline",100,0.00420706880206173,0.822361111111111,0.897249503968254,0.00397741918070735,"Imbalanced",0.530145667788596,0.0518715180356016,0.478896087867048,0.586879776627122,"10% target",5,5.12,"depleted: s0"
".10_Count_Imb_s0","Imbalanced","s0",1,0.1,"MIMOSA2",100,0.00410107076608859,0.897991071428571,0.940329861111111,0.00330527914789169,"Imbalanced",0.558612504899002,0.073989529848139,0.483202857788401,0.645790739023705,"10% target",5,4.96,"depleted: s0"
".10_Count_Imb_s0_u0","Imbalanced","s0_u0",2,0.1,"DiD Baseline",100,0.00481131765939968,0.851842757936508,0.897249503968254,0.00397741918070735,"Imbalanced",0.658426422512843,0.057572503514877,0.588166854068271,0.737078859280191,"10% target",5,5.12,"depleted: s0 + u0"
".10_Count_Imb_s0_u0","Imbalanced","s0_u0",2,0.1,"MIMOSA2",100,0.00413799575902033,0.907080853174603,0.940329861111111,0.00330527914789169,"Imbalanced",0.619466189170784,0.076683990091805,0.533019229507419,0.719933425066857,"10% target",5,4.96,"depleted: s0 + u0"
".10_Count_Imb_s0_u1","Imbalanced","s0_u1",2,0.1,"DiD Baseline",100,0.00468450580719905,0.793789682539683,0.897249503968254,0.00397741918070735,"Imbalanced",0.440824536083681,0.0517715026563078,0.398287765812884,0.487904194638725,"10% target",5,5.12,"depleted: s0 + u1"
".10_Count_Imb_s0_u1","Imbalanced","s0_u1",2,0.1,"MIMOSA2",100,0.00393520137691898,0.895726686507937,0.940329861111111,0.00330527914789169,"Imbalanced",0.545103737786542,0.0724241261605335,0.47296662882587,0.628243235017443,"10% target",5,4.96,"depleted: s0 + u1"
".10_Count_Imb_s1","Imbalanced","s1",1,0.1,"DiD Baseline",100,0.00464362204571082,0.844074900793651,0.897249503968254,0.00397741918070735,"Imbalanced",0.619920013810122,0.0557326076864139,0.555770005038836,0.691474566885789,"10% target",5,5.12,"depleted: s1"
".10_Count_Imb_s1","Imbalanced","s1",1,0.1,"MIMOSA2",100,0.004026952786287,0.89468005952381,0.940329861111111,0.00330527914789169,"Imbalanced",0.539056111178673,0.072777055821788,0.467395894538882,0.621703130888113,"10% target",5,4.96,"depleted: s1"
".10_Count_Imb_s1_s0","Imbalanced","s1_s0",2,0.1,"DiD Baseline",100,0.00448607034612627,0.800768849206349,0.897249503968254,0.00397741918070735,"Imbalanced",0.460278434130294,0.0514970929991942,0.416088216085188,0.509161828514897,"10% target",5,5.12,"depleted: s1 + s0"
".10_Count_Imb_s1_s0","Imbalanced","s1_s0",2,0.1,"MIMOSA2",100,0.0047882053403993,0.866688988095238,0.940329861111111,0.00330527914789169,"Imbalanced",0.412547609110604,0.0720247118998203,0.358232844931909,0.47509750205966,"10% target",5,4.96,"depleted: s1 + s0"
".10_Count_Imb_s1_u0","Imbalanced","s1_u0",2,0.1,"DiD Baseline",100,0.00496221476961746,0.83828869047619,0.897249503968254,0.00397741918070735,"Imbalanced",0.593641034527714,0.0565791391181957,0.531328091414585,0.663261897064193,"10% target",5,5.12,"depleted: s1 + u0"
".10_Count_Imb_s1_u0","Imbalanced","s1_u0",2,0.1,"MIMOSA2",100,0.00480745927809218,0.879734623015873,0.940329861111111,0.00330527914789169,"Imbalanced",0.464181565037252,0.0743958926027753,0.40119990935176,0.537050284155274,"10% target",5,4.96,"depleted: s1 + u0"
".10_Count_Imb_s1_u0_s0","Imbalanced","s1_u0_s0",3,0.1,"DiD Baseline",100,0.00478939973801795,0.815642361111111,0.897249503968254,0.00397741918070735,"Imbalanced",0.506651503767858,0.0536259131686313,0.456102063593661,0.56280329943633,"10% target",5,5.12,"depleted: s1 + u0 + s0"
".10_Count_Imb_s1_u0_s0","Imbalanced","s1_u0_s0",3,0.1,"MIMOSA2",100,0.00436828815787585,0.865138888888889,0.940329861111111,0.00330527914789169,"Imbalanced",0.407076396945232,0.069798782881344,0.35502750340775,0.466755931186527,"10% target",5,4.96,"depleted: s1 + u0 + s0"
".10_Count_Imb_s1_u1","Imbalanced","s1_u1",2,0.1,"DiD Baseline",100,0.00488307902369775,0.795195932539683,0.897249503968254,0.00397741918070735,"Imbalanced",0.444637689398595,0.0525382791508822,0.4011296702647,0.492864750451544,"10% target",5,5.12,"depleted: s1 + u1"
".10_Count_Imb_s1_u1","Imbalanced","s1_u1",2,0.1,"MIMOSA2",100,0.00481931875192208,0.871897321428571,0.940329861111111,0.00330527914789169,"Imbalanced",0.43190074546588,0.0730195870907504,0.374307411352581,0.498355758599371,"10% target",5,4.96,"depleted: s1 + u1"
".10_Count_Imb_s1_u1_s0","Imbalanced","s1_u1_s0",3,0.1,"DiD Baseline",100,0.00571743164972945,0.745044642857143,0.897249503968254,0.00397741918070735,"Imbalanced",0.334648478432343,0.0526044297243451,0.301863817587787,0.370993797839035,"10% target",5,5.12,"depleted: s1 + u1 + s0"
".10_Count_Imb_s1_u1_s0","Imbalanced","s1_u1_s0",3,0.1,"MIMOSA2",100,0.00438149636936967,0.856483134920635,0.940329861111111,0.00330527914789169,"Imbalanced",0.378697726040669,0.0688525683254404,0.330890430973152,0.433412254584085,"10% target",5,4.96,"depleted: s1 + u1 + s0"
".10_Count_Imb_s1_u1_u0","Imbalanced","s1_u1_u0",3,0.1,"DiD Baseline",100,0.00502127487749978,0.816061507936508,0.897249503968254,0.00397741918070735,"Imbalanced",0.50806698176285,0.0545919738635379,0.456511104014955,0.565445299549944,"10% target",5,5.12,"depleted: s1 + u1 + u0"
".10_Count_Imb_s1_u1_u0","Imbalanced","s1_u1_u0",3,0.1,"MIMOSA2",100,0.00406543884322301,0.875644841269841,0.940329861111111,0.00330527914789169,"Imbalanced",0.44682864642038,0.0697423603319491,0.389740118243803,0.512279413680922,"10% target",5,4.96,"depleted: s1 + u1 + u0"
".10_Count_Imb_u0","Imbalanced","u0",1,0.1,"DiD Baseline",100,0.00461563880743579,0.892857142857143,0.897249503968254,0.00397741918070735,"Imbalanced",0.954309954824093,0.0647241350438877,0.840611173041545,1.08338732470232,"10% target",5,5.12,"depleted: u0"
".10_Count_Imb_u0","Imbalanced","u0",1,0.1,"MIMOSA2",100,0.00369143204538124,0.933802083333333,0.940329861111111,0.00330527914789169,"Imbalanced",0.89513252483365,0.0838819459709562,0.759426213309425,1.05508899083603,"10% target",5,4.96,"depleted: u0"
".10_Count_Imb_u1","Imbalanced","u1",1,0.1,"DiD Baseline",100,0.00454035866057495,0.852606646825397,0.897249503968254,0.00397741918070735,"Imbalanced",0.662432322562721,0.0562726955152323,0.593254757584012,0.739676465070234,"10% target",5,5.12,"depleted: u1"
".10_Count_Imb_u1","Imbalanced","u1",1,0.1,"MIMOSA2",100,0.00340963969249356,0.921063988095238,0.940329861111111,0.00330527914789169,"Imbalanced",0.740442677796099,0.0752954898865346,0.638849600950799,0.858191596716801,"10% target",5,4.96,"depleted: u1"
".10_Count_Imb_u1_u0","Imbalanced","u1_u0",2,0.1,"DiD Baseline",100,0.00416478807318662,0.86234871031746,0.897249503968254,0.00397741918070735,"Imbalanced",0.71741975888517,0.0556081804764009,0.643337244881953,0.80003313119746,"10% target",5,5.12,"depleted: u1 + u0"
".10_Count_Imb_u1_u0","Imbalanced","u1_u0",2,0.1,"MIMOSA2",100,0.00309962192010491,0.915753968253968,0.940329861111111,0.00330527914789169,"Imbalanced",0.68977297805966,0.0713043565163284,0.599805830721018,0.793234638431833,"10% target",5,4.96,"depleted: u1 + u0"
".10_Count_Imb_u1_u0_s0","Imbalanced","u1_u0_s0",3,0.1,"DiD Baseline",100,0.00481842197377607,0.81249503968254,0.897249503968254,0.00397741918070735,"Imbalanced",0.496225019307102,0.0534938737883368,0.446831470119768,0.551078619687043,"10% target",5,5.12,"depleted: u1 + u0 + s0"
".10_Count_Imb_u1_u0_s0","Imbalanced","u1_u0_s0",3,0.1,"MIMOSA2",100,0.00409157860839635,0.894618055555556,0.940329861111111,0.00330527914789169,"Imbalanced",0.538701608522521,0.0731685353422721,0.466730258723605,0.621771178535492,"10% target",5,4.96,"depleted: u1 + u0 + s0"
".25_Count_Imb_s0","Imbalanced","s0",1,0.25,"DiD Baseline",100,0.00355249273591711,0.866145833333333,0.897249503968254,0.00397741918070735,"Imbalanced",0.741019823286754,0.0529166188314921,0.668015117388997,0.822002922104794,"25% target",4,4.12,"depleted: s0"
".25_Count_Imb_s0","Imbalanced","s0",1,0.25,"MIMOSA2",100,0.00326879758111122,0.924439484126984,0.940329861111111,0.00330527914789169,"Imbalanced",0.776355069362363,0.0752331244892746,0.669916484854835,0.899704974203232,"25% target",4,3.96,"depleted: s0"
".25_Count_Imb_s0_u0","Imbalanced","s0_u0",2,0.25,"DiD Baseline",100,0.00425532406828028,0.875210813492064,0.897249503968254,0.00397741918070735,"Imbalanced",0.803168045492835,0.0581318820214085,0.71667716084515,0.90009692584603,"25% target",4,4.12,"depleted: s0 + u0"
".25_Count_Imb_s0_u0","Imbalanced","s0_u0",2,0.25,"MIMOSA2",100,0.00407854299737613,0.923759920634921,0.940329861111111,0.00330527914789169,"Imbalanced",0.768869435065468,0.082606328082851,0.653938144492559,0.904000192000756,"25% target",4,3.96,"depleted: s0 + u0"
".25_Count_Imb_s0_u1","Imbalanced","s0_u1",2,0.25,"DiD Baseline",100,0.00378988940247746,0.856292162698413,0.897249503968254,0.00397741918070735,"Imbalanced",0.682357887039404,0.0530074493177689,0.615023009296286,0.757064823538288,"25% target",4,4.12,"depleted: s0 + u1"
".25_Count_Imb_s0_u1","Imbalanced","s0_u1",2,0.25,"MIMOSA2",100,0.00339066921253243,0.923948412698413,0.940329861111111,0.00330527914789169,"Imbalanced",0.770932335499507,0.0761479127491452,0.664045518261583,0.89502398491394,"25% target",4,3.96,"depleted: s0 + u1"
".25_Count_Imb_s1","Imbalanced","s1",1,0.25,"DiD Baseline",100,0.00414512536318656,0.870830853174603,0.897249503968254,0.00397741918070735,"Imbalanced",0.772050514455284,0.0567383097182278,0.690794852036727,0.862863982140646,"25% target",4,4.12,"depleted: s1"
".25_Count_Imb_s1","Imbalanced","s1",1,0.25,"MIMOSA2",100,0.00356128437082604,0.92327628968254,0.940329861111111,0.00330527914789169,"Imbalanced",0.763622834856484,0.0774441446146812,0.656080485134469,0.888793139144715,"25% target",4,3.96,"depleted: s1"
".25_Count_Imb_s1_s0","Imbalanced","s1_s0",2,0.25,"DiD Baseline",100,0.00405464841089508,0.851617063492063,0.897249503968254,0.00397741918070735,"Imbalanced",0.657250754445125,0.0537663594805662,0.591512932396001,0.730294352938152,"25% target",4,4.12,"depleted: s1 + s0"
".25_Count_Imb_s1_s0","Imbalanced","s1_s0",2,0.25,"MIMOSA2",100,0.00354322694827786,0.908142361111111,0.940329861111111,0.00330527914789169,"Imbalanced",0.627358052851472,0.0726236423412363,0.544122875718335,0.723325822238221,"25% target",4,3.96,"depleted: s1 + s0"
".25_Count_Imb_s1_u0","Imbalanced","s1_u0",2,0.25,"DiD Baseline",100,0.00403812122183147,0.868494543650794,0.897249503968254,0.00397741918070735,"Imbalanced",0.756299863192433,0.055779418115132,0.677974910752379,0.843673525367082,"25% target",4,4.12,"depleted: s1 + u0"
".25_Count_Imb_s1_u0","Imbalanced","s1_u0",2,0.25,"MIMOSA2",100,0.00390658579516199,0.913191964285714,0.940329861111111,0.00330527914789169,"Imbalanced",0.667542580143658,0.0768027892758622,0.574252796700423,0.775987681497213,"25% target",4,3.96,"depleted: s1 + u0"
".25_Count_Imb_s1_u0_s0","Imbalanced","s1_u0_s0",3,0.25,"DiD Baseline",100,0.00445002362045197,0.863308531746032,0.897249503968254,0.00397741918070735,"Imbalanced",0.723261461555827,0.0573000797495736,0.646428524651328,0.809226576215872,"25% target",4,4.12,"depleted: s1 + u0 + s0"
".25_Count_Imb_s1_u0_s0","Imbalanced","s1_u0_s0",3,0.25,"MIMOSA2",100,0.0039728437646439,0.911044146825397,0.940329861111111,0.00330527914789169,"Imbalanced",0.649892782480356,0.0766369089154308,0.559251374307798,0.755225017091514,"25% target",4,3.96,"depleted: s1 + u0 + s0"
".25_Count_Imb_s1_u1","Imbalanced","s1_u1",2,0.25,"DiD Baseline",100,0.00399656932606536,0.855811011904762,0.897249503968254,0.00397741918070735,"Imbalanced",0.679698758329049,0.0539464165588336,0.611499856894189,0.755503696142305,"25% target",4,4.12,"depleted: s1 + u1"
".25_Count_Imb_s1_u1","Imbalanced","s1_u1",2,0.25,"MIMOSA2",100,0.00339143718046166,0.913782242063492,0.940329861111111,0.00330527914789169,"Imbalanced",0.672547263446009,0.0729599514838688,0.582932199856141,0.775938988582792,"25% target",4,3.96,"depleted: s1 + u1"
".25_Count_Imb_s1_u1_s0","Imbalanced","s1_u1_s0",3,0.25,"DiD Baseline",100,0.00463615811760641,0.81922371031746,0.897249503968254,0.00397741918070735,"Imbalanced",0.518957442941295,0.0533035777244233,0.467475466500375,0.576109008672334,"25% target",4,4.12,"depleted: s1 + u1 + s0"
".25_Count_Imb_s1_u1_s0","Imbalanced","s1_u1_s0",3,0.25,"MIMOSA2",100,0.00398707641569505,0.899290674603175,0.940329861111111,0.00330527914789169,"Imbalanced",0.566639993759081,0.0735402504105309,0.490578486583583,0.654494420991263,"25% target",4,3.96,"depleted: s1 + u1 + s0"
".25_Count_Imb_s1_u1_u0","Imbalanced","s1_u1_u0",3,0.25,"DiD Baseline",100,0.0042653734810839,0.85858878968254,0.897249503968254,0.00397741918070735,"Imbalanced",0.695299752195034,0.0556366681447197,0.62346659128425,0.775409223462409,"25% target",4,4.12,"depleted: s1 + u1 + u0"
".25_Count_Imb_s1_u1_u0","Imbalanced","s1_u1_u0",3,0.25,"MIMOSA2",100,0.00399333208391226,0.910798611111111,0.940329861111111,0.00330527914789169,"Imbalanced",0.647929217191362,0.0767204009554002,0.55747043569464,0.753066429374145,"25% target",4,3.96,"depleted: s1 + u1 + u0"
".25_Count_Imb_u0","Imbalanced","u0",1,0.25,"DiD Baseline",100,0.00408734903857731,0.897770337301587,0.897249503968254,0.00397741918070735,"Imbalanced",1.00567817295086,0.0620049567944548,0.890593127863087,1.1356348436873,"25% target",4,4.12,"depleted: u0"
".25_Count_Imb_u0","Imbalanced","u0",1,0.25,"MIMOSA2",100,0.00352293861950031,0.935493551587302,0.940329861111111,0.00330527914789169,"Imbalanced",0.920268354174648,0.0829353733677359,0.782201191063199,1.08270589890586,"25% target",4,3.96,"depleted: u0"
".25_Count_Imb_u1","Imbalanced","u1",1,0.25,"DiD Baseline",100,0.00402762594278736,0.88186755952381,0.897249503968254,0.00397741918070735,"Imbalanced",0.854879476794981,0.0579306734810527,0.763120826709608,0.957671307434203,"25% target",4,4.12,"depleted: u1"
".25_Count_Imb_u1","Imbalanced","u1",1,0.25,"MIMOSA2",100,0.00365456007603099,0.934305555555556,0.940329861111111,0.00330527914789169,"Imbalanced",0.902479005994707,0.0837570987094228,0.765846313436508,1.06348798965488,"25% target",4,3.96,"depleted: u1"
".25_Count_Imb_u1_u0","Imbalanced","u1_u0",2,0.25,"DiD Baseline",100,0.00377921160599132,0.884627976190476,0.897249503968254,0.00397741918070735,"Imbalanced",0.878073476864612,0.0568542029457064,0.785480819343983,0.981580977899679,"25% target",4,4.12,"depleted: u1 + u0"
".25_Count_Imb_u1_u0","Imbalanced","u1_u0",2,0.25,"MIMOSA2",100,0.00328358949304831,0.931393849206349,0.940329861111111,0.00330527914789169,"Imbalanced",0.861483835536547,0.0781710412004555,0.73910578132706,1.00412473781253,"25% target",4,3.96,"depleted: u1 + u0"
".25_Count_Imb_u1_u0_s0","Imbalanced","u1_u0_s0",3,0.25,"DiD Baseline",100,0.00396602191007361,0.861540178571429,0.897249503968254,0.00397741918070735,"Imbalanced",0.712561689369895,0.0544669249972088,0.640411742385693,0.792840180078844,"25% target",4,4.12,"depleted: u1 + u0 + s0"
".25_Count_Imb_u1_u0_s0","Imbalanced","u1_u0_s0",3,0.25,"MIMOSA2",100,0.00299967265571667,0.923053075396825,0.940329861111111,0.00330527914789169,"Imbalanced",0.761223571377787,0.0724828050736245,0.660409966190913,0.87742668234301,"25% target",4,3.96,"depleted: u1 + u0 + s0"
".50_Count_Imb_s0","Imbalanced","s0",1,0.5,"DiD Baseline",100,0.00387203565550073,0.88421378968254,0.897249503968254,0.00397741918070735,"Imbalanced",0.874522815150334,0.0573728390999672,0.781509744573782,0.978606037261334,"50% target",3,3.12,"depleted: s0"
".50_Count_Imb_s0","Imbalanced","s0",1,0.5,"MIMOSA2",100,0.00307920214918439,0.93156746031746,0.940329861111111,0.00330527914789169,"Imbalanced",0.863830379125729,0.0761783398870621,0.744019231207123,1.00293499495952,"50% target",3,2.96,"depleted: s0"
".50_Count_Imb_s0_u0","Imbalanced","s0_u0",2,0.5,"DiD Baseline",100,0.00417981188766479,0.889573412698413,0.897249503968254,0.00397741918070735,"Imbalanced",0.922526486451764,0.0605952374080003,0.81921734059823,1.03886365196269,"50% target",3,3.12,"depleted: s0 + u0"
".50_Count_Imb_s0_u0","Imbalanced","s0_u0",2,0.5,"MIMOSA2",100,0.00349609301759175,0.937919146825397,0.940329861111111,0.00330527914789169,"Imbalanced",0.958704014289235,0.0841143185571958,0.812989604540948,1.13053522687202,"50% target",3,2.96,"depleted: s0 + u0"
".50_Count_Imb_s0_u1","Imbalanced","s0_u1",2,0.5,"DiD Baseline",100,0.00414862725882837,0.875257936507936,0.897249503968254,0.00397741918070735,"Imbalanced",0.803514713608815,0.0574898133303547,0.717889360223974,0.899352923665597,"50% target",3,3.12,"depleted: s0 + u1"
".50_Count_Imb_s0_u1","Imbalanced","s0_u1",2,0.5,"MIMOSA2",100,0.0033361350096701,0.930208333333333,0.940329861111111,0.00330527914789169,"Imbalanced",0.84577233838929,0.0781716155473865,0.725625363471148,0.985812906211804,"50% target",3,2.96,"depleted: s0 + u1"
".50_Count_Imb_s1","Imbalanced","s1",1,0.5,"DiD Baseline",100,0.00411417378119688,0.88625744047619,0.897249503968254,0.00397741918070735,"Imbalanced",0.892293229402463,0.0593883510119263,0.794246322583585,1.00244368100765,"50% target",3,3.12,"depleted: s1"
".50_Count_Imb_s1","Imbalanced","s1",1,0.5,"MIMOSA2",100,0.0037231384914677,0.937075892857143,0.940329861111111,0.00330527914789169,"Imbalanced",0.945005909762341,0.0863538783819889,0.797863539394665,1.11928434549508,"50% target",3,2.96,"depleted: s1"
".50_Count_Imb_s1_s0","Imbalanced","s1_s0",2,0.5,"DiD Baseline",100,0.00440653829258979,0.872690972222222,0.897249503968254,0.00397741918070735,"Imbalanced",0.785004202904284,0.0586034444959975,0.69982221245276,0.88055450028887,"50% target",3,3.12,"depleted: s1 + s0"
".50_Count_Imb_s1_s0","Imbalanced","s1_s0",2,0.5,"MIMOSA2",100,0.00387024925916893,0.927624007936508,0.940329861111111,0.00330527914789169,"Imbalanced",0.813306552728508,0.0824209256967955,0.691984175608321,0.955899819717172,"50% target",3,2.96,"depleted: s1 + s0"
".50_Count_Imb_s1_u0","Imbalanced","s1_u0",2,0.5,"DiD Baseline",100,0.00380968940916832,0.895503472222222,0.897249503968254,0.00397741918070735,"Imbalanced",0.981377540052132,0.0593187791727833,0.873661001777565,1.10237480459724,"50% target",3,3.12,"depleted: s1 + u0"
".50_Count_Imb_s1_u0","Imbalanced","s1_u0",2,0.5,"MIMOSA2",100,0.0034030885412001,0.935545634920635,0.940329861111111,0.00330527914789169,"Imbalanced",0.921063268138985,0.0815788933178695,0.78496104946908,1.08076387291913,"50% target",3,2.96,"depleted: s1 + u0"
".50_Count_Imb_s1_u0_s0","Imbalanced","s1_u0_s0",3,0.5,"DiD Baseline",100,0.00428689321814993,0.882700892857143,0.897249503968254,0.00397741918070735,"Imbalanced",0.861766405256374,0.0597954404125799,0.766462044500856,0.968921217373685,"50% target",3,3.12,"depleted: s1 + u0 + s0"
".50_Count_Imb_s1_u0_s0","Imbalanced","s1_u0_s0",3,0.5,"MIMOSA2",100,0.00354846942099525,0.926470734126984,0.940329861111111,0.00330527914789169,"Imbalanced",0.79955491284878,0.0786346028322866,0.685351189546009,0.932789011549099,"50% target",3,2.96,"depleted: s1 + u0 + s0"
".50_Count_Imb_s1_u1","Imbalanced","s1_u1",2,0.5,"DiD Baseline",100,0.00419675624968884,0.878968253968254,0.897249503968254,0.00397741918070735,"Imbalanced",0.831657658990963,0.0584596201147537,0.74162226235758,0.932623650697316,"50% target",3,3.12,"depleted: s1 + u1"
".50_Count_Imb_s1_u1","Imbalanced","s1_u1",2,0.5,"MIMOSA2",100,0.00344479027750034,0.931235119047619,0.940329861111111,0.00330527914789169,"Imbalanced",0.85934879304646,0.0797742510443982,0.734960938555979,1.00478856680648,"50% target",3,2.96,"depleted: s1 + u1"
".50_Count_Imb_s1_u1_s0","Imbalanced","s1_u1_s0",3,0.5,"DiD Baseline",100,0.00410511685817331,0.874866071428571,0.897249503968254,0.00397741918070735,"Imbalanced",0.800639836661623,0.0571609207272722,0.715782105847366,0.895557660373032,"50% target",3,3.12,"depleted: s1 + u1 + s0"
".50_Count_Imb_s1_u1_s0","Imbalanced","s1_u1_s0",3,0.5,"MIMOSA2",100,0.0035789566594815,0.930099206349206,0.940329861111111,0.00330527914789169,"Imbalanced",0.844352877935465,0.0806252398223982,0.720932158316323,0.988902734125351,"50% target",3,2.96,"depleted: s1 + u1 + s0"
".50_Count_Imb_s1_u1_u0","Imbalanced","s1_u1_u0",3,0.5,"DiD Baseline",100,0.00435461236447235,0.882576884920635,0.897249503968254,0.00397741918070735,"Imbalanced",0.86073537389104,0.0602232769519103,0.764903350755899,0.968573850716178,"50% target",3,3.12,"depleted: s1 + u1 + u0"
".50_Count_Imb_s1_u1_u0","Imbalanced","s1_u1_u0",3,0.5,"MIMOSA2",100,0.00381658251090632,0.929724702380952,0.940329861111111,0.00330527914789169,"Imbalanced",0.839515071983324,0.0829596498401329,0.713529310666018,0.987745766784701,"50% target",3,2.96,"depleted: s1 + u1 + u0"
".50_Count_Imb_u0","Imbalanced","u0",1,0.5,"DiD Baseline",100,0.0040551381575549,0.89578621031746,0.897249503968254,0.00397741918070735,"Imbalanced",0.984350766443715,0.0612223835023948,0.873044415869774,1.10984780818168,"50% target",3,3.12,"depleted: u0"
".50_Count_Imb_u0","Imbalanced","u0",1,0.5,"MIMOSA2",100,0.00344817377403027,0.937881944444444,0.940329861111111,0.00330527914789169,"Imbalanced",0.958091844311491,0.0835053718233898,0.813440770270684,1.12846566791917,"50% target",3,2.96,"depleted: u0"
".50_Count_Imb_u1","Imbalanced","u1",1,0.5,"DiD Baseline",100,0.00363766290858806,0.89344494047619,0.897249503968254,0.00397741918070735,"Imbalanced",0.960206005714591,0.0576306673987613,0.857646270748237,1.0750301200587,"50% target",3,3.12,"depleted: u1"
".50_Count_Imb_u1","Imbalanced","u1",1,0.5,"MIMOSA2",100,0.00313870822148669,0.942631448412698,0.940329861111111,0.00330527914789169,"Imbalanced",1.042665156188,0.0826973971514128,0.886648359674182,1.22613504673718,"50% target",3,2.96,"depleted: u1"
".50_Count_Imb_u1_u0","Imbalanced","u1_u0",2,0.5,"DiD Baseline",100,0.00386602299258466,0.887576884920635,0.897249503968254,0.00397741918070735,"Imbalanced",0.904109575352254,0.0579857932615498,0.806979616774539,1.01293032345823,"50% target",3,3.12,"depleted: u1 + u0"
".50_Count_Imb_u1_u0","Imbalanced","u1_u0",2,0.5,"MIMOSA2",100,0.00314712559553707,0.933010912698413,0.940329861111111,0.00330527914789169,"Imbalanced",0.883811164898518,0.0774951515691195,0.759266570393966,1.02878515353833,"50% target",3,2.96,"depleted: u1 + u0"
".50_Count_Imb_u1_u0_s0","Imbalanced","u1_u0_s0",3,0.5,"DiD Baseline",100,0.00380175785443744,0.884947916666667,0.897249503968254,0.00397741918070735,"Imbalanced",0.880833704431842,0.0570572367598572,0.78763648213493,0.985058504095812,"50% target",3,3.12,"depleted: u1 + u0 + s0"
".50_Count_Imb_u1_u0_s0","Imbalanced","u1_u0_s0",3,0.5,"MIMOSA2",100,0.00291842859078808,0.93687251984127,0.940329861111111,0.00330527914789169,"Imbalanced",0.941757022555951,0.0768446814399843,0.810078962792066,1.0948393061296,"50% target",3,2.96,"depleted: u1 + u0 + s0"
".75_Count_Imb_s0","Imbalanced","s0",1,0.75,"DiD Baseline",100,0.00321636749664582,0.89624503968254,0.897249503968254,0.00397741918070735,"Imbalanced",0.989210224606672,0.0552957581985743,0.887605320915433,1.10244592434075,"75% target",2,2.12,"depleted: s0"
".75_Count_Imb_s0","Imbalanced","s0",1,0.75,"MIMOSA2",100,0.00286476640308597,0.942366071428571,0.940329861111111,0.00330527914789169,"Imbalanced",1.03757198860662,0.0790712449404521,0.888610490625966,1.21150452633383,"75% target",2,1.96,"depleted: s0"
".75_Count_Imb_s0_u0","Imbalanced","s0_u0",2,0.75,"DiD Baseline",100,0.00403029253910233,0.897336309523809,0.897249503968254,0.00397741918070735,"Imbalanced",1.0009423612555,0.0614427255280886,0.887376586716144,1.12904219646289,"75% target",2,2.12,"depleted: s0 + u0"
".75_Count_Imb_s0_u0","Imbalanced","s0_u0",2,0.75,"MIMOSA2",100,0.00303543542492856,0.940555555555556,0.940329861111111,0.00330527914789169,"Imbalanced",1.00403765649586,0.0801097732746605,0.858142054440797,1.17473745802915,"75% target",2,1.96,"depleted: s0 + u0"
".75_Count_Imb_s0_u1","Imbalanced","s0_u1",2,0.75,"DiD Baseline",100,0.00332290693451227,0.898559027777778,0.897249503968254,0.00397741918070735,"Imbalanced",1.01438754746186,0.0564822043740415,0.90808245801272,1.13313729096535,"75% target",2,2.12,"depleted: s0 + u1"
".75_Count_Imb_s0_u1","Imbalanced","s0_u1",2,0.75,"MIMOSA2",100,0.00293479597010588,0.941163194444444,0.940329861111111,0.00330527914789169,"Imbalanced",1.0150622357493,0.0792397819237346,0.869045282831383,1.18561295113121,"75% target",2,1.96,"depleted: s0 + u1"
".75_Count_Imb_s1","Imbalanced","s1",1,0.75,"DiD Baseline",100,0.00357544130025891,0.892127976190476,0.897249503968254,0.00397741918070735,"Imbalanced",0.947085161015188,0.0569351376733411,0.84708085153786,1.05889573656013,"75% target",2,2.12,"depleted: s1"
".75_Count_Imb_s1","Imbalanced","s1",1,0.75,"MIMOSA2",100,0.00309981999253693,0.938692956349206,0.940329861111111,0.00330527914789169,"Imbalanced",0.971605592535188,0.0798215578690485,0.830891897952656,1.13614951568518,"75% target",2,1.96,"depleted: s1"
".75_Count_Imb_s1_s0","Imbalanced","s1_s0",2,0.75,"DiD Baseline",100,0.004108336229146,0.883710317460317,0.897249503968254,0.00397741918070735,"Imbalanced",0.870240800093709,0.0588171810330908,0.775484720960327,0.976575075792477,"75% target",2,2.12,"depleted: s1 + s0"
".75_Count_Imb_s1_s0","Imbalanced","s1_s0",2,0.75,"MIMOSA2",100,0.00328939677155965,0.935441468253968,0.940329861111111,0.00330527914789169,"Imbalanced",0.919474722822161,0.0802304394809153,0.785681027120771,1.0760521594967,"75% target",2,1.96,"depleted: s1 + s0"
".75_Count_Imb_s1_u0","Imbalanced","s1_u0",2,0.75,"DiD Baseline",100,0.00439711303756787,0.891803075396825,0.897249503968254,0.00397741918070735,"Imbalanced",0.943897312107845,0.0627529754513274,0.83465757322763,1.06743431603829,"75% target",2,2.12,"depleted: s1 + u0"
".75_Count_Imb_s1_u0","Imbalanced","s1_u0",2,0.75,"MIMOSA2",100,0.00351952135760194,0.936004464285714,0.940329861111111,0.00330527914789169,"Imbalanced",0.928121989070687,0.0832011156689602,0.788465767836318,1.09251468070755,"75% target",2,1.96,"depleted: s1 + u0"
".75_Count_Imb_s1_u0_s0","Imbalanced","s1_u0_s0",3,0.75,"DiD Baseline",100,0.0045518681670264,0.883303571428571,0.897249503968254,0.00397741918070735,"Imbalanced",0.866808420787275,0.0617358013151082,0.768020030229705,0.978303701432122,"75% target",2,2.12,"depleted: s1 + u0 + s0"
".75_Count_Imb_s1_u0_s0","Imbalanced","s1_u0_s0",3,0.75,"MIMOSA2",100,0.00366752409411984,0.931994047619048,0.940329861111111,0.00330527914789169,"Imbalanced",0.869647058956612,0.0825736591830429,0.739698801232569,1.02242427038097,"75% target",2,1.96,"depleted: s1 + u0 + s0"
".75_Count_Imb_s1_u1","Imbalanced","s1_u1",2,0.75,"DiD Baseline",100,0.00349360275433764,0.899796626984127,0.897249503968254,0.00397741918070735,"Imbalanced",1.02833050737173,0.0579884153102299,0.917850575477524,1.15210869900172,"75% target",2,2.12,"depleted: s1 + u1"
".75_Count_Imb_s1_u1","Imbalanced","s1_u1",2,0.75,"MIMOSA2",100,0.00331272566349138,0.942269345238095,0.940329861111111,0.00330527914789169,"Imbalanced",1.03572724422027,0.0847270893799744,0.877251755140401,1.22283132308857,"75% target",2,1.96,"depleted: s1 + u1"
".75_Count_Imb_s1_u1_s0","Imbalanced","s1_u1_s0",3,0.75,"DiD Baseline",100,0.00367399595033236,0.890302579365079,0.897249503968254,0.00397741918070735,"Imbalanced",0.929419790594269,0.0572401779628571,0.830783940427271,1.03976630398517,"75% target",2,2.12,"depleted: s1 + u1 + s0"
".75_Count_Imb_s1_u1_s0","Imbalanced","s1_u1_s0",3,0.75,"MIMOSA2",100,0.00308508424940139,0.939325396825397,0.940329861111111,0.00330527914789169,"Imbalanced",0.982394542008562,0.0800014731882781,0.839822125582715,1.14917076696279,"75% target",2,1.96,"depleted: s1 + u1 + s0"
".75_Count_Imb_s1_u1_u0","Imbalanced","s1_u1_u0",3,0.75,"DiD Baseline",100,0.00371335384463902,0.891426091269841,0.897249503968254,0.00397741918070735,"Imbalanced",0.940222345686748,0.0577345377274004,0.839626114792051,1.05287108601622,"75% target",2,2.12,"depleted: s1 + u1 + u0"
".75_Count_Imb_s1_u1_u0","Imbalanced","s1_u1_u0",3,0.75,"MIMOSA2",100,0.00368867310938286,0.933229166666667,0.940329861111111,0.00330527914789169,"Imbalanced",0.886907501114033,0.0835123228955632,0.752993458980044,1.04463711623448,"75% target",2,1.96,"depleted: s1 + u1 + u0"
".75_Count_Imb_u0","Imbalanced","u0",1,0.75,"DiD Baseline",100,0.00331385180236628,0.90140128968254,0.897249503968254,0.00397741918070735,"Imbalanced",1.04692999078669,0.0570219089809683,0.936223659643764,1.17072709530294,"75% target",2,2.12,"depleted: u0"
".75_Count_Imb_u0","Imbalanced","u0",1,0.75,"MIMOSA2",100,0.002815744078164,0.941309523809524,0.940329861111111,0.00330527914789169,"Imbalanced",1.01775124063009,0.0778959637225939,0.873645526656096,1.18562684315309,"75% target",2,1.96,"depleted: u0"
".75_Count_Imb_u1","Imbalanced","u1",1,0.75,"DiD Baseline",100,0.00392695450731103,0.902723214285714,0.897249503968254,0.00397741918070735,"Imbalanced",1.06271325910039,0.0621373842681533,0.940857150439486,1.20035169051991,"75% target",2,2.12,"depleted: u1"
".75_Count_Imb_u1","Imbalanced","u1",1,0.75,"MIMOSA2",100,0.00363577564404975,0.942673611111111,0.940329861111111,0.00330527914789169,"Imbalanced",1.04347869213634,0.0894236849018505,0.875718668163487,1.24337623545932,"75% target",2,1.96,"depleted: u1"
".75_Count_Imb_u1_u0","Imbalanced","u1_u0",2,0.75,"DiD Baseline",100,0.00364835020999271,0.901728670634921,0.897249503968254,0.00397741918070735,"Imbalanced",1.05079923411679,0.0596350218539133,0.934883278923518,1.18108758099925,"75% target",2,2.12,"depleted: u1 + u0"
".75_Count_Imb_u1_u0","Imbalanced","u1_u0",2,0.75,"MIMOSA2",100,0.0028349358374664,0.946187996031746,0.940329861111111,0.00330527914789169,"Imbalanced",1.11577105114978,0.0810566504450002,0.951871394374522,1.30789205972719,"75% target",2,1.96,"depleted: u1 + u0"
".75_Count_Imb_u1_u0_s0","Imbalanced","u1_u0_s0",3,0.75,"DiD Baseline",100,0.00393306599565634,0.893705357142857,0.897249503968254,0.00397741918070735,"Imbalanced",0.962839024894927,0.0597948530489222,0.856357839701791,1.08256028599381,"75% target",2,2.12,"depleted: u1 + u0 + s0"
".75_Count_Imb_u1_u0_s0","Imbalanced","u1_u0_s0",3,0.75,"MIMOSA2",100,0.00316541001759391,0.936927083333333,0.940329861111111,0.00330527914789169,"Imbalanced",0.942626618708952,0.0796197791915198,0.806428699661077,1.1018270340231,"75% target",2,1.96,"depleted: u1 + u0 + s0"
".90_Count_Imb_s0","Imbalanced","s0",1,0.9,"DiD Baseline",100,0.00392374127856693,0.899112103174603,0.897249503968254,0.00397741918070735,"Imbalanced",1.02057629217584,0.061093018099638,0.905403249108288,1.15040007773024,"90% target",1,1.12,"depleted: s0"
".90_Count_Imb_s0","Imbalanced","s0",1,0.9,"MIMOSA2",100,0.00357304810138963,0.942023809523809,0.940329861111111,0.00330527914789169,"Imbalanced",1.03107207648856,0.0880352478053503,0.867664661360068,1.22525403448841,"90% target",1,0.96,"depleted: s0"
".90_Count_Imb_s0_u0","Imbalanced","s0_u0",2,0.9,"DiD Baseline",100,0.00367903820594526,0.893035714285714,0.897249503968254,0.00397741918070735,"Imbalanced",0.956094307327269,0.0578329410731116,0.853635247175192,1.07085119496712,"90% target",1,1.12,"depleted: s0 + u0"
".90_Count_Imb_s0_u0","Imbalanced","s0_u0",2,0.9,"MIMOSA2",100,0.0030147194917941,0.94172619047619,0.940329861111111,0.00330527914789169,"Imbalanced",1.02548204237363,0.0805478013758383,0.875718222666629,1.20085821216389,"90% target",1,0.96,"depleted: s0 + u0"
".90_Count_Imb_s0_u1","Imbalanced","s0_u1",2,0.9,"DiD Baseline",100,0.00342600132625976,0.895419146825397,0.897249503968254,0.00397741918070735,"Imbalanced",0.980493900690131,0.0565664613456116,0.877595832995571,1.09545676169522,"90% target",1,1.12,"depleted: s0 + u1"
".90_Count_Imb_s0_u1","Imbalanced","s0_u1",2,0.9,"MIMOSA2",100,0.00286583458097378,0.938678075396825,0.940329861111111,0.00330527914789169,"Imbalanced",0.971354414651487,0.0771289456645088,0.835072600546768,1.12987708882455,"90% target",1,0.96,"depleted: s0 + u1"
".90_Count_Imb_s1","Imbalanced","s1",1,0.9,"DiD Baseline",100,0.00378916141835875,0.895726686507937,0.897249503968254,0.00397741918070735,"Imbalanced",0.983723484112184,0.0592208623329999,0.875917541070022,1.10479793795619,"90% target",1,1.12,"depleted: s1"
".90_Count_Imb_s1","Imbalanced","s1",1,0.9,"MIMOSA2",100,0.00362284136016132,0.940396825396825,0.940329861111111,0.00330527914789169,"Imbalanced",1.0011947956178,0.0874517053220582,0.843486602781067,1.18838997023446,"90% target",1,0.96,"depleted: s1"
".90_Count_Imb_s1_s0","Imbalanced","s1_s0",2,0.9,"DiD Baseline",100,0.00387738627676438,0.899159226190476,0.897249503968254,0.00397741918070735,"Imbalanced",1.02110672273853,0.0607447471703899,0.906492390608846,1.15021256661792,"90% target",1,1.12,"depleted: s1 + s0"
".90_Count_Imb_s1_s0","Imbalanced","s1_s0",2,0.9,"MIMOSA2",100,0.0030720513978826,0.943239087301587,0.940329861111111,0.00330527914789169,"Imbalanced",1.05450644916423,0.0822345027598163,0.897531745117419,1.23893539964259,"90% target",1,0.96,"depleted: s1 + s0"
".90_Count_Imb_s1_u0","Imbalanced","s1_u0",2,0.9,"DiD Baseline",100,0.0041112780040958,0.897628968253968,0.897249503968254,0.00397741918070735,"Imbalanced",1.0041312416603,0.0621530154488855,0.888965209399215,1.13421710975582,"90% target",1,1.12,"depleted: s1 + u0"
".90_Count_Imb_s1_u0","Imbalanced","s1_u0",2,0.9,"MIMOSA2",100,0.00345079020895029,0.94171626984127,0.940329861111111,0.00330527914789169,"Imbalanced",1.0252966911148,0.0861561067601787,0.865988245534713,1.21391174791509,"90% target",1,0.96,"depleted: s1 + u0"
".90_Count_Imb_s1_u0_s0","Imbalanced","s1_u0_s0",3,0.9,"DiD Baseline",100,0.00374087460191271,0.907375992063492,0.897249503968254,0.00397741918070735,"Imbalanced",1.12184902547704,0.0619874898478762,0.993503950697147,1.26677426403857,"90% target",1,1.12,"depleted: s1 + u0 + s0"
".90_Count_Imb_s1_u0_s0","Imbalanced","s1_u0_s0",3,0.9,"MIMOSA2",100,0.00288361352675845,0.948020833333333,0.940329861111111,0.00330527914789169,"Imbalanced",1.15735179533226,0.0830328872265709,0.983527186656201,1.36189746082436,"90% target",1,0.96,"depleted: s1 + u0 + s0"
".90_Count_Imb_s1_u1","Imbalanced","s1_u1",2,0.9,"DiD Baseline",100,0.00395452810451684,0.900714285714286,0.897249503968254,0.00397741918070735,"Imbalanced",1.03889339830203,0.0617793923480844,0.920414191191152,1.17262369850986,"90% target",1,1.12,"depleted: s1 + u1"
".90_Count_Imb_s1_u1","Imbalanced","s1_u1",2,0.9,"MIMOSA2",100,0.00314436345545827,0.945106646825397,0.940329861111111,0.00330527914789169,"Imbalanced",1.09254133726989,0.0845190214696686,0.925750242266618,1.28938294493009,"90% target",1,0.96,"depleted: s1 + u1"
".90_Count_Imb_s1_u1_s0","Imbalanced","s1_u1_s0",3,0.9,"DiD Baseline",100,0.00377683654728401,0.89078869047619,0.897249503968254,0.00397741918070735,"Imbalanced",0.934066464734568,0.0580385125126364,0.833632045499659,1.04660103369562,"90% target",1,1.12,"depleted: s1 + u1 + s0"
".90_Count_Imb_s1_u1_s0","Imbalanced","s1_u1_s0",3,0.9,"MIMOSA2",100,0.00336461014300826,0.939861111111111,0.940329861111111,0.00330527914789169,"Imbalanced",0.9917109329426,0.0837471731032255,0.841585158776633,1.16861682298144,"90% target",1,0.96,"depleted: s1 + u1 + s0"
".90_Count_Imb_s1_u1_u0","Imbalanced","s1_u1_u0",3,0.9,"DiD Baseline",100,0.00390267764575054,0.90047123015873,0.897249503968254,0.00397741918070735,"Imbalanced",1.0360766966299,0.0612983238622331,0.918784624920584,1.1683422775956,"90% target",1,1.12,"depleted: s1 + u1 + u0"
".90_Count_Imb_s1_u1_u0","Imbalanced","s1_u1_u0",3,0.9,"MIMOSA2",100,0.00303284572274215,0.941326884920635,0.940329861111111,0.00330527914789169,"Imbalanced",1.0180711651728,0.0805324380587605,0.869415827020508,1.19214404102613,"90% target",1,0.96,"depleted: s1 + u1 + u0"
".90_Count_Imb_u0","Imbalanced","u0",1,0.9,"DiD Baseline",100,0.00372149659215644,0.901009424603175,0.897249503968254,0.00397741918070735,"Imbalanced",1.0423322743713,0.0600185493750676,0.926653487747975,1.17245182213303,"90% target",1,1.12,"depleted: u0"
".90_Count_Imb_u0","Imbalanced","u0",1,0.9,"MIMOSA2",100,0.00322552431214147,0.942378472222222,0.940329861111111,0.00330527914789169,"Imbalanced",1.03780894220534,0.0836571507853402,0.880860233321704,1.22272224330055,"90% target",1,0.96,"depleted: u0"
".90_Count_Imb_u1","Imbalanced","u1",1,0.9,"DiD Baseline",100,0.00360428791048789,0.899727182539683,0.897249503968254,0.00397741918070735,"Imbalanced",1.02753902244334,0.0587990802614988,0.915688028463755,1.15305257885176,"90% target",1,1.12,"depleted: u1"
".90_Count_Imb_u1","Imbalanced","u1",1,0.9,"MIMOSA2",100,0.00292876554669955,0.943390376984127,0.940329861111111,0.00330527914789169,"Imbalanced",1.05749421460543,0.0804835332458269,0.903169022655219,1.23818907189297,"90% target",1,0.96,"depleted: u1"
".90_Count_Imb_u1_u0","Imbalanced","u1_u0",2,0.9,"DiD Baseline",100,0.00342956424246718,0.905538194444444,0.897249503968254,0.00397741918070735,"Imbalanced",1.09779495534651,0.0588962572919659,0.978110057147257,1.23212490780351,"90% target",1,1.12,"depleted: u1 + u0"
".90_Count_Imb_u1_u0","Imbalanced","u1_u0",2,0.9,"MIMOSA2",100,0.00316778750738249,0.944878472222222,0.940329861111111,0.00330527914789169,"Imbalanced",1.08775610395044,0.0846722034014435,0.921418853837661,1.28412104522653,"90% target",1,0.96,"depleted: u1 + u0"
".90_Count_Imb_u1_u0_s0","Imbalanced","u1_u0_s0",3,0.9,"DiD Baseline",100,0.00382433684279381,0.897061011904762,0.897249503968254,0.00397741918070735,"Imbalanced",0.997959202342176,0.0598033546339855,0.887579256957752,1.12206607098169,"90% target",1,1.12,"depleted: u1 + u0 + s0"
".90_Count_Imb_u1_u0_s0","Imbalanced","u1_u0_s0",3,0.9,"MIMOSA2",100,0.00311186776851874,0.943154761904762,0.940329861111111,0.00330527914789169,"Imbalanced",1.05284803974971,0.0826982364396022,0.895306078149332,1.23811177189385,"90% target",1,0.96,"depleted: u1 + u0 + s0"
".025_Count_Bal_1","Balanced","s0",1,0.025,"DiD Baseline",100,0.00380258111539324,0.890892857142857,0.897249503968254,0.00397741918070735,"Balanced",0.935067567518965,0.0582378502892255,0.8341995187286,1.0481321748524,"2.5% target",7,7.04,"depleted: s0"
".025_Count_Bal_1","Balanced","s1",1,0.025,"DiD Baseline",100,0.00380258111539324,0.890892857142857,0.897249503968254,0.00397741918070735,"Balanced",0.935067567518965,0.0582378502892255,0.8341995187286,1.0481321748524,"2.5% target",7,7.04,"depleted: s1"
".025_Count_Bal_1","Balanced","u0",1,0.025,"DiD Baseline",100,0.00380258111539324,0.890892857142857,0.897249503968254,0.00397741918070735,"Balanced",0.935067567518965,0.0582378502892255,0.8341995187286,1.0481321748524,"2.5% target",7,7.04,"depleted: u0"
".025_Count_Bal_1","Balanced","u1",1,0.025,"DiD Baseline",100,0.00380258111539324,0.890892857142857,0.897249503968254,0.00397741918070735,"Balanced",0.935067567518965,0.0582378502892255,0.8341995187286,1.0481321748524,"2.5% target",7,7.04,"depleted: u1"
".025_Count_Bal_1","Balanced","s0",1,0.025,"MIMOSA2",100,0.00293828169944696,0.938214285714286,0.940329861111111,0.00330527914789169,"Balanced",0.963586685832393,0.0777132520654425,0.827446522252842,1.12212605424394,"2.5% target",7,6.88,"depleted: s0"
".025_Count_Bal_1","Balanced","s1",1,0.025,"MIMOSA2",100,0.00293828169944696,0.938214285714286,0.940329861111111,0.00330527914789169,"Balanced",0.963586685832393,0.0777132520654425,0.827446522252842,1.12212605424394,"2.5% target",7,6.88,"depleted: s1"
".025_Count_Bal_1","Balanced","u0",1,0.025,"MIMOSA2",100,0.00293828169944696,0.938214285714286,0.940329861111111,0.00330527914789169,"Balanced",0.963586685832393,0.0777132520654425,0.827446522252842,1.12212605424394,"2.5% target",7,6.88,"depleted: u0"
".025_Count_Bal_1","Balanced","u1",1,0.025,"MIMOSA2",100,0.00293828169944696,0.938214285714286,0.940329861111111,0.00330527914789169,"Balanced",0.963586685832393,0.0777132520654425,0.827446522252842,1.12212605424394,"2.5% target",7,6.88,"depleted: u1"
".025_Count_Bal_2","Balanced","s0_u0",2,0.025,"DiD Baseline",100,0.00412856941471035,0.869496527777778,0.897249503968254,0.00397741918070735,"Balanced",0.76298585287942,0.0564363061348084,0.683088433785941,0.85222847130883,"2.5% target",7,7.04,"depleted: s0 + u0"
".025_Count_Bal_2","Balanced","s0_u1",2,0.025,"DiD Baseline",100,0.00412856941471035,0.869496527777778,0.897249503968254,0.00397741918070735,"Balanced",0.76298585287942,0.0564363061348084,0.683088433785941,0.85222847130883,"2.5% target",7,7.04,"depleted: s0 + u1"
".025_Count_Bal_2","Balanced","s1_s0",2,0.025,"DiD Baseline",100,0.00412856941471035,0.869496527777778,0.897249503968254,0.00397741918070735,"Balanced",0.76298585287942,0.0564363061348084,0.683088433785941,0.85222847130883,"2.5% target",7,7.04,"depleted: s1 + s0"
".025_Count_Bal_2","Balanced","s1_u0",2,0.025,"DiD Baseline",100,0.00412856941471035,0.869496527777778,0.897249503968254,0.00397741918070735,"Balanced",0.76298585287942,0.0564363061348084,0.683088433785941,0.85222847130883,"2.5% target",7,7.04,"depleted: s1 + u0"
".025_Count_Bal_2","Balanced","s1_u1",2,0.025,"DiD Baseline",100,0.00412856941471035,0.869496527777778,0.897249503968254,0.00397741918070735,"Balanced",0.76298585287942,0.0564363061348084,0.683088433785941,0.85222847130883,"2.5% target",7,7.04,"depleted: s1 + u1"
".025_Count_Bal_2","Balanced","u1_u0",2,0.025,"DiD Baseline",100,0.00412856941471035,0.869496527777778,0.897249503968254,0.00397741918070735,"Balanced",0.76298585287942,0.0564363061348084,0.683088433785941,0.85222847130883,"2.5% target",7,7.04,"depleted: u1 + u0"
".025_Count_Bal_2","Balanced","s0_u0",2,0.025,"MIMOSA2",100,0.00329082800543322,0.928633432539683,0.940329861111111,0.00330527914789169,"Balanced",0.825707685811724,0.0770438309730277,0.709978658342071,0.960300953271838,"2.5% target",7,6.88,"depleted: s0 + u0"
".025_Count_Bal_2","Balanced","s0_u1",2,0.025,"MIMOSA2",100,0.00329082800543322,0.928633432539683,0.940329861111111,0.00330527914789169,"Balanced",0.825707685811724,0.0770438309730277,0.709978658342071,0.960300953271838,"2.5% target",7,6.88,"depleted: s0 + u1"
".025_Count_Bal_2","Balanced","s1_s0",2,0.025,"MIMOSA2",100,0.00329082800543322,0.928633432539683,0.940329861111111,0.00330527914789169,"Balanced",0.825707685811724,0.0770438309730277,0.709978658342071,0.960300953271838,"2.5% target",7,6.88,"depleted: s1 + s0"
".025_Count_Bal_2","Balanced","s1_u0",2,0.025,"MIMOSA2",100,0.00329082800543322,0.928633432539683,0.940329861111111,0.00330527914789169,"Balanced",0.825707685811724,0.0770438309730277,0.709978658342071,0.960300953271838,"2.5% target",7,6.88,"depleted: s1 + u0"
".025_Count_Bal_2","Balanced","s1_u1",2,0.025,"MIMOSA2",100,0.00329082800543322,0.928633432539683,0.940329861111111,0.00330527914789169,"Balanced",0.825707685811724,0.0770438309730277,0.709978658342071,0.960300953271838,"2.5% target",7,6.88,"depleted: s1 + u1"
".025_Count_Bal_2","Balanced","u1_u0",2,0.025,"MIMOSA2",100,0.00329082800543322,0.928633432539683,0.940329861111111,0.00330527914789169,"Balanced",0.825707685811724,0.0770438309730277,0.709978658342071,0.960300953271838,"2.5% target",7,6.88,"depleted: u1 + u0"
".025_Count_Bal_3","Balanced","s1_u0_s0",3,0.025,"DiD Baseline",100,0.00436534055396334,0.852405753968254,0.897249503968254,0.00397741918070735,"Balanced",0.661374804315562,0.0553642970496534,0.593363195669612,0.737181940126606,"2.5% target",7,7.04,"depleted: s1 + u0 + s0"
".025_Count_Bal_3","Balanced","s1_u1_s0",3,0.025,"DiD Baseline",100,0.00436534055396334,0.852405753968254,0.897249503968254,0.00397741918070735,"Balanced",0.661374804315562,0.0553642970496534,0.593363195669612,0.737181940126606,"2.5% target",7,7.04,"depleted: s1 + u1 + s0"
".025_Count_Bal_3","Balanced","s1_u1_u0",3,0.025,"DiD Baseline",100,0.00436534055396334,0.852405753968254,0.897249503968254,0.00397741918070735,"Balanced",0.661374804315562,0.0553642970496534,0.593363195669612,0.737181940126606,"2.5% target",7,7.04,"depleted: s1 + u1 + u0"
".025_Count_Bal_3","Balanced","u1_u0_s0",3,0.025,"DiD Baseline",100,0.00436534055396334,0.852405753968254,0.897249503968254,0.00397741918070735,"Balanced",0.661374804315562,0.0553642970496534,0.593363195669612,0.737181940126606,"2.5% target",7,7.04,"depleted: u1 + u0 + s0"
".025_Count_Bal_3","Balanced","s1_u0_s0",3,0.025,"MIMOSA2",100,0.00337270071750575,0.918164682539683,0.940329861111111,0.00330527914789169,"Balanced",0.71196170254142,0.0740601269275138,0.615765539029897,0.823185829275623,"2.5% target",7,6.88,"depleted: s1 + u0 + s0"
".025_Count_Bal_3","Balanced","s1_u1_s0",3,0.025,"MIMOSA2",100,0.00337270071750575,0.918164682539683,0.940329861111111,0.00330527914789169,"Balanced",0.71196170254142,0.0740601269275138,0.615765539029897,0.823185829275623,"2.5% target",7,6.88,"depleted: s1 + u1 + s0"
".025_Count_Bal_3","Balanced","s1_u1_u0",3,0.025,"MIMOSA2",100,0.00337270071750575,0.918164682539683,0.940329861111111,0.00330527914789169,"Balanced",0.71196170254142,0.0740601269275138,0.615765539029897,0.823185829275623,"2.5% target",7,6.88,"depleted: s1 + u1 + u0"
".025_Count_Bal_3","Balanced","u1_u0_s0",3,0.025,"MIMOSA2",100,0.00337270071750575,0.918164682539683,0.940329861111111,0.00330527914789169,"Balanced",0.71196170254142,0.0740601269275138,0.615765539029897,0.823185829275623,"2.5% target",7,6.88,"depleted: u1 + u0 + s0"
".050_Count_Bal_1","Balanced","s0",1,0.05,"DiD Baseline",100,0.00390382713919127,0.888824404761905,0.897249503968254,0.00397741918070735,"Balanced",0.915539755722471,0.0584979052589056,0.81636200813927,1.02676635604209,"5% target",6,6.04,"depleted: s0"
".050_Count_Bal_1","Balanced","s1",1,0.05,"DiD Baseline",100,0.00390382713919127,0.888824404761905,0.897249503968254,0.00397741918070735,"Balanced",0.915539755722471,0.0584979052589056,0.81636200813927,1.02676635604209,"5% target",6,6.04,"depleted: s1"
".050_Count_Bal_1","Balanced","u0",1,0.05,"DiD Baseline",100,0.00390382713919127,0.888824404761905,0.897249503968254,0.00397741918070735,"Balanced",0.915539755722471,0.0584979052589056,0.81636200813927,1.02676635604209,"5% target",6,6.04,"depleted: u0"
".050_Count_Bal_1","Balanced","u1",1,0.05,"DiD Baseline",100,0.00390382713919127,0.888824404761905,0.897249503968254,0.00397741918070735,"Balanced",0.915539755722471,0.0584979052589056,0.81636200813927,1.02676635604209,"5% target",6,6.04,"depleted: u1"
".050_Count_Bal_1","Balanced","s0",1,0.05,"MIMOSA2",100,0.0035128543136714,0.935292658730159,0.940329861111111,0.00330527914789169,"Balanced",0.917214244494745,0.0826996411511733,0.779965575409871,1.07861423225246,"5% target",6,5.88,"depleted: s0"
".050_Count_Bal_1","Balanced","s1",1,0.05,"MIMOSA2",100,0.0035128543136714,0.935292658730159,0.940329861111111,0.00330527914789169,"Balanced",0.917214244494745,0.0826996411511733,0.779965575409871,1.07861423225246,"5% target",6,5.88,"depleted: s1"
".050_Count_Bal_1","Balanced","u0",1,0.05,"MIMOSA2",100,0.0035128543136714,0.935292658730159,0.940329861111111,0.00330527914789169,"Balanced",0.917214244494745,0.0826996411511733,0.779965575409871,1.07861423225246,"5% target",6,5.88,"depleted: u0"
".050_Count_Bal_1","Balanced","u1",1,0.05,"MIMOSA2",100,0.0035128543136714,0.935292658730159,0.940329861111111,0.00330527914789169,"Balanced",0.917214244494745,0.0826996411511733,0.779965575409871,1.07861423225246,"5% target",6,5.88,"depleted: u1"
".050_Count_Bal_2","Balanced","s0_u0",2,0.05,"DiD Baseline",100,0.00432179290551494,0.87547123015873,0.897249503968254,0.00397741918070735,"Balanced",0.805087124365719,0.0585895129907384,0.717745504117758,0.903057245361889,"5% target",6,6.04,"depleted: s0 + u0"
".050_Count_Bal_2","Balanced","s0_u1",2,0.05,"DiD Baseline",100,0.00432179290551494,0.87547123015873,0.897249503968254,0.00397741918070735,"Balanced",0.805087124365719,0.0585895129907384,0.717745504117758,0.903057245361889,"5% target",6,6.04,"depleted: s0 + u1"
".050_Count_Bal_2","Balanced","s1_s0",2,0.05,"DiD Baseline",100,0.00432179290551494,0.87547123015873,0.897249503968254,0.00397741918070735,"Balanced",0.805087124365719,0.0585895129907384,0.717745504117758,0.903057245361889,"5% target",6,6.04,"depleted: s1 + s0"
".050_Count_Bal_2","Balanced","s1_u0",2,0.05,"DiD Baseline",100,0.00432179290551494,0.87547123015873,0.897249503968254,0.00397741918070735,"Balanced",0.805087124365719,0.0585895129907384,0.717745504117758,0.903057245361889,"5% target",6,6.04,"depleted: s1 + u0"
".050_Count_Bal_2","Balanced","s1_u1",2,0.05,"DiD Baseline",100,0.00432179290551494,0.87547123015873,0.897249503968254,0.00397741918070735,"Balanced",0.805087124365719,0.0585895129907384,0.717745504117758,0.903057245361889,"5% target",6,6.04,"depleted: s1 + u1"
".050_Count_Bal_2","Balanced","u1_u0",2,0.05,"DiD Baseline",100,0.00432179290551494,0.87547123015873,0.897249503968254,0.00397741918070735,"Balanced",0.805087124365719,0.0585895129907384,0.717745504117758,0.903057245361889,"5% target",6,6.04,"depleted: u1 + u0"
".050_Count_Bal_2","Balanced","s0_u0",2,0.05,"MIMOSA2",100,0.00352201324734375,0.923988095238095,0.940329861111111,0.00330527914789169,"Balanced",0.771367934005754,0.077361468657337,0.662842229804803,0.897662313681381,"5% target",6,5.88,"depleted: s0 + u0"
".050_Count_Bal_2","Balanced","s0_u1",2,0.05,"MIMOSA2",100,0.00352201324734375,0.923988095238095,0.940329861111111,0.00330527914789169,"Balanced",0.771367934005754,0.077361468657337,0.662842229804803,0.897662313681381,"5% target",6,5.88,"depleted: s0 + u1"
".050_Count_Bal_2","Balanced","s1_s0",2,0.05,"MIMOSA2",100,0.00352201324734375,0.923988095238095,0.940329861111111,0.00330527914789169,"Balanced",0.771367934005754,0.077361468657337,0.662842229804803,0.897662313681381,"5% target",6,5.88,"depleted: s1 + s0"
".050_Count_Bal_2","Balanced","s1_u0",2,0.05,"MIMOSA2",100,0.00352201324734375,0.923988095238095,0.940329861111111,0.00330527914789169,"Balanced",0.771367934005754,0.077361468657337,0.662842229804803,0.897662313681381,"5% target",6,5.88,"depleted: s1 + u0"
".050_Count_Bal_2","Balanced","s1_u1",2,0.05,"MIMOSA2",100,0.00352201324734375,0.923988095238095,0.940329861111111,0.00330527914789169,"Balanced",0.771367934005754,0.077361468657337,0.662842229804803,0.897662313681381,"5% target",6,5.88,"depleted: s1 + u1"
".050_Count_Bal_2","Balanced","u1_u0",2,0.05,"MIMOSA2",100,0.00352201324734375,0.923988095238095,0.940329861111111,0.00330527914789169,"Balanced",0.771367934005754,0.077361468657337,0.662842229804803,0.897662313681381,"5% target",6,5.88,"depleted: u1 + u0"
".050_Count_Bal_3","Balanced","s1_u0_s0",3,0.05,"DiD Baseline",100,0.00447923408213207,0.840887896825397,0.897249503968254,0.00397741918070735,"Balanced",0.60520928941601,0.054608218541525,0.5437786239625,0.673579776502377,"5% target",6,6.04,"depleted: s1 + u0 + s0"
".050_Count_Bal_3","Balanced","s1_u1_s0",3,0.05,"DiD Baseline",100,0.00447923408213207,0.840887896825397,0.897249503968254,0.00397741918070735,"Balanced",0.60520928941601,0.054608218541525,0.5437786239625,0.673579776502377,"5% target",6,6.04,"depleted: s1 + u1 + s0"
".050_Count_Bal_3","Balanced","s1_u1_u0",3,0.05,"DiD Baseline",100,0.00447923408213207,0.840887896825397,0.897249503968254,0.00397741918070735,"Balanced",0.60520928941601,0.054608218541525,0.5437786239625,0.673579776502377,"5% target",6,6.04,"depleted: s1 + u1 + u0"
".050_Count_Bal_3","Balanced","u1_u0_s0",3,0.05,"DiD Baseline",100,0.00447923408213207,0.840887896825397,0.897249503968254,0.00397741918070735,"Balanced",0.60520928941601,0.054608218541525,0.5437786239625,0.673579776502377,"5% target",6,6.04,"depleted: u1 + u0 + s0"
".050_Count_Bal_3","Balanced","s1_u0_s0",3,0.05,"MIMOSA2",100,0.00390408935398958,0.909263392857143,0.940329861111111,0.00330527914789169,"Balanced",0.635892923004337,0.0755599690619117,0.548360353243129,0.737397966748551,"5% target",6,5.88,"depleted: s1 + u0 + s0"
".050_Count_Bal_3","Balanced","s1_u1_s0",3,0.05,"MIMOSA2",100,0.00390408935398958,0.909263392857143,0.940329861111111,0.00330527914789169,"Balanced",0.635892923004337,0.0755599690619117,0.548360353243129,0.737397966748551,"5% target",6,5.88,"depleted: s1 + u1 + s0"
".050_Count_Bal_3","Balanced","s1_u1_u0",3,0.05,"MIMOSA2",100,0.00390408935398958,0.909263392857143,0.940329861111111,0.00330527914789169,"Balanced",0.635892923004337,0.0755599690619117,0.548360353243129,0.737397966748551,"5% target",6,5.88,"depleted: s1 + u1 + u0"
".050_Count_Bal_3","Balanced","u1_u0_s0",3,0.05,"MIMOSA2",100,0.00390408935398958,0.909263392857143,0.940329861111111,0.00330527914789169,"Balanced",0.635892923004337,0.0755599690619117,0.548360353243129,0.737397966748551,"5% target",6,5.88,"depleted: u1 + u0 + s0"
".10_Count_Bal_1","Balanced","s0",1,0.1,"DiD Baseline",100,0.00355243990688801,0.896277281746032,0.897249503968254,0.00397741918070735,"Balanced",0.989553316748166,0.0576324105188565,0.883855971758646,1.10789064958051,"10% target",5,5.04,"depleted: s0"
".10_Count_Bal_1","Balanced","s1",1,0.1,"DiD Baseline",100,0.00355243990688801,0.896277281746032,0.897249503968254,0.00397741918070735,"Balanced",0.989553316748166,0.0576324105188565,0.883855971758646,1.10789064958051,"10% target",5,5.04,"depleted: s1"
".10_Count_Bal_1","Balanced","u0",1,0.1,"DiD Baseline",100,0.00355243990688801,0.896277281746032,0.897249503968254,0.00397741918070735,"Balanced",0.989553316748166,0.0576324105188565,0.883855971758646,1.10789064958051,"10% target",5,5.04,"depleted: u0"
".10_Count_Bal_1","Balanced","u1",1,0.1,"DiD Baseline",100,0.00355243990688801,0.896277281746032,0.897249503968254,0.00397741918070735,"Balanced",0.989553316748166,0.0576324105188565,0.883855971758646,1.10789064958051,"10% target",5,5.04,"depleted: u1"
".10_Count_Bal_1","Balanced","s0",1,0.1,"MIMOSA2",100,0.00332272365661151,0.936636904761905,0.940329861111111,0.00330527914789169,"Balanced",0.938019145052884,0.0812688939978379,0.799897286113111,1.09999112606231,"10% target",5,4.88,"depleted: s0"
".10_Count_Bal_1","Balanced","s1",1,0.1,"MIMOSA2",100,0.00332272365661151,0.936636904761905,0.940329861111111,0.00330527914789169,"Balanced",0.938019145052884,0.0812688939978379,0.799897286113111,1.09999112606231,"10% target",5,4.88,"depleted: s1"
".10_Count_Bal_1","Balanced","u0",1,0.1,"MIMOSA2",100,0.00332272365661151,0.936636904761905,0.940329861111111,0.00330527914789169,"Balanced",0.938019145052884,0.0812688939978379,0.799897286113111,1.09999112606231,"10% target",5,4.88,"depleted: u0"
".10_Count_Bal_1","Balanced","u1",1,0.1,"MIMOSA2",100,0.00332272365661151,0.936636904761905,0.940329861111111,0.00330527914789169,"Balanced",0.938019145052884,0.0812688939978379,0.799897286113111,1.09999112606231,"10% target",5,4.88,"depleted: u1"
".10_Count_Bal_2","Balanced","s0_u0",2,0.1,"DiD Baseline",100,0.00416981637529517,0.87921626984127,0.897249503968254,0.00397741918070735,"Balanced",0.833600523166671,0.0583357271449469,0.74353532266066,0.934575414301988,"10% target",5,5.04,"depleted: s0 + u0"
".10_Count_Bal_2","Balanced","s0_u1",2,0.1,"DiD Baseline",100,0.00416981637529517,0.87921626984127,0.897249503968254,0.00397741918070735,"Balanced",0.833600523166671,0.0583357271449469,0.74353532266066,0.934575414301988,"10% target",5,5.04,"depleted: s0 + u1"
".10_Count_Bal_2","Balanced","s1_s0",2,0.1,"DiD Baseline",100,0.00416981637529517,0.87921626984127,0.897249503968254,0.00397741918070735,"Balanced",0.833600523166671,0.0583357271449469,0.74353532266066,0.934575414301988,"10% target",5,5.04,"depleted: s1 + s0"
".10_Count_Bal_2","Balanced","s1_u0",2,0.1,"DiD Baseline",100,0.00416981637529517,0.87921626984127,0.897249503968254,0.00397741918070735,"Balanced",0.833600523166671,0.0583357271449469,0.74353532266066,0.934575414301988,"10% target",5,5.04,"depleted: s1 + u0"
".10_Count_Bal_2","Balanced","s1_u1",2,0.1,"DiD Baseline",100,0.00416981637529517,0.87921626984127,0.897249503968254,0.00397741918070735,"Balanced",0.833600523166671,0.0583357271449469,0.74353532266066,0.934575414301988,"10% target",5,5.04,"depleted: s1 + u1"
".10_Count_Bal_2","Balanced","u1_u0",2,0.1,"DiD Baseline",100,0.00416981637529517,0.87921626984127,0.897249503968254,0.00397741918070735,"Balanced",0.833600523166671,0.0583357271449469,0.74353532266066,0.934575414301988,"10% target",5,5.04,"depleted: u1 + u0"
".10_Count_Bal_2","Balanced","s0_u0",2,0.1,"MIMOSA2",100,0.0034097913757633,0.928221726190476,0.940329861111111,0.00330527914789169,"Balanced",0.820607610763223,0.0780338563158289,0.704225555527728,0.956223251991898,"10% target",5,4.88,"depleted: s0 + u0"
".10_Count_Bal_2","Balanced","s0_u1",2,0.1,"MIMOSA2",100,0.0034097913757633,0.928221726190476,0.940329861111111,0.00330527914789169,"Balanced",0.820607610763223,0.0780338563158289,0.704225555527728,0.956223251991898,"10% target",5,4.88,"depleted: s0 + u1"
".10_Count_Bal_2","Balanced","s1_s0",2,0.1,"MIMOSA2",100,0.0034097913757633,0.928221726190476,0.940329861111111,0.00330527914789169,"Balanced",0.820607610763223,0.0780338563158289,0.704225555527728,0.956223251991898,"10% target",5,4.88,"depleted: s1 + s0"
".10_Count_Bal_2","Balanced","s1_u0",2,0.1,"MIMOSA2",100,0.0034097913757633,0.928221726190476,0.940329861111111,0.00330527914789169,"Balanced",0.820607610763223,0.0780338563158289,0.704225555527728,0.956223251991898,"10% target",5,4.88,"depleted: s1 + u0"
".10_Count_Bal_2","Balanced","s1_u1",2,0.1,"MIMOSA2",100,0.0034097913757633,0.928221726190476,0.940329861111111,0.00330527914789169,"Balanced",0.820607610763223,0.0780338563158289,0.704225555527728,0.956223251991898,"10% target",5,4.88,"depleted: s1 + u1"
".10_Count_Bal_2","Balanced","u1_u0",2,0.1,"MIMOSA2",100,0.0034097913757633,0.928221726190476,0.940329861111111,0.00330527914789169,"Balanced",0.820607610763223,0.0780338563158289,0.704225555527728,0.956223251991898,"10% target",5,4.88,"depleted: u1 + u0"
".10_Count_Bal_3","Balanced","s1_u0_s0",3,0.1,"DiD Baseline",100,0.0048163443334487,0.850257936507936,0.897249503968254,0.00397741918070735,"Balanced",0.650245837987176,0.0573784541853532,0.581080169945838,0.727644259240606,"10% target",5,5.04,"depleted: s1 + u0 + s0"
".10_Count_Bal_3","Balanced","s1_u1_s0",3,0.1,"DiD Baseline",100,0.0048163443334487,0.850257936507936,0.897249503968254,0.00397741918070735,"Balanced",0.650245837987176,0.0573784541853532,0.581080169945838,0.727644259240606,"10% target",5,5.04,"depleted: s1 + u1 + s0"
".10_Count_Bal_3","Balanced","s1_u1_u0",3,0.1,"DiD Baseline",100,0.0048163443334487,0.850257936507936,0.897249503968254,0.00397741918070735,"Balanced",0.650245837987176,0.0573784541853532,0.581080169945838,0.727644259240606,"10% target",5,5.04,"depleted: s1 + u1 + u0"
".10_Count_Bal_3","Balanced","u1_u0_s0",3,0.1,"DiD Baseline",100,0.0048163443334487,0.850257936507936,0.897249503968254,0.00397741918070735,"Balanced",0.650245837987176,0.0573784541853532,0.581080169945838,0.727644259240606,"10% target",5,5.04,"depleted: u1 + u0 + s0"
".10_Count_Bal_3","Balanced","s1_u0_s0",3,0.1,"MIMOSA2",100,0.00429923283918576,0.915984623015873,0.940329861111111,0.00330527914789169,"Balanced",0.691840885101982,0.0811853222136013,0.590065036875018,0.811171278396004,"10% target",5,4.88,"depleted: s1 + u0 + s0"
".10_Count_Bal_3","Balanced","s1_u1_s0",3,0.1,"MIMOSA2",100,0.00429923283918576,0.915984623015873,0.940329861111111,0.00330527914789169,"Balanced",0.691840885101982,0.0811853222136013,0.590065036875018,0.811171278396004,"10% target",5,4.88,"depleted: s1 + u1 + s0"
".10_Count_Bal_3","Balanced","s1_u1_u0",3,0.1,"MIMOSA2",100,0.00429923283918576,0.915984623015873,0.940329861111111,0.00330527914789169,"Balanced",0.691840885101982,0.0811853222136013,0.590065036875018,0.811171278396004,"10% target",5,4.88,"depleted: s1 + u1 + u0"
".10_Count_Bal_3","Balanced","u1_u0_s0",3,0.1,"MIMOSA2",100,0.00429923283918576,0.915984623015873,0.940329861111111,0.00330527914789169,"Balanced",0.691840885101982,0.0811853222136013,0.590065036875018,0.811171278396004,"10% target",5,4.88,"depleted: u1 + u0 + s0"
".25_Count_Bal_1","Balanced","s0",1,0.25,"DiD Baseline",100,0.00339169341202447,0.897728174603175,0.897249503968254,0.00397741918070735,"Balanced",1.00521635994165,0.0567974282140498,0.899316582010155,1.1235864549898,"25% target",4,4.04,"depleted: s0"
".25_Count_Bal_1","Balanced","s1",1,0.25,"DiD Baseline",100,0.00339169341202447,0.897728174603175,0.897249503968254,0.00397741918070735,"Balanced",1.00521635994165,0.0567974282140498,0.899316582010155,1.1235864549898,"25% target",4,4.04,"depleted: s1"
".25_Count_Bal_1","Balanced","u0",1,0.25,"DiD Baseline",100,0.00339169341202447,0.897728174603175,0.897249503968254,0.00397741918070735,"Balanced",1.00521635994165,0.0567974282140498,0.899316582010155,1.1235864549898,"25% target",4,4.04,"depleted: u0"
".25_Count_Bal_1","Balanced","u1",1,0.25,"DiD Baseline",100,0.00339169341202447,0.897728174603175,0.897249503968254,0.00397741918070735,"Balanced",1.00521635994165,0.0567974282140498,0.899316582010155,1.1235864549898,"25% target",4,4.04,"depleted: u1"
".25_Count_Bal_1","Balanced","s0",1,0.25,"MIMOSA2",100,0.00288357085261972,0.940562996031746,0.940329861111111,0.00330527914789169,"Balanced",1.00417128815783,0.0782984634442012,0.861308636547572,1.17073013455712,"25% target",4,3.88,"depleted: s0"
".25_Count_Bal_1","Balanced","s1",1,0.25,"MIMOSA2",100,0.00288357085261972,0.940562996031746,0.940329861111111,0.00330527914789169,"Balanced",1.00417128815783,0.0782984634442012,0.861308636547572,1.17073013455712,"25% target",4,3.88,"depleted: s1"
".25_Count_Bal_1","Balanced","u0",1,0.25,"MIMOSA2",100,0.00288357085261972,0.940562996031746,0.940329861111111,0.00330527914789169,"Balanced",1.00417128815783,0.0782984634442012,0.861308636547572,1.17073013455712,"25% target",4,3.88,"depleted: u0"
".25_Count_Bal_1","Balanced","u1",1,0.25,"MIMOSA2",100,0.00288357085261972,0.940562996031746,0.940329861111111,0.00330527914789169,"Balanced",1.00417128815783,0.0782984634442012,0.861308636547572,1.17073013455712,"25% target",4,3.88,"depleted: u1"
".25_Count_Bal_2","Balanced","s0_u0",2,0.25,"DiD Baseline",100,0.00419117170211529,0.878603670634921,0.897249503968254,0.00397741918070735,"Balanced",0.828816060864933,0.0583554625918392,0.739239195468264,0.929247349110772,"25% target",4,4.04,"depleted: s0 + u0"
".25_Count_Bal_2","Balanced","s0_u1",2,0.25,"DiD Baseline",100,0.00419117170211529,0.878603670634921,0.897249503968254,0.00397741918070735,"Balanced",0.828816060864933,0.0583554625918392,0.739239195468264,0.929247349110772,"25% target",4,4.04,"depleted: s0 + u1"
".25_Count_Bal_2","Balanced","s1_s0",2,0.25,"DiD Baseline",100,0.00419117170211529,0.878603670634921,0.897249503968254,0.00397741918070735,"Balanced",0.828816060864933,0.0583554625918392,0.739239195468264,0.929247349110772,"25% target",4,4.04,"depleted: s1 + s0"
".25_Count_Bal_2","Balanced","s1_u0",2,0.25,"DiD Baseline",100,0.00419117170211529,0.878603670634921,0.897249503968254,0.00397741918070735,"Balanced",0.828816060864933,0.0583554625918392,0.739239195468264,0.929247349110772,"25% target",4,4.04,"depleted: s1 + u0"
".25_Count_Bal_2","Balanced","s1_u1",2,0.25,"DiD Baseline",100,0.00419117170211529,0.878603670634921,0.897249503968254,0.00397741918070735,"Balanced",0.828816060864933,0.0583554625918392,0.739239195468264,0.929247349110772,"25% target",4,4.04,"depleted: s1 + u1"
".25_Count_Bal_2","Balanced","u1_u0",2,0.25,"DiD Baseline",100,0.00419117170211529,0.878603670634921,0.897249503968254,0.00397741918070735,"Balanced",0.828816060864933,0.0583554625918392,0.739239195468264,0.929247349110772,"25% target",4,4.04,"depleted: u1 + u0"
".25_Count_Bal_2","Balanced","s0_u0",2,0.25,"MIMOSA2",100,0.00328841741387649,0.930081845238095,0.940329861111111,0.00330527914789169,"Balanced",0.844127463215587,0.0776351789618385,0.724976003144061,0.982861737581113,"25% target",4,3.88,"depleted: s0 + u0"
".25_Count_Bal_2","Balanced","s0_u1",2,0.25,"MIMOSA2",100,0.00328841741387649,0.930081845238095,0.940329861111111,0.00330527914789169,"Balanced",0.844127463215587,0.0776351789618385,0.724976003144061,0.982861737581113,"25% target",4,3.88,"depleted: s0 + u1"
".25_Count_Bal_2","Balanced","s1_s0",2,0.25,"MIMOSA2",100,0.00328841741387649,0.930081845238095,0.940329861111111,0.00330527914789169,"Balanced",0.844127463215587,0.0776351789618385,0.724976003144061,0.982861737581113,"25% target",4,3.88,"depleted: s1 + s0"
".25_Count_Bal_2","Balanced","s1_u0",2,0.25,"MIMOSA2",100,0.00328841741387649,0.930081845238095,0.940329861111111,0.00330527914789169,"Balanced",0.844127463215587,0.0776351789618385,0.724976003144061,0.982861737581113,"25% target",4,3.88,"depleted: s1 + u0"
".25_Count_Bal_2","Balanced","s1_u1",2,0.25,"MIMOSA2",100,0.00328841741387649,0.930081845238095,0.940329861111111,0.00330527914789169,"Balanced",0.844127463215587,0.0776351789618385,0.724976003144061,0.982861737581113,"25% target",4,3.88,"depleted: s1 + u1"
".25_Count_Bal_2","Balanced","u1_u0",2,0.25,"MIMOSA2",100,0.00328841741387649,0.930081845238095,0.940329861111111,0.00330527914789169,"Balanced",0.844127463215587,0.0776351789618385,0.724976003144061,0.982861737581113,"25% target",4,3.88,"depleted: u1 + u0"
".25_Count_Bal_3","Balanced","s1_u0_s0",3,0.25,"DiD Baseline",100,0.00399308975698314,0.865208333333333,0.897249503968254,0.00397741918070735,"Balanced",0.735069411261414,0.0550781084658689,0.659849539945055,0.818864008630201,"25% target",4,4.04,"depleted: s1 + u0 + s0"
".25_Count_Bal_3","Balanced","s1_u1_s0",3,0.25,"DiD Baseline",100,0.00399308975698314,0.865208333333333,0.897249503968254,0.00397741918070735,"Balanced",0.735069411261414,0.0550781084658689,0.659849539945055,0.818864008630201,"25% target",4,4.04,"depleted: s1 + u1 + s0"
".25_Count_Bal_3","Balanced","s1_u1_u0",3,0.25,"DiD Baseline",100,0.00399308975698314,0.865208333333333,0.897249503968254,0.00397741918070735,"Balanced",0.735069411261414,0.0550781084658689,0.659849539945055,0.818864008630201,"25% target",4,4.04,"depleted: s1 + u1 + u0"
".25_Count_Bal_3","Balanced","u1_u0_s0",3,0.25,"DiD Baseline",100,0.00399308975698314,0.865208333333333,0.897249503968254,0.00397741918070735,"Balanced",0.735069411261414,0.0550781084658689,0.659849539945055,0.818864008630201,"25% target",4,4.04,"depleted: u1 + u0 + s0"
".25_Count_Bal_3","Balanced","s1_u0_s0",3,0.25,"MIMOSA2",100,0.00315217168040193,0.928067956349206,0.940329861111111,0.00330527914789169,"Balanced",0.818717737947766,0.0754959501375556,0.706107378323122,0.94928725432971,"25% target",4,3.88,"depleted: s1 + u0 + s0"
".25_Count_Bal_3","Balanced","s1_u1_s0",3,0.25,"MIMOSA2",100,0.00315217168040193,0.928067956349206,0.940329861111111,0.00330527914789169,"Balanced",0.818717737947766,0.0754959501375556,0.706107378323122,0.94928725432971,"25% target",4,3.88,"depleted: s1 + u1 + s0"
".25_Count_Bal_3","Balanced","s1_u1_u0",3,0.25,"MIMOSA2",100,0.00315217168040193,0.928067956349206,0.940329861111111,0.00330527914789169,"Balanced",0.818717737947766,0.0754959501375556,0.706107378323122,0.94928725432971,"25% target",4,3.88,"depleted: s1 + u1 + u0"
".25_Count_Bal_3","Balanced","u1_u0_s0",3,0.25,"MIMOSA2",100,0.00315217168040193,0.928067956349206,0.940329861111111,0.00330527914789169,"Balanced",0.818717737947766,0.0754959501375556,0.706107378323122,0.94928725432971,"25% target",4,3.88,"depleted: u1 + u0 + s0"
".50_Count_Bal_1","Balanced","s0",1,0.5,"DiD Baseline",100,0.00361726918663062,0.896292162698413,0.897249503968254,0.00397741918070735,"Balanced",0.98971173891887,0.0581004421136899,0.883186916243799,1.1090849605424,"50% target",3,3.04,"depleted: s0"
".50_Count_Bal_1","Balanced","s1",1,0.5,"DiD Baseline",100,0.00361726918663062,0.896292162698413,0.897249503968254,0.00397741918070735,"Balanced",0.98971173891887,0.0581004421136899,0.883186916243799,1.1090849605424,"50% target",3,3.04,"depleted: s1"
".50_Count_Bal_1","Balanced","u0",1,0.5,"DiD Baseline",100,0.00361726918663062,0.896292162698413,0.897249503968254,0.00397741918070735,"Balanced",0.98971173891887,0.0581004421136899,0.883186916243799,1.1090849605424,"50% target",3,3.04,"depleted: u0"
".50_Count_Bal_1","Balanced","u1",1,0.5,"DiD Baseline",100,0.00361726918663062,0.896292162698413,0.897249503968254,0.00397741918070735,"Balanced",0.98971173891887,0.0581004421136899,0.883186916243799,1.1090849605424,"50% target",3,3.04,"depleted: u1"
".50_Count_Bal_1","Balanced","s0",1,0.5,"MIMOSA2",100,0.00342060571823822,0.941001984126984,0.940329861111111,0.00330527914789169,"Balanced",1.01211521521236,0.0852426372916338,0.856386782924567,1.19616186201065,"50% target",3,2.88,"depleted: s0"
".50_Count_Bal_1","Balanced","s1",1,0.5,"MIMOSA2",100,0.00342060571823822,0.941001984126984,0.940329861111111,0.00330527914789169,"Balanced",1.01211521521236,0.0852426372916338,0.856386782924567,1.19616186201065,"50% target",3,2.88,"depleted: s1"
".50_Count_Bal_1","Balanced","u0",1,0.5,"MIMOSA2",100,0.00342060571823822,0.941001984126984,0.940329861111111,0.00330527914789169,"Balanced",1.01211521521236,0.0852426372916338,0.856386782924567,1.19616186201065,"50% target",3,2.88,"depleted: u0"
".50_Count_Bal_1","Balanced","u1",1,0.5,"MIMOSA2",100,0.00342060571823822,0.941001984126984,0.940329861111111,0.00330527914789169,"Balanced",1.01211521521236,0.0852426372916338,0.856386782924567,1.19616186201065,"50% target",3,2.88,"depleted: u1"
".50_Count_Bal_2","Balanced","s0_u0",2,0.5,"DiD Baseline",100,0.00320617599796651,0.895009920634921,0.897249503968254,0.00397741918070735,"Balanced",0.9762258096309,0.0550041108593034,0.876455440165618,1.08735343260511,"50% target",3,3.04,"depleted: s0 + u0"
".50_Count_Bal_2","Balanced","s0_u1",2,0.5,"DiD Baseline",100,0.00320617599796651,0.895009920634921,0.897249503968254,0.00397741918070735,"Balanced",0.9762258096309,0.0550041108593034,0.876455440165618,1.08735343260511,"50% target",3,3.04,"depleted: s0 + u1"
".50_Count_Bal_2","Balanced","s1_s0",2,0.5,"DiD Baseline",100,0.00320617599796651,0.895009920634921,0.897249503968254,0.00397741918070735,"Balanced",0.9762258096309,0.0550041108593034,0.876455440165618,1.08735343260511,"50% target",3,3.04,"depleted: s1 + s0"
".50_Count_Bal_2","Balanced","s1_u0",2,0.5,"DiD Baseline",100,0.00320617599796651,0.895009920634921,0.897249503968254,0.00397741918070735,"Balanced",0.9762258096309,0.0550041108593034,0.876455440165618,1.08735343260511,"50% target",3,3.04,"depleted: s1 + u0"
".50_Count_Bal_2","Balanced","s1_u1",2,0.5,"DiD Baseline",100,0.00320617599796651,0.895009920634921,0.897249503968254,0.00397741918070735,"Balanced",0.9762258096309,0.0550041108593034,0.876455440165618,1.08735343260511,"50% target",3,3.04,"depleted: s1 + u1"
".50_Count_Bal_2","Balanced","u1_u0",2,0.5,"DiD Baseline",100,0.00320617599796651,0.895009920634921,0.897249503968254,0.00397741918070735,"Balanced",0.9762258096309,0.0550041108593034,0.876455440165618,1.08735343260511,"50% target",3,3.04,"depleted: u1 + u0"
".50_Count_Bal_2","Balanced","s0_u0",2,0.5,"MIMOSA2",100,0.00364942199441305,0.934742063492063,0.940329861111111,0.00330527914789169,"Balanced",0.908940113748627,0.0839606842352969,0.771021508021954,1.07152929170666,"50% target",3,2.88,"depleted: s0 + u0"
".50_Count_Bal_2","Balanced","s0_u1",2,0.5,"MIMOSA2",100,0.00364942199441305,0.934742063492063,0.940329861111111,0.00330527914789169,"Balanced",0.908940113748627,0.0839606842352969,0.771021508021954,1.07152929170666,"50% target",3,2.88,"depleted: s0 + u1"
".50_Count_Bal_2","Balanced","s1_s0",2,0.5,"MIMOSA2",100,0.00364942199441305,0.934742063492063,0.940329861111111,0.00330527914789169,"Balanced",0.908940113748627,0.0839606842352969,0.771021508021954,1.07152929170666,"50% target",3,2.88,"depleted: s1 + s0"
".50_Count_Bal_2","Balanced","s1_u0",2,0.5,"MIMOSA2",100,0.00364942199441305,0.934742063492063,0.940329861111111,0.00330527914789169,"Balanced",0.908940113748627,0.0839606842352969,0.771021508021954,1.07152929170666,"50% target",3,2.88,"depleted: s1 + u0"
".50_Count_Bal_2","Balanced","s1_u1",2,0.5,"MIMOSA2",100,0.00364942199441305,0.934742063492063,0.940329861111111,0.00330527914789169,"Balanced",0.908940113748627,0.0839606842352969,0.771021508021954,1.07152929170666,"50% target",3,2.88,"depleted: s1 + u1"
".50_Count_Bal_2","Balanced","u1_u0",2,0.5,"MIMOSA2",100,0.00364942199441305,0.934742063492063,0.940329861111111,0.00330527914789169,"Balanced",0.908940113748627,0.0839606842352969,0.771021508021954,1.07152929170666,"50% target",3,2.88,"depleted: u1 + u0"
".50_Count_Bal_3","Balanced","s1_u0_s0",3,0.5,"DiD Baseline",100,0.0038538969117931,0.876961805555556,0.897249503968254,0.00397741918070735,"Balanced",0.816227889059338,0.0560088954563097,0.731367563840359,0.910934528433209,"50% target",3,3.04,"depleted: s1 + u0 + s0"
".50_Count_Bal_3","Balanced","s1_u1_s0",3,0.5,"DiD Baseline",100,0.0038538969117931,0.876961805555556,0.897249503968254,0.00397741918070735,"Balanced",0.816227889059338,0.0560088954563097,0.731367563840359,0.910934528433209,"50% target",3,3.04,"depleted: s1 + u1 + s0"
".50_Count_Bal_3","Balanced","s1_u1_u0",3,0.5,"DiD Baseline",100,0.0038538969117931,0.876961805555556,0.897249503968254,0.00397741918070735,"Balanced",0.816227889059338,0.0560088954563097,0.731367563840359,0.910934528433209,"50% target",3,3.04,"depleted: s1 + u1 + u0"
".50_Count_Bal_3","Balanced","u1_u0_s0",3,0.5,"DiD Baseline",100,0.0038538969117931,0.876961805555556,0.897249503968254,0.00397741918070735,"Balanced",0.816227889059338,0.0560088954563097,0.731367563840359,0.910934528433209,"50% target",3,3.04,"depleted: u1 + u0 + s0"
".50_Count_Bal_3","Balanced","s1_u0_s0",3,0.5,"MIMOSA2",100,0.0034392263906011,0.926790674603175,0.940329861111111,0.00330527914789169,"Balanced",0.803326458535223,0.0777139666964221,0.689827664785266,0.935499447073678,"50% target",3,2.88,"depleted: s1 + u0 + s0"
".50_Count_Bal_3","Balanced","s1_u1_s0",3,0.5,"MIMOSA2",100,0.0034392263906011,0.926790674603175,0.940329861111111,0.00330527914789169,"Balanced",0.803326458535223,0.0777139666964221,0.689827664785266,0.935499447073678,"50% target",3,2.88,"depleted: s1 + u1 + s0"
".50_Count_Bal_3","Balanced","s1_u1_u0",3,0.5,"MIMOSA2",100,0.0034392263906011,0.926790674603175,0.940329861111111,0.00330527914789169,"Balanced",0.803326458535223,0.0777139666964221,0.689827664785266,0.935499447073678,"50% target",3,2.88,"depleted: s1 + u1 + u0"
".50_Count_Bal_3","Balanced","u1_u0_s0",3,0.5,"MIMOSA2",100,0.0034392263906011,0.926790674603175,0.940329861111111,0.00330527914789169,"Balanced",0.803326458535223,0.0777139666964221,0.689827664785266,0.935499447073678,"50% target",3,2.88,"depleted: u1 + u0 + s0"
".75_Count_Bal_1","Balanced","s0",1,0.75,"DiD Baseline",100,0.00390178394859896,0.895669642857143,0.897249503968254,0.00397741918070735,"Balanced",0.983123010199526,0.0600392809385803,0.87397979646551,1.105896105485,"75% target",2,2.04,"depleted: s0"
".75_Count_Bal_1","Balanced","s1",1,0.75,"DiD Baseline",100,0.00390178394859896,0.895669642857143,0.897249503968254,0.00397741918070735,"Balanced",0.983123010199526,0.0600392809385803,0.87397979646551,1.105896105485,"75% target",2,2.04,"depleted: s1"
".75_Count_Bal_1","Balanced","u0",1,0.75,"DiD Baseline",100,0.00390178394859896,0.895669642857143,0.897249503968254,0.00397741918070735,"Balanced",0.983123010199526,0.0600392809385803,0.87397979646551,1.105896105485,"75% target",2,2.04,"depleted: u0"
".75_Count_Bal_1","Balanced","u1",1,0.75,"DiD Baseline",100,0.00390178394859896,0.895669642857143,0.897249503968254,0.00397741918070735,"Balanced",0.983123010199526,0.0600392809385803,0.87397979646551,1.105896105485,"75% target",2,2.04,"depleted: u1"
".75_Count_Bal_1","Balanced","s0",1,0.75,"MIMOSA2",100,0.00359511867543966,0.935734126984127,0.940329861111111,0.00330527914789169,"Balanced",0.923950868873123,0.0839294262722486,0.783802615351849,1.08915840719437,"75% target",2,1.88,"depleted: s0"
".75_Count_Bal_1","Balanced","s1",1,0.75,"MIMOSA2",100,0.00359511867543966,0.935734126984127,0.940329861111111,0.00330527914789169,"Balanced",0.923950868873123,0.0839294262722486,0.783802615351849,1.08915840719437,"75% target",2,1.88,"depleted: s1"
".75_Count_Bal_1","Balanced","u0",1,0.75,"MIMOSA2",100,0.00359511867543966,0.935734126984127,0.940329861111111,0.00330527914789169,"Balanced",0.923950868873123,0.0839294262722486,0.783802615351849,1.08915840719437,"75% target",2,1.88,"depleted: u0"
".75_Count_Bal_1","Balanced","u1",1,0.75,"MIMOSA2",100,0.00359511867543966,0.935734126984127,0.940329861111111,0.00330527914789169,"Balanced",0.923950868873123,0.0839294262722486,0.783802615351849,1.08915840719437,"75% target",2,1.88,"depleted: u1"
".75_Count_Bal_2","Balanced","s0_u0",2,0.75,"DiD Baseline",100,0.00425060223247256,0.894980158730159,0.897249503968254,0.00397741918070735,"Balanced",0.975916700523339,0.0625015620539183,0.863396624284636,1.10310068347728,"75% target",2,2.04,"depleted: s0 + u0"
".75_Count_Bal_2","Balanced","s0_u1",2,0.75,"DiD Baseline",100,0.00425060223247256,0.894980158730159,0.897249503968254,0.00397741918070735,"Balanced",0.975916700523339,0.0625015620539183,0.863396624284636,1.10310068347728,"75% target",2,2.04,"depleted: s0 + u1"
".75_Count_Bal_2","Balanced","s1_s0",2,0.75,"DiD Baseline",100,0.00425060223247256,0.894980158730159,0.897249503968254,0.00397741918070735,"Balanced",0.975916700523339,0.0625015620539183,0.863396624284636,1.10310068347728,"75% target",2,2.04,"depleted: s1 + s0"
".75_Count_Bal_2","Balanced","s1_u0",2,0.75,"DiD Baseline",100,0.00425060223247256,0.894980158730159,0.897249503968254,0.00397741918070735,"Balanced",0.975916700523339,0.0625015620539183,0.863396624284636,1.10310068347728,"75% target",2,2.04,"depleted: s1 + u0"
".75_Count_Bal_2","Balanced","s1_u1",2,0.75,"DiD Baseline",100,0.00425060223247256,0.894980158730159,0.897249503968254,0.00397741918070735,"Balanced",0.975916700523339,0.0625015620539183,0.863396624284636,1.10310068347728,"75% target",2,2.04,"depleted: s1 + u1"
".75_Count_Bal_2","Balanced","u1_u0",2,0.75,"DiD Baseline",100,0.00425060223247256,0.894980158730159,0.897249503968254,0.00397741918070735,"Balanced",0.975916700523339,0.0625015620539183,0.863396624284636,1.10310068347728,"75% target",2,2.04,"depleted: u1 + u0"
".75_Count_Bal_2","Balanced","s0_u0",2,0.75,"MIMOSA2",100,0.00346347570580154,0.940900297619048,0.940329861111111,0.00330527914789169,"Balanced",1.01026459434889,0.0857293135417343,0.854005894156212,1.1951141761186,"75% target",2,1.88,"depleted: s0 + u0"
".75_Count_Bal_2","Balanced","s0_u1",2,0.75,"MIMOSA2",100,0.00346347570580154,0.940900297619048,0.940329861111111,0.00330527914789169,"Balanced",1.01026459434889,0.0857293135417343,0.854005894156212,1.1951141761186,"75% target",2,1.88,"depleted: s0 + u1"
".75_Count_Bal_2","Balanced","s1_s0",2,0.75,"MIMOSA2",100,0.00346347570580154,0.940900297619048,0.940329861111111,0.00330527914789169,"Balanced",1.01026459434889,0.0857293135417343,0.854005894156212,1.1951141761186,"75% target",2,1.88,"depleted: s1 + s0"
".75_Count_Bal_2","Balanced","s1_u0",2,0.75,"MIMOSA2",100,0.00346347570580154,0.940900297619048,0.940329861111111,0.00330527914789169,"Balanced",1.01026459434889,0.0857293135417343,0.854005894156212,1.1951141761186,"75% target",2,1.88,"depleted: s1 + u0"
".75_Count_Bal_2","Balanced","s1_u1",2,0.75,"MIMOSA2",100,0.00346347570580154,0.940900297619048,0.940329861111111,0.00330527914789169,"Balanced",1.01026459434889,0.0857293135417343,0.854005894156212,1.1951141761186,"75% target",2,1.88,"depleted: s1 + u1"
".75_Count_Bal_2","Balanced","u1_u0",2,0.75,"MIMOSA2",100,0.00346347570580154,0.940900297619048,0.940329861111111,0.00330527914789169,"Balanced",1.01026459434889,0.0857293135417343,0.854005894156212,1.1951141761186,"75% target",2,1.88,"depleted: u1 + u0"
".75_Count_Bal_3","Balanced","s1_u0_s0",3,0.75,"DiD Baseline",100,0.00364617613060967,0.889724702380952,0.897249503968254,0.00397741918070735,"Balanced",0.923949234906498,0.0569412845584452,0.826377930468717,1.03304088505861,"75% target",2,2.04,"depleted: s1 + u0 + s0"
".75_Count_Bal_3","Balanced","s1_u1_s0",3,0.75,"DiD Baseline",100,0.00364617613060967,0.889724702380952,0.897249503968254,0.00397741918070735,"Balanced",0.923949234906498,0.0569412845584452,0.826377930468717,1.03304088505861,"75% target",2,2.04,"depleted: s1 + u1 + s0"
".75_Count_Bal_3","Balanced","s1_u1_u0",3,0.75,"DiD Baseline",100,0.00364617613060967,0.889724702380952,0.897249503968254,0.00397741918070735,"Balanced",0.923949234906498,0.0569412845584452,0.826377930468717,1.03304088505861,"75% target",2,2.04,"depleted: s1 + u1 + u0"
".75_Count_Bal_3","Balanced","u1_u0_s0",3,0.75,"DiD Baseline",100,0.00364617613060967,0.889724702380952,0.897249503968254,0.00397741918070735,"Balanced",0.923949234906498,0.0569412845584452,0.826377930468717,1.03304088505861,"75% target",2,2.04,"depleted: u1 + u0 + s0"
".75_Count_Bal_3","Balanced","s1_u0_s0",3,0.75,"MIMOSA2",100,0.0030676048805996,0.935327380952381,0.940329861111111,0.00330527914789169,"Balanced",0.91774075898577,0.0777293972243518,0.788052990606965,1.06877089579353,"75% target",2,1.88,"depleted: s1 + u0 + s0"
".75_Count_Bal_3","Balanced","s1_u1_s0",3,0.75,"MIMOSA2",100,0.0030676048805996,0.935327380952381,0.940329861111111,0.00330527914789169,"Balanced",0.91774075898577,0.0777293972243518,0.788052990606965,1.06877089579353,"75% target",2,1.88,"depleted: s1 + u1 + s0"
".75_Count_Bal_3","Balanced","s1_u1_u0",3,0.75,"MIMOSA2",100,0.0030676048805996,0.935327380952381,0.940329861111111,0.00330527914789169,"Balanced",0.91774075898577,0.0777293972243518,0.788052990606965,1.06877089579353,"75% target",2,1.88,"depleted: s1 + u1 + u0"
".75_Count_Bal_3","Balanced","u1_u0_s0",3,0.75,"MIMOSA2",100,0.0030676048805996,0.935327380952381,0.940329861111111,0.00330527914789169,"Balanced",0.91774075898577,0.0777293972243518,0.788052990606965,1.06877089579353,"75% target",2,1.88,"depleted: u1 + u0 + s0"
".90_Count_Bal_1","Balanced","s0",1,0.9,"DiD Baseline",100,0.00412982244010102,0.896195436507937,0.897249503968254,0.00397741918070735,"Balanced",0.988682806716299,0.0619030173929337,0.875717582783447,1.116220242135,"90% target",1,1.04,"depleted: s0"
".90_Count_Bal_1","Balanced","s1",1,0.9,"DiD Baseline",100,0.00412982244010102,0.896195436507937,0.897249503968254,0.00397741918070735,"Balanced",0.988682806716299,0.0619030173929337,0.875717582783447,1.116220242135,"90% target",1,1.04,"depleted: s1"
".90_Count_Bal_1","Balanced","u0",1,0.9,"DiD Baseline",100,0.00412982244010102,0.896195436507937,0.897249503968254,0.00397741918070735,"Balanced",0.988682806716299,0.0619030173929337,0.875717582783447,1.116220242135,"90% target",1,1.04,"depleted: u0"
".90_Count_Bal_1","Balanced","u1",1,0.9,"DiD Baseline",100,0.00412982244010102,0.896195436507937,0.897249503968254,0.00397741918070735,"Balanced",0.988682806716299,0.0619030173929337,0.875717582783447,1.116220242135,"90% target",1,1.04,"depleted: u1"
".90_Count_Bal_1","Balanced","s0",1,0.9,"MIMOSA2",100,0.00351695627633744,0.942410714285714,0.940329861111111,0.00330527914789169,"Balanced",1.03842549914291,0.0875747247928383,0.874641808856688,1.23287899840939,"90% target",1,0.88,"depleted: s0"
".90_Count_Bal_1","Balanced","s1",1,0.9,"MIMOSA2",100,0.00351695627633744,0.942410714285714,0.940329861111111,0.00330527914789169,"Balanced",1.03842549914291,0.0875747247928383,0.874641808856688,1.23287899840939,"90% target",1,0.88,"depleted: s1"
".90_Count_Bal_1","Balanced","u0",1,0.9,"MIMOSA2",100,0.00351695627633744,0.942410714285714,0.940329861111111,0.00330527914789169,"Balanced",1.03842549914291,0.0875747247928383,0.874641808856688,1.23287899840939,"90% target",1,0.88,"depleted: u0"
".90_Count_Bal_1","Balanced","u1",1,0.9,"MIMOSA2",100,0.00351695627633744,0.942410714285714,0.940329861111111,0.00330527914789169,"Balanced",1.03842549914291,0.0875747247928383,0.874641808856688,1.23287899840939,"90% target",1,0.88,"depleted: u1"
".90_Count_Bal_2","Balanced","s0_u0",2,0.9,"DiD Baseline",100,0.00315810455098119,0.904657738095238,0.897249503968254,0.00397741918070735,"Balanced",1.08659962697589,0.0565854220780956,0.972530136352278,1.21404849599073,"90% target",1,1.04,"depleted: s0 + u0"
".90_Count_Bal_2","Balanced","s0_u1",2,0.9,"DiD Baseline",100,0.00315810455098119,0.904657738095238,0.897249503968254,0.00397741918070735,"Balanced",1.08659962697589,0.0565854220780956,0.972530136352278,1.21404849599073,"90% target",1,1.04,"depleted: s0 + u1"
".90_Count_Bal_2","Balanced","s1_s0",2,0.9,"DiD Baseline",100,0.00315810455098119,0.904657738095238,0.897249503968254,0.00397741918070735,"Balanced",1.08659962697589,0.0565854220780956,0.972530136352278,1.21404849599073,"90% target",1,1.04,"depleted: s1 + s0"
".90_Count_Bal_2","Balanced","s1_u0",2,0.9,"DiD Baseline",100,0.00315810455098119,0.904657738095238,0.897249503968254,0.00397741918070735,"Balanced",1.08659962697589,0.0565854220780956,0.972530136352278,1.21404849599073,"90% target",1,1.04,"depleted: s1 + u0"
".90_Count_Bal_2","Balanced","s1_u1",2,0.9,"DiD Baseline",100,0.00315810455098119,0.904657738095238,0.897249503968254,0.00397741918070735,"Balanced",1.08659962697589,0.0565854220780956,0.972530136352278,1.21404849599073,"90% target",1,1.04,"depleted: s1 + u1"
".90_Count_Bal_2","Balanced","u1_u0",2,0.9,"DiD Baseline",100,0.00315810455098119,0.904657738095238,0.897249503968254,0.00397741918070735,"Balanced",1.08659962697589,0.0565854220780956,0.972530136352278,1.21404849599073,"90% target",1,1.04,"depleted: u1 + u0"
".90_Count_Bal_2","Balanced","s0_u0",2,0.9,"MIMOSA2",100,0.00274555328691436,0.948447420634921,0.940329861111111,0.00330527914789169,"Balanced",1.16745374109144,0.081382795557605,0.995325766681485,1.36934889381253,"90% target",1,0.88,"depleted: s0 + u0"
".90_Count_Bal_2","Balanced","s0_u1",2,0.9,"MIMOSA2",100,0.00274555328691436,0.948447420634921,0.940329861111111,0.00330527914789169,"Balanced",1.16745374109144,0.081382795557605,0.995325766681485,1.36934889381253,"90% target",1,0.88,"depleted: s0 + u1"
".90_Count_Bal_2","Balanced","s1_s0",2,0.9,"MIMOSA2",100,0.00274555328691436,0.948447420634921,0.940329861111111,0.00330527914789169,"Balanced",1.16745374109144,0.081382795557605,0.995325766681485,1.36934889381253,"90% target",1,0.88,"depleted: s1 + s0"
".90_Count_Bal_2","Balanced","s1_u0",2,0.9,"MIMOSA2",100,0.00274555328691436,0.948447420634921,0.940329861111111,0.00330527914789169,"Balanced",1.16745374109144,0.081382795557605,0.995325766681485,1.36934889381253,"90% target",1,0.88,"depleted: s1 + u0"
".90_Count_Bal_2","Balanced","s1_u1",2,0.9,"MIMOSA2",100,0.00274555328691436,0.948447420634921,0.940329861111111,0.00330527914789169,"Balanced",1.16745374109144,0.081382795557605,0.995325766681485,1.36934889381253,"90% target",1,0.88,"depleted: s1 + u1"
".90_Count_Bal_2","Balanced","u1_u0",2,0.9,"MIMOSA2",100,0.00274555328691436,0.948447420634921,0.940329861111111,0.00330527914789169,"Balanced",1.16745374109144,0.081382795557605,0.995325766681485,1.36934889381253,"90% target",1,0.88,"depleted: u1 + u0"
".90_Count_Bal_3","Balanced","s1_u0_s0",3,0.9,"DiD Baseline",100,0.0036800755079587,0.895870535714286,0.897249503968254,0.00397741918070735,"Balanced",0.985240644035111,0.058459410769552,0.87857868836462,1.10485166498356,"90% target",1,1.04,"depleted: s1 + u0 + s0"
".90_Count_Bal_3","Balanced","s1_u1_s0",3,0.9,"DiD Baseline",100,0.0036800755079587,0.895870535714286,0.897249503968254,0.00397741918070735,"Balanced",0.985240644035111,0.058459410769552,0.87857868836462,1.10485166498356,"90% target",1,1.04,"depleted: s1 + u1 + s0"
".90_Count_Bal_3","Balanced","s1_u1_u0",3,0.9,"DiD Baseline",100,0.0036800755079587,0.895870535714286,0.897249503968254,0.00397741918070735,"Balanced",0.985240644035111,0.058459410769552,0.87857868836462,1.10485166498356,"90% target",1,1.04,"depleted: s1 + u1 + u0"
".90_Count_Bal_3","Balanced","u1_u0_s0",3,0.9,"DiD Baseline",100,0.0036800755079587,0.895870535714286,0.897249503968254,0.00397741918070735,"Balanced",0.985240644035111,0.058459410769552,0.87857868836462,1.10485166498356,"90% target",1,1.04,"depleted: u1 + u0 + s0"
".90_Count_Bal_3","Balanced","s1_u0_s0",3,0.9,"MIMOSA2",100,0.00336470582679093,0.937943948412698,0.940329861111111,0.00330527914789169,"Balanced",0.959112535378524,0.0825338358246034,0.815859449094169,1.12751878591535,"90% target",1,0.88,"depleted: s1 + u0 + s0"
".90_Count_Bal_3","Balanced","s1_u1_s0",3,0.9,"MIMOSA2",100,0.00336470582679093,0.937943948412698,0.940329861111111,0.00330527914789169,"Balanced",0.959112535378524,0.0825338358246034,0.815859449094169,1.12751878591535,"90% target",1,0.88,"depleted: s1 + u1 + s0"
".90_Count_Bal_3","Balanced","s1_u1_u0",3,0.9,"MIMOSA2",100,0.00336470582679093,0.937943948412698,0.940329861111111,0.00330527914789169,"Balanced",0.959112535378524,0.0825338358246034,0.815859449094169,1.12751878591535,"90% target",1,0.88,"depleted: s1 + u1 + u0"
".90_Count_Bal_3","Balanced","u1_u0_s0",3,0.9,"MIMOSA2",100,0.00336470582679093,0.937943948412698,0.940329861111111,0.00330527914789169,"Balanced",0.959112535378524,0.0825338358246034,0.815859449094169,1.12751878591535,"90% target",1,0.88,"depleted: u1 + u0 + s0"
